cell,dialect,op,iter,us
sdk,sqlite,findAll,0,100
sdk,sqlite,findAll,1,102
sdk,sqlite,findAll,2,101
sdk,sqlite,findAll,3,95
sdk,sqlite,findAll,4,96
sdk,sqlite,findAll,5,103
sdk,sqlite,findAll,6,101
sdk,sqlite,findAll,7,100
sdk,sqlite,findAll,8,95
sdk,sqlite,findAll,9,99
sdk,sqlite,findAll,10,96
sdk,sqlite,findAll,11,98
sdk,sqlite,findAll,12,99
sdk,sqlite,findAll,13,95
sdk,sqlite,findAll,14,95
sdk,sqlite,findAll,15,96
sdk,sqlite,findAll,16,95
sdk,sqlite,findAll,17,96
sdk,sqlite,findAll,18,96
sdk,sqlite,findAll,19,101
sdk,sqlite,findAll,20,92
sdk,sqlite,findAll,21,90
sdk,sqlite,findAll,22,95
sdk,sqlite,findAll,23,91
sdk,sqlite,findAll,24,92
sdk,sqlite,findAll,25,91
sdk,sqlite,findAll,26,91
sdk,sqlite,findAll,27,91
sdk,sqlite,findAll,28,99
sdk,sqlite,findAll,29,93
sdk,sqlite,findAll,30,92
sdk,sqlite,findAll,31,94
sdk,sqlite,findAll,32,91
sdk,sqlite,findAll,33,91
sdk,sqlite,findAll,34,91
sdk,sqlite,findAll,35,92
sdk,sqlite,findAll,36,95
sdk,sqlite,findAll,37,93
sdk,sqlite,findAll,38,90
sdk,sqlite,findAll,39,101
sdk,sqlite,findAll,40,100
sdk,sqlite,findAll,41,104
sdk,sqlite,findAll,42,95
sdk,sqlite,findAll,43,96
sdk,sqlite,findAll,44,92
sdk,sqlite,findAll,45,92
sdk,sqlite,findAll,46,93
sdk,sqlite,findAll,47,94
sdk,sqlite,findAll,48,97
sdk,sqlite,findAll,49,91
sdk,sqlite,findAll,50,94
sdk,sqlite,findAll,51,91
sdk,sqlite,findAll,52,91
sdk,sqlite,findAll,53,92
sdk,sqlite,findAll,54,92
sdk,sqlite,findAll,55,91
sdk,sqlite,findAll,56,101
sdk,sqlite,findAll,57,90
sdk,sqlite,findAll,58,100
sdk,sqlite,findAll,59,94
sdk,sqlite,findAll,60,91
sdk,sqlite,findAll,61,100
sdk,sqlite,findAll,62,93
sdk,sqlite,findAll,63,106
sdk,sqlite,findAll,64,105
sdk,sqlite,findAll,65,99
sdk,sqlite,findAll,66,107
sdk,sqlite,findAll,67,97
sdk,sqlite,findAll,68,105
sdk,sqlite,findAll,69,104
sdk,sqlite,findAll,70,112
sdk,sqlite,findAll,71,163
sdk,sqlite,findAll,72,125
sdk,sqlite,findAll,73,138
sdk,sqlite,findAll,74,126
sdk,sqlite,findAll,75,129
sdk,sqlite,findAll,76,117
sdk,sqlite,findAll,77,850
sdk,sqlite,findAll,78,101
sdk,sqlite,findAll,79,96
sdk,sqlite,findAll,80,100
sdk,sqlite,findAll,81,94
sdk,sqlite,findAll,82,95
sdk,sqlite,findAll,83,95
sdk,sqlite,findAll,84,97
sdk,sqlite,findAll,85,91
sdk,sqlite,findAll,86,91
sdk,sqlite,findAll,87,92
sdk,sqlite,findAll,88,91
sdk,sqlite,findAll,89,96
sdk,sqlite,findAll,90,92
sdk,sqlite,findAll,91,92
sdk,sqlite,findAll,92,92
sdk,sqlite,findAll,93,92
sdk,sqlite,findAll,94,92
sdk,sqlite,findAll,95,95
sdk,sqlite,findAll,96,107
sdk,sqlite,findAll,97,91
sdk,sqlite,findAll,98,91
sdk,sqlite,findAll,99,91
sdk,sqlite,findAll,100,91
sdk,sqlite,findAll,101,91
sdk,sqlite,findAll,102,95
sdk,sqlite,findAll,103,92
sdk,sqlite,findAll,104,95
sdk,sqlite,findAll,105,92
sdk,sqlite,findAll,106,91
sdk,sqlite,findAll,107,94
sdk,sqlite,findAll,108,94
sdk,sqlite,findAll,109,91
sdk,sqlite,findAll,110,92
sdk,sqlite,findAll,111,93
sdk,sqlite,findAll,112,90
sdk,sqlite,findAll,113,94
sdk,sqlite,findAll,114,91
sdk,sqlite,findAll,115,91
sdk,sqlite,findAll,116,91
sdk,sqlite,findAll,117,92
sdk,sqlite,findAll,118,91
sdk,sqlite,findAll,119,95
sdk,sqlite,findAll,120,91
sdk,sqlite,findAll,121,92
sdk,sqlite,findAll,122,91
sdk,sqlite,findAll,123,91
sdk,sqlite,findAll,124,94
sdk,sqlite,findAll,125,91
sdk,sqlite,findAll,126,91
sdk,sqlite,findAll,127,92
sdk,sqlite,findAll,128,91
sdk,sqlite,findAll,129,91
sdk,sqlite,findAll,130,95
sdk,sqlite,findAll,131,92
sdk,sqlite,findAll,132,94
sdk,sqlite,findAll,133,92
sdk,sqlite,findAll,134,92
sdk,sqlite,findAll,135,93
sdk,sqlite,findAll,136,91
sdk,sqlite,findAll,137,94
sdk,sqlite,findAll,138,95
sdk,sqlite,findAll,139,94
sdk,sqlite,findAll,140,91
sdk,sqlite,findAll,141,98
sdk,sqlite,findAll,142,91
sdk,sqlite,findAll,143,92
sdk,sqlite,findAll,144,95
sdk,sqlite,findAll,145,92
sdk,sqlite,findAll,146,91
sdk,sqlite,findAll,147,93
sdk,sqlite,findAll,148,92
sdk,sqlite,findAll,149,91
sdk,sqlite,findAll,150,95
sdk,sqlite,findAll,151,92
sdk,sqlite,findAll,152,91
sdk,sqlite,findAll,153,91
sdk,sqlite,findAll,154,94
sdk,sqlite,findAll,155,101
sdk,sqlite,findAll,156,97
sdk,sqlite,findAll,157,649
sdk,sqlite,findAll,158,433
sdk,sqlite,findAll,159,99
sdk,sqlite,findAll,160,93
sdk,sqlite,findAll,161,92
sdk,sqlite,findAll,162,92
sdk,sqlite,findAll,163,94
sdk,sqlite,findAll,164,96
sdk,sqlite,findAll,165,95
sdk,sqlite,findAll,166,92
sdk,sqlite,findAll,167,92
sdk,sqlite,findAll,168,91
sdk,sqlite,findAll,169,92
sdk,sqlite,findAll,170,92
sdk,sqlite,findAll,171,91
sdk,sqlite,findAll,172,91
sdk,sqlite,findAll,173,91
sdk,sqlite,findAll,174,91
sdk,sqlite,findAll,175,91
sdk,sqlite,findAll,176,91
sdk,sqlite,findAll,177,91
sdk,sqlite,findAll,178,95
sdk,sqlite,findAll,179,91
sdk,sqlite,findAll,180,92
sdk,sqlite,findAll,181,91
sdk,sqlite,findAll,182,92
sdk,sqlite,findAll,183,94
sdk,sqlite,findAll,184,91
sdk,sqlite,findAll,185,94
sdk,sqlite,findAll,186,91
sdk,sqlite,findAll,187,98
sdk,sqlite,findAll,188,91
sdk,sqlite,findAll,189,91
sdk,sqlite,findAll,190,92
sdk,sqlite,findAll,191,91
sdk,sqlite,findAll,192,90
sdk,sqlite,findAll,193,91
sdk,sqlite,findAll,194,92
sdk,sqlite,findAll,195,92
sdk,sqlite,findAll,196,92
sdk,sqlite,findAll,197,91
sdk,sqlite,findAll,198,91
sdk,sqlite,findAll,199,91
sdk,sqlite,findAll,200,91
sdk,sqlite,findAll,201,91
sdk,sqlite,findAll,202,92
sdk,sqlite,findAll,203,96
sdk,sqlite,findAll,204,92
sdk,sqlite,findAll,205,96
sdk,sqlite,findAll,206,93
sdk,sqlite,findAll,207,91
sdk,sqlite,findAll,208,102
sdk,sqlite,findAll,209,99
sdk,sqlite,findAll,210,100
sdk,sqlite,findAll,211,93
sdk,sqlite,findAll,212,93
sdk,sqlite,findAll,213,94
sdk,sqlite,findAll,214,94
sdk,sqlite,findAll,215,93
sdk,sqlite,findAll,216,93
sdk,sqlite,findAll,217,97
sdk,sqlite,findAll,218,91
sdk,sqlite,findAll,219,94
sdk,sqlite,findAll,220,94
sdk,sqlite,findAll,221,100
sdk,sqlite,findAll,222,91
sdk,sqlite,findAll,223,95
sdk,sqlite,findAll,224,94
sdk,sqlite,findAll,225,91
sdk,sqlite,findAll,226,95
sdk,sqlite,findAll,227,91
sdk,sqlite,findAll,228,91
sdk,sqlite,findAll,229,92
sdk,sqlite,findAll,230,92
sdk,sqlite,findAll,231,91
sdk,sqlite,findAll,232,91
sdk,sqlite,findAll,233,91
sdk,sqlite,findAll,234,168
sdk,sqlite,findAll,235,125
sdk,sqlite,findAll,236,114
sdk,sqlite,findAll,237,126
sdk,sqlite,findAll,238,293
sdk,sqlite,findAll,239,103
sdk,sqlite,findAll,240,99
sdk,sqlite,findAll,241,103
sdk,sqlite,findAll,242,94
sdk,sqlite,findAll,243,93
sdk,sqlite,findAll,244,103
sdk,sqlite,findAll,245,96
sdk,sqlite,findAll,246,96
sdk,sqlite,findAll,247,96
sdk,sqlite,findAll,248,95
sdk,sqlite,findAll,249,95
sdk,sqlite,findAll,250,106
sdk,sqlite,findAll,251,94
sdk,sqlite,findAll,252,94
sdk,sqlite,findAll,253,94
sdk,sqlite,findAll,254,100
sdk,sqlite,findAll,255,94
sdk,sqlite,findAll,256,96
sdk,sqlite,findAll,257,101
sdk,sqlite,findAll,258,101
sdk,sqlite,findAll,259,93
sdk,sqlite,findAll,260,103
sdk,sqlite,findAll,261,94
sdk,sqlite,findAll,262,97
sdk,sqlite,findAll,263,95
sdk,sqlite,findAll,264,98
sdk,sqlite,findAll,265,92
sdk,sqlite,findAll,266,92
sdk,sqlite,findAll,267,92
sdk,sqlite,findAll,268,92
sdk,sqlite,findAll,269,91
sdk,sqlite,findAll,270,92
sdk,sqlite,findAll,271,91
sdk,sqlite,findAll,272,92
sdk,sqlite,findAll,273,98
sdk,sqlite,findAll,274,97
sdk,sqlite,findAll,275,97
sdk,sqlite,findAll,276,98
sdk,sqlite,findAll,277,93
sdk,sqlite,findAll,278,96
sdk,sqlite,findAll,279,97
sdk,sqlite,findAll,280,91
sdk,sqlite,findAll,281,98
sdk,sqlite,findAll,282,92
sdk,sqlite,findAll,283,91
sdk,sqlite,findAll,284,93
sdk,sqlite,findAll,285,89
sdk,sqlite,findAll,286,97
sdk,sqlite,findAll,287,98
sdk,sqlite,findAll,288,92
sdk,sqlite,findAll,289,100
sdk,sqlite,findAll,290,92
sdk,sqlite,findAll,291,91
sdk,sqlite,findAll,292,92
sdk,sqlite,findAll,293,90
sdk,sqlite,findAll,294,98
sdk,sqlite,findAll,295,90
sdk,sqlite,findAll,296,94
sdk,sqlite,findAll,297,95
sdk,sqlite,findAll,298,94
sdk,sqlite,findAll,299,96
sdk,sqlite,findAll,300,91
sdk,sqlite,findAll,301,94
sdk,sqlite,findAll,302,92
sdk,sqlite,findAll,303,91
sdk,sqlite,findAll,304,101
sdk,sqlite,findAll,305,90
sdk,sqlite,findAll,306,92
sdk,sqlite,findAll,307,91
sdk,sqlite,findAll,308,95
sdk,sqlite,findAll,309,93
sdk,sqlite,findAll,310,92
sdk,sqlite,findAll,311,91
sdk,sqlite,findAll,312,95
sdk,sqlite,findAll,313,91
sdk,sqlite,findAll,314,94
sdk,sqlite,findAll,315,95
sdk,sqlite,findAll,316,95
sdk,sqlite,findAll,317,355
sdk,sqlite,findAll,318,162
sdk,sqlite,findAll,319,241
sdk,sqlite,findAll,320,101
sdk,sqlite,findAll,321,96
sdk,sqlite,findAll,322,99
sdk,sqlite,findAll,323,92
sdk,sqlite,findAll,324,92
sdk,sqlite,findAll,325,94
sdk,sqlite,findAll,326,91
sdk,sqlite,findAll,327,92
sdk,sqlite,findAll,328,94
sdk,sqlite,findAll,329,91
sdk,sqlite,findAll,330,95
sdk,sqlite,findAll,331,95
sdk,sqlite,findAll,332,92
sdk,sqlite,findAll,333,94
sdk,sqlite,findAll,334,95
sdk,sqlite,findAll,335,96
sdk,sqlite,findAll,336,92
sdk,sqlite,findAll,337,95
sdk,sqlite,findAll,338,97
sdk,sqlite,findAll,339,93
sdk,sqlite,findAll,340,92
sdk,sqlite,findAll,341,93
sdk,sqlite,findAll,342,93
sdk,sqlite,findAll,343,100
sdk,sqlite,findAll,344,100
sdk,sqlite,findAll,345,102
sdk,sqlite,findAll,346,97
sdk,sqlite,findAll,347,93
sdk,sqlite,findAll,348,99
sdk,sqlite,findAll,349,99
sdk,sqlite,findAll,350,93
sdk,sqlite,findAll,351,97
sdk,sqlite,findAll,352,99
sdk,sqlite,findAll,353,93
sdk,sqlite,findAll,354,96
sdk,sqlite,findAll,355,94
sdk,sqlite,findAll,356,92
sdk,sqlite,findAll,357,94
sdk,sqlite,findAll,358,94
sdk,sqlite,findAll,359,93
sdk,sqlite,findAll,360,95
sdk,sqlite,findAll,361,93
sdk,sqlite,findAll,362,93
sdk,sqlite,findAll,363,92
sdk,sqlite,findAll,364,94
sdk,sqlite,findAll,365,93
sdk,sqlite,findAll,366,93
sdk,sqlite,findAll,367,97
sdk,sqlite,findAll,368,100
sdk,sqlite,findAll,369,93
sdk,sqlite,findAll,370,97
sdk,sqlite,findAll,371,128
sdk,sqlite,findAll,372,104
sdk,sqlite,findAll,373,96
sdk,sqlite,findAll,374,95
sdk,sqlite,findAll,375,95
sdk,sqlite,findAll,376,94
sdk,sqlite,findAll,377,93
sdk,sqlite,findAll,378,93
sdk,sqlite,findAll,379,93
sdk,sqlite,findAll,380,94
sdk,sqlite,findAll,381,93
sdk,sqlite,findAll,382,94
sdk,sqlite,findAll,383,94
sdk,sqlite,findAll,384,96
sdk,sqlite,findAll,385,93
sdk,sqlite,findAll,386,93
sdk,sqlite,findAll,387,97
sdk,sqlite,findAll,388,92
sdk,sqlite,findAll,389,95
sdk,sqlite,findAll,390,93
sdk,sqlite,findAll,391,96
sdk,sqlite,findAll,392,93
sdk,sqlite,findAll,393,93
sdk,sqlite,findAll,394,94
sdk,sqlite,findAll,395,93
sdk,sqlite,findAll,396,92
sdk,sqlite,findAll,397,93
sdk,sqlite,findAll,398,93
sdk,sqlite,findAll,399,138
sdk,sqlite,findAll,400,110
sdk,sqlite,findAll,401,177
sdk,sqlite,findAll,402,185
sdk,sqlite,findAll,403,153
sdk,sqlite,findAll,404,126
sdk,sqlite,findAll,405,338
sdk,sqlite,findAll,406,110
sdk,sqlite,findAll,407,104
sdk,sqlite,findAll,408,95
sdk,sqlite,findAll,409,93
sdk,sqlite,findAll,410,94
sdk,sqlite,findAll,411,93
sdk,sqlite,findAll,412,93
sdk,sqlite,findAll,413,94
sdk,sqlite,findAll,414,94
sdk,sqlite,findAll,415,93
sdk,sqlite,findAll,416,92
sdk,sqlite,findAll,417,97
sdk,sqlite,findAll,418,96
sdk,sqlite,findAll,419,97
sdk,sqlite,findAll,420,99
sdk,sqlite,findAll,421,92
sdk,sqlite,findAll,422,93
sdk,sqlite,findAll,423,92
sdk,sqlite,findAll,424,92
sdk,sqlite,findAll,425,92
sdk,sqlite,findAll,426,92
sdk,sqlite,findAll,427,95
sdk,sqlite,findAll,428,95
sdk,sqlite,findAll,429,92
sdk,sqlite,findAll,430,92
sdk,sqlite,findAll,431,93
sdk,sqlite,findAll,432,93
sdk,sqlite,findAll,433,92
sdk,sqlite,findAll,434,93
sdk,sqlite,findAll,435,97
sdk,sqlite,findAll,436,92
sdk,sqlite,findAll,437,93
sdk,sqlite,findAll,438,93
sdk,sqlite,findAll,439,93
sdk,sqlite,findAll,440,95
sdk,sqlite,findAll,441,92
sdk,sqlite,findAll,442,92
sdk,sqlite,findAll,443,91
sdk,sqlite,findAll,444,99
sdk,sqlite,findAll,445,92
sdk,sqlite,findAll,446,101
sdk,sqlite,findAll,447,92
sdk,sqlite,findAll,448,92
sdk,sqlite,findAll,449,93
sdk,sqlite,findAll,450,92
sdk,sqlite,findAll,451,96
sdk,sqlite,findAll,452,96
sdk,sqlite,findAll,453,92
sdk,sqlite,findAll,454,93
sdk,sqlite,findAll,455,93
sdk,sqlite,findAll,456,93
sdk,sqlite,findAll,457,92
sdk,sqlite,findAll,458,96
sdk,sqlite,findAll,459,99
sdk,sqlite,findAll,460,92
sdk,sqlite,findAll,461,93
sdk,sqlite,findAll,462,92
sdk,sqlite,findAll,463,99
sdk,sqlite,findAll,464,92
sdk,sqlite,findAll,465,91
sdk,sqlite,findAll,466,92
sdk,sqlite,findAll,467,99
sdk,sqlite,findAll,468,93
sdk,sqlite,findAll,469,94
sdk,sqlite,findAll,470,93
sdk,sqlite,findAll,471,92
sdk,sqlite,findAll,472,92
sdk,sqlite,findAll,473,92
sdk,sqlite,findAll,474,92
sdk,sqlite,findAll,475,92
sdk,sqlite,findAll,476,91
sdk,sqlite,findAll,477,91
sdk,sqlite,findAll,478,98
sdk,sqlite,findAll,479,93
sdk,sqlite,findAll,480,92
sdk,sqlite,findAll,481,95
sdk,sqlite,findAll,482,95
sdk,sqlite,findAll,483,100
sdk,sqlite,findAll,484,95
sdk,sqlite,findAll,485,471
sdk,sqlite,findAll,486,131
sdk,sqlite,findAll,487,278
sdk,sqlite,findAll,488,110
sdk,sqlite,findAll,489,100
sdk,sqlite,findAll,490,105
sdk,sqlite,findAll,491,104
sdk,sqlite,findAll,492,94
sdk,sqlite,findAll,493,96
sdk,sqlite,findAll,494,98
sdk,sqlite,findAll,495,98
sdk,sqlite,findAll,496,94
sdk,sqlite,findAll,497,98
sdk,sqlite,findAll,498,97
sdk,sqlite,findAll,499,95
sdk,sqlite,findAll,500,94
sdk,sqlite,findAll,501,97
sdk,sqlite,findAll,502,103
sdk,sqlite,findAll,503,96
sdk,sqlite,findAll,504,93
sdk,sqlite,findAll,505,95
sdk,sqlite,findAll,506,95
sdk,sqlite,findAll,507,95
sdk,sqlite,findAll,508,92
sdk,sqlite,findAll,509,92
sdk,sqlite,findAll,510,91
sdk,sqlite,findAll,511,92
sdk,sqlite,findAll,512,91
sdk,sqlite,findAll,513,92
sdk,sqlite,findAll,514,91
sdk,sqlite,findAll,515,92
sdk,sqlite,findAll,516,91
sdk,sqlite,findAll,517,91
sdk,sqlite,findAll,518,92
sdk,sqlite,findAll,519,93
sdk,sqlite,findAll,520,91
sdk,sqlite,findAll,521,92
sdk,sqlite,findAll,522,91
sdk,sqlite,findAll,523,92
sdk,sqlite,findAll,524,92
sdk,sqlite,findAll,525,96
sdk,sqlite,findAll,526,91
sdk,sqlite,findAll,527,93
sdk,sqlite,findAll,528,92
sdk,sqlite,findAll,529,94
sdk,sqlite,findAll,530,95
sdk,sqlite,findAll,531,91
sdk,sqlite,findAll,532,91
sdk,sqlite,findAll,533,91
sdk,sqlite,findAll,534,94
sdk,sqlite,findAll,535,92
sdk,sqlite,findAll,536,91
sdk,sqlite,findAll,537,91
sdk,sqlite,findAll,538,91
sdk,sqlite,findAll,539,94
sdk,sqlite,findAll,540,91
sdk,sqlite,findAll,541,91
sdk,sqlite,findAll,542,95
sdk,sqlite,findAll,543,95
sdk,sqlite,findAll,544,93
sdk,sqlite,findAll,545,95
sdk,sqlite,findAll,546,91
sdk,sqlite,findAll,547,97
sdk,sqlite,findAll,548,91
sdk,sqlite,findAll,549,92
sdk,sqlite,findAll,550,92
sdk,sqlite,findAll,551,91
sdk,sqlite,findAll,552,91
sdk,sqlite,findAll,553,92
sdk,sqlite,findAll,554,95
sdk,sqlite,findAll,555,92
sdk,sqlite,findAll,556,91
sdk,sqlite,findAll,557,91
sdk,sqlite,findAll,558,92
sdk,sqlite,findAll,559,91
sdk,sqlite,findAll,560,91
sdk,sqlite,findAll,561,91
sdk,sqlite,findAll,562,92
sdk,sqlite,findAll,563,98
sdk,sqlite,findAll,564,91
sdk,sqlite,findAll,565,91
sdk,sqlite,findAll,566,91
sdk,sqlite,findAll,567,177
sdk,sqlite,findAll,568,196
sdk,sqlite,findAll,569,126
sdk,sqlite,findAll,570,322
sdk,sqlite,findAll,571,96
sdk,sqlite,findAll,572,95
sdk,sqlite,findAll,573,95
sdk,sqlite,findAll,574,94
sdk,sqlite,findAll,575,102
sdk,sqlite,findAll,576,96
sdk,sqlite,findAll,577,92
sdk,sqlite,findAll,578,95
sdk,sqlite,findAll,579,92
sdk,sqlite,findAll,580,92
sdk,sqlite,findAll,581,91
sdk,sqlite,findAll,582,91
sdk,sqlite,findAll,583,94
sdk,sqlite,findAll,584,94
sdk,sqlite,findAll,585,91
sdk,sqlite,findAll,586,92
sdk,sqlite,findAll,587,91
sdk,sqlite,findAll,588,95
sdk,sqlite,findAll,589,91
sdk,sqlite,findAll,590,95
sdk,sqlite,findAll,591,97
sdk,sqlite,findAll,592,91
sdk,sqlite,findAll,593,91
sdk,sqlite,findAll,594,91
sdk,sqlite,findAll,595,91
sdk,sqlite,findAll,596,91
sdk,sqlite,findAll,597,91
sdk,sqlite,findAll,598,91
sdk,sqlite,findAll,599,91
sdk,sqlite,findAll,600,96
sdk,sqlite,findAll,601,91
sdk,sqlite,findAll,602,90
sdk,sqlite,findAll,603,95
sdk,sqlite,findAll,604,93
sdk,sqlite,findAll,605,92
sdk,sqlite,findAll,606,93
sdk,sqlite,findAll,607,91
sdk,sqlite,findAll,608,94
sdk,sqlite,findAll,609,96
sdk,sqlite,findAll,610,92
sdk,sqlite,findAll,611,91
sdk,sqlite,findAll,612,93
sdk,sqlite,findAll,613,93
sdk,sqlite,findAll,614,94
sdk,sqlite,findAll,615,93
sdk,sqlite,findAll,616,91
sdk,sqlite,findAll,617,91
sdk,sqlite,findAll,618,97
sdk,sqlite,findAll,619,91
sdk,sqlite,findAll,620,91
sdk,sqlite,findAll,621,91
sdk,sqlite,findAll,622,91
sdk,sqlite,findAll,623,96
sdk,sqlite,findAll,624,91
sdk,sqlite,findAll,625,91
sdk,sqlite,findAll,626,90
sdk,sqlite,findAll,627,91
sdk,sqlite,findAll,628,90
sdk,sqlite,findAll,629,91
sdk,sqlite,findAll,630,92
sdk,sqlite,findAll,631,93
sdk,sqlite,findAll,632,93
sdk,sqlite,findAll,633,92
sdk,sqlite,findAll,634,92
sdk,sqlite,findAll,635,93
sdk,sqlite,findAll,636,94
sdk,sqlite,findAll,637,91
sdk,sqlite,findAll,638,95
sdk,sqlite,findAll,639,91
sdk,sqlite,findAll,640,91
sdk,sqlite,findAll,641,91
sdk,sqlite,findAll,642,91
sdk,sqlite,findAll,643,91
sdk,sqlite,findAll,644,92
sdk,sqlite,findAll,645,102
sdk,sqlite,findAll,646,91
sdk,sqlite,findAll,647,91
sdk,sqlite,findAll,648,91
sdk,sqlite,findAll,649,97
sdk,sqlite,findAll,650,159
sdk,sqlite,findAll,651,121
sdk,sqlite,findAll,652,115
sdk,sqlite,findAll,653,124
sdk,sqlite,findAll,654,116
sdk,sqlite,findAll,655,258
sdk,sqlite,findAll,656,114
sdk,sqlite,findAll,657,95
sdk,sqlite,findAll,658,100
sdk,sqlite,findAll,659,91
sdk,sqlite,findAll,660,92
sdk,sqlite,findAll,661,97
sdk,sqlite,findAll,662,91
sdk,sqlite,findAll,663,95
sdk,sqlite,findAll,664,92
sdk,sqlite,findAll,665,96
sdk,sqlite,findAll,666,97
sdk,sqlite,findAll,667,92
sdk,sqlite,findAll,668,95
sdk,sqlite,findAll,669,92
sdk,sqlite,findAll,670,97
sdk,sqlite,findAll,671,91
sdk,sqlite,findAll,672,92
sdk,sqlite,findAll,673,92
sdk,sqlite,findAll,674,92
sdk,sqlite,findAll,675,91
sdk,sqlite,findAll,676,95
sdk,sqlite,findAll,677,91
sdk,sqlite,findAll,678,97
sdk,sqlite,findAll,679,92
sdk,sqlite,findAll,680,93
sdk,sqlite,findAll,681,91
sdk,sqlite,findAll,682,91
sdk,sqlite,findAll,683,91
sdk,sqlite,findAll,684,91
sdk,sqlite,findAll,685,94
sdk,sqlite,findAll,686,94
sdk,sqlite,findAll,687,94
sdk,sqlite,findAll,688,91
sdk,sqlite,findAll,689,93
sdk,sqlite,findAll,690,95
sdk,sqlite,findAll,691,91
sdk,sqlite,findAll,692,93
sdk,sqlite,findAll,693,91
sdk,sqlite,findAll,694,90
sdk,sqlite,findAll,695,90
sdk,sqlite,findAll,696,91
sdk,sqlite,findAll,697,93
sdk,sqlite,findAll,698,91
sdk,sqlite,findAll,699,94
sdk,sqlite,findAll,700,92
sdk,sqlite,findAll,701,90
sdk,sqlite,findAll,702,91
sdk,sqlite,findAll,703,90
sdk,sqlite,findAll,704,90
sdk,sqlite,findAll,705,90
sdk,sqlite,findAll,706,91
sdk,sqlite,findAll,707,90
sdk,sqlite,findAll,708,100
sdk,sqlite,findAll,709,91
sdk,sqlite,findAll,710,91
sdk,sqlite,findAll,711,91
sdk,sqlite,findAll,712,91
sdk,sqlite,findAll,713,94
sdk,sqlite,findAll,714,91
sdk,sqlite,findAll,715,91
sdk,sqlite,findAll,716,91
sdk,sqlite,findAll,717,91
sdk,sqlite,findAll,718,95
sdk,sqlite,findAll,719,90
sdk,sqlite,findAll,720,91
sdk,sqlite,findAll,721,90
sdk,sqlite,findAll,722,102
sdk,sqlite,findAll,723,105
sdk,sqlite,findAll,724,91
sdk,sqlite,findAll,725,90
sdk,sqlite,findAll,726,94
sdk,sqlite,findAll,727,90
sdk,sqlite,findAll,728,94
sdk,sqlite,findAll,729,90
sdk,sqlite,findAll,730,91
sdk,sqlite,findAll,731,90
sdk,sqlite,findAll,732,91
sdk,sqlite,findAll,733,96
sdk,sqlite,findAll,734,98
sdk,sqlite,findAll,735,92
sdk,sqlite,findAll,736,93
sdk,sqlite,findAll,737,455
sdk,sqlite,findAll,738,121
sdk,sqlite,findAll,739,227
sdk,sqlite,findAll,740,100
sdk,sqlite,findAll,741,93
sdk,sqlite,findAll,742,91
sdk,sqlite,findAll,743,94
sdk,sqlite,findAll,744,93
sdk,sqlite,findAll,745,91
sdk,sqlite,findAll,746,93
sdk,sqlite,findAll,747,94
sdk,sqlite,findAll,748,91
sdk,sqlite,findAll,749,91
sdk,sqlite,findAll,750,91
sdk,sqlite,findAll,751,92
sdk,sqlite,findAll,752,91
sdk,sqlite,findAll,753,92
sdk,sqlite,findAll,754,91
sdk,sqlite,findAll,755,91
sdk,sqlite,findAll,756,91
sdk,sqlite,findAll,757,94
sdk,sqlite,findAll,758,94
sdk,sqlite,findAll,759,92
sdk,sqlite,findAll,760,94
sdk,sqlite,findAll,761,96
sdk,sqlite,findAll,762,90
sdk,sqlite,findAll,763,94
sdk,sqlite,findAll,764,94
sdk,sqlite,findAll,765,95
sdk,sqlite,findAll,766,95
sdk,sqlite,findAll,767,91
sdk,sqlite,findAll,768,91
sdk,sqlite,findAll,769,91
sdk,sqlite,findAll,770,94
sdk,sqlite,findAll,771,92
sdk,sqlite,findAll,772,91
sdk,sqlite,findAll,773,91
sdk,sqlite,findAll,774,91
sdk,sqlite,findAll,775,93
sdk,sqlite,findAll,776,93
sdk,sqlite,findAll,777,91
sdk,sqlite,findAll,778,92
sdk,sqlite,findAll,779,91
sdk,sqlite,findAll,780,94
sdk,sqlite,findAll,781,91
sdk,sqlite,findAll,782,91
sdk,sqlite,findAll,783,92
sdk,sqlite,findAll,784,96
sdk,sqlite,findAll,785,91
sdk,sqlite,findAll,786,91
sdk,sqlite,findAll,787,92
sdk,sqlite,findAll,788,92
sdk,sqlite,findAll,789,91
sdk,sqlite,findAll,790,92
sdk,sqlite,findAll,791,98
sdk,sqlite,findAll,792,92
sdk,sqlite,findAll,793,91
sdk,sqlite,findAll,794,91
sdk,sqlite,findAll,795,92
sdk,sqlite,findAll,796,91
sdk,sqlite,findAll,797,94
sdk,sqlite,findAll,798,91
sdk,sqlite,findAll,799,91
sdk,sqlite,findAll,800,92
sdk,sqlite,findAll,801,91
sdk,sqlite,findAll,802,94
sdk,sqlite,findAll,803,91
sdk,sqlite,findAll,804,92
sdk,sqlite,findAll,805,106
sdk,sqlite,findAll,806,93
sdk,sqlite,findAll,807,94
sdk,sqlite,findAll,808,95
sdk,sqlite,findAll,809,98
sdk,sqlite,findAll,810,93
sdk,sqlite,findAll,811,99
sdk,sqlite,findAll,812,95
sdk,sqlite,findAll,813,96
sdk,sqlite,findAll,814,97
sdk,sqlite,findAll,815,91
sdk,sqlite,findAll,816,92
sdk,sqlite,findAll,817,227
sdk,sqlite,findAll,818,115
sdk,sqlite,findAll,819,112
sdk,sqlite,findAll,820,118
sdk,sqlite,findAll,821,111
sdk,sqlite,findAll,822,229
sdk,sqlite,findAll,823,105
sdk,sqlite,findAll,824,97
sdk,sqlite,findAll,825,91
sdk,sqlite,findAll,826,94
sdk,sqlite,findAll,827,92
sdk,sqlite,findAll,828,94
sdk,sqlite,findAll,829,95
sdk,sqlite,findAll,830,92
sdk,sqlite,findAll,831,91
sdk,sqlite,findAll,832,91
sdk,sqlite,findAll,833,91
sdk,sqlite,findAll,834,91
sdk,sqlite,findAll,835,91
sdk,sqlite,findAll,836,91
sdk,sqlite,findAll,837,91
sdk,sqlite,findAll,838,91
sdk,sqlite,findAll,839,94
sdk,sqlite,findAll,840,91
sdk,sqlite,findAll,841,90
sdk,sqlite,findAll,842,96
sdk,sqlite,findAll,843,94
sdk,sqlite,findAll,844,90
sdk,sqlite,findAll,845,91
sdk,sqlite,findAll,846,94
sdk,sqlite,findAll,847,94
sdk,sqlite,findAll,848,94
sdk,sqlite,findAll,849,94
sdk,sqlite,findAll,850,91
sdk,sqlite,findAll,851,94
sdk,sqlite,findAll,852,90
sdk,sqlite,findAll,853,102
sdk,sqlite,findAll,854,91
sdk,sqlite,findAll,855,97
sdk,sqlite,findAll,856,91
sdk,sqlite,findAll,857,94
sdk,sqlite,findAll,858,90
sdk,sqlite,findAll,859,91
sdk,sqlite,findAll,860,92
sdk,sqlite,findAll,861,94
sdk,sqlite,findAll,862,92
sdk,sqlite,findAll,863,91
sdk,sqlite,findAll,864,91
sdk,sqlite,findAll,865,91
sdk,sqlite,findAll,866,91
sdk,sqlite,findAll,867,95
sdk,sqlite,findAll,868,91
sdk,sqlite,findAll,869,90
sdk,sqlite,findAll,870,95
sdk,sqlite,findAll,871,101
sdk,sqlite,findAll,872,92
sdk,sqlite,findAll,873,94
sdk,sqlite,findAll,874,94
sdk,sqlite,findAll,875,111
sdk,sqlite,findAll,876,92
sdk,sqlite,findAll,877,111
sdk,sqlite,findAll,878,98
sdk,sqlite,findAll,879,93
sdk,sqlite,findAll,880,98
sdk,sqlite,findAll,881,94
sdk,sqlite,findAll,882,94
sdk,sqlite,findAll,883,93
sdk,sqlite,findAll,884,96
sdk,sqlite,findAll,885,94
sdk,sqlite,findAll,886,93
sdk,sqlite,findAll,887,93
sdk,sqlite,findAll,888,97
sdk,sqlite,findAll,889,92
sdk,sqlite,findAll,890,92
sdk,sqlite,findAll,891,91
sdk,sqlite,findAll,892,91
sdk,sqlite,findAll,893,91
sdk,sqlite,findAll,894,92
sdk,sqlite,findAll,895,90
sdk,sqlite,findAll,896,97
sdk,sqlite,findAll,897,92
sdk,sqlite,findAll,898,91
sdk,sqlite,findAll,899,91
sdk,sqlite,findAll,900,92
sdk,sqlite,findAll,901,91
sdk,sqlite,findAll,902,91
sdk,sqlite,findAll,903,94
sdk,sqlite,findAll,904,94
sdk,sqlite,findAll,905,94
sdk,sqlite,findAll,906,98
sdk,sqlite,findAll,907,157
sdk,sqlite,findAll,908,250
sdk,sqlite,findAll,909,141
sdk,sqlite,findAll,910,258
sdk,sqlite,findAll,911,104
sdk,sqlite,findAll,912,91
sdk,sqlite,findAll,913,97
sdk,sqlite,findAll,914,94
sdk,sqlite,findAll,915,91
sdk,sqlite,findAll,916,92
sdk,sqlite,findAll,917,93
sdk,sqlite,findAll,918,96
sdk,sqlite,findAll,919,93
sdk,sqlite,findAll,920,92
sdk,sqlite,findAll,921,92
sdk,sqlite,findAll,922,94
sdk,sqlite,findAll,923,98
sdk,sqlite,findAll,924,93
sdk,sqlite,findAll,925,94
sdk,sqlite,findAll,926,93
sdk,sqlite,findAll,927,92
sdk,sqlite,findAll,928,99
sdk,sqlite,findAll,929,92
sdk,sqlite,findAll,930,92
sdk,sqlite,findAll,931,91
sdk,sqlite,findAll,932,94
sdk,sqlite,findAll,933,91
sdk,sqlite,findAll,934,91
sdk,sqlite,findAll,935,92
sdk,sqlite,findAll,936,94
sdk,sqlite,findAll,937,91
sdk,sqlite,findAll,938,91
sdk,sqlite,findAll,939,91
sdk,sqlite,findAll,940,95
sdk,sqlite,findAll,941,94
sdk,sqlite,findAll,942,91
sdk,sqlite,findAll,943,91
sdk,sqlite,findAll,944,93
sdk,sqlite,findAll,945,92
sdk,sqlite,findAll,946,91
sdk,sqlite,findAll,947,92
sdk,sqlite,findAll,948,91
sdk,sqlite,findAll,949,91
sdk,sqlite,findAll,950,94
sdk,sqlite,findAll,951,91
sdk,sqlite,findAll,952,91
sdk,sqlite,findAll,953,91
sdk,sqlite,findAll,954,91
sdk,sqlite,findAll,955,91
sdk,sqlite,findAll,956,91
sdk,sqlite,findAll,957,91
sdk,sqlite,findAll,958,91
sdk,sqlite,findAll,959,90
sdk,sqlite,findAll,960,91
sdk,sqlite,findAll,961,91
sdk,sqlite,findAll,962,91
sdk,sqlite,findAll,963,90
sdk,sqlite,findAll,964,91
sdk,sqlite,findAll,965,91
sdk,sqlite,findAll,966,91
sdk,sqlite,findAll,967,91
sdk,sqlite,findAll,968,90
sdk,sqlite,findAll,969,91
sdk,sqlite,findAll,970,91
sdk,sqlite,findAll,971,94
sdk,sqlite,findAll,972,91
sdk,sqlite,findAll,973,91
sdk,sqlite,findAll,974,91
sdk,sqlite,findAll,975,92
sdk,sqlite,findAll,976,93
sdk,sqlite,findAll,977,91
sdk,sqlite,findAll,978,91
sdk,sqlite,findAll,979,91
sdk,sqlite,findAll,980,91
sdk,sqlite,findAll,981,91
sdk,sqlite,findAll,982,92
sdk,sqlite,findAll,983,96
sdk,sqlite,findAll,984,92
sdk,sqlite,findAll,985,93
sdk,sqlite,findAll,986,91
sdk,sqlite,findAll,987,98
sdk,sqlite,findAll,988,90
sdk,sqlite,findAll,989,94
sdk,sqlite,findAll,990,91
sdk,sqlite,findAll,991,94
sdk,sqlite,findAll,992,91
sdk,sqlite,findAll,993,133
sdk,sqlite,findAll,994,132
sdk,sqlite,findAll,995,116
sdk,sqlite,findAll,996,113
sdk,sqlite,findAll,997,110
sdk,sqlite,findAll,998,253
sdk,sqlite,findAll,999,104
sdk,sqlite,filterPaginateSort,0,88
sdk,sqlite,filterPaginateSort,1,91
sdk,sqlite,filterPaginateSort,2,91
sdk,sqlite,filterPaginateSort,3,91
sdk,sqlite,filterPaginateSort,4,95
sdk,sqlite,filterPaginateSort,5,93
sdk,sqlite,filterPaginateSort,6,91
sdk,sqlite,filterPaginateSort,7,91
sdk,sqlite,filterPaginateSort,8,92
sdk,sqlite,filterPaginateSort,9,91
sdk,sqlite,filterPaginateSort,10,91
sdk,sqlite,filterPaginateSort,11,123
sdk,sqlite,filterPaginateSort,12,111
sdk,sqlite,filterPaginateSort,13,103
sdk,sqlite,filterPaginateSort,14,112
sdk,sqlite,filterPaginateSort,15,150
sdk,sqlite,filterPaginateSort,16,96
sdk,sqlite,filterPaginateSort,17,101
sdk,sqlite,filterPaginateSort,18,100
sdk,sqlite,filterPaginateSort,19,95
sdk,sqlite,filterPaginateSort,20,99
sdk,sqlite,filterPaginateSort,21,97
sdk,sqlite,filterPaginateSort,22,95
sdk,sqlite,filterPaginateSort,23,93
sdk,sqlite,filterPaginateSort,24,96
sdk,sqlite,filterPaginateSort,25,93
sdk,sqlite,filterPaginateSort,26,97
sdk,sqlite,filterPaginateSort,27,94
sdk,sqlite,filterPaginateSort,28,92
sdk,sqlite,filterPaginateSort,29,92
sdk,sqlite,filterPaginateSort,30,92
sdk,sqlite,filterPaginateSort,31,91
sdk,sqlite,filterPaginateSort,32,92
sdk,sqlite,filterPaginateSort,33,91
sdk,sqlite,filterPaginateSort,34,91
sdk,sqlite,filterPaginateSort,35,93
sdk,sqlite,filterPaginateSort,36,95
sdk,sqlite,filterPaginateSort,37,91
sdk,sqlite,filterPaginateSort,38,95
sdk,sqlite,filterPaginateSort,39,93
sdk,sqlite,filterPaginateSort,40,92
sdk,sqlite,filterPaginateSort,41,92
sdk,sqlite,filterPaginateSort,42,94
sdk,sqlite,filterPaginateSort,43,92
sdk,sqlite,filterPaginateSort,44,91
sdk,sqlite,filterPaginateSort,45,93
sdk,sqlite,filterPaginateSort,46,93
sdk,sqlite,filterPaginateSort,47,93
sdk,sqlite,filterPaginateSort,48,92
sdk,sqlite,filterPaginateSort,49,92
sdk,sqlite,filterPaginateSort,50,91
sdk,sqlite,filterPaginateSort,51,92
sdk,sqlite,filterPaginateSort,52,91
sdk,sqlite,filterPaginateSort,53,92
sdk,sqlite,filterPaginateSort,54,91
sdk,sqlite,filterPaginateSort,55,93
sdk,sqlite,filterPaginateSort,56,92
sdk,sqlite,filterPaginateSort,57,92
sdk,sqlite,filterPaginateSort,58,92
sdk,sqlite,filterPaginateSort,59,93
sdk,sqlite,filterPaginateSort,60,93
sdk,sqlite,filterPaginateSort,61,92
sdk,sqlite,filterPaginateSort,62,92
sdk,sqlite,filterPaginateSort,63,93
sdk,sqlite,filterPaginateSort,64,94
sdk,sqlite,filterPaginateSort,65,97
sdk,sqlite,filterPaginateSort,66,92
sdk,sqlite,filterPaginateSort,67,92
sdk,sqlite,filterPaginateSort,68,100
sdk,sqlite,filterPaginateSort,69,92
sdk,sqlite,filterPaginateSort,70,95
sdk,sqlite,filterPaginateSort,71,97
sdk,sqlite,filterPaginateSort,72,92
sdk,sqlite,filterPaginateSort,73,92
sdk,sqlite,filterPaginateSort,74,92
sdk,sqlite,filterPaginateSort,75,92
sdk,sqlite,filterPaginateSort,76,93
sdk,sqlite,filterPaginateSort,77,92
sdk,sqlite,filterPaginateSort,78,95
sdk,sqlite,filterPaginateSort,79,92
sdk,sqlite,filterPaginateSort,80,93
sdk,sqlite,filterPaginateSort,81,91
sdk,sqlite,filterPaginateSort,82,92
sdk,sqlite,filterPaginateSort,83,95
sdk,sqlite,filterPaginateSort,84,93
sdk,sqlite,filterPaginateSort,85,92
sdk,sqlite,filterPaginateSort,86,96
sdk,sqlite,filterPaginateSort,87,92
sdk,sqlite,filterPaginateSort,88,94
sdk,sqlite,filterPaginateSort,89,92
sdk,sqlite,filterPaginateSort,90,92
sdk,sqlite,filterPaginateSort,91,93
sdk,sqlite,filterPaginateSort,92,91
sdk,sqlite,filterPaginateSort,93,95
sdk,sqlite,filterPaginateSort,94,91
sdk,sqlite,filterPaginateSort,95,92
sdk,sqlite,filterPaginateSort,96,91
sdk,sqlite,filterPaginateSort,97,96
sdk,sqlite,filterPaginateSort,98,90
sdk,sqlite,filterPaginateSort,99,95
sdk,sqlite,filterPaginateSort,100,91
sdk,sqlite,filterPaginateSort,101,92
sdk,sqlite,filterPaginateSort,102,100
sdk,sqlite,filterPaginateSort,103,92
sdk,sqlite,filterPaginateSort,104,92
sdk,sqlite,filterPaginateSort,105,94
sdk,sqlite,filterPaginateSort,106,93
sdk,sqlite,filterPaginateSort,107,95
sdk,sqlite,filterPaginateSort,108,92
sdk,sqlite,filterPaginateSort,109,91
sdk,sqlite,filterPaginateSort,110,91
sdk,sqlite,filterPaginateSort,111,91
sdk,sqlite,filterPaginateSort,112,91
sdk,sqlite,filterPaginateSort,113,90
sdk,sqlite,filterPaginateSort,114,91
sdk,sqlite,filterPaginateSort,115,91
sdk,sqlite,filterPaginateSort,116,91
sdk,sqlite,filterPaginateSort,117,92
sdk,sqlite,filterPaginateSort,118,91
sdk,sqlite,filterPaginateSort,119,96
sdk,sqlite,filterPaginateSort,120,102
sdk,sqlite,filterPaginateSort,121,91
sdk,sqlite,filterPaginateSort,122,91
sdk,sqlite,filterPaginateSort,123,91
sdk,sqlite,filterPaginateSort,124,91
sdk,sqlite,filterPaginateSort,125,91
sdk,sqlite,filterPaginateSort,126,91
sdk,sqlite,filterPaginateSort,127,90
sdk,sqlite,filterPaginateSort,128,91
sdk,sqlite,filterPaginateSort,129,95
sdk,sqlite,filterPaginateSort,130,91
sdk,sqlite,filterPaginateSort,131,92
sdk,sqlite,filterPaginateSort,132,92
sdk,sqlite,filterPaginateSort,133,91
sdk,sqlite,filterPaginateSort,134,91
sdk,sqlite,filterPaginateSort,135,90
sdk,sqlite,filterPaginateSort,136,91
sdk,sqlite,filterPaginateSort,137,91
sdk,sqlite,filterPaginateSort,138,91
sdk,sqlite,filterPaginateSort,139,91
sdk,sqlite,filterPaginateSort,140,91
sdk,sqlite,filterPaginateSort,141,94
sdk,sqlite,filterPaginateSort,142,92
sdk,sqlite,filterPaginateSort,143,92
sdk,sqlite,filterPaginateSort,144,96
sdk,sqlite,filterPaginateSort,145,104
sdk,sqlite,filterPaginateSort,146,106
sdk,sqlite,filterPaginateSort,147,114
sdk,sqlite,filterPaginateSort,148,101
sdk,sqlite,filterPaginateSort,149,95
sdk,sqlite,filterPaginateSort,150,96
sdk,sqlite,filterPaginateSort,151,95
sdk,sqlite,filterPaginateSort,152,95
sdk,sqlite,filterPaginateSort,153,95
sdk,sqlite,filterPaginateSort,154,95
sdk,sqlite,filterPaginateSort,155,94
sdk,sqlite,filterPaginateSort,156,101
sdk,sqlite,filterPaginateSort,157,99
sdk,sqlite,filterPaginateSort,158,91
sdk,sqlite,filterPaginateSort,159,94
sdk,sqlite,filterPaginateSort,160,91
sdk,sqlite,filterPaginateSort,161,90
sdk,sqlite,filterPaginateSort,162,91
sdk,sqlite,filterPaginateSort,163,92
sdk,sqlite,filterPaginateSort,164,91
sdk,sqlite,filterPaginateSort,165,91
sdk,sqlite,filterPaginateSort,166,90
sdk,sqlite,filterPaginateSort,167,90
sdk,sqlite,filterPaginateSort,168,90
sdk,sqlite,filterPaginateSort,169,94
sdk,sqlite,filterPaginateSort,170,90
sdk,sqlite,filterPaginateSort,171,94
sdk,sqlite,filterPaginateSort,172,90
sdk,sqlite,filterPaginateSort,173,90
sdk,sqlite,filterPaginateSort,174,90
sdk,sqlite,filterPaginateSort,175,91
sdk,sqlite,filterPaginateSort,176,91
sdk,sqlite,filterPaginateSort,177,90
sdk,sqlite,filterPaginateSort,178,90
sdk,sqlite,filterPaginateSort,179,91
sdk,sqlite,filterPaginateSort,180,90
sdk,sqlite,filterPaginateSort,181,90
sdk,sqlite,filterPaginateSort,182,91
sdk,sqlite,filterPaginateSort,183,91
sdk,sqlite,filterPaginateSort,184,90
sdk,sqlite,filterPaginateSort,185,90
sdk,sqlite,filterPaginateSort,186,91
sdk,sqlite,filterPaginateSort,187,94
sdk,sqlite,filterPaginateSort,188,90
sdk,sqlite,filterPaginateSort,189,90
sdk,sqlite,filterPaginateSort,190,91
sdk,sqlite,filterPaginateSort,191,91
sdk,sqlite,filterPaginateSort,192,91
sdk,sqlite,filterPaginateSort,193,96
sdk,sqlite,filterPaginateSort,194,96
sdk,sqlite,filterPaginateSort,195,94
sdk,sqlite,filterPaginateSort,196,91
sdk,sqlite,filterPaginateSort,197,91
sdk,sqlite,filterPaginateSort,198,92
sdk,sqlite,filterPaginateSort,199,91
sdk,sqlite,filterPaginateSort,200,92
sdk,sqlite,filterPaginateSort,201,91
sdk,sqlite,filterPaginateSort,202,92
sdk,sqlite,filterPaginateSort,203,95
sdk,sqlite,filterPaginateSort,204,95
sdk,sqlite,filterPaginateSort,205,92
sdk,sqlite,filterPaginateSort,206,99
sdk,sqlite,filterPaginateSort,207,91
sdk,sqlite,filterPaginateSort,208,93
sdk,sqlite,filterPaginateSort,209,92
sdk,sqlite,filterPaginateSort,210,93
sdk,sqlite,filterPaginateSort,211,93
sdk,sqlite,filterPaginateSort,212,99
sdk,sqlite,filterPaginateSort,213,118
sdk,sqlite,filterPaginateSort,214,102
sdk,sqlite,filterPaginateSort,215,98
sdk,sqlite,filterPaginateSort,216,95
sdk,sqlite,filterPaginateSort,217,94
sdk,sqlite,filterPaginateSort,218,95
sdk,sqlite,filterPaginateSort,219,95
sdk,sqlite,filterPaginateSort,220,94
sdk,sqlite,filterPaginateSort,221,298
sdk,sqlite,filterPaginateSort,222,146
sdk,sqlite,filterPaginateSort,223,118
sdk,sqlite,filterPaginateSort,224,102
sdk,sqlite,filterPaginateSort,225,537
sdk,sqlite,filterPaginateSort,226,118
sdk,sqlite,filterPaginateSort,227,108
sdk,sqlite,filterPaginateSort,228,105
sdk,sqlite,filterPaginateSort,229,101
sdk,sqlite,filterPaginateSort,230,103
sdk,sqlite,filterPaginateSort,231,107
sdk,sqlite,filterPaginateSort,232,104
sdk,sqlite,filterPaginateSort,233,98
sdk,sqlite,filterPaginateSort,234,115
sdk,sqlite,filterPaginateSort,235,104
sdk,sqlite,filterPaginateSort,236,93
sdk,sqlite,filterPaginateSort,237,94
sdk,sqlite,filterPaginateSort,238,97
sdk,sqlite,filterPaginateSort,239,101
sdk,sqlite,filterPaginateSort,240,97
sdk,sqlite,filterPaginateSort,241,97
sdk,sqlite,filterPaginateSort,242,97
sdk,sqlite,filterPaginateSort,243,96
sdk,sqlite,filterPaginateSort,244,109
sdk,sqlite,filterPaginateSort,245,94
sdk,sqlite,filterPaginateSort,246,93
sdk,sqlite,filterPaginateSort,247,98
sdk,sqlite,filterPaginateSort,248,102
sdk,sqlite,filterPaginateSort,249,94
sdk,sqlite,filterPaginateSort,250,93
sdk,sqlite,filterPaginateSort,251,96
sdk,sqlite,filterPaginateSort,252,92
sdk,sqlite,filterPaginateSort,253,94
sdk,sqlite,filterPaginateSort,254,96
sdk,sqlite,filterPaginateSort,255,97
sdk,sqlite,filterPaginateSort,256,105
sdk,sqlite,filterPaginateSort,257,106
sdk,sqlite,filterPaginateSort,258,105
sdk,sqlite,filterPaginateSort,259,93
sdk,sqlite,filterPaginateSort,260,93
sdk,sqlite,filterPaginateSort,261,92
sdk,sqlite,filterPaginateSort,262,93
sdk,sqlite,filterPaginateSort,263,92
sdk,sqlite,filterPaginateSort,264,93
sdk,sqlite,filterPaginateSort,265,97
sdk,sqlite,filterPaginateSort,266,93
sdk,sqlite,filterPaginateSort,267,100
sdk,sqlite,filterPaginateSort,268,106
sdk,sqlite,filterPaginateSort,269,92
sdk,sqlite,filterPaginateSort,270,93
sdk,sqlite,filterPaginateSort,271,92
sdk,sqlite,filterPaginateSort,272,93
sdk,sqlite,filterPaginateSort,273,96
sdk,sqlite,filterPaginateSort,274,93
sdk,sqlite,filterPaginateSort,275,95
sdk,sqlite,filterPaginateSort,276,93
sdk,sqlite,filterPaginateSort,277,95
sdk,sqlite,filterPaginateSort,278,150
sdk,sqlite,filterPaginateSort,279,107
sdk,sqlite,filterPaginateSort,280,95
sdk,sqlite,filterPaginateSort,281,86
sdk,sqlite,filterPaginateSort,282,87
sdk,sqlite,filterPaginateSort,283,88
sdk,sqlite,filterPaginateSort,284,88
sdk,sqlite,filterPaginateSort,285,88
sdk,sqlite,filterPaginateSort,286,90
sdk,sqlite,filterPaginateSort,287,91
sdk,sqlite,filterPaginateSort,288,98
sdk,sqlite,filterPaginateSort,289,82
sdk,sqlite,filterPaginateSort,290,82
sdk,sqlite,filterPaginateSort,291,85
sdk,sqlite,filterPaginateSort,292,88
sdk,sqlite,filterPaginateSort,293,91
sdk,sqlite,filterPaginateSort,294,90
sdk,sqlite,filterPaginateSort,295,92
sdk,sqlite,filterPaginateSort,296,88
sdk,sqlite,filterPaginateSort,297,90
sdk,sqlite,filterPaginateSort,298,90
sdk,sqlite,filterPaginateSort,299,91
sdk,sqlite,filterPaginateSort,300,88
sdk,sqlite,filterPaginateSort,301,88
sdk,sqlite,filterPaginateSort,302,88
sdk,sqlite,filterPaginateSort,303,96
sdk,sqlite,filterPaginateSort,304,96
sdk,sqlite,filterPaginateSort,305,91
sdk,sqlite,filterPaginateSort,306,92
sdk,sqlite,filterPaginateSort,307,89
sdk,sqlite,filterPaginateSort,308,95
sdk,sqlite,filterPaginateSort,309,87
sdk,sqlite,filterPaginateSort,310,91
sdk,sqlite,filterPaginateSort,311,91
sdk,sqlite,filterPaginateSort,312,89
sdk,sqlite,filterPaginateSort,313,92
sdk,sqlite,filterPaginateSort,314,88
sdk,sqlite,filterPaginateSort,315,86
sdk,sqlite,filterPaginateSort,316,90
sdk,sqlite,filterPaginateSort,317,90
sdk,sqlite,filterPaginateSort,318,94
sdk,sqlite,filterPaginateSort,319,89
sdk,sqlite,filterPaginateSort,320,89
sdk,sqlite,filterPaginateSort,321,88
sdk,sqlite,filterPaginateSort,322,88
sdk,sqlite,filterPaginateSort,323,88
sdk,sqlite,filterPaginateSort,324,124
sdk,sqlite,filterPaginateSort,325,101
sdk,sqlite,filterPaginateSort,326,95
sdk,sqlite,filterPaginateSort,327,98
sdk,sqlite,filterPaginateSort,328,99
sdk,sqlite,filterPaginateSort,329,91
sdk,sqlite,filterPaginateSort,330,95
sdk,sqlite,filterPaginateSort,331,99
sdk,sqlite,filterPaginateSort,332,91
sdk,sqlite,filterPaginateSort,333,91
sdk,sqlite,filterPaginateSort,334,91
sdk,sqlite,filterPaginateSort,335,91
sdk,sqlite,filterPaginateSort,336,94
sdk,sqlite,filterPaginateSort,337,91
sdk,sqlite,filterPaginateSort,338,149
sdk,sqlite,filterPaginateSort,339,98
sdk,sqlite,filterPaginateSort,340,92
sdk,sqlite,filterPaginateSort,341,91
sdk,sqlite,filterPaginateSort,342,92
sdk,sqlite,filterPaginateSort,343,95
sdk,sqlite,filterPaginateSort,344,95
sdk,sqlite,filterPaginateSort,345,91
sdk,sqlite,filterPaginateSort,346,92
sdk,sqlite,filterPaginateSort,347,95
sdk,sqlite,filterPaginateSort,348,91
sdk,sqlite,filterPaginateSort,349,95
sdk,sqlite,filterPaginateSort,350,91
sdk,sqlite,filterPaginateSort,351,94
sdk,sqlite,filterPaginateSort,352,91
sdk,sqlite,filterPaginateSort,353,91
sdk,sqlite,filterPaginateSort,354,92
sdk,sqlite,filterPaginateSort,355,93
sdk,sqlite,filterPaginateSort,356,96
sdk,sqlite,filterPaginateSort,357,90
sdk,sqlite,filterPaginateSort,358,91
sdk,sqlite,filterPaginateSort,359,91
sdk,sqlite,filterPaginateSort,360,92
sdk,sqlite,filterPaginateSort,361,92
sdk,sqlite,filterPaginateSort,362,91
sdk,sqlite,filterPaginateSort,363,90
sdk,sqlite,filterPaginateSort,364,91
sdk,sqlite,filterPaginateSort,365,91
sdk,sqlite,filterPaginateSort,366,96
sdk,sqlite,filterPaginateSort,367,93
sdk,sqlite,filterPaginateSort,368,91
sdk,sqlite,filterPaginateSort,369,90
sdk,sqlite,filterPaginateSort,370,94
sdk,sqlite,filterPaginateSort,371,91
sdk,sqlite,filterPaginateSort,372,92
sdk,sqlite,filterPaginateSort,373,90
sdk,sqlite,filterPaginateSort,374,98
sdk,sqlite,filterPaginateSort,375,91
sdk,sqlite,filterPaginateSort,376,91
sdk,sqlite,filterPaginateSort,377,90
sdk,sqlite,filterPaginateSort,378,91
sdk,sqlite,filterPaginateSort,379,90
sdk,sqlite,filterPaginateSort,380,95
sdk,sqlite,filterPaginateSort,381,90
sdk,sqlite,filterPaginateSort,382,90
sdk,sqlite,filterPaginateSort,383,92
sdk,sqlite,filterPaginateSort,384,91
sdk,sqlite,filterPaginateSort,385,92
sdk,sqlite,filterPaginateSort,386,94
sdk,sqlite,filterPaginateSort,387,93
sdk,sqlite,filterPaginateSort,388,94
sdk,sqlite,filterPaginateSort,389,90
sdk,sqlite,filterPaginateSort,390,91
sdk,sqlite,filterPaginateSort,391,90
sdk,sqlite,filterPaginateSort,392,91
sdk,sqlite,filterPaginateSort,393,90
sdk,sqlite,filterPaginateSort,394,94
sdk,sqlite,filterPaginateSort,395,90
sdk,sqlite,filterPaginateSort,396,97
sdk,sqlite,filterPaginateSort,397,92
sdk,sqlite,filterPaginateSort,398,91
sdk,sqlite,filterPaginateSort,399,92
sdk,sqlite,filterPaginateSort,400,92
sdk,sqlite,filterPaginateSort,401,94
sdk,sqlite,filterPaginateSort,402,92
sdk,sqlite,filterPaginateSort,403,91
sdk,sqlite,filterPaginateSort,404,91
sdk,sqlite,filterPaginateSort,405,91
sdk,sqlite,filterPaginateSort,406,98
sdk,sqlite,filterPaginateSort,407,90
sdk,sqlite,filterPaginateSort,408,92
sdk,sqlite,filterPaginateSort,409,92
sdk,sqlite,filterPaginateSort,410,90
sdk,sqlite,filterPaginateSort,411,90
sdk,sqlite,filterPaginateSort,412,91
sdk,sqlite,filterPaginateSort,413,91
sdk,sqlite,filterPaginateSort,414,90
sdk,sqlite,filterPaginateSort,415,96
sdk,sqlite,filterPaginateSort,416,97
sdk,sqlite,filterPaginateSort,417,174
sdk,sqlite,filterPaginateSort,418,93
sdk,sqlite,filterPaginateSort,419,106
sdk,sqlite,filterPaginateSort,420,103
sdk,sqlite,filterPaginateSort,421,93
sdk,sqlite,filterPaginateSort,422,93
sdk,sqlite,filterPaginateSort,423,93
sdk,sqlite,filterPaginateSort,424,94
sdk,sqlite,filterPaginateSort,425,94
sdk,sqlite,filterPaginateSort,426,93
sdk,sqlite,filterPaginateSort,427,93
sdk,sqlite,filterPaginateSort,428,98
sdk,sqlite,filterPaginateSort,429,93
sdk,sqlite,filterPaginateSort,430,92
sdk,sqlite,filterPaginateSort,431,94
sdk,sqlite,filterPaginateSort,432,94
sdk,sqlite,filterPaginateSort,433,99
sdk,sqlite,filterPaginateSort,434,94
sdk,sqlite,filterPaginateSort,435,93
sdk,sqlite,filterPaginateSort,436,95
sdk,sqlite,filterPaginateSort,437,92
sdk,sqlite,filterPaginateSort,438,136
sdk,sqlite,filterPaginateSort,439,130
sdk,sqlite,filterPaginateSort,440,104
sdk,sqlite,filterPaginateSort,441,99
sdk,sqlite,filterPaginateSort,442,99
sdk,sqlite,filterPaginateSort,443,106
sdk,sqlite,filterPaginateSort,444,98
sdk,sqlite,filterPaginateSort,445,96
sdk,sqlite,filterPaginateSort,446,95
sdk,sqlite,filterPaginateSort,447,96
sdk,sqlite,filterPaginateSort,448,99
sdk,sqlite,filterPaginateSort,449,94
sdk,sqlite,filterPaginateSort,450,94
sdk,sqlite,filterPaginateSort,451,96
sdk,sqlite,filterPaginateSort,452,94
sdk,sqlite,filterPaginateSort,453,94
sdk,sqlite,filterPaginateSort,454,95
sdk,sqlite,filterPaginateSort,455,95
sdk,sqlite,filterPaginateSort,456,147
sdk,sqlite,filterPaginateSort,457,104
sdk,sqlite,filterPaginateSort,458,96
sdk,sqlite,filterPaginateSort,459,140
sdk,sqlite,filterPaginateSort,460,124
sdk,sqlite,filterPaginateSort,461,107
sdk,sqlite,filterPaginateSort,462,110
sdk,sqlite,filterPaginateSort,463,100
sdk,sqlite,filterPaginateSort,464,101
sdk,sqlite,filterPaginateSort,465,125
sdk,sqlite,filterPaginateSort,466,121
sdk,sqlite,filterPaginateSort,467,106
sdk,sqlite,filterPaginateSort,468,121
sdk,sqlite,filterPaginateSort,469,181
sdk,sqlite,filterPaginateSort,470,139
sdk,sqlite,filterPaginateSort,471,113
sdk,sqlite,filterPaginateSort,472,108
sdk,sqlite,filterPaginateSort,473,105
sdk,sqlite,filterPaginateSort,474,297
sdk,sqlite,filterPaginateSort,475,107
sdk,sqlite,filterPaginateSort,476,106
sdk,sqlite,filterPaginateSort,477,95
sdk,sqlite,filterPaginateSort,478,97
sdk,sqlite,filterPaginateSort,479,99
sdk,sqlite,filterPaginateSort,480,93
sdk,sqlite,filterPaginateSort,481,94
sdk,sqlite,filterPaginateSort,482,91
sdk,sqlite,filterPaginateSort,483,90
sdk,sqlite,filterPaginateSort,484,92
sdk,sqlite,filterPaginateSort,485,91
sdk,sqlite,filterPaginateSort,486,95
sdk,sqlite,filterPaginateSort,487,98
sdk,sqlite,filterPaginateSort,488,96
sdk,sqlite,filterPaginateSort,489,94
sdk,sqlite,filterPaginateSort,490,95
sdk,sqlite,filterPaginateSort,491,95
sdk,sqlite,filterPaginateSort,492,93
sdk,sqlite,filterPaginateSort,493,89
sdk,sqlite,filterPaginateSort,494,95
sdk,sqlite,filterPaginateSort,495,92
sdk,sqlite,filterPaginateSort,496,90
sdk,sqlite,filterPaginateSort,497,92
sdk,sqlite,filterPaginateSort,498,92
sdk,sqlite,filterPaginateSort,499,92
sdk,sqlite,filterPaginateSort,500,91
sdk,sqlite,filterPaginateSort,501,92
sdk,sqlite,filterPaginateSort,502,95
sdk,sqlite,filterPaginateSort,503,94
sdk,sqlite,filterPaginateSort,504,91
sdk,sqlite,filterPaginateSort,505,89
sdk,sqlite,filterPaginateSort,506,94
sdk,sqlite,filterPaginateSort,507,92
sdk,sqlite,filterPaginateSort,508,92
sdk,sqlite,filterPaginateSort,509,92
sdk,sqlite,filterPaginateSort,510,93
sdk,sqlite,filterPaginateSort,511,91
sdk,sqlite,filterPaginateSort,512,91
sdk,sqlite,filterPaginateSort,513,92
sdk,sqlite,filterPaginateSort,514,92
sdk,sqlite,filterPaginateSort,515,89
sdk,sqlite,filterPaginateSort,516,91
sdk,sqlite,filterPaginateSort,517,88
sdk,sqlite,filterPaginateSort,518,93
sdk,sqlite,filterPaginateSort,519,118
sdk,sqlite,filterPaginateSort,520,95
sdk,sqlite,filterPaginateSort,521,94
sdk,sqlite,filterPaginateSort,522,94
sdk,sqlite,filterPaginateSort,523,94
sdk,sqlite,filterPaginateSort,524,92
sdk,sqlite,filterPaginateSort,525,91
sdk,sqlite,filterPaginateSort,526,91
sdk,sqlite,filterPaginateSort,527,90
sdk,sqlite,filterPaginateSort,528,98
sdk,sqlite,filterPaginateSort,529,95
sdk,sqlite,filterPaginateSort,530,93
sdk,sqlite,filterPaginateSort,531,93
sdk,sqlite,filterPaginateSort,532,94
sdk,sqlite,filterPaginateSort,533,96
sdk,sqlite,filterPaginateSort,534,94
sdk,sqlite,filterPaginateSort,535,94
sdk,sqlite,filterPaginateSort,536,89
sdk,sqlite,filterPaginateSort,537,102
sdk,sqlite,filterPaginateSort,538,104
sdk,sqlite,filterPaginateSort,539,152
sdk,sqlite,filterPaginateSort,540,115
sdk,sqlite,filterPaginateSort,541,93
sdk,sqlite,filterPaginateSort,542,87
sdk,sqlite,filterPaginateSort,543,86
sdk,sqlite,filterPaginateSort,544,83
sdk,sqlite,filterPaginateSort,545,97
sdk,sqlite,filterPaginateSort,546,82
sdk,sqlite,filterPaginateSort,547,86
sdk,sqlite,filterPaginateSort,548,83
sdk,sqlite,filterPaginateSort,549,115
sdk,sqlite,filterPaginateSort,550,93
sdk,sqlite,filterPaginateSort,551,83
sdk,sqlite,filterPaginateSort,552,89
sdk,sqlite,filterPaginateSort,553,92
sdk,sqlite,filterPaginateSort,554,89
sdk,sqlite,filterPaginateSort,555,88
sdk,sqlite,filterPaginateSort,556,95
sdk,sqlite,filterPaginateSort,557,88
sdk,sqlite,filterPaginateSort,558,92
sdk,sqlite,filterPaginateSort,559,95
sdk,sqlite,filterPaginateSort,560,100
sdk,sqlite,filterPaginateSort,561,94
sdk,sqlite,filterPaginateSort,562,92
sdk,sqlite,filterPaginateSort,563,96
sdk,sqlite,filterPaginateSort,564,93
sdk,sqlite,filterPaginateSort,565,92
sdk,sqlite,filterPaginateSort,566,89
sdk,sqlite,filterPaginateSort,567,89
sdk,sqlite,filterPaginateSort,568,102
sdk,sqlite,filterPaginateSort,569,95
sdk,sqlite,filterPaginateSort,570,99
sdk,sqlite,filterPaginateSort,571,92
sdk,sqlite,filterPaginateSort,572,88
sdk,sqlite,filterPaginateSort,573,89
sdk,sqlite,filterPaginateSort,574,88
sdk,sqlite,filterPaginateSort,575,91
sdk,sqlite,filterPaginateSort,576,89
sdk,sqlite,filterPaginateSort,577,125
sdk,sqlite,filterPaginateSort,578,115
sdk,sqlite,filterPaginateSort,579,101
sdk,sqlite,filterPaginateSort,580,133
sdk,sqlite,filterPaginateSort,581,96
sdk,sqlite,filterPaginateSort,582,93
sdk,sqlite,filterPaginateSort,583,102
sdk,sqlite,filterPaginateSort,584,96
sdk,sqlite,filterPaginateSort,585,95
sdk,sqlite,filterPaginateSort,586,96
sdk,sqlite,filterPaginateSort,587,95
sdk,sqlite,filterPaginateSort,588,100
sdk,sqlite,filterPaginateSort,589,103
sdk,sqlite,filterPaginateSort,590,96
sdk,sqlite,filterPaginateSort,591,93
sdk,sqlite,filterPaginateSort,592,108
sdk,sqlite,filterPaginateSort,593,94
sdk,sqlite,filterPaginateSort,594,93
sdk,sqlite,filterPaginateSort,595,92
sdk,sqlite,filterPaginateSort,596,95
sdk,sqlite,filterPaginateSort,597,92
sdk,sqlite,filterPaginateSort,598,92
sdk,sqlite,filterPaginateSort,599,100
sdk,sqlite,filterPaginateSort,600,119
sdk,sqlite,filterPaginateSort,601,90
sdk,sqlite,filterPaginateSort,602,94
sdk,sqlite,filterPaginateSort,603,95
sdk,sqlite,filterPaginateSort,604,89
sdk,sqlite,filterPaginateSort,605,90
sdk,sqlite,filterPaginateSort,606,95
sdk,sqlite,filterPaginateSort,607,89
sdk,sqlite,filterPaginateSort,608,100
sdk,sqlite,filterPaginateSort,609,124
sdk,sqlite,filterPaginateSort,610,113
sdk,sqlite,filterPaginateSort,611,96
sdk,sqlite,filterPaginateSort,612,98
sdk,sqlite,filterPaginateSort,613,94
sdk,sqlite,filterPaginateSort,614,91
sdk,sqlite,filterPaginateSort,615,103
sdk,sqlite,filterPaginateSort,616,93
sdk,sqlite,filterPaginateSort,617,94
sdk,sqlite,filterPaginateSort,618,90
sdk,sqlite,filterPaginateSort,619,113
sdk,sqlite,filterPaginateSort,620,96
sdk,sqlite,filterPaginateSort,621,91
sdk,sqlite,filterPaginateSort,622,97
sdk,sqlite,filterPaginateSort,623,92
sdk,sqlite,filterPaginateSort,624,94
sdk,sqlite,filterPaginateSort,625,91
sdk,sqlite,filterPaginateSort,626,93
sdk,sqlite,filterPaginateSort,627,94
sdk,sqlite,filterPaginateSort,628,92
sdk,sqlite,filterPaginateSort,629,103
sdk,sqlite,filterPaginateSort,630,89
sdk,sqlite,filterPaginateSort,631,91
sdk,sqlite,filterPaginateSort,632,91
sdk,sqlite,filterPaginateSort,633,92
sdk,sqlite,filterPaginateSort,634,94
sdk,sqlite,filterPaginateSort,635,95
sdk,sqlite,filterPaginateSort,636,95
sdk,sqlite,filterPaginateSort,637,94
sdk,sqlite,filterPaginateSort,638,94
sdk,sqlite,filterPaginateSort,639,100
sdk,sqlite,filterPaginateSort,640,127
sdk,sqlite,filterPaginateSort,641,90
sdk,sqlite,filterPaginateSort,642,83
sdk,sqlite,filterPaginateSort,643,86
sdk,sqlite,filterPaginateSort,644,94
sdk,sqlite,filterPaginateSort,645,84
sdk,sqlite,filterPaginateSort,646,86
sdk,sqlite,filterPaginateSort,647,81
sdk,sqlite,filterPaginateSort,648,84
sdk,sqlite,filterPaginateSort,649,81
sdk,sqlite,filterPaginateSort,650,113
sdk,sqlite,filterPaginateSort,651,89
sdk,sqlite,filterPaginateSort,652,85
sdk,sqlite,filterPaginateSort,653,92
sdk,sqlite,filterPaginateSort,654,88
sdk,sqlite,filterPaginateSort,655,89
sdk,sqlite,filterPaginateSort,656,90
sdk,sqlite,filterPaginateSort,657,89
sdk,sqlite,filterPaginateSort,658,88
sdk,sqlite,filterPaginateSort,659,88
sdk,sqlite,filterPaginateSort,660,93
sdk,sqlite,filterPaginateSort,661,108
sdk,sqlite,filterPaginateSort,662,88
sdk,sqlite,filterPaginateSort,663,88
sdk,sqlite,filterPaginateSort,664,88
sdk,sqlite,filterPaginateSort,665,88
sdk,sqlite,filterPaginateSort,666,91
sdk,sqlite,filterPaginateSort,667,93
sdk,sqlite,filterPaginateSort,668,95
sdk,sqlite,filterPaginateSort,669,92
sdk,sqlite,filterPaginateSort,670,93
sdk,sqlite,filterPaginateSort,671,109
sdk,sqlite,filterPaginateSort,672,91
sdk,sqlite,filterPaginateSort,673,91
sdk,sqlite,filterPaginateSort,674,97
sdk,sqlite,filterPaginateSort,675,95
sdk,sqlite,filterPaginateSort,676,92
sdk,sqlite,filterPaginateSort,677,90
sdk,sqlite,filterPaginateSort,678,95
sdk,sqlite,filterPaginateSort,679,122
sdk,sqlite,filterPaginateSort,680,115
sdk,sqlite,filterPaginateSort,681,139
sdk,sqlite,filterPaginateSort,682,97
sdk,sqlite,filterPaginateSort,683,91
sdk,sqlite,filterPaginateSort,684,92
sdk,sqlite,filterPaginateSort,685,96
sdk,sqlite,filterPaginateSort,686,94
sdk,sqlite,filterPaginateSort,687,88
sdk,sqlite,filterPaginateSort,688,98
sdk,sqlite,filterPaginateSort,689,88
sdk,sqlite,filterPaginateSort,690,98
sdk,sqlite,filterPaginateSort,691,98
sdk,sqlite,filterPaginateSort,692,92
sdk,sqlite,filterPaginateSort,693,88
sdk,sqlite,filterPaginateSort,694,92
sdk,sqlite,filterPaginateSort,695,92
sdk,sqlite,filterPaginateSort,696,88
sdk,sqlite,filterPaginateSort,697,88
sdk,sqlite,filterPaginateSort,698,88
sdk,sqlite,filterPaginateSort,699,92
sdk,sqlite,filterPaginateSort,700,93
sdk,sqlite,filterPaginateSort,701,395
sdk,sqlite,filterPaginateSort,702,105
sdk,sqlite,filterPaginateSort,703,97
sdk,sqlite,filterPaginateSort,704,92
sdk,sqlite,filterPaginateSort,705,101
sdk,sqlite,filterPaginateSort,706,91
sdk,sqlite,filterPaginateSort,707,100
sdk,sqlite,filterPaginateSort,708,98
sdk,sqlite,filterPaginateSort,709,94
sdk,sqlite,filterPaginateSort,710,91
sdk,sqlite,filterPaginateSort,711,96
sdk,sqlite,filterPaginateSort,712,91
sdk,sqlite,filterPaginateSort,713,99
sdk,sqlite,filterPaginateSort,714,94
sdk,sqlite,filterPaginateSort,715,104
sdk,sqlite,filterPaginateSort,716,98
sdk,sqlite,filterPaginateSort,717,97
sdk,sqlite,filterPaginateSort,718,98
sdk,sqlite,filterPaginateSort,719,94
sdk,sqlite,filterPaginateSort,720,149
sdk,sqlite,filterPaginateSort,721,108
sdk,sqlite,filterPaginateSort,722,216
sdk,sqlite,filterPaginateSort,723,102
sdk,sqlite,filterPaginateSort,724,104
sdk,sqlite,filterPaginateSort,725,360
sdk,sqlite,filterPaginateSort,726,98
sdk,sqlite,filterPaginateSort,727,93
sdk,sqlite,filterPaginateSort,728,94
sdk,sqlite,filterPaginateSort,729,94
sdk,sqlite,filterPaginateSort,730,91
sdk,sqlite,filterPaginateSort,731,93
sdk,sqlite,filterPaginateSort,732,93
sdk,sqlite,filterPaginateSort,733,93
sdk,sqlite,filterPaginateSort,734,104
sdk,sqlite,filterPaginateSort,735,88
sdk,sqlite,filterPaginateSort,736,90
sdk,sqlite,filterPaginateSort,737,94
sdk,sqlite,filterPaginateSort,738,92
sdk,sqlite,filterPaginateSort,739,93
sdk,sqlite,filterPaginateSort,740,91
sdk,sqlite,filterPaginateSort,741,94
sdk,sqlite,filterPaginateSort,742,92
sdk,sqlite,filterPaginateSort,743,91
sdk,sqlite,filterPaginateSort,744,100
sdk,sqlite,filterPaginateSort,745,95
sdk,sqlite,filterPaginateSort,746,92
sdk,sqlite,filterPaginateSort,747,90
sdk,sqlite,filterPaginateSort,748,91
sdk,sqlite,filterPaginateSort,749,90
sdk,sqlite,filterPaginateSort,750,94
sdk,sqlite,filterPaginateSort,751,98
sdk,sqlite,filterPaginateSort,752,91
sdk,sqlite,filterPaginateSort,753,95
sdk,sqlite,filterPaginateSort,754,96
sdk,sqlite,filterPaginateSort,755,94
sdk,sqlite,filterPaginateSort,756,91
sdk,sqlite,filterPaginateSort,757,91
sdk,sqlite,filterPaginateSort,758,95
sdk,sqlite,filterPaginateSort,759,94
sdk,sqlite,filterPaginateSort,760,91
sdk,sqlite,filterPaginateSort,761,90
sdk,sqlite,filterPaginateSort,762,91
sdk,sqlite,filterPaginateSort,763,95
sdk,sqlite,filterPaginateSort,764,90
sdk,sqlite,filterPaginateSort,765,97
sdk,sqlite,filterPaginateSort,766,91
sdk,sqlite,filterPaginateSort,767,91
sdk,sqlite,filterPaginateSort,768,91
sdk,sqlite,filterPaginateSort,769,90
sdk,sqlite,filterPaginateSort,770,91
sdk,sqlite,filterPaginateSort,771,91
sdk,sqlite,filterPaginateSort,772,91
sdk,sqlite,filterPaginateSort,773,94
sdk,sqlite,filterPaginateSort,774,91
sdk,sqlite,filterPaginateSort,775,94
sdk,sqlite,filterPaginateSort,776,101
sdk,sqlite,filterPaginateSort,777,94
sdk,sqlite,filterPaginateSort,778,90
sdk,sqlite,filterPaginateSort,779,91
sdk,sqlite,filterPaginateSort,780,90
sdk,sqlite,filterPaginateSort,781,98
sdk,sqlite,filterPaginateSort,782,91
sdk,sqlite,filterPaginateSort,783,95
sdk,sqlite,filterPaginateSort,784,92
sdk,sqlite,filterPaginateSort,785,92
sdk,sqlite,filterPaginateSort,786,99
sdk,sqlite,filterPaginateSort,787,88
sdk,sqlite,filterPaginateSort,788,90
sdk,sqlite,filterPaginateSort,789,93
sdk,sqlite,filterPaginateSort,790,95
sdk,sqlite,filterPaginateSort,791,91
sdk,sqlite,filterPaginateSort,792,91
sdk,sqlite,filterPaginateSort,793,90
sdk,sqlite,filterPaginateSort,794,90
sdk,sqlite,filterPaginateSort,795,90
sdk,sqlite,filterPaginateSort,796,97
sdk,sqlite,filterPaginateSort,797,96
sdk,sqlite,filterPaginateSort,798,93
sdk,sqlite,filterPaginateSort,799,94
sdk,sqlite,filterPaginateSort,800,92
sdk,sqlite,filterPaginateSort,801,91
sdk,sqlite,filterPaginateSort,802,90
sdk,sqlite,filterPaginateSort,803,96
sdk,sqlite,filterPaginateSort,804,94
sdk,sqlite,filterPaginateSort,805,100
sdk,sqlite,filterPaginateSort,806,90
sdk,sqlite,filterPaginateSort,807,96
sdk,sqlite,filterPaginateSort,808,100
sdk,sqlite,filterPaginateSort,809,91
sdk,sqlite,filterPaginateSort,810,103
sdk,sqlite,filterPaginateSort,811,96
sdk,sqlite,filterPaginateSort,812,95
sdk,sqlite,filterPaginateSort,813,97
sdk,sqlite,filterPaginateSort,814,98
sdk,sqlite,filterPaginateSort,815,101
sdk,sqlite,filterPaginateSort,816,90
sdk,sqlite,filterPaginateSort,817,96
sdk,sqlite,filterPaginateSort,818,95
sdk,sqlite,filterPaginateSort,819,96
sdk,sqlite,filterPaginateSort,820,94
sdk,sqlite,filterPaginateSort,821,91
sdk,sqlite,filterPaginateSort,822,90
sdk,sqlite,filterPaginateSort,823,94
sdk,sqlite,filterPaginateSort,824,91
sdk,sqlite,filterPaginateSort,825,94
sdk,sqlite,filterPaginateSort,826,91
sdk,sqlite,filterPaginateSort,827,98
sdk,sqlite,filterPaginateSort,828,94
sdk,sqlite,filterPaginateSort,829,108
sdk,sqlite,filterPaginateSort,830,94
sdk,sqlite,filterPaginateSort,831,93
sdk,sqlite,filterPaginateSort,832,94
sdk,sqlite,filterPaginateSort,833,93
sdk,sqlite,filterPaginateSort,834,95
sdk,sqlite,filterPaginateSort,835,92
sdk,sqlite,filterPaginateSort,836,98
sdk,sqlite,filterPaginateSort,837,95
sdk,sqlite,filterPaginateSort,838,94
sdk,sqlite,filterPaginateSort,839,96
sdk,sqlite,filterPaginateSort,840,91
sdk,sqlite,filterPaginateSort,841,90
sdk,sqlite,filterPaginateSort,842,98
sdk,sqlite,filterPaginateSort,843,100
sdk,sqlite,filterPaginateSort,844,96
sdk,sqlite,filterPaginateSort,845,91
sdk,sqlite,filterPaginateSort,846,91
sdk,sqlite,filterPaginateSort,847,94
sdk,sqlite,filterPaginateSort,848,94
sdk,sqlite,filterPaginateSort,849,95
sdk,sqlite,filterPaginateSort,850,91
sdk,sqlite,filterPaginateSort,851,96
sdk,sqlite,filterPaginateSort,852,94
sdk,sqlite,filterPaginateSort,853,91
sdk,sqlite,filterPaginateSort,854,90
sdk,sqlite,filterPaginateSort,855,91
sdk,sqlite,filterPaginateSort,856,90
sdk,sqlite,filterPaginateSort,857,91
sdk,sqlite,filterPaginateSort,858,95
sdk,sqlite,filterPaginateSort,859,96
sdk,sqlite,filterPaginateSort,860,90
sdk,sqlite,filterPaginateSort,861,89
sdk,sqlite,filterPaginateSort,862,93
sdk,sqlite,filterPaginateSort,863,94
sdk,sqlite,filterPaginateSort,864,92
sdk,sqlite,filterPaginateSort,865,95
sdk,sqlite,filterPaginateSort,866,93
sdk,sqlite,filterPaginateSort,867,93
sdk,sqlite,filterPaginateSort,868,91
sdk,sqlite,filterPaginateSort,869,92
sdk,sqlite,filterPaginateSort,870,94
sdk,sqlite,filterPaginateSort,871,91
sdk,sqlite,filterPaginateSort,872,91
sdk,sqlite,filterPaginateSort,873,91
sdk,sqlite,filterPaginateSort,874,92
sdk,sqlite,filterPaginateSort,875,90
sdk,sqlite,filterPaginateSort,876,94
sdk,sqlite,filterPaginateSort,877,90
sdk,sqlite,filterPaginateSort,878,91
sdk,sqlite,filterPaginateSort,879,91
sdk,sqlite,filterPaginateSort,880,91
sdk,sqlite,filterPaginateSort,881,92
sdk,sqlite,filterPaginateSort,882,95
sdk,sqlite,filterPaginateSort,883,90
sdk,sqlite,filterPaginateSort,884,93
sdk,sqlite,filterPaginateSort,885,94
sdk,sqlite,filterPaginateSort,886,92
sdk,sqlite,filterPaginateSort,887,91
sdk,sqlite,filterPaginateSort,888,91
sdk,sqlite,filterPaginateSort,889,92
sdk,sqlite,filterPaginateSort,890,90
sdk,sqlite,filterPaginateSort,891,94
sdk,sqlite,filterPaginateSort,892,91
sdk,sqlite,filterPaginateSort,893,91
sdk,sqlite,filterPaginateSort,894,93
sdk,sqlite,filterPaginateSort,895,93
sdk,sqlite,filterPaginateSort,896,90
sdk,sqlite,filterPaginateSort,897,97
sdk,sqlite,filterPaginateSort,898,91
sdk,sqlite,filterPaginateSort,899,97
sdk,sqlite,filterPaginateSort,900,91
sdk,sqlite,filterPaginateSort,901,94
sdk,sqlite,filterPaginateSort,902,93
sdk,sqlite,filterPaginateSort,903,90
sdk,sqlite,filterPaginateSort,904,96
sdk,sqlite,filterPaginateSort,905,94
sdk,sqlite,filterPaginateSort,906,93
sdk,sqlite,filterPaginateSort,907,95
sdk,sqlite,filterPaginateSort,908,91
sdk,sqlite,filterPaginateSort,909,90
sdk,sqlite,filterPaginateSort,910,95
sdk,sqlite,filterPaginateSort,911,91
sdk,sqlite,filterPaginateSort,912,98
sdk,sqlite,filterPaginateSort,913,94
sdk,sqlite,filterPaginateSort,914,94
sdk,sqlite,filterPaginateSort,915,90
sdk,sqlite,filterPaginateSort,916,91
sdk,sqlite,filterPaginateSort,917,93
sdk,sqlite,filterPaginateSort,918,98
sdk,sqlite,filterPaginateSort,919,97
sdk,sqlite,filterPaginateSort,920,96
sdk,sqlite,filterPaginateSort,921,91
sdk,sqlite,filterPaginateSort,922,96
sdk,sqlite,filterPaginateSort,923,90
sdk,sqlite,filterPaginateSort,924,97
sdk,sqlite,filterPaginateSort,925,90
sdk,sqlite,filterPaginateSort,926,94
sdk,sqlite,filterPaginateSort,927,93
sdk,sqlite,filterPaginateSort,928,94
sdk,sqlite,filterPaginateSort,929,93
sdk,sqlite,filterPaginateSort,930,97
sdk,sqlite,filterPaginateSort,931,94
sdk,sqlite,filterPaginateSort,932,92
sdk,sqlite,filterPaginateSort,933,93
sdk,sqlite,filterPaginateSort,934,92
sdk,sqlite,filterPaginateSort,935,94
sdk,sqlite,filterPaginateSort,936,97
sdk,sqlite,filterPaginateSort,937,94
sdk,sqlite,filterPaginateSort,938,94
sdk,sqlite,filterPaginateSort,939,99
sdk,sqlite,filterPaginateSort,940,91
sdk,sqlite,filterPaginateSort,941,94
sdk,sqlite,filterPaginateSort,942,93
sdk,sqlite,filterPaginateSort,943,104
sdk,sqlite,filterPaginateSort,944,95
sdk,sqlite,filterPaginateSort,945,91
sdk,sqlite,filterPaginateSort,946,94
sdk,sqlite,filterPaginateSort,947,100
sdk,sqlite,filterPaginateSort,948,97
sdk,sqlite,filterPaginateSort,949,91
sdk,sqlite,filterPaginateSort,950,92
sdk,sqlite,filterPaginateSort,951,101
sdk,sqlite,filterPaginateSort,952,93
sdk,sqlite,filterPaginateSort,953,91
sdk,sqlite,filterPaginateSort,954,135
sdk,sqlite,filterPaginateSort,955,91
sdk,sqlite,filterPaginateSort,956,95
sdk,sqlite,filterPaginateSort,957,93
sdk,sqlite,filterPaginateSort,958,93
sdk,sqlite,filterPaginateSort,959,92
sdk,sqlite,filterPaginateSort,960,93
sdk,sqlite,filterPaginateSort,961,93
sdk,sqlite,filterPaginateSort,962,93
sdk,sqlite,filterPaginateSort,963,92
sdk,sqlite,filterPaginateSort,964,93
sdk,sqlite,filterPaginateSort,965,93
sdk,sqlite,filterPaginateSort,966,92
sdk,sqlite,filterPaginateSort,967,91
sdk,sqlite,filterPaginateSort,968,96
sdk,sqlite,filterPaginateSort,969,136
sdk,sqlite,filterPaginateSort,970,100
sdk,sqlite,filterPaginateSort,971,110
sdk,sqlite,filterPaginateSort,972,102
sdk,sqlite,filterPaginateSort,973,107
sdk,sqlite,filterPaginateSort,974,480
sdk,sqlite,filterPaginateSort,975,93
sdk,sqlite,filterPaginateSort,976,93
sdk,sqlite,filterPaginateSort,977,95
sdk,sqlite,filterPaginateSort,978,92
sdk,sqlite,filterPaginateSort,979,94
sdk,sqlite,filterPaginateSort,980,94
sdk,sqlite,filterPaginateSort,981,90
sdk,sqlite,filterPaginateSort,982,94
sdk,sqlite,filterPaginateSort,983,93
sdk,sqlite,filterPaginateSort,984,92
sdk,sqlite,filterPaginateSort,985,90
sdk,sqlite,filterPaginateSort,986,94
sdk,sqlite,filterPaginateSort,987,92
sdk,sqlite,filterPaginateSort,988,91
sdk,sqlite,filterPaginateSort,989,93
sdk,sqlite,filterPaginateSort,990,90
sdk,sqlite,filterPaginateSort,991,94
sdk,sqlite,filterPaginateSort,992,94
sdk,sqlite,filterPaginateSort,993,91
sdk,sqlite,filterPaginateSort,994,92
sdk,sqlite,filterPaginateSort,995,94
sdk,sqlite,filterPaginateSort,996,90
sdk,sqlite,filterPaginateSort,997,95
sdk,sqlite,filterPaginateSort,998,91
sdk,sqlite,filterPaginateSort,999,91
sdk,sqlite,findFirst,0,13
sdk,sqlite,findFirst,1,17
sdk,sqlite,findFirst,2,17
sdk,sqlite,findFirst,3,16
sdk,sqlite,findFirst,4,14
sdk,sqlite,findFirst,5,17
sdk,sqlite,findFirst,6,15
sdk,sqlite,findFirst,7,17
sdk,sqlite,findFirst,8,15
sdk,sqlite,findFirst,9,17
sdk,sqlite,findFirst,10,16
sdk,sqlite,findFirst,11,17
sdk,sqlite,findFirst,12,16
sdk,sqlite,findFirst,13,17
sdk,sqlite,findFirst,14,16
sdk,sqlite,findFirst,15,17
sdk,sqlite,findFirst,16,16
sdk,sqlite,findFirst,17,17
sdk,sqlite,findFirst,18,16
sdk,sqlite,findFirst,19,16
sdk,sqlite,findFirst,20,15
sdk,sqlite,findFirst,21,16
sdk,sqlite,findFirst,22,15
sdk,sqlite,findFirst,23,17
sdk,sqlite,findFirst,24,16
sdk,sqlite,findFirst,25,17
sdk,sqlite,findFirst,26,16
sdk,sqlite,findFirst,27,17
sdk,sqlite,findFirst,28,16
sdk,sqlite,findFirst,29,17
sdk,sqlite,findFirst,30,17
sdk,sqlite,findFirst,31,17
sdk,sqlite,findFirst,32,16
sdk,sqlite,findFirst,33,17
sdk,sqlite,findFirst,34,15
sdk,sqlite,findFirst,35,16
sdk,sqlite,findFirst,36,15
sdk,sqlite,findFirst,37,17
sdk,sqlite,findFirst,38,15
sdk,sqlite,findFirst,39,16
sdk,sqlite,findFirst,40,16
sdk,sqlite,findFirst,41,16
sdk,sqlite,findFirst,42,18
sdk,sqlite,findFirst,43,17
sdk,sqlite,findFirst,44,15
sdk,sqlite,findFirst,45,17
sdk,sqlite,findFirst,46,16
sdk,sqlite,findFirst,47,17
sdk,sqlite,findFirst,48,16
sdk,sqlite,findFirst,49,17
sdk,sqlite,findFirst,50,16
sdk,sqlite,findFirst,51,16
sdk,sqlite,findFirst,52,15
sdk,sqlite,findFirst,53,17
sdk,sqlite,findFirst,54,16
sdk,sqlite,findFirst,55,14
sdk,sqlite,findFirst,56,17
sdk,sqlite,findFirst,57,17
sdk,sqlite,findFirst,58,17
sdk,sqlite,findFirst,59,20
sdk,sqlite,findFirst,60,15
sdk,sqlite,findFirst,61,17
sdk,sqlite,findFirst,62,16
sdk,sqlite,findFirst,63,17
sdk,sqlite,findFirst,64,17
sdk,sqlite,findFirst,65,16
sdk,sqlite,findFirst,66,17
sdk,sqlite,findFirst,67,16
sdk,sqlite,findFirst,68,17
sdk,sqlite,findFirst,69,15
sdk,sqlite,findFirst,70,16
sdk,sqlite,findFirst,71,17
sdk,sqlite,findFirst,72,17
sdk,sqlite,findFirst,73,15
sdk,sqlite,findFirst,74,17
sdk,sqlite,findFirst,75,18
sdk,sqlite,findFirst,76,17
sdk,sqlite,findFirst,77,16
sdk,sqlite,findFirst,78,17
sdk,sqlite,findFirst,79,16
sdk,sqlite,findFirst,80,17
sdk,sqlite,findFirst,81,16
sdk,sqlite,findFirst,82,17
sdk,sqlite,findFirst,83,16
sdk,sqlite,findFirst,84,17
sdk,sqlite,findFirst,85,16
sdk,sqlite,findFirst,86,17
sdk,sqlite,findFirst,87,17
sdk,sqlite,findFirst,88,16
sdk,sqlite,findFirst,89,15
sdk,sqlite,findFirst,90,16
sdk,sqlite,findFirst,91,16
sdk,sqlite,findFirst,92,17
sdk,sqlite,findFirst,93,16
sdk,sqlite,findFirst,94,14
sdk,sqlite,findFirst,95,16
sdk,sqlite,findFirst,96,15
sdk,sqlite,findFirst,97,17
sdk,sqlite,findFirst,98,17
sdk,sqlite,findFirst,99,16
sdk,sqlite,findFirst,100,15
sdk,sqlite,findFirst,101,17
sdk,sqlite,findFirst,102,17
sdk,sqlite,findFirst,103,17
sdk,sqlite,findFirst,104,16
sdk,sqlite,findFirst,105,17
sdk,sqlite,findFirst,106,16
sdk,sqlite,findFirst,107,16
sdk,sqlite,findFirst,108,16
sdk,sqlite,findFirst,109,17
sdk,sqlite,findFirst,110,16
sdk,sqlite,findFirst,111,17
sdk,sqlite,findFirst,112,16
sdk,sqlite,findFirst,113,17
sdk,sqlite,findFirst,114,15
sdk,sqlite,findFirst,115,16
sdk,sqlite,findFirst,116,16
sdk,sqlite,findFirst,117,17
sdk,sqlite,findFirst,118,15
sdk,sqlite,findFirst,119,16
sdk,sqlite,findFirst,120,17
sdk,sqlite,findFirst,121,17
sdk,sqlite,findFirst,122,16
sdk,sqlite,findFirst,123,17
sdk,sqlite,findFirst,124,16
sdk,sqlite,findFirst,125,17
sdk,sqlite,findFirst,126,16
sdk,sqlite,findFirst,127,17
sdk,sqlite,findFirst,128,16
sdk,sqlite,findFirst,129,16
sdk,sqlite,findFirst,130,17
sdk,sqlite,findFirst,131,16
sdk,sqlite,findFirst,132,16
sdk,sqlite,findFirst,133,14
sdk,sqlite,findFirst,134,17
sdk,sqlite,findFirst,135,16
sdk,sqlite,findFirst,136,15
sdk,sqlite,findFirst,137,16
sdk,sqlite,findFirst,138,16
sdk,sqlite,findFirst,139,17
sdk,sqlite,findFirst,140,15
sdk,sqlite,findFirst,141,17
sdk,sqlite,findFirst,142,16
sdk,sqlite,findFirst,143,16
sdk,sqlite,findFirst,144,16
sdk,sqlite,findFirst,145,16
sdk,sqlite,findFirst,146,16
sdk,sqlite,findFirst,147,17
sdk,sqlite,findFirst,148,16
sdk,sqlite,findFirst,149,16
sdk,sqlite,findFirst,150,16
sdk,sqlite,findFirst,151,16
sdk,sqlite,findFirst,152,15
sdk,sqlite,findFirst,153,16
sdk,sqlite,findFirst,154,16
sdk,sqlite,findFirst,155,16
sdk,sqlite,findFirst,156,16
sdk,sqlite,findFirst,157,16
sdk,sqlite,findFirst,158,16
sdk,sqlite,findFirst,159,16
sdk,sqlite,findFirst,160,17
sdk,sqlite,findFirst,161,16
sdk,sqlite,findFirst,162,16
sdk,sqlite,findFirst,163,16
sdk,sqlite,findFirst,164,15
sdk,sqlite,findFirst,165,16
sdk,sqlite,findFirst,166,16
sdk,sqlite,findFirst,167,16
sdk,sqlite,findFirst,168,16
sdk,sqlite,findFirst,169,16
sdk,sqlite,findFirst,170,15
sdk,sqlite,findFirst,171,17
sdk,sqlite,findFirst,172,17
sdk,sqlite,findFirst,173,16
sdk,sqlite,findFirst,174,15
sdk,sqlite,findFirst,175,17
sdk,sqlite,findFirst,176,16
sdk,sqlite,findFirst,177,16
sdk,sqlite,findFirst,178,15
sdk,sqlite,findFirst,179,16
sdk,sqlite,findFirst,180,16
sdk,sqlite,findFirst,181,17
sdk,sqlite,findFirst,182,15
sdk,sqlite,findFirst,183,17
sdk,sqlite,findFirst,184,16
sdk,sqlite,findFirst,185,17
sdk,sqlite,findFirst,186,15
sdk,sqlite,findFirst,187,16
sdk,sqlite,findFirst,188,16
sdk,sqlite,findFirst,189,16
sdk,sqlite,findFirst,190,15
sdk,sqlite,findFirst,191,16
sdk,sqlite,findFirst,192,15
sdk,sqlite,findFirst,193,16
sdk,sqlite,findFirst,194,15
sdk,sqlite,findFirst,195,17
sdk,sqlite,findFirst,196,15
sdk,sqlite,findFirst,197,17
sdk,sqlite,findFirst,198,16
sdk,sqlite,findFirst,199,16
sdk,sqlite,findFirst,200,15
sdk,sqlite,findFirst,201,17
sdk,sqlite,findFirst,202,16
sdk,sqlite,findFirst,203,16
sdk,sqlite,findFirst,204,15
sdk,sqlite,findFirst,205,18
sdk,sqlite,findFirst,206,15
sdk,sqlite,findFirst,207,14
sdk,sqlite,findFirst,208,17
sdk,sqlite,findFirst,209,14
sdk,sqlite,findFirst,210,14
sdk,sqlite,findFirst,211,14
sdk,sqlite,findFirst,212,14
sdk,sqlite,findFirst,213,14
sdk,sqlite,findFirst,214,14
sdk,sqlite,findFirst,215,14
sdk,sqlite,findFirst,216,14
sdk,sqlite,findFirst,217,14
sdk,sqlite,findFirst,218,14
sdk,sqlite,findFirst,219,14
sdk,sqlite,findFirst,220,18
sdk,sqlite,findFirst,221,17
sdk,sqlite,findFirst,222,17
sdk,sqlite,findFirst,223,17
sdk,sqlite,findFirst,224,18
sdk,sqlite,findFirst,225,16
sdk,sqlite,findFirst,226,15
sdk,sqlite,findFirst,227,14
sdk,sqlite,findFirst,228,14
sdk,sqlite,findFirst,229,26
sdk,sqlite,findFirst,230,25
sdk,sqlite,findFirst,231,17
sdk,sqlite,findFirst,232,16
sdk,sqlite,findFirst,233,45
sdk,sqlite,findFirst,234,23
sdk,sqlite,findFirst,235,17
sdk,sqlite,findFirst,236,16
sdk,sqlite,findFirst,237,15
sdk,sqlite,findFirst,238,17
sdk,sqlite,findFirst,239,15
sdk,sqlite,findFirst,240,15
sdk,sqlite,findFirst,241,15
sdk,sqlite,findFirst,242,15
sdk,sqlite,findFirst,243,15
sdk,sqlite,findFirst,244,14
sdk,sqlite,findFirst,245,14
sdk,sqlite,findFirst,246,15
sdk,sqlite,findFirst,247,14
sdk,sqlite,findFirst,248,14
sdk,sqlite,findFirst,249,15
sdk,sqlite,findFirst,250,15
sdk,sqlite,findFirst,251,15
sdk,sqlite,findFirst,252,14
sdk,sqlite,findFirst,253,15
sdk,sqlite,findFirst,254,15
sdk,sqlite,findFirst,255,14
sdk,sqlite,findFirst,256,14
sdk,sqlite,findFirst,257,14
sdk,sqlite,findFirst,258,14
sdk,sqlite,findFirst,259,14
sdk,sqlite,findFirst,260,15
sdk,sqlite,findFirst,261,14
sdk,sqlite,findFirst,262,14
sdk,sqlite,findFirst,263,14
sdk,sqlite,findFirst,264,14
sdk,sqlite,findFirst,265,14
sdk,sqlite,findFirst,266,14
sdk,sqlite,findFirst,267,14
sdk,sqlite,findFirst,268,14
sdk,sqlite,findFirst,269,14
sdk,sqlite,findFirst,270,14
sdk,sqlite,findFirst,271,15
sdk,sqlite,findFirst,272,14
sdk,sqlite,findFirst,273,15
sdk,sqlite,findFirst,274,14
sdk,sqlite,findFirst,275,15
sdk,sqlite,findFirst,276,15
sdk,sqlite,findFirst,277,14
sdk,sqlite,findFirst,278,14
sdk,sqlite,findFirst,279,14
sdk,sqlite,findFirst,280,14
sdk,sqlite,findFirst,281,14
sdk,sqlite,findFirst,282,14
sdk,sqlite,findFirst,283,14
sdk,sqlite,findFirst,284,14
sdk,sqlite,findFirst,285,14
sdk,sqlite,findFirst,286,20
sdk,sqlite,findFirst,287,14
sdk,sqlite,findFirst,288,14
sdk,sqlite,findFirst,289,14
sdk,sqlite,findFirst,290,14
sdk,sqlite,findFirst,291,14
sdk,sqlite,findFirst,292,14
sdk,sqlite,findFirst,293,14
sdk,sqlite,findFirst,294,14
sdk,sqlite,findFirst,295,14
sdk,sqlite,findFirst,296,15
sdk,sqlite,findFirst,297,14
sdk,sqlite,findFirst,298,14
sdk,sqlite,findFirst,299,14
sdk,sqlite,findFirst,300,15
sdk,sqlite,findFirst,301,14
sdk,sqlite,findFirst,302,15
sdk,sqlite,findFirst,303,14
sdk,sqlite,findFirst,304,15
sdk,sqlite,findFirst,305,15
sdk,sqlite,findFirst,306,15
sdk,sqlite,findFirst,307,14
sdk,sqlite,findFirst,308,14
sdk,sqlite,findFirst,309,14
sdk,sqlite,findFirst,310,14
sdk,sqlite,findFirst,311,14
sdk,sqlite,findFirst,312,14
sdk,sqlite,findFirst,313,14
sdk,sqlite,findFirst,314,14
sdk,sqlite,findFirst,315,14
sdk,sqlite,findFirst,316,14
sdk,sqlite,findFirst,317,14
sdk,sqlite,findFirst,318,14
sdk,sqlite,findFirst,319,14
sdk,sqlite,findFirst,320,14
sdk,sqlite,findFirst,321,14
sdk,sqlite,findFirst,322,14
sdk,sqlite,findFirst,323,15
sdk,sqlite,findFirst,324,14
sdk,sqlite,findFirst,325,14
sdk,sqlite,findFirst,326,14
sdk,sqlite,findFirst,327,14
sdk,sqlite,findFirst,328,14
sdk,sqlite,findFirst,329,14
sdk,sqlite,findFirst,330,14
sdk,sqlite,findFirst,331,14
sdk,sqlite,findFirst,332,14
sdk,sqlite,findFirst,333,14
sdk,sqlite,findFirst,334,14
sdk,sqlite,findFirst,335,14
sdk,sqlite,findFirst,336,14
sdk,sqlite,findFirst,337,15
sdk,sqlite,findFirst,338,14
sdk,sqlite,findFirst,339,14
sdk,sqlite,findFirst,340,14
sdk,sqlite,findFirst,341,14
sdk,sqlite,findFirst,342,14
sdk,sqlite,findFirst,343,14
sdk,sqlite,findFirst,344,14
sdk,sqlite,findFirst,345,14
sdk,sqlite,findFirst,346,14
sdk,sqlite,findFirst,347,14
sdk,sqlite,findFirst,348,14
sdk,sqlite,findFirst,349,15
sdk,sqlite,findFirst,350,14
sdk,sqlite,findFirst,351,14
sdk,sqlite,findFirst,352,14
sdk,sqlite,findFirst,353,14
sdk,sqlite,findFirst,354,14
sdk,sqlite,findFirst,355,14
sdk,sqlite,findFirst,356,14
sdk,sqlite,findFirst,357,14
sdk,sqlite,findFirst,358,14
sdk,sqlite,findFirst,359,14
sdk,sqlite,findFirst,360,15
sdk,sqlite,findFirst,361,14
sdk,sqlite,findFirst,362,14
sdk,sqlite,findFirst,363,14
sdk,sqlite,findFirst,364,14
sdk,sqlite,findFirst,365,14
sdk,sqlite,findFirst,366,14
sdk,sqlite,findFirst,367,14
sdk,sqlite,findFirst,368,14
sdk,sqlite,findFirst,369,14
sdk,sqlite,findFirst,370,14
sdk,sqlite,findFirst,371,15
sdk,sqlite,findFirst,372,14
sdk,sqlite,findFirst,373,14
sdk,sqlite,findFirst,374,14
sdk,sqlite,findFirst,375,14
sdk,sqlite,findFirst,376,14
sdk,sqlite,findFirst,377,14
sdk,sqlite,findFirst,378,14
sdk,sqlite,findFirst,379,14
sdk,sqlite,findFirst,380,14
sdk,sqlite,findFirst,381,14
sdk,sqlite,findFirst,382,15
sdk,sqlite,findFirst,383,14
sdk,sqlite,findFirst,384,14
sdk,sqlite,findFirst,385,14
sdk,sqlite,findFirst,386,14
sdk,sqlite,findFirst,387,14
sdk,sqlite,findFirst,388,14
sdk,sqlite,findFirst,389,14
sdk,sqlite,findFirst,390,14
sdk,sqlite,findFirst,391,14
sdk,sqlite,findFirst,392,14
sdk,sqlite,findFirst,393,14
sdk,sqlite,findFirst,394,14
sdk,sqlite,findFirst,395,14
sdk,sqlite,findFirst,396,14
sdk,sqlite,findFirst,397,14
sdk,sqlite,findFirst,398,17
sdk,sqlite,findFirst,399,14
sdk,sqlite,findFirst,400,14
sdk,sqlite,findFirst,401,14
sdk,sqlite,findFirst,402,14
sdk,sqlite,findFirst,403,14
sdk,sqlite,findFirst,404,14
sdk,sqlite,findFirst,405,14
sdk,sqlite,findFirst,406,14
sdk,sqlite,findFirst,407,14
sdk,sqlite,findFirst,408,14
sdk,sqlite,findFirst,409,14
sdk,sqlite,findFirst,410,14
sdk,sqlite,findFirst,411,14
sdk,sqlite,findFirst,412,14
sdk,sqlite,findFirst,413,14
sdk,sqlite,findFirst,414,14
sdk,sqlite,findFirst,415,14
sdk,sqlite,findFirst,416,14
sdk,sqlite,findFirst,417,14
sdk,sqlite,findFirst,418,14
sdk,sqlite,findFirst,419,14
sdk,sqlite,findFirst,420,15
sdk,sqlite,findFirst,421,15
sdk,sqlite,findFirst,422,14
sdk,sqlite,findFirst,423,14
sdk,sqlite,findFirst,424,14
sdk,sqlite,findFirst,425,14
sdk,sqlite,findFirst,426,14
sdk,sqlite,findFirst,427,14
sdk,sqlite,findFirst,428,14
sdk,sqlite,findFirst,429,14
sdk,sqlite,findFirst,430,14
sdk,sqlite,findFirst,431,14
sdk,sqlite,findFirst,432,14
sdk,sqlite,findFirst,433,14
sdk,sqlite,findFirst,434,14
sdk,sqlite,findFirst,435,14
sdk,sqlite,findFirst,436,14
sdk,sqlite,findFirst,437,14
sdk,sqlite,findFirst,438,14
sdk,sqlite,findFirst,439,14
sdk,sqlite,findFirst,440,14
sdk,sqlite,findFirst,441,14
sdk,sqlite,findFirst,442,14
sdk,sqlite,findFirst,443,14
sdk,sqlite,findFirst,444,14
sdk,sqlite,findFirst,445,14
sdk,sqlite,findFirst,446,14
sdk,sqlite,findFirst,447,14
sdk,sqlite,findFirst,448,14
sdk,sqlite,findFirst,449,14
sdk,sqlite,findFirst,450,15
sdk,sqlite,findFirst,451,14
sdk,sqlite,findFirst,452,14
sdk,sqlite,findFirst,453,15
sdk,sqlite,findFirst,454,14
sdk,sqlite,findFirst,455,14
sdk,sqlite,findFirst,456,14
sdk,sqlite,findFirst,457,14
sdk,sqlite,findFirst,458,14
sdk,sqlite,findFirst,459,14
sdk,sqlite,findFirst,460,14
sdk,sqlite,findFirst,461,14
sdk,sqlite,findFirst,462,14
sdk,sqlite,findFirst,463,14
sdk,sqlite,findFirst,464,14
sdk,sqlite,findFirst,465,14
sdk,sqlite,findFirst,466,14
sdk,sqlite,findFirst,467,14
sdk,sqlite,findFirst,468,14
sdk,sqlite,findFirst,469,15
sdk,sqlite,findFirst,470,14
sdk,sqlite,findFirst,471,14
sdk,sqlite,findFirst,472,14
sdk,sqlite,findFirst,473,14
sdk,sqlite,findFirst,474,14
sdk,sqlite,findFirst,475,14
sdk,sqlite,findFirst,476,14
sdk,sqlite,findFirst,477,14
sdk,sqlite,findFirst,478,14
sdk,sqlite,findFirst,479,14
sdk,sqlite,findFirst,480,14
sdk,sqlite,findFirst,481,14
sdk,sqlite,findFirst,482,14
sdk,sqlite,findFirst,483,14
sdk,sqlite,findFirst,484,14
sdk,sqlite,findFirst,485,14
sdk,sqlite,findFirst,486,14
sdk,sqlite,findFirst,487,14
sdk,sqlite,findFirst,488,14
sdk,sqlite,findFirst,489,14
sdk,sqlite,findFirst,490,14
sdk,sqlite,findFirst,491,14
sdk,sqlite,findFirst,492,14
sdk,sqlite,findFirst,493,14
sdk,sqlite,findFirst,494,14
sdk,sqlite,findFirst,495,14
sdk,sqlite,findFirst,496,14
sdk,sqlite,findFirst,497,14
sdk,sqlite,findFirst,498,14
sdk,sqlite,findFirst,499,14
sdk,sqlite,findFirst,500,14
sdk,sqlite,findFirst,501,14
sdk,sqlite,findFirst,502,15
sdk,sqlite,findFirst,503,14
sdk,sqlite,findFirst,504,14
sdk,sqlite,findFirst,505,14
sdk,sqlite,findFirst,506,14
sdk,sqlite,findFirst,507,14
sdk,sqlite,findFirst,508,14
sdk,sqlite,findFirst,509,14
sdk,sqlite,findFirst,510,14
sdk,sqlite,findFirst,511,14
sdk,sqlite,findFirst,512,14
sdk,sqlite,findFirst,513,14
sdk,sqlite,findFirst,514,14
sdk,sqlite,findFirst,515,14
sdk,sqlite,findFirst,516,14
sdk,sqlite,findFirst,517,14
sdk,sqlite,findFirst,518,14
sdk,sqlite,findFirst,519,14
sdk,sqlite,findFirst,520,14
sdk,sqlite,findFirst,521,14
sdk,sqlite,findFirst,522,14
sdk,sqlite,findFirst,523,14
sdk,sqlite,findFirst,524,14
sdk,sqlite,findFirst,525,14
sdk,sqlite,findFirst,526,14
sdk,sqlite,findFirst,527,14
sdk,sqlite,findFirst,528,14
sdk,sqlite,findFirst,529,14
sdk,sqlite,findFirst,530,14
sdk,sqlite,findFirst,531,14
sdk,sqlite,findFirst,532,14
sdk,sqlite,findFirst,533,14
sdk,sqlite,findFirst,534,14
sdk,sqlite,findFirst,535,14
sdk,sqlite,findFirst,536,63
sdk,sqlite,findFirst,537,24
sdk,sqlite,findFirst,538,23
sdk,sqlite,findFirst,539,20
sdk,sqlite,findFirst,540,20
sdk,sqlite,findFirst,541,20
sdk,sqlite,findFirst,542,19
sdk,sqlite,findFirst,543,19
sdk,sqlite,findFirst,544,18
sdk,sqlite,findFirst,545,19
sdk,sqlite,findFirst,546,18
sdk,sqlite,findFirst,547,19
sdk,sqlite,findFirst,548,18
sdk,sqlite,findFirst,549,18
sdk,sqlite,findFirst,550,34
sdk,sqlite,findFirst,551,30
sdk,sqlite,findFirst,552,18
sdk,sqlite,findFirst,553,16
sdk,sqlite,findFirst,554,15
sdk,sqlite,findFirst,555,15
sdk,sqlite,findFirst,556,15
sdk,sqlite,findFirst,557,15
sdk,sqlite,findFirst,558,15
sdk,sqlite,findFirst,559,15
sdk,sqlite,findFirst,560,14
sdk,sqlite,findFirst,561,14
sdk,sqlite,findFirst,562,15
sdk,sqlite,findFirst,563,15
sdk,sqlite,findFirst,564,15
sdk,sqlite,findFirst,565,14
sdk,sqlite,findFirst,566,14
sdk,sqlite,findFirst,567,16
sdk,sqlite,findFirst,568,16
sdk,sqlite,findFirst,569,15
sdk,sqlite,findFirst,570,15
sdk,sqlite,findFirst,571,14
sdk,sqlite,findFirst,572,14
sdk,sqlite,findFirst,573,14
sdk,sqlite,findFirst,574,15
sdk,sqlite,findFirst,575,14
sdk,sqlite,findFirst,576,14
sdk,sqlite,findFirst,577,14
sdk,sqlite,findFirst,578,14
sdk,sqlite,findFirst,579,14
sdk,sqlite,findFirst,580,14
sdk,sqlite,findFirst,581,30
sdk,sqlite,findFirst,582,19
sdk,sqlite,findFirst,583,16
sdk,sqlite,findFirst,584,16
sdk,sqlite,findFirst,585,16
sdk,sqlite,findFirst,586,16
sdk,sqlite,findFirst,587,16
sdk,sqlite,findFirst,588,15
sdk,sqlite,findFirst,589,15
sdk,sqlite,findFirst,590,15
sdk,sqlite,findFirst,591,15
sdk,sqlite,findFirst,592,15
sdk,sqlite,findFirst,593,15
sdk,sqlite,findFirst,594,16
sdk,sqlite,findFirst,595,15
sdk,sqlite,findFirst,596,15
sdk,sqlite,findFirst,597,15
sdk,sqlite,findFirst,598,15
sdk,sqlite,findFirst,599,15
sdk,sqlite,findFirst,600,15
sdk,sqlite,findFirst,601,15
sdk,sqlite,findFirst,602,15
sdk,sqlite,findFirst,603,15
sdk,sqlite,findFirst,604,14
sdk,sqlite,findFirst,605,15
sdk,sqlite,findFirst,606,15
sdk,sqlite,findFirst,607,14
sdk,sqlite,findFirst,608,14
sdk,sqlite,findFirst,609,15
sdk,sqlite,findFirst,610,15
sdk,sqlite,findFirst,611,15
sdk,sqlite,findFirst,612,14
sdk,sqlite,findFirst,613,14
sdk,sqlite,findFirst,614,14
sdk,sqlite,findFirst,615,14
sdk,sqlite,findFirst,616,16
sdk,sqlite,findFirst,617,15
sdk,sqlite,findFirst,618,15
sdk,sqlite,findFirst,619,14
sdk,sqlite,findFirst,620,15
sdk,sqlite,findFirst,621,15
sdk,sqlite,findFirst,622,15
sdk,sqlite,findFirst,623,14
sdk,sqlite,findFirst,624,15
sdk,sqlite,findFirst,625,14
sdk,sqlite,findFirst,626,14
sdk,sqlite,findFirst,627,14
sdk,sqlite,findFirst,628,14
sdk,sqlite,findFirst,629,14
sdk,sqlite,findFirst,630,15
sdk,sqlite,findFirst,631,15
sdk,sqlite,findFirst,632,15
sdk,sqlite,findFirst,633,14
sdk,sqlite,findFirst,634,15
sdk,sqlite,findFirst,635,15
sdk,sqlite,findFirst,636,14
sdk,sqlite,findFirst,637,15
sdk,sqlite,findFirst,638,14
sdk,sqlite,findFirst,639,14
sdk,sqlite,findFirst,640,14
sdk,sqlite,findFirst,641,14
sdk,sqlite,findFirst,642,17
sdk,sqlite,findFirst,643,15
sdk,sqlite,findFirst,644,14
sdk,sqlite,findFirst,645,14
sdk,sqlite,findFirst,646,14
sdk,sqlite,findFirst,647,14
sdk,sqlite,findFirst,648,14
sdk,sqlite,findFirst,649,14
sdk,sqlite,findFirst,650,14
sdk,sqlite,findFirst,651,14
sdk,sqlite,findFirst,652,14
sdk,sqlite,findFirst,653,14
sdk,sqlite,findFirst,654,14
sdk,sqlite,findFirst,655,14
sdk,sqlite,findFirst,656,14
sdk,sqlite,findFirst,657,14
sdk,sqlite,findFirst,658,15
sdk,sqlite,findFirst,659,14
sdk,sqlite,findFirst,660,14
sdk,sqlite,findFirst,661,14
sdk,sqlite,findFirst,662,14
sdk,sqlite,findFirst,663,14
sdk,sqlite,findFirst,664,14
sdk,sqlite,findFirst,665,15
sdk,sqlite,findFirst,666,14
sdk,sqlite,findFirst,667,15
sdk,sqlite,findFirst,668,14
sdk,sqlite,findFirst,669,15
sdk,sqlite,findFirst,670,15
sdk,sqlite,findFirst,671,14
sdk,sqlite,findFirst,672,14
sdk,sqlite,findFirst,673,14
sdk,sqlite,findFirst,674,14
sdk,sqlite,findFirst,675,14
sdk,sqlite,findFirst,676,15
sdk,sqlite,findFirst,677,14
sdk,sqlite,findFirst,678,14
sdk,sqlite,findFirst,679,14
sdk,sqlite,findFirst,680,15
sdk,sqlite,findFirst,681,14
sdk,sqlite,findFirst,682,14
sdk,sqlite,findFirst,683,14
sdk,sqlite,findFirst,684,15
sdk,sqlite,findFirst,685,14
sdk,sqlite,findFirst,686,14
sdk,sqlite,findFirst,687,14
sdk,sqlite,findFirst,688,14
sdk,sqlite,findFirst,689,14
sdk,sqlite,findFirst,690,14
sdk,sqlite,findFirst,691,14
sdk,sqlite,findFirst,692,14
sdk,sqlite,findFirst,693,14
sdk,sqlite,findFirst,694,30
sdk,sqlite,findFirst,695,18
sdk,sqlite,findFirst,696,16
sdk,sqlite,findFirst,697,15
sdk,sqlite,findFirst,698,15
sdk,sqlite,findFirst,699,15
sdk,sqlite,findFirst,700,16
sdk,sqlite,findFirst,701,15
sdk,sqlite,findFirst,702,14
sdk,sqlite,findFirst,703,14
sdk,sqlite,findFirst,704,15
sdk,sqlite,findFirst,705,14
sdk,sqlite,findFirst,706,15
sdk,sqlite,findFirst,707,15
sdk,sqlite,findFirst,708,14
sdk,sqlite,findFirst,709,14
sdk,sqlite,findFirst,710,15
sdk,sqlite,findFirst,711,15
sdk,sqlite,findFirst,712,14
sdk,sqlite,findFirst,713,14
sdk,sqlite,findFirst,714,15
sdk,sqlite,findFirst,715,14
sdk,sqlite,findFirst,716,14
sdk,sqlite,findFirst,717,14
sdk,sqlite,findFirst,718,14
sdk,sqlite,findFirst,719,15
sdk,sqlite,findFirst,720,14
sdk,sqlite,findFirst,721,14
sdk,sqlite,findFirst,722,14
sdk,sqlite,findFirst,723,14
sdk,sqlite,findFirst,724,14
sdk,sqlite,findFirst,725,14
sdk,sqlite,findFirst,726,14
sdk,sqlite,findFirst,727,14
sdk,sqlite,findFirst,728,14
sdk,sqlite,findFirst,729,14
sdk,sqlite,findFirst,730,14
sdk,sqlite,findFirst,731,14
sdk,sqlite,findFirst,732,14
sdk,sqlite,findFirst,733,15
sdk,sqlite,findFirst,734,14
sdk,sqlite,findFirst,735,14
sdk,sqlite,findFirst,736,14
sdk,sqlite,findFirst,737,14
sdk,sqlite,findFirst,738,14
sdk,sqlite,findFirst,739,14
sdk,sqlite,findFirst,740,14
sdk,sqlite,findFirst,741,14
sdk,sqlite,findFirst,742,15
sdk,sqlite,findFirst,743,14
sdk,sqlite,findFirst,744,14
sdk,sqlite,findFirst,745,14
sdk,sqlite,findFirst,746,14
sdk,sqlite,findFirst,747,14
sdk,sqlite,findFirst,748,14
sdk,sqlite,findFirst,749,14
sdk,sqlite,findFirst,750,14
sdk,sqlite,findFirst,751,14
sdk,sqlite,findFirst,752,14
sdk,sqlite,findFirst,753,14
sdk,sqlite,findFirst,754,14
sdk,sqlite,findFirst,755,14
sdk,sqlite,findFirst,756,14
sdk,sqlite,findFirst,757,15
sdk,sqlite,findFirst,758,15
sdk,sqlite,findFirst,759,14
sdk,sqlite,findFirst,760,14
sdk,sqlite,findFirst,761,14
sdk,sqlite,findFirst,762,15
sdk,sqlite,findFirst,763,15
sdk,sqlite,findFirst,764,14
sdk,sqlite,findFirst,765,14
sdk,sqlite,findFirst,766,14
sdk,sqlite,findFirst,767,14
sdk,sqlite,findFirst,768,14
sdk,sqlite,findFirst,769,14
sdk,sqlite,findFirst,770,14
sdk,sqlite,findFirst,771,14
sdk,sqlite,findFirst,772,14
sdk,sqlite,findFirst,773,14
sdk,sqlite,findFirst,774,15
sdk,sqlite,findFirst,775,14
sdk,sqlite,findFirst,776,14
sdk,sqlite,findFirst,777,14
sdk,sqlite,findFirst,778,14
sdk,sqlite,findFirst,779,14
sdk,sqlite,findFirst,780,14
sdk,sqlite,findFirst,781,16
sdk,sqlite,findFirst,782,14
sdk,sqlite,findFirst,783,14
sdk,sqlite,findFirst,784,17
sdk,sqlite,findFirst,785,15
sdk,sqlite,findFirst,786,15
sdk,sqlite,findFirst,787,14
sdk,sqlite,findFirst,788,14
sdk,sqlite,findFirst,789,14
sdk,sqlite,findFirst,790,14
sdk,sqlite,findFirst,791,14
sdk,sqlite,findFirst,792,14
sdk,sqlite,findFirst,793,14
sdk,sqlite,findFirst,794,14
sdk,sqlite,findFirst,795,14
sdk,sqlite,findFirst,796,14
sdk,sqlite,findFirst,797,14
sdk,sqlite,findFirst,798,51
sdk,sqlite,findFirst,799,24
sdk,sqlite,findFirst,800,19
sdk,sqlite,findFirst,801,18
sdk,sqlite,findFirst,802,17
sdk,sqlite,findFirst,803,18
sdk,sqlite,findFirst,804,16
sdk,sqlite,findFirst,805,16
sdk,sqlite,findFirst,806,17
sdk,sqlite,findFirst,807,16
sdk,sqlite,findFirst,808,16
sdk,sqlite,findFirst,809,16
sdk,sqlite,findFirst,810,16
sdk,sqlite,findFirst,811,16
sdk,sqlite,findFirst,812,17
sdk,sqlite,findFirst,813,16
sdk,sqlite,findFirst,814,16
sdk,sqlite,findFirst,815,15
sdk,sqlite,findFirst,816,16
sdk,sqlite,findFirst,817,16
sdk,sqlite,findFirst,818,17
sdk,sqlite,findFirst,819,15
sdk,sqlite,findFirst,820,16
sdk,sqlite,findFirst,821,15
sdk,sqlite,findFirst,822,16
sdk,sqlite,findFirst,823,15
sdk,sqlite,findFirst,824,15
sdk,sqlite,findFirst,825,15
sdk,sqlite,findFirst,826,15
sdk,sqlite,findFirst,827,15
sdk,sqlite,findFirst,828,15
sdk,sqlite,findFirst,829,15
sdk,sqlite,findFirst,830,15
sdk,sqlite,findFirst,831,15
sdk,sqlite,findFirst,832,16
sdk,sqlite,findFirst,833,15
sdk,sqlite,findFirst,834,16
sdk,sqlite,findFirst,835,15
sdk,sqlite,findFirst,836,15
sdk,sqlite,findFirst,837,15
sdk,sqlite,findFirst,838,15
sdk,sqlite,findFirst,839,16
sdk,sqlite,findFirst,840,15
sdk,sqlite,findFirst,841,15
sdk,sqlite,findFirst,842,15
sdk,sqlite,findFirst,843,15
sdk,sqlite,findFirst,844,15
sdk,sqlite,findFirst,845,16
sdk,sqlite,findFirst,846,15
sdk,sqlite,findFirst,847,15
sdk,sqlite,findFirst,848,15
sdk,sqlite,findFirst,849,15
sdk,sqlite,findFirst,850,15
sdk,sqlite,findFirst,851,15
sdk,sqlite,findFirst,852,15
sdk,sqlite,findFirst,853,15
sdk,sqlite,findFirst,854,15
sdk,sqlite,findFirst,855,15
sdk,sqlite,findFirst,856,15
sdk,sqlite,findFirst,857,15
sdk,sqlite,findFirst,858,15
sdk,sqlite,findFirst,859,15
sdk,sqlite,findFirst,860,15
sdk,sqlite,findFirst,861,16
sdk,sqlite,findFirst,862,15
sdk,sqlite,findFirst,863,15
sdk,sqlite,findFirst,864,19
sdk,sqlite,findFirst,865,19
sdk,sqlite,findFirst,866,19
sdk,sqlite,findFirst,867,16
sdk,sqlite,findFirst,868,15
sdk,sqlite,findFirst,869,16
sdk,sqlite,findFirst,870,15
sdk,sqlite,findFirst,871,16
sdk,sqlite,findFirst,872,15
sdk,sqlite,findFirst,873,15
sdk,sqlite,findFirst,874,16
sdk,sqlite,findFirst,875,15
sdk,sqlite,findFirst,876,16
sdk,sqlite,findFirst,877,15
sdk,sqlite,findFirst,878,15
sdk,sqlite,findFirst,879,15
sdk,sqlite,findFirst,880,15
sdk,sqlite,findFirst,881,19
sdk,sqlite,findFirst,882,17
sdk,sqlite,findFirst,883,15
sdk,sqlite,findFirst,884,15
sdk,sqlite,findFirst,885,15
sdk,sqlite,findFirst,886,15
sdk,sqlite,findFirst,887,19
sdk,sqlite,findFirst,888,17
sdk,sqlite,findFirst,889,19
sdk,sqlite,findFirst,890,16
sdk,sqlite,findFirst,891,19
sdk,sqlite,findFirst,892,18
sdk,sqlite,findFirst,893,19
sdk,sqlite,findFirst,894,17
sdk,sqlite,findFirst,895,19
sdk,sqlite,findFirst,896,17
sdk,sqlite,findFirst,897,19
sdk,sqlite,findFirst,898,18
sdk,sqlite,findFirst,899,15
sdk,sqlite,findFirst,900,19
sdk,sqlite,findFirst,901,17
sdk,sqlite,findFirst,902,19
sdk,sqlite,findFirst,903,16
sdk,sqlite,findFirst,904,19
sdk,sqlite,findFirst,905,16
sdk,sqlite,findFirst,906,19
sdk,sqlite,findFirst,907,16
sdk,sqlite,findFirst,908,15
sdk,sqlite,findFirst,909,19
sdk,sqlite,findFirst,910,17
sdk,sqlite,findFirst,911,19
sdk,sqlite,findFirst,912,17
sdk,sqlite,findFirst,913,19
sdk,sqlite,findFirst,914,17
sdk,sqlite,findFirst,915,19
sdk,sqlite,findFirst,916,16
sdk,sqlite,findFirst,917,15
sdk,sqlite,findFirst,918,15
sdk,sqlite,findFirst,919,15
sdk,sqlite,findFirst,920,15
sdk,sqlite,findFirst,921,15
sdk,sqlite,findFirst,922,19
sdk,sqlite,findFirst,923,16
sdk,sqlite,findFirst,924,19
sdk,sqlite,findFirst,925,16
sdk,sqlite,findFirst,926,19
sdk,sqlite,findFirst,927,16
sdk,sqlite,findFirst,928,19
sdk,sqlite,findFirst,929,17
sdk,sqlite,findFirst,930,15
sdk,sqlite,findFirst,931,282
sdk,sqlite,findFirst,932,19
sdk,sqlite,findFirst,933,14
sdk,sqlite,findFirst,934,14
sdk,sqlite,findFirst,935,14
sdk,sqlite,findFirst,936,14
sdk,sqlite,findFirst,937,13
sdk,sqlite,findFirst,938,13
sdk,sqlite,findFirst,939,13
sdk,sqlite,findFirst,940,13
sdk,sqlite,findFirst,941,13
sdk,sqlite,findFirst,942,13
sdk,sqlite,findFirst,943,14
sdk,sqlite,findFirst,944,13
sdk,sqlite,findFirst,945,13
sdk,sqlite,findFirst,946,14
sdk,sqlite,findFirst,947,13
sdk,sqlite,findFirst,948,13
sdk,sqlite,findFirst,949,13
sdk,sqlite,findFirst,950,14
sdk,sqlite,findFirst,951,13
sdk,sqlite,findFirst,952,14
sdk,sqlite,findFirst,953,13
sdk,sqlite,findFirst,954,13
sdk,sqlite,findFirst,955,13
sdk,sqlite,findFirst,956,14
sdk,sqlite,findFirst,957,13
sdk,sqlite,findFirst,958,13
sdk,sqlite,findFirst,959,14
sdk,sqlite,findFirst,960,17
sdk,sqlite,findFirst,961,17
sdk,sqlite,findFirst,962,14
sdk,sqlite,findFirst,963,15
sdk,sqlite,findFirst,964,17
sdk,sqlite,findFirst,965,17
sdk,sqlite,findFirst,966,14
sdk,sqlite,findFirst,967,13
sdk,sqlite,findFirst,968,13
sdk,sqlite,findFirst,969,13
sdk,sqlite,findFirst,970,13
sdk,sqlite,findFirst,971,13
sdk,sqlite,findFirst,972,14
sdk,sqlite,findFirst,973,14
sdk,sqlite,findFirst,974,14
sdk,sqlite,findFirst,975,13
sdk,sqlite,findFirst,976,13
sdk,sqlite,findFirst,977,13
sdk,sqlite,findFirst,978,14
sdk,sqlite,findFirst,979,14
sdk,sqlite,findFirst,980,14
sdk,sqlite,findFirst,981,14
sdk,sqlite,findFirst,982,14
sdk,sqlite,findFirst,983,14
sdk,sqlite,findFirst,984,13
sdk,sqlite,findFirst,985,14
sdk,sqlite,findFirst,986,13
sdk,sqlite,findFirst,987,14
sdk,sqlite,findFirst,988,13
sdk,sqlite,findFirst,989,13
sdk,sqlite,findFirst,990,14
sdk,sqlite,findFirst,991,13
sdk,sqlite,findFirst,992,13
sdk,sqlite,findFirst,993,13
sdk,sqlite,findFirst,994,13
sdk,sqlite,findFirst,995,13
sdk,sqlite,findFirst,996,14
sdk,sqlite,findFirst,997,14
sdk,sqlite,findFirst,998,14
sdk,sqlite,findFirst,999,13
sdk,sqlite,findUnique,0,8
sdk,sqlite,findUnique,1,7
sdk,sqlite,findUnique,2,8
sdk,sqlite,findUnique,3,9
sdk,sqlite,findUnique,4,10
sdk,sqlite,findUnique,5,10
sdk,sqlite,findUnique,6,10
sdk,sqlite,findUnique,7,9
sdk,sqlite,findUnique,8,7
sdk,sqlite,findUnique,9,8
sdk,sqlite,findUnique,10,7
sdk,sqlite,findUnique,11,9
sdk,sqlite,findUnique,12,10
sdk,sqlite,findUnique,13,9
sdk,sqlite,findUnique,14,8
sdk,sqlite,findUnique,15,7
sdk,sqlite,findUnique,16,8
sdk,sqlite,findUnique,17,16
sdk,sqlite,findUnique,18,10
sdk,sqlite,findUnique,19,8
sdk,sqlite,findUnique,20,8
sdk,sqlite,findUnique,21,8
sdk,sqlite,findUnique,22,8
sdk,sqlite,findUnique,23,7
sdk,sqlite,findUnique,24,8
sdk,sqlite,findUnique,25,8
sdk,sqlite,findUnique,26,7
sdk,sqlite,findUnique,27,8
sdk,sqlite,findUnique,28,7
sdk,sqlite,findUnique,29,7
sdk,sqlite,findUnique,30,7
sdk,sqlite,findUnique,31,7
sdk,sqlite,findUnique,32,8
sdk,sqlite,findUnique,33,8
sdk,sqlite,findUnique,34,7
sdk,sqlite,findUnique,35,7
sdk,sqlite,findUnique,36,7
sdk,sqlite,findUnique,37,7
sdk,sqlite,findUnique,38,7
sdk,sqlite,findUnique,39,8
sdk,sqlite,findUnique,40,7
sdk,sqlite,findUnique,41,7
sdk,sqlite,findUnique,42,7
sdk,sqlite,findUnique,43,7
sdk,sqlite,findUnique,44,7
sdk,sqlite,findUnique,45,7
sdk,sqlite,findUnique,46,7
sdk,sqlite,findUnique,47,7
sdk,sqlite,findUnique,48,7
sdk,sqlite,findUnique,49,7
sdk,sqlite,findUnique,50,7
sdk,sqlite,findUnique,51,7
sdk,sqlite,findUnique,52,7
sdk,sqlite,findUnique,53,7
sdk,sqlite,findUnique,54,7
sdk,sqlite,findUnique,55,7
sdk,sqlite,findUnique,56,7
sdk,sqlite,findUnique,57,7
sdk,sqlite,findUnique,58,7
sdk,sqlite,findUnique,59,7
sdk,sqlite,findUnique,60,7
sdk,sqlite,findUnique,61,7
sdk,sqlite,findUnique,62,7
sdk,sqlite,findUnique,63,7
sdk,sqlite,findUnique,64,7
sdk,sqlite,findUnique,65,7
sdk,sqlite,findUnique,66,8
sdk,sqlite,findUnique,67,7
sdk,sqlite,findUnique,68,10
sdk,sqlite,findUnique,69,7
sdk,sqlite,findUnique,70,7
sdk,sqlite,findUnique,71,7
sdk,sqlite,findUnique,72,7
sdk,sqlite,findUnique,73,7
sdk,sqlite,findUnique,74,7
sdk,sqlite,findUnique,75,7
sdk,sqlite,findUnique,76,8
sdk,sqlite,findUnique,77,7
sdk,sqlite,findUnique,78,7
sdk,sqlite,findUnique,79,7
sdk,sqlite,findUnique,80,7
sdk,sqlite,findUnique,81,7
sdk,sqlite,findUnique,82,7
sdk,sqlite,findUnique,83,7
sdk,sqlite,findUnique,84,7
sdk,sqlite,findUnique,85,7
sdk,sqlite,findUnique,86,7
sdk,sqlite,findUnique,87,7
sdk,sqlite,findUnique,88,7
sdk,sqlite,findUnique,89,7
sdk,sqlite,findUnique,90,7
sdk,sqlite,findUnique,91,7
sdk,sqlite,findUnique,92,8
sdk,sqlite,findUnique,93,7
sdk,sqlite,findUnique,94,7
sdk,sqlite,findUnique,95,7
sdk,sqlite,findUnique,96,9
sdk,sqlite,findUnique,97,7
sdk,sqlite,findUnique,98,7
sdk,sqlite,findUnique,99,8
sdk,sqlite,findUnique,100,7
sdk,sqlite,findUnique,101,7
sdk,sqlite,findUnique,102,7
sdk,sqlite,findUnique,103,7
sdk,sqlite,findUnique,104,7
sdk,sqlite,findUnique,105,7
sdk,sqlite,findUnique,106,7
sdk,sqlite,findUnique,107,7
sdk,sqlite,findUnique,108,8
sdk,sqlite,findUnique,109,9
sdk,sqlite,findUnique,110,9
sdk,sqlite,findUnique,111,7
sdk,sqlite,findUnique,112,8
sdk,sqlite,findUnique,113,8
sdk,sqlite,findUnique,114,9
sdk,sqlite,findUnique,115,9
sdk,sqlite,findUnique,116,8
sdk,sqlite,findUnique,117,13
sdk,sqlite,findUnique,118,9
sdk,sqlite,findUnique,119,9
sdk,sqlite,findUnique,120,7
sdk,sqlite,findUnique,121,7
sdk,sqlite,findUnique,122,7
sdk,sqlite,findUnique,123,7
sdk,sqlite,findUnique,124,7
sdk,sqlite,findUnique,125,8
sdk,sqlite,findUnique,126,7
sdk,sqlite,findUnique,127,7
sdk,sqlite,findUnique,128,7
sdk,sqlite,findUnique,129,7
sdk,sqlite,findUnique,130,7
sdk,sqlite,findUnique,131,7
sdk,sqlite,findUnique,132,7
sdk,sqlite,findUnique,133,7
sdk,sqlite,findUnique,134,7
sdk,sqlite,findUnique,135,9
sdk,sqlite,findUnique,136,7
sdk,sqlite,findUnique,137,7
sdk,sqlite,findUnique,138,7
sdk,sqlite,findUnique,139,7
sdk,sqlite,findUnique,140,7
sdk,sqlite,findUnique,141,7
sdk,sqlite,findUnique,142,8
sdk,sqlite,findUnique,143,9
sdk,sqlite,findUnique,144,9
sdk,sqlite,findUnique,145,7
sdk,sqlite,findUnique,146,7
sdk,sqlite,findUnique,147,7
sdk,sqlite,findUnique,148,7
sdk,sqlite,findUnique,149,7
sdk,sqlite,findUnique,150,7
sdk,sqlite,findUnique,151,7
sdk,sqlite,findUnique,152,7
sdk,sqlite,findUnique,153,7
sdk,sqlite,findUnique,154,7
sdk,sqlite,findUnique,155,9
sdk,sqlite,findUnique,156,10
sdk,sqlite,findUnique,157,9
sdk,sqlite,findUnique,158,9
sdk,sqlite,findUnique,159,7
sdk,sqlite,findUnique,160,7
sdk,sqlite,findUnique,161,7
sdk,sqlite,findUnique,162,8
sdk,sqlite,findUnique,163,9
sdk,sqlite,findUnique,164,9
sdk,sqlite,findUnique,165,8
sdk,sqlite,findUnique,166,8
sdk,sqlite,findUnique,167,7
sdk,sqlite,findUnique,168,8
sdk,sqlite,findUnique,169,7
sdk,sqlite,findUnique,170,7
sdk,sqlite,findUnique,171,8
sdk,sqlite,findUnique,172,9
sdk,sqlite,findUnique,173,9
sdk,sqlite,findUnique,174,9
sdk,sqlite,findUnique,175,7
sdk,sqlite,findUnique,176,8
sdk,sqlite,findUnique,177,7
sdk,sqlite,findUnique,178,7
sdk,sqlite,findUnique,179,7
sdk,sqlite,findUnique,180,7
sdk,sqlite,findUnique,181,7
sdk,sqlite,findUnique,182,7
sdk,sqlite,findUnique,183,8
sdk,sqlite,findUnique,184,8
sdk,sqlite,findUnique,185,7
sdk,sqlite,findUnique,186,7
sdk,sqlite,findUnique,187,7
sdk,sqlite,findUnique,188,7
sdk,sqlite,findUnique,189,7
sdk,sqlite,findUnique,190,7
sdk,sqlite,findUnique,191,7
sdk,sqlite,findUnique,192,8
sdk,sqlite,findUnique,193,7
sdk,sqlite,findUnique,194,7
sdk,sqlite,findUnique,195,7
sdk,sqlite,findUnique,196,9
sdk,sqlite,findUnique,197,7
sdk,sqlite,findUnique,198,8
sdk,sqlite,findUnique,199,7
sdk,sqlite,findUnique,200,7
sdk,sqlite,findUnique,201,7
sdk,sqlite,findUnique,202,7
sdk,sqlite,findUnique,203,8
sdk,sqlite,findUnique,204,8
sdk,sqlite,findUnique,205,7
sdk,sqlite,findUnique,206,7
sdk,sqlite,findUnique,207,7
sdk,sqlite,findUnique,208,8
sdk,sqlite,findUnique,209,9
sdk,sqlite,findUnique,210,7
sdk,sqlite,findUnique,211,7
sdk,sqlite,findUnique,212,7
sdk,sqlite,findUnique,213,7
sdk,sqlite,findUnique,214,7
sdk,sqlite,findUnique,215,7
sdk,sqlite,findUnique,216,8
sdk,sqlite,findUnique,217,7
sdk,sqlite,findUnique,218,8
sdk,sqlite,findUnique,219,9
sdk,sqlite,findUnique,220,8
sdk,sqlite,findUnique,221,7
sdk,sqlite,findUnique,222,7
sdk,sqlite,findUnique,223,8
sdk,sqlite,findUnique,224,8
sdk,sqlite,findUnique,225,7
sdk,sqlite,findUnique,226,9
sdk,sqlite,findUnique,227,8
sdk,sqlite,findUnique,228,8
sdk,sqlite,findUnique,229,7
sdk,sqlite,findUnique,230,8
sdk,sqlite,findUnique,231,8
sdk,sqlite,findUnique,232,8
sdk,sqlite,findUnique,233,7
sdk,sqlite,findUnique,234,7
sdk,sqlite,findUnique,235,8
sdk,sqlite,findUnique,236,9
sdk,sqlite,findUnique,237,7
sdk,sqlite,findUnique,238,8
sdk,sqlite,findUnique,239,7
sdk,sqlite,findUnique,240,7
sdk,sqlite,findUnique,241,7
sdk,sqlite,findUnique,242,7
sdk,sqlite,findUnique,243,8
sdk,sqlite,findUnique,244,7
sdk,sqlite,findUnique,245,7
sdk,sqlite,findUnique,246,8
sdk,sqlite,findUnique,247,7
sdk,sqlite,findUnique,248,7
sdk,sqlite,findUnique,249,7
sdk,sqlite,findUnique,250,7
sdk,sqlite,findUnique,251,9
sdk,sqlite,findUnique,252,8
sdk,sqlite,findUnique,253,7
sdk,sqlite,findUnique,254,8
sdk,sqlite,findUnique,255,7
sdk,sqlite,findUnique,256,7
sdk,sqlite,findUnique,257,8
sdk,sqlite,findUnique,258,8
sdk,sqlite,findUnique,259,8
sdk,sqlite,findUnique,260,7
sdk,sqlite,findUnique,261,7
sdk,sqlite,findUnique,262,7
sdk,sqlite,findUnique,263,7
sdk,sqlite,findUnique,264,8
sdk,sqlite,findUnique,265,7
sdk,sqlite,findUnique,266,7
sdk,sqlite,findUnique,267,7
sdk,sqlite,findUnique,268,7
sdk,sqlite,findUnique,269,7
sdk,sqlite,findUnique,270,7
sdk,sqlite,findUnique,271,7
sdk,sqlite,findUnique,272,8
sdk,sqlite,findUnique,273,7
sdk,sqlite,findUnique,274,24
sdk,sqlite,findUnique,275,46
sdk,sqlite,findUnique,276,77
sdk,sqlite,findUnique,277,32
sdk,sqlite,findUnique,278,14
sdk,sqlite,findUnique,279,12
sdk,sqlite,findUnique,280,11
sdk,sqlite,findUnique,281,10
sdk,sqlite,findUnique,282,10
sdk,sqlite,findUnique,283,12
sdk,sqlite,findUnique,284,10
sdk,sqlite,findUnique,285,9
sdk,sqlite,findUnique,286,9
sdk,sqlite,findUnique,287,11
sdk,sqlite,findUnique,288,9
sdk,sqlite,findUnique,289,9
sdk,sqlite,findUnique,290,9
sdk,sqlite,findUnique,291,9
sdk,sqlite,findUnique,292,9
sdk,sqlite,findUnique,293,9
sdk,sqlite,findUnique,294,9
sdk,sqlite,findUnique,295,9
sdk,sqlite,findUnique,296,9
sdk,sqlite,findUnique,297,10
sdk,sqlite,findUnique,298,9
sdk,sqlite,findUnique,299,9
sdk,sqlite,findUnique,300,9
sdk,sqlite,findUnique,301,9
sdk,sqlite,findUnique,302,9
sdk,sqlite,findUnique,303,9
sdk,sqlite,findUnique,304,9
sdk,sqlite,findUnique,305,9
sdk,sqlite,findUnique,306,9
sdk,sqlite,findUnique,307,9
sdk,sqlite,findUnique,308,9
sdk,sqlite,findUnique,309,9
sdk,sqlite,findUnique,310,9
sdk,sqlite,findUnique,311,9
sdk,sqlite,findUnique,312,9
sdk,sqlite,findUnique,313,8
sdk,sqlite,findUnique,314,8
sdk,sqlite,findUnique,315,9
sdk,sqlite,findUnique,316,8
sdk,sqlite,findUnique,317,8
sdk,sqlite,findUnique,318,8
sdk,sqlite,findUnique,319,8
sdk,sqlite,findUnique,320,8
sdk,sqlite,findUnique,321,9
sdk,sqlite,findUnique,322,9
sdk,sqlite,findUnique,323,8
sdk,sqlite,findUnique,324,13
sdk,sqlite,findUnique,325,9
sdk,sqlite,findUnique,326,11
sdk,sqlite,findUnique,327,11
sdk,sqlite,findUnique,328,11
sdk,sqlite,findUnique,329,10
sdk,sqlite,findUnique,330,11
sdk,sqlite,findUnique,331,11
sdk,sqlite,findUnique,332,10
sdk,sqlite,findUnique,333,8
sdk,sqlite,findUnique,334,9
sdk,sqlite,findUnique,335,8
sdk,sqlite,findUnique,336,9
sdk,sqlite,findUnique,337,11
sdk,sqlite,findUnique,338,11
sdk,sqlite,findUnique,339,10
sdk,sqlite,findUnique,340,9
sdk,sqlite,findUnique,341,9
sdk,sqlite,findUnique,342,9
sdk,sqlite,findUnique,343,8
sdk,sqlite,findUnique,344,8
sdk,sqlite,findUnique,345,9
sdk,sqlite,findUnique,346,8
sdk,sqlite,findUnique,347,9
sdk,sqlite,findUnique,348,8
sdk,sqlite,findUnique,349,8
sdk,sqlite,findUnique,350,8
sdk,sqlite,findUnique,351,8
sdk,sqlite,findUnique,352,8
sdk,sqlite,findUnique,353,8
sdk,sqlite,findUnique,354,8
sdk,sqlite,findUnique,355,8
sdk,sqlite,findUnique,356,8
sdk,sqlite,findUnique,357,8
sdk,sqlite,findUnique,358,8
sdk,sqlite,findUnique,359,8
sdk,sqlite,findUnique,360,8
sdk,sqlite,findUnique,361,8
sdk,sqlite,findUnique,362,8
sdk,sqlite,findUnique,363,9
sdk,sqlite,findUnique,364,9
sdk,sqlite,findUnique,365,9
sdk,sqlite,findUnique,366,8
sdk,sqlite,findUnique,367,8
sdk,sqlite,findUnique,368,9
sdk,sqlite,findUnique,369,8
sdk,sqlite,findUnique,370,9
sdk,sqlite,findUnique,371,9
sdk,sqlite,findUnique,372,8
sdk,sqlite,findUnique,373,9
sdk,sqlite,findUnique,374,9
sdk,sqlite,findUnique,375,8
sdk,sqlite,findUnique,376,8
sdk,sqlite,findUnique,377,8
sdk,sqlite,findUnique,378,8
sdk,sqlite,findUnique,379,8
sdk,sqlite,findUnique,380,9
sdk,sqlite,findUnique,381,8
sdk,sqlite,findUnique,382,9
sdk,sqlite,findUnique,383,8
sdk,sqlite,findUnique,384,9
sdk,sqlite,findUnique,385,8
sdk,sqlite,findUnique,386,8
sdk,sqlite,findUnique,387,8
sdk,sqlite,findUnique,388,8
sdk,sqlite,findUnique,389,8
sdk,sqlite,findUnique,390,8
sdk,sqlite,findUnique,391,8
sdk,sqlite,findUnique,392,8
sdk,sqlite,findUnique,393,8
sdk,sqlite,findUnique,394,8
sdk,sqlite,findUnique,395,8
sdk,sqlite,findUnique,396,9
sdk,sqlite,findUnique,397,8
sdk,sqlite,findUnique,398,8
sdk,sqlite,findUnique,399,9
sdk,sqlite,findUnique,400,8
sdk,sqlite,findUnique,401,8
sdk,sqlite,findUnique,402,8
sdk,sqlite,findUnique,403,8
sdk,sqlite,findUnique,404,8
sdk,sqlite,findUnique,405,8
sdk,sqlite,findUnique,406,8
sdk,sqlite,findUnique,407,8
sdk,sqlite,findUnique,408,8
sdk,sqlite,findUnique,409,8
sdk,sqlite,findUnique,410,8
sdk,sqlite,findUnique,411,8
sdk,sqlite,findUnique,412,8
sdk,sqlite,findUnique,413,8
sdk,sqlite,findUnique,414,8
sdk,sqlite,findUnique,415,8
sdk,sqlite,findUnique,416,9
sdk,sqlite,findUnique,417,8
sdk,sqlite,findUnique,418,8
sdk,sqlite,findUnique,419,9
sdk,sqlite,findUnique,420,8
sdk,sqlite,findUnique,421,8
sdk,sqlite,findUnique,422,8
sdk,sqlite,findUnique,423,9
sdk,sqlite,findUnique,424,8
sdk,sqlite,findUnique,425,8
sdk,sqlite,findUnique,426,8
sdk,sqlite,findUnique,427,8
sdk,sqlite,findUnique,428,8
sdk,sqlite,findUnique,429,9
sdk,sqlite,findUnique,430,95
sdk,sqlite,findUnique,431,16
sdk,sqlite,findUnique,432,12
sdk,sqlite,findUnique,433,12
sdk,sqlite,findUnique,434,11
sdk,sqlite,findUnique,435,11
sdk,sqlite,findUnique,436,10
sdk,sqlite,findUnique,437,10
sdk,sqlite,findUnique,438,10
sdk,sqlite,findUnique,439,10
sdk,sqlite,findUnique,440,48
sdk,sqlite,findUnique,441,21
sdk,sqlite,findUnique,442,12
sdk,sqlite,findUnique,443,11
sdk,sqlite,findUnique,444,10
sdk,sqlite,findUnique,445,10
sdk,sqlite,findUnique,446,9
sdk,sqlite,findUnique,447,10
sdk,sqlite,findUnique,448,10
sdk,sqlite,findUnique,449,9
sdk,sqlite,findUnique,450,9
sdk,sqlite,findUnique,451,9
sdk,sqlite,findUnique,452,12
sdk,sqlite,findUnique,453,9
sdk,sqlite,findUnique,454,9
sdk,sqlite,findUnique,455,9
sdk,sqlite,findUnique,456,9
sdk,sqlite,findUnique,457,9
sdk,sqlite,findUnique,458,9
sdk,sqlite,findUnique,459,9
sdk,sqlite,findUnique,460,9
sdk,sqlite,findUnique,461,9
sdk,sqlite,findUnique,462,10
sdk,sqlite,findUnique,463,9
sdk,sqlite,findUnique,464,9
sdk,sqlite,findUnique,465,9
sdk,sqlite,findUnique,466,9
sdk,sqlite,findUnique,467,9
sdk,sqlite,findUnique,468,9
sdk,sqlite,findUnique,469,9
sdk,sqlite,findUnique,470,9
sdk,sqlite,findUnique,471,9
sdk,sqlite,findUnique,472,9
sdk,sqlite,findUnique,473,8
sdk,sqlite,findUnique,474,8
sdk,sqlite,findUnique,475,9
sdk,sqlite,findUnique,476,9
sdk,sqlite,findUnique,477,19
sdk,sqlite,findUnique,478,11
sdk,sqlite,findUnique,479,10
sdk,sqlite,findUnique,480,9
sdk,sqlite,findUnique,481,9
sdk,sqlite,findUnique,482,9
sdk,sqlite,findUnique,483,8
sdk,sqlite,findUnique,484,9
sdk,sqlite,findUnique,485,8
sdk,sqlite,findUnique,486,9
sdk,sqlite,findUnique,487,9
sdk,sqlite,findUnique,488,8
sdk,sqlite,findUnique,489,8
sdk,sqlite,findUnique,490,8
sdk,sqlite,findUnique,491,8
sdk,sqlite,findUnique,492,8
sdk,sqlite,findUnique,493,8
sdk,sqlite,findUnique,494,8
sdk,sqlite,findUnique,495,9
sdk,sqlite,findUnique,496,8
sdk,sqlite,findUnique,497,8
sdk,sqlite,findUnique,498,8
sdk,sqlite,findUnique,499,8
sdk,sqlite,findUnique,500,8
sdk,sqlite,findUnique,501,8
sdk,sqlite,findUnique,502,8
sdk,sqlite,findUnique,503,8
sdk,sqlite,findUnique,504,8
sdk,sqlite,findUnique,505,9
sdk,sqlite,findUnique,506,8
sdk,sqlite,findUnique,507,8
sdk,sqlite,findUnique,508,8
sdk,sqlite,findUnique,509,8
sdk,sqlite,findUnique,510,8
sdk,sqlite,findUnique,511,8
sdk,sqlite,findUnique,512,8
sdk,sqlite,findUnique,513,8
sdk,sqlite,findUnique,514,8
sdk,sqlite,findUnique,515,8
sdk,sqlite,findUnique,516,8
sdk,sqlite,findUnique,517,10
sdk,sqlite,findUnique,518,9
sdk,sqlite,findUnique,519,8
sdk,sqlite,findUnique,520,8
sdk,sqlite,findUnique,521,8
sdk,sqlite,findUnique,522,8
sdk,sqlite,findUnique,523,8
sdk,sqlite,findUnique,524,8
sdk,sqlite,findUnique,525,8
sdk,sqlite,findUnique,526,8
sdk,sqlite,findUnique,527,8
sdk,sqlite,findUnique,528,9
sdk,sqlite,findUnique,529,8
sdk,sqlite,findUnique,530,8
sdk,sqlite,findUnique,531,8
sdk,sqlite,findUnique,532,8
sdk,sqlite,findUnique,533,8
sdk,sqlite,findUnique,534,8
sdk,sqlite,findUnique,535,9
sdk,sqlite,findUnique,536,9
sdk,sqlite,findUnique,537,8
sdk,sqlite,findUnique,538,8
sdk,sqlite,findUnique,539,8
sdk,sqlite,findUnique,540,8
sdk,sqlite,findUnique,541,8
sdk,sqlite,findUnique,542,8
sdk,sqlite,findUnique,543,8
sdk,sqlite,findUnique,544,8
sdk,sqlite,findUnique,545,8
sdk,sqlite,findUnique,546,8
sdk,sqlite,findUnique,547,8
sdk,sqlite,findUnique,548,8
sdk,sqlite,findUnique,549,8
sdk,sqlite,findUnique,550,8
sdk,sqlite,findUnique,551,8
sdk,sqlite,findUnique,552,8
sdk,sqlite,findUnique,553,8
sdk,sqlite,findUnique,554,8
sdk,sqlite,findUnique,555,8
sdk,sqlite,findUnique,556,8
sdk,sqlite,findUnique,557,8
sdk,sqlite,findUnique,558,8
sdk,sqlite,findUnique,559,8
sdk,sqlite,findUnique,560,8
sdk,sqlite,findUnique,561,8
sdk,sqlite,findUnique,562,8
sdk,sqlite,findUnique,563,8
sdk,sqlite,findUnique,564,8
sdk,sqlite,findUnique,565,8
sdk,sqlite,findUnique,566,8
sdk,sqlite,findUnique,567,8
sdk,sqlite,findUnique,568,8
sdk,sqlite,findUnique,569,8
sdk,sqlite,findUnique,570,8
sdk,sqlite,findUnique,571,8
sdk,sqlite,findUnique,572,8
sdk,sqlite,findUnique,573,8
sdk,sqlite,findUnique,574,8
sdk,sqlite,findUnique,575,8
sdk,sqlite,findUnique,576,9
sdk,sqlite,findUnique,577,8
sdk,sqlite,findUnique,578,8
sdk,sqlite,findUnique,579,8
sdk,sqlite,findUnique,580,10
sdk,sqlite,findUnique,581,8
sdk,sqlite,findUnique,582,8
sdk,sqlite,findUnique,583,8
sdk,sqlite,findUnique,584,8
sdk,sqlite,findUnique,585,8
sdk,sqlite,findUnique,586,8
sdk,sqlite,findUnique,587,8
sdk,sqlite,findUnique,588,9
sdk,sqlite,findUnique,589,8
sdk,sqlite,findUnique,590,8
sdk,sqlite,findUnique,591,8
sdk,sqlite,findUnique,592,8
sdk,sqlite,findUnique,593,8
sdk,sqlite,findUnique,594,9
sdk,sqlite,findUnique,595,8
sdk,sqlite,findUnique,596,8
sdk,sqlite,findUnique,597,8
sdk,sqlite,findUnique,598,8
sdk,sqlite,findUnique,599,8
sdk,sqlite,findUnique,600,8
sdk,sqlite,findUnique,601,8
sdk,sqlite,findUnique,602,8
sdk,sqlite,findUnique,603,8
sdk,sqlite,findUnique,604,8
sdk,sqlite,findUnique,605,8
sdk,sqlite,findUnique,606,8
sdk,sqlite,findUnique,607,8
sdk,sqlite,findUnique,608,8
sdk,sqlite,findUnique,609,8
sdk,sqlite,findUnique,610,8
sdk,sqlite,findUnique,611,8
sdk,sqlite,findUnique,612,8
sdk,sqlite,findUnique,613,8
sdk,sqlite,findUnique,614,8
sdk,sqlite,findUnique,615,9
sdk,sqlite,findUnique,616,8
sdk,sqlite,findUnique,617,8
sdk,sqlite,findUnique,618,8
sdk,sqlite,findUnique,619,8
sdk,sqlite,findUnique,620,8
sdk,sqlite,findUnique,621,8
sdk,sqlite,findUnique,622,8
sdk,sqlite,findUnique,623,8
sdk,sqlite,findUnique,624,8
sdk,sqlite,findUnique,625,8
sdk,sqlite,findUnique,626,8
sdk,sqlite,findUnique,627,8
sdk,sqlite,findUnique,628,8
sdk,sqlite,findUnique,629,8
sdk,sqlite,findUnique,630,8
sdk,sqlite,findUnique,631,8
sdk,sqlite,findUnique,632,8
sdk,sqlite,findUnique,633,8
sdk,sqlite,findUnique,634,8
sdk,sqlite,findUnique,635,8
sdk,sqlite,findUnique,636,8
sdk,sqlite,findUnique,637,8
sdk,sqlite,findUnique,638,8
sdk,sqlite,findUnique,639,8
sdk,sqlite,findUnique,640,8
sdk,sqlite,findUnique,641,8
sdk,sqlite,findUnique,642,8
sdk,sqlite,findUnique,643,8
sdk,sqlite,findUnique,644,8
sdk,sqlite,findUnique,645,8
sdk,sqlite,findUnique,646,8
sdk,sqlite,findUnique,647,8
sdk,sqlite,findUnique,648,8
sdk,sqlite,findUnique,649,8
sdk,sqlite,findUnique,650,8
sdk,sqlite,findUnique,651,8
sdk,sqlite,findUnique,652,8
sdk,sqlite,findUnique,653,8
sdk,sqlite,findUnique,654,8
sdk,sqlite,findUnique,655,8
sdk,sqlite,findUnique,656,8
sdk,sqlite,findUnique,657,8
sdk,sqlite,findUnique,658,8
sdk,sqlite,findUnique,659,8
sdk,sqlite,findUnique,660,8
sdk,sqlite,findUnique,661,8
sdk,sqlite,findUnique,662,8
sdk,sqlite,findUnique,663,8
sdk,sqlite,findUnique,664,8
sdk,sqlite,findUnique,665,8
sdk,sqlite,findUnique,666,8
sdk,sqlite,findUnique,667,8
sdk,sqlite,findUnique,668,8
sdk,sqlite,findUnique,669,8
sdk,sqlite,findUnique,670,8
sdk,sqlite,findUnique,671,8
sdk,sqlite,findUnique,672,8
sdk,sqlite,findUnique,673,8
sdk,sqlite,findUnique,674,8
sdk,sqlite,findUnique,675,8
sdk,sqlite,findUnique,676,8
sdk,sqlite,findUnique,677,261
sdk,sqlite,findUnique,678,105
sdk,sqlite,findUnique,679,18
sdk,sqlite,findUnique,680,9
sdk,sqlite,findUnique,681,9
sdk,sqlite,findUnique,682,9
sdk,sqlite,findUnique,683,9
sdk,sqlite,findUnique,684,9
sdk,sqlite,findUnique,685,9
sdk,sqlite,findUnique,686,8
sdk,sqlite,findUnique,687,8
sdk,sqlite,findUnique,688,9
sdk,sqlite,findUnique,689,9
sdk,sqlite,findUnique,690,8
sdk,sqlite,findUnique,691,8
sdk,sqlite,findUnique,692,9
sdk,sqlite,findUnique,693,16
sdk,sqlite,findUnique,694,8
sdk,sqlite,findUnique,695,8
sdk,sqlite,findUnique,696,8
sdk,sqlite,findUnique,697,8
sdk,sqlite,findUnique,698,9
sdk,sqlite,findUnique,699,8
sdk,sqlite,findUnique,700,8
sdk,sqlite,findUnique,701,8
sdk,sqlite,findUnique,702,8
sdk,sqlite,findUnique,703,8
sdk,sqlite,findUnique,704,8
sdk,sqlite,findUnique,705,8
sdk,sqlite,findUnique,706,8
sdk,sqlite,findUnique,707,8
sdk,sqlite,findUnique,708,10
sdk,sqlite,findUnique,709,8
sdk,sqlite,findUnique,710,8
sdk,sqlite,findUnique,711,8
sdk,sqlite,findUnique,712,8
sdk,sqlite,findUnique,713,9
sdk,sqlite,findUnique,714,8
sdk,sqlite,findUnique,715,8
sdk,sqlite,findUnique,716,8
sdk,sqlite,findUnique,717,8
sdk,sqlite,findUnique,718,8
sdk,sqlite,findUnique,719,8
sdk,sqlite,findUnique,720,8
sdk,sqlite,findUnique,721,8
sdk,sqlite,findUnique,722,8
sdk,sqlite,findUnique,723,8
sdk,sqlite,findUnique,724,8
sdk,sqlite,findUnique,725,8
sdk,sqlite,findUnique,726,9
sdk,sqlite,findUnique,727,8
sdk,sqlite,findUnique,728,8
sdk,sqlite,findUnique,729,8
sdk,sqlite,findUnique,730,8
sdk,sqlite,findUnique,731,8
sdk,sqlite,findUnique,732,8
sdk,sqlite,findUnique,733,8
sdk,sqlite,findUnique,734,8
sdk,sqlite,findUnique,735,8
sdk,sqlite,findUnique,736,8
sdk,sqlite,findUnique,737,8
sdk,sqlite,findUnique,738,8
sdk,sqlite,findUnique,739,8
sdk,sqlite,findUnique,740,8
sdk,sqlite,findUnique,741,8
sdk,sqlite,findUnique,742,8
sdk,sqlite,findUnique,743,8
sdk,sqlite,findUnique,744,8
sdk,sqlite,findUnique,745,8
sdk,sqlite,findUnique,746,8
sdk,sqlite,findUnique,747,8
sdk,sqlite,findUnique,748,8
sdk,sqlite,findUnique,749,8
sdk,sqlite,findUnique,750,8
sdk,sqlite,findUnique,751,8
sdk,sqlite,findUnique,752,8
sdk,sqlite,findUnique,753,11
sdk,sqlite,findUnique,754,8
sdk,sqlite,findUnique,755,8
sdk,sqlite,findUnique,756,8
sdk,sqlite,findUnique,757,8
sdk,sqlite,findUnique,758,8
sdk,sqlite,findUnique,759,9
sdk,sqlite,findUnique,760,8
sdk,sqlite,findUnique,761,8
sdk,sqlite,findUnique,762,9
sdk,sqlite,findUnique,763,8
sdk,sqlite,findUnique,764,8
sdk,sqlite,findUnique,765,8
sdk,sqlite,findUnique,766,8
sdk,sqlite,findUnique,767,8
sdk,sqlite,findUnique,768,8
sdk,sqlite,findUnique,769,8
sdk,sqlite,findUnique,770,8
sdk,sqlite,findUnique,771,166
sdk,sqlite,findUnique,772,20
sdk,sqlite,findUnique,773,9
sdk,sqlite,findUnique,774,8
sdk,sqlite,findUnique,775,8
sdk,sqlite,findUnique,776,8
sdk,sqlite,findUnique,777,8
sdk,sqlite,findUnique,778,9
sdk,sqlite,findUnique,779,8
sdk,sqlite,findUnique,780,8
sdk,sqlite,findUnique,781,8
sdk,sqlite,findUnique,782,8
sdk,sqlite,findUnique,783,8
sdk,sqlite,findUnique,784,8
sdk,sqlite,findUnique,785,8
sdk,sqlite,findUnique,786,8
sdk,sqlite,findUnique,787,8
sdk,sqlite,findUnique,788,8
sdk,sqlite,findUnique,789,8
sdk,sqlite,findUnique,790,8
sdk,sqlite,findUnique,791,8
sdk,sqlite,findUnique,792,9
sdk,sqlite,findUnique,793,8
sdk,sqlite,findUnique,794,8
sdk,sqlite,findUnique,795,8
sdk,sqlite,findUnique,796,43
sdk,sqlite,findUnique,797,32
sdk,sqlite,findUnique,798,11
sdk,sqlite,findUnique,799,9
sdk,sqlite,findUnique,800,9
sdk,sqlite,findUnique,801,8
sdk,sqlite,findUnique,802,8
sdk,sqlite,findUnique,803,8
sdk,sqlite,findUnique,804,8
sdk,sqlite,findUnique,805,8
sdk,sqlite,findUnique,806,8
sdk,sqlite,findUnique,807,8
sdk,sqlite,findUnique,808,8
sdk,sqlite,findUnique,809,8
sdk,sqlite,findUnique,810,8
sdk,sqlite,findUnique,811,11
sdk,sqlite,findUnique,812,8
sdk,sqlite,findUnique,813,8
sdk,sqlite,findUnique,814,8
sdk,sqlite,findUnique,815,8
sdk,sqlite,findUnique,816,8
sdk,sqlite,findUnique,817,8
sdk,sqlite,findUnique,818,8
sdk,sqlite,findUnique,819,8
sdk,sqlite,findUnique,820,7
sdk,sqlite,findUnique,821,8
sdk,sqlite,findUnique,822,8
sdk,sqlite,findUnique,823,7
sdk,sqlite,findUnique,824,7
sdk,sqlite,findUnique,825,9
sdk,sqlite,findUnique,826,8
sdk,sqlite,findUnique,827,8
sdk,sqlite,findUnique,828,7
sdk,sqlite,findUnique,829,8
sdk,sqlite,findUnique,830,7
sdk,sqlite,findUnique,831,8
sdk,sqlite,findUnique,832,8
sdk,sqlite,findUnique,833,7
sdk,sqlite,findUnique,834,7
sdk,sqlite,findUnique,835,7
sdk,sqlite,findUnique,836,13
sdk,sqlite,findUnique,837,8
sdk,sqlite,findUnique,838,8
sdk,sqlite,findUnique,839,7
sdk,sqlite,findUnique,840,7
sdk,sqlite,findUnique,841,8
sdk,sqlite,findUnique,842,7
sdk,sqlite,findUnique,843,8
sdk,sqlite,findUnique,844,7
sdk,sqlite,findUnique,845,7
sdk,sqlite,findUnique,846,7
sdk,sqlite,findUnique,847,7
sdk,sqlite,findUnique,848,8
sdk,sqlite,findUnique,849,7
sdk,sqlite,findUnique,850,7
sdk,sqlite,findUnique,851,7
sdk,sqlite,findUnique,852,8
sdk,sqlite,findUnique,853,8
sdk,sqlite,findUnique,854,8
sdk,sqlite,findUnique,855,7
sdk,sqlite,findUnique,856,7
sdk,sqlite,findUnique,857,7
sdk,sqlite,findUnique,858,8
sdk,sqlite,findUnique,859,8
sdk,sqlite,findUnique,860,8
sdk,sqlite,findUnique,861,7
sdk,sqlite,findUnique,862,7
sdk,sqlite,findUnique,863,8
sdk,sqlite,findUnique,864,8
sdk,sqlite,findUnique,865,7
sdk,sqlite,findUnique,866,8
sdk,sqlite,findUnique,867,7
sdk,sqlite,findUnique,868,7
sdk,sqlite,findUnique,869,8
sdk,sqlite,findUnique,870,8
sdk,sqlite,findUnique,871,8
sdk,sqlite,findUnique,872,7
sdk,sqlite,findUnique,873,7
sdk,sqlite,findUnique,874,8
sdk,sqlite,findUnique,875,8
sdk,sqlite,findUnique,876,7
sdk,sqlite,findUnique,877,8
sdk,sqlite,findUnique,878,7
sdk,sqlite,findUnique,879,7
sdk,sqlite,findUnique,880,8
sdk,sqlite,findUnique,881,7
sdk,sqlite,findUnique,882,7
sdk,sqlite,findUnique,883,7
sdk,sqlite,findUnique,884,7
sdk,sqlite,findUnique,885,7
sdk,sqlite,findUnique,886,7
sdk,sqlite,findUnique,887,7
sdk,sqlite,findUnique,888,7
sdk,sqlite,findUnique,889,7
sdk,sqlite,findUnique,890,7
sdk,sqlite,findUnique,891,8
sdk,sqlite,findUnique,892,8
sdk,sqlite,findUnique,893,7
sdk,sqlite,findUnique,894,7
sdk,sqlite,findUnique,895,7
sdk,sqlite,findUnique,896,7
sdk,sqlite,findUnique,897,7
sdk,sqlite,findUnique,898,8
sdk,sqlite,findUnique,899,7
sdk,sqlite,findUnique,900,7
sdk,sqlite,findUnique,901,8
sdk,sqlite,findUnique,902,7
sdk,sqlite,findUnique,903,7
sdk,sqlite,findUnique,904,7
sdk,sqlite,findUnique,905,8
sdk,sqlite,findUnique,906,8
sdk,sqlite,findUnique,907,7
sdk,sqlite,findUnique,908,7
sdk,sqlite,findUnique,909,8
sdk,sqlite,findUnique,910,7
sdk,sqlite,findUnique,911,7
sdk,sqlite,findUnique,912,8
sdk,sqlite,findUnique,913,7
sdk,sqlite,findUnique,914,7
sdk,sqlite,findUnique,915,8
sdk,sqlite,findUnique,916,8
sdk,sqlite,findUnique,917,8
sdk,sqlite,findUnique,918,8
sdk,sqlite,findUnique,919,7
sdk,sqlite,findUnique,920,7
sdk,sqlite,findUnique,921,7
sdk,sqlite,findUnique,922,7
sdk,sqlite,findUnique,923,7
sdk,sqlite,findUnique,924,8
sdk,sqlite,findUnique,925,8
sdk,sqlite,findUnique,926,7
sdk,sqlite,findUnique,927,7
sdk,sqlite,findUnique,928,8
sdk,sqlite,findUnique,929,7
sdk,sqlite,findUnique,930,8
sdk,sqlite,findUnique,931,7
sdk,sqlite,findUnique,932,8
sdk,sqlite,findUnique,933,7
sdk,sqlite,findUnique,934,8
sdk,sqlite,findUnique,935,7
sdk,sqlite,findUnique,936,7
sdk,sqlite,findUnique,937,7
sdk,sqlite,findUnique,938,7
sdk,sqlite,findUnique,939,7
sdk,sqlite,findUnique,940,7
sdk,sqlite,findUnique,941,7
sdk,sqlite,findUnique,942,7
sdk,sqlite,findUnique,943,7
sdk,sqlite,findUnique,944,7
sdk,sqlite,findUnique,945,7
sdk,sqlite,findUnique,946,7
sdk,sqlite,findUnique,947,7
sdk,sqlite,findUnique,948,7
sdk,sqlite,findUnique,949,8
sdk,sqlite,findUnique,950,7
sdk,sqlite,findUnique,951,7
sdk,sqlite,findUnique,952,7
sdk,sqlite,findUnique,953,7
sdk,sqlite,findUnique,954,7
sdk,sqlite,findUnique,955,7
sdk,sqlite,findUnique,956,7
sdk,sqlite,findUnique,957,8
sdk,sqlite,findUnique,958,8
sdk,sqlite,findUnique,959,7
sdk,sqlite,findUnique,960,7
sdk,sqlite,findUnique,961,7
sdk,sqlite,findUnique,962,7
sdk,sqlite,findUnique,963,7
sdk,sqlite,findUnique,964,11
sdk,sqlite,findUnique,965,8
sdk,sqlite,findUnique,966,8
sdk,sqlite,findUnique,967,7
sdk,sqlite,findUnique,968,8
sdk,sqlite,findUnique,969,7
sdk,sqlite,findUnique,970,7
sdk,sqlite,findUnique,971,7
sdk,sqlite,findUnique,972,7
sdk,sqlite,findUnique,973,7
sdk,sqlite,findUnique,974,7
sdk,sqlite,findUnique,975,7
sdk,sqlite,findUnique,976,8
sdk,sqlite,findUnique,977,7
sdk,sqlite,findUnique,978,7
sdk,sqlite,findUnique,979,7
sdk,sqlite,findUnique,980,8
sdk,sqlite,findUnique,981,7
sdk,sqlite,findUnique,982,7
sdk,sqlite,findUnique,983,8
sdk,sqlite,findUnique,984,7
sdk,sqlite,findUnique,985,7
sdk,sqlite,findUnique,986,7
sdk,sqlite,findUnique,987,7
sdk,sqlite,findUnique,988,7
sdk,sqlite,findUnique,989,7
sdk,sqlite,findUnique,990,9
sdk,sqlite,findUnique,991,7
sdk,sqlite,findUnique,992,8
sdk,sqlite,findUnique,993,7
sdk,sqlite,findUnique,994,7
sdk,sqlite,findUnique,995,8
sdk,sqlite,findUnique,996,7
sdk,sqlite,findUnique,997,7
sdk,sqlite,findUnique,998,8
sdk,sqlite,findUnique,999,7
sdk,sqlite,nestedFindAll,0,363
sdk,sqlite,nestedFindAll,1,350
sdk,sqlite,nestedFindAll,2,344
sdk,sqlite,nestedFindAll,3,417
sdk,sqlite,nestedFindAll,4,371
sdk,sqlite,nestedFindAll,5,347
sdk,sqlite,nestedFindAll,6,384
sdk,sqlite,nestedFindAll,7,356
sdk,sqlite,nestedFindAll,8,467
sdk,sqlite,nestedFindAll,9,451
sdk,sqlite,nestedFindAll,10,1404
sdk,sqlite,nestedFindAll,11,369
sdk,sqlite,nestedFindAll,12,352
sdk,sqlite,nestedFindAll,13,363
sdk,sqlite,nestedFindAll,14,355
sdk,sqlite,nestedFindAll,15,345
sdk,sqlite,nestedFindAll,16,360
sdk,sqlite,nestedFindAll,17,338
sdk,sqlite,nestedFindAll,18,343
sdk,sqlite,nestedFindAll,19,360
sdk,sqlite,nestedFindAll,20,338
sdk,sqlite,nestedFindAll,21,353
sdk,sqlite,nestedFindAll,22,352
sdk,sqlite,nestedFindAll,23,344
sdk,sqlite,nestedFindAll,24,340
sdk,sqlite,nestedFindAll,25,361
sdk,sqlite,nestedFindAll,26,364
sdk,sqlite,nestedFindAll,27,966
sdk,sqlite,nestedFindAll,28,374
sdk,sqlite,nestedFindAll,29,357
sdk,sqlite,nestedFindAll,30,350
sdk,sqlite,nestedFindAll,31,359
sdk,sqlite,nestedFindAll,32,346
sdk,sqlite,nestedFindAll,33,342
sdk,sqlite,nestedFindAll,34,353
sdk,sqlite,nestedFindAll,35,349
sdk,sqlite,nestedFindAll,36,340
sdk,sqlite,nestedFindAll,37,355
sdk,sqlite,nestedFindAll,38,337
sdk,sqlite,nestedFindAll,39,350
sdk,sqlite,nestedFindAll,40,360
sdk,sqlite,nestedFindAll,41,346
sdk,sqlite,nestedFindAll,42,336
sdk,sqlite,nestedFindAll,43,429
sdk,sqlite,nestedFindAll,44,782
sdk,sqlite,nestedFindAll,45,343
sdk,sqlite,nestedFindAll,46,343
sdk,sqlite,nestedFindAll,47,352
sdk,sqlite,nestedFindAll,48,346
sdk,sqlite,nestedFindAll,49,344
sdk,sqlite,nestedFindAll,50,351
sdk,sqlite,nestedFindAll,51,341
sdk,sqlite,nestedFindAll,52,339
sdk,sqlite,nestedFindAll,53,346
sdk,sqlite,nestedFindAll,54,356
sdk,sqlite,nestedFindAll,55,344
sdk,sqlite,nestedFindAll,56,338
sdk,sqlite,nestedFindAll,57,338
sdk,sqlite,nestedFindAll,58,343
sdk,sqlite,nestedFindAll,59,338
sdk,sqlite,nestedFindAll,60,348
sdk,sqlite,nestedFindAll,61,454
sdk,sqlite,nestedFindAll,62,704
sdk,sqlite,nestedFindAll,63,383
sdk,sqlite,nestedFindAll,64,379
sdk,sqlite,nestedFindAll,65,372
sdk,sqlite,nestedFindAll,66,385
sdk,sqlite,nestedFindAll,67,379
sdk,sqlite,nestedFindAll,68,375
sdk,sqlite,nestedFindAll,69,359
sdk,sqlite,nestedFindAll,70,365
sdk,sqlite,nestedFindAll,71,351
sdk,sqlite,nestedFindAll,72,365
sdk,sqlite,nestedFindAll,73,352
sdk,sqlite,nestedFindAll,74,352
sdk,sqlite,nestedFindAll,75,350
sdk,sqlite,nestedFindAll,76,365
sdk,sqlite,nestedFindAll,77,369
sdk,sqlite,nestedFindAll,78,350
sdk,sqlite,nestedFindAll,79,467
sdk,sqlite,nestedFindAll,80,638
sdk,sqlite,nestedFindAll,81,375
sdk,sqlite,nestedFindAll,82,346
sdk,sqlite,nestedFindAll,83,418
sdk,sqlite,nestedFindAll,84,374
sdk,sqlite,nestedFindAll,85,346
sdk,sqlite,nestedFindAll,86,354
sdk,sqlite,nestedFindAll,87,368
sdk,sqlite,nestedFindAll,88,341
sdk,sqlite,nestedFindAll,89,344
sdk,sqlite,nestedFindAll,90,352
sdk,sqlite,nestedFindAll,91,341
sdk,sqlite,nestedFindAll,92,341
sdk,sqlite,nestedFindAll,93,346
sdk,sqlite,nestedFindAll,94,347
sdk,sqlite,nestedFindAll,95,345
sdk,sqlite,nestedFindAll,96,370
sdk,sqlite,nestedFindAll,97,437
sdk,sqlite,nestedFindAll,98,625
sdk,sqlite,nestedFindAll,99,367
sdk,sqlite,nestedFindAll,100,344
sdk,sqlite,nestedFindAll,101,350
sdk,sqlite,nestedFindAll,102,341
sdk,sqlite,nestedFindAll,103,339
sdk,sqlite,nestedFindAll,104,342
sdk,sqlite,nestedFindAll,105,341
sdk,sqlite,nestedFindAll,106,361
sdk,sqlite,nestedFindAll,107,335
sdk,sqlite,nestedFindAll,108,340
sdk,sqlite,nestedFindAll,109,342
sdk,sqlite,nestedFindAll,110,342
sdk,sqlite,nestedFindAll,111,336
sdk,sqlite,nestedFindAll,112,342
sdk,sqlite,nestedFindAll,113,340
sdk,sqlite,nestedFindAll,114,338
sdk,sqlite,nestedFindAll,115,405
sdk,sqlite,nestedFindAll,116,753
sdk,sqlite,nestedFindAll,117,366
sdk,sqlite,nestedFindAll,118,343
sdk,sqlite,nestedFindAll,119,348
sdk,sqlite,nestedFindAll,120,345
sdk,sqlite,nestedFindAll,121,353
sdk,sqlite,nestedFindAll,122,347
sdk,sqlite,nestedFindAll,123,349
sdk,sqlite,nestedFindAll,124,340
sdk,sqlite,nestedFindAll,125,342
sdk,sqlite,nestedFindAll,126,345
sdk,sqlite,nestedFindAll,127,343
sdk,sqlite,nestedFindAll,128,337
sdk,sqlite,nestedFindAll,129,340
sdk,sqlite,nestedFindAll,130,338
sdk,sqlite,nestedFindAll,131,347
sdk,sqlite,nestedFindAll,132,345
sdk,sqlite,nestedFindAll,133,521
sdk,sqlite,nestedFindAll,134,557
sdk,sqlite,nestedFindAll,135,360
sdk,sqlite,nestedFindAll,136,345
sdk,sqlite,nestedFindAll,137,333
sdk,sqlite,nestedFindAll,138,349
sdk,sqlite,nestedFindAll,139,338
sdk,sqlite,nestedFindAll,140,335
sdk,sqlite,nestedFindAll,141,345
sdk,sqlite,nestedFindAll,142,343
sdk,sqlite,nestedFindAll,143,339
sdk,sqlite,nestedFindAll,144,359
sdk,sqlite,nestedFindAll,145,344
sdk,sqlite,nestedFindAll,146,344
sdk,sqlite,nestedFindAll,147,343
sdk,sqlite,nestedFindAll,148,342
sdk,sqlite,nestedFindAll,149,344
sdk,sqlite,nestedFindAll,150,336
sdk,sqlite,nestedFindAll,151,442
sdk,sqlite,nestedFindAll,152,564
sdk,sqlite,nestedFindAll,153,376
sdk,sqlite,nestedFindAll,154,349
sdk,sqlite,nestedFindAll,155,339
sdk,sqlite,nestedFindAll,156,345
sdk,sqlite,nestedFindAll,157,337
sdk,sqlite,nestedFindAll,158,343
sdk,sqlite,nestedFindAll,159,336
sdk,sqlite,nestedFindAll,160,337
sdk,sqlite,nestedFindAll,161,352
sdk,sqlite,nestedFindAll,162,336
sdk,sqlite,nestedFindAll,163,340
sdk,sqlite,nestedFindAll,164,363
sdk,sqlite,nestedFindAll,165,340
sdk,sqlite,nestedFindAll,166,340
sdk,sqlite,nestedFindAll,167,336
sdk,sqlite,nestedFindAll,168,342
sdk,sqlite,nestedFindAll,169,395
sdk,sqlite,nestedFindAll,170,783
sdk,sqlite,nestedFindAll,171,343
sdk,sqlite,nestedFindAll,172,351
sdk,sqlite,nestedFindAll,173,353
sdk,sqlite,nestedFindAll,174,348
sdk,sqlite,nestedFindAll,175,380
sdk,sqlite,nestedFindAll,176,353
sdk,sqlite,nestedFindAll,177,344
sdk,sqlite,nestedFindAll,178,335
sdk,sqlite,nestedFindAll,179,336
sdk,sqlite,nestedFindAll,180,338
sdk,sqlite,nestedFindAll,181,339
sdk,sqlite,nestedFindAll,182,348
sdk,sqlite,nestedFindAll,183,342
sdk,sqlite,nestedFindAll,184,341
sdk,sqlite,nestedFindAll,185,345
sdk,sqlite,nestedFindAll,186,357
sdk,sqlite,nestedFindAll,187,498
sdk,sqlite,nestedFindAll,188,545
sdk,sqlite,nestedFindAll,189,353
sdk,sqlite,nestedFindAll,190,353
sdk,sqlite,nestedFindAll,191,346
sdk,sqlite,nestedFindAll,192,341
sdk,sqlite,nestedFindAll,193,341
sdk,sqlite,nestedFindAll,194,339
sdk,sqlite,nestedFindAll,195,356
sdk,sqlite,nestedFindAll,196,345
sdk,sqlite,nestedFindAll,197,345
sdk,sqlite,nestedFindAll,198,348
sdk,sqlite,nestedFindAll,199,345
sdk,sqlite,nestedFindAll,200,347
sdk,sqlite,nestedFindAll,201,338
sdk,sqlite,nestedFindAll,202,344
sdk,sqlite,nestedFindAll,203,340
sdk,sqlite,nestedFindAll,204,493
sdk,sqlite,nestedFindAll,205,741
sdk,sqlite,nestedFindAll,206,349
sdk,sqlite,nestedFindAll,207,339
sdk,sqlite,nestedFindAll,208,339
sdk,sqlite,nestedFindAll,209,344
sdk,sqlite,nestedFindAll,210,342
sdk,sqlite,nestedFindAll,211,341
sdk,sqlite,nestedFindAll,212,344
sdk,sqlite,nestedFindAll,213,340
sdk,sqlite,nestedFindAll,214,343
sdk,sqlite,nestedFindAll,215,340
sdk,sqlite,nestedFindAll,216,337
sdk,sqlite,nestedFindAll,217,350
sdk,sqlite,nestedFindAll,218,342
sdk,sqlite,nestedFindAll,219,342
sdk,sqlite,nestedFindAll,220,338
sdk,sqlite,nestedFindAll,221,480
sdk,sqlite,nestedFindAll,222,1101
sdk,sqlite,nestedFindAll,223,367
sdk,sqlite,nestedFindAll,224,344
sdk,sqlite,nestedFindAll,225,349
sdk,sqlite,nestedFindAll,226,341
sdk,sqlite,nestedFindAll,227,335
sdk,sqlite,nestedFindAll,228,341
sdk,sqlite,nestedFindAll,229,333
sdk,sqlite,nestedFindAll,230,350
sdk,sqlite,nestedFindAll,231,347
sdk,sqlite,nestedFindAll,232,340
sdk,sqlite,nestedFindAll,233,343
sdk,sqlite,nestedFindAll,234,343
sdk,sqlite,nestedFindAll,235,343
sdk,sqlite,nestedFindAll,236,363
sdk,sqlite,nestedFindAll,237,340
sdk,sqlite,nestedFindAll,238,508
sdk,sqlite,nestedFindAll,239,505
sdk,sqlite,nestedFindAll,240,341
sdk,sqlite,nestedFindAll,241,338
sdk,sqlite,nestedFindAll,242,344
sdk,sqlite,nestedFindAll,243,343
sdk,sqlite,nestedFindAll,244,337
sdk,sqlite,nestedFindAll,245,343
sdk,sqlite,nestedFindAll,246,337
sdk,sqlite,nestedFindAll,247,334
sdk,sqlite,nestedFindAll,248,346
sdk,sqlite,nestedFindAll,249,336
sdk,sqlite,nestedFindAll,250,344
sdk,sqlite,nestedFindAll,251,339
sdk,sqlite,nestedFindAll,252,333
sdk,sqlite,nestedFindAll,253,336
sdk,sqlite,nestedFindAll,254,398
sdk,sqlite,nestedFindAll,255,673
sdk,sqlite,nestedFindAll,256,345
sdk,sqlite,nestedFindAll,257,333
sdk,sqlite,nestedFindAll,258,355
sdk,sqlite,nestedFindAll,259,339
sdk,sqlite,nestedFindAll,260,349
sdk,sqlite,nestedFindAll,261,335
sdk,sqlite,nestedFindAll,262,343
sdk,sqlite,nestedFindAll,263,341
sdk,sqlite,nestedFindAll,264,363
sdk,sqlite,nestedFindAll,265,338
sdk,sqlite,nestedFindAll,266,339
sdk,sqlite,nestedFindAll,267,356
sdk,sqlite,nestedFindAll,268,341
sdk,sqlite,nestedFindAll,269,340
sdk,sqlite,nestedFindAll,270,350
sdk,sqlite,nestedFindAll,271,422
sdk,sqlite,nestedFindAll,272,696
sdk,sqlite,nestedFindAll,273,363
sdk,sqlite,nestedFindAll,274,340
sdk,sqlite,nestedFindAll,275,347
sdk,sqlite,nestedFindAll,276,341
sdk,sqlite,nestedFindAll,277,341
sdk,sqlite,nestedFindAll,278,341
sdk,sqlite,nestedFindAll,279,358
sdk,sqlite,nestedFindAll,280,345
sdk,sqlite,nestedFindAll,281,338
sdk,sqlite,nestedFindAll,282,334
sdk,sqlite,nestedFindAll,283,347
sdk,sqlite,nestedFindAll,284,335
sdk,sqlite,nestedFindAll,285,339
sdk,sqlite,nestedFindAll,286,342
sdk,sqlite,nestedFindAll,287,345
sdk,sqlite,nestedFindAll,288,350
sdk,sqlite,nestedFindAll,289,1245
sdk,sqlite,nestedFindAll,290,339
sdk,sqlite,nestedFindAll,291,337
sdk,sqlite,nestedFindAll,292,334
sdk,sqlite,nestedFindAll,293,332
sdk,sqlite,nestedFindAll,294,336
sdk,sqlite,nestedFindAll,295,344
sdk,sqlite,nestedFindAll,296,330
sdk,sqlite,nestedFindAll,297,334
sdk,sqlite,nestedFindAll,298,329
sdk,sqlite,nestedFindAll,299,331
sdk,sqlite,nestedFindAll,300,340
sdk,sqlite,nestedFindAll,301,336
sdk,sqlite,nestedFindAll,302,336
sdk,sqlite,nestedFindAll,303,338
sdk,sqlite,nestedFindAll,304,689
sdk,sqlite,nestedFindAll,305,522
sdk,sqlite,nestedFindAll,306,361
sdk,sqlite,nestedFindAll,307,352
sdk,sqlite,nestedFindAll,308,353
sdk,sqlite,nestedFindAll,309,342
sdk,sqlite,nestedFindAll,310,354
sdk,sqlite,nestedFindAll,311,343
sdk,sqlite,nestedFindAll,312,345
sdk,sqlite,nestedFindAll,313,341
sdk,sqlite,nestedFindAll,314,346
sdk,sqlite,nestedFindAll,315,341
sdk,sqlite,nestedFindAll,316,344
sdk,sqlite,nestedFindAll,317,345
sdk,sqlite,nestedFindAll,318,348
sdk,sqlite,nestedFindAll,319,340
sdk,sqlite,nestedFindAll,320,343
sdk,sqlite,nestedFindAll,321,496
sdk,sqlite,nestedFindAll,322,504
sdk,sqlite,nestedFindAll,323,352
sdk,sqlite,nestedFindAll,324,347
sdk,sqlite,nestedFindAll,325,348
sdk,sqlite,nestedFindAll,326,343
sdk,sqlite,nestedFindAll,327,339
sdk,sqlite,nestedFindAll,328,341
sdk,sqlite,nestedFindAll,329,345
sdk,sqlite,nestedFindAll,330,341
sdk,sqlite,nestedFindAll,331,339
sdk,sqlite,nestedFindAll,332,337
sdk,sqlite,nestedFindAll,333,338
sdk,sqlite,nestedFindAll,334,343
sdk,sqlite,nestedFindAll,335,336
sdk,sqlite,nestedFindAll,336,345
sdk,sqlite,nestedFindAll,337,343
sdk,sqlite,nestedFindAll,338,507
sdk,sqlite,nestedFindAll,339,616
sdk,sqlite,nestedFindAll,340,370
sdk,sqlite,nestedFindAll,341,357
sdk,sqlite,nestedFindAll,342,362
sdk,sqlite,nestedFindAll,343,355
sdk,sqlite,nestedFindAll,344,358
sdk,sqlite,nestedFindAll,345,419
sdk,sqlite,nestedFindAll,346,367
sdk,sqlite,nestedFindAll,347,343
sdk,sqlite,nestedFindAll,348,340
sdk,sqlite,nestedFindAll,349,345
sdk,sqlite,nestedFindAll,350,345
sdk,sqlite,nestedFindAll,351,342
sdk,sqlite,nestedFindAll,352,350
sdk,sqlite,nestedFindAll,353,338
sdk,sqlite,nestedFindAll,354,345
sdk,sqlite,nestedFindAll,355,587
sdk,sqlite,nestedFindAll,356,548
sdk,sqlite,nestedFindAll,357,347
sdk,sqlite,nestedFindAll,358,348
sdk,sqlite,nestedFindAll,359,341
sdk,sqlite,nestedFindAll,360,347
sdk,sqlite,nestedFindAll,361,339
sdk,sqlite,nestedFindAll,362,343
sdk,sqlite,nestedFindAll,363,341
sdk,sqlite,nestedFindAll,364,348
sdk,sqlite,nestedFindAll,365,343
sdk,sqlite,nestedFindAll,366,337
sdk,sqlite,nestedFindAll,367,342
sdk,sqlite,nestedFindAll,368,342
sdk,sqlite,nestedFindAll,369,338
sdk,sqlite,nestedFindAll,370,349
sdk,sqlite,nestedFindAll,371,343
sdk,sqlite,nestedFindAll,372,468
sdk,sqlite,nestedFindAll,373,553
sdk,sqlite,nestedFindAll,374,352
sdk,sqlite,nestedFindAll,375,354
sdk,sqlite,nestedFindAll,376,338
sdk,sqlite,nestedFindAll,377,356
sdk,sqlite,nestedFindAll,378,346
sdk,sqlite,nestedFindAll,379,344
sdk,sqlite,nestedFindAll,380,341
sdk,sqlite,nestedFindAll,381,344
sdk,sqlite,nestedFindAll,382,336
sdk,sqlite,nestedFindAll,383,338
sdk,sqlite,nestedFindAll,384,340
sdk,sqlite,nestedFindAll,385,347
sdk,sqlite,nestedFindAll,386,343
sdk,sqlite,nestedFindAll,387,346
sdk,sqlite,nestedFindAll,388,346
sdk,sqlite,nestedFindAll,389,673
sdk,sqlite,nestedFindAll,390,482
sdk,sqlite,nestedFindAll,391,346
sdk,sqlite,nestedFindAll,392,342
sdk,sqlite,nestedFindAll,393,340
sdk,sqlite,nestedFindAll,394,339
sdk,sqlite,nestedFindAll,395,339
sdk,sqlite,nestedFindAll,396,337
sdk,sqlite,nestedFindAll,397,336
sdk,sqlite,nestedFindAll,398,336
sdk,sqlite,nestedFindAll,399,338
sdk,sqlite,nestedFindAll,400,339
sdk,sqlite,nestedFindAll,401,337
sdk,sqlite,nestedFindAll,402,335
sdk,sqlite,nestedFindAll,403,342
sdk,sqlite,nestedFindAll,404,345
sdk,sqlite,nestedFindAll,405,414
sdk,sqlite,nestedFindAll,406,645
sdk,sqlite,nestedFindAll,407,368
sdk,sqlite,nestedFindAll,408,356
sdk,sqlite,nestedFindAll,409,341
sdk,sqlite,nestedFindAll,410,339
sdk,sqlite,nestedFindAll,411,343
sdk,sqlite,nestedFindAll,412,341
sdk,sqlite,nestedFindAll,413,342
sdk,sqlite,nestedFindAll,414,340
sdk,sqlite,nestedFindAll,415,341
sdk,sqlite,nestedFindAll,416,338
sdk,sqlite,nestedFindAll,417,346
sdk,sqlite,nestedFindAll,418,341
sdk,sqlite,nestedFindAll,419,341
sdk,sqlite,nestedFindAll,420,339
sdk,sqlite,nestedFindAll,421,346
sdk,sqlite,nestedFindAll,422,337
sdk,sqlite,nestedFindAll,423,514
sdk,sqlite,nestedFindAll,424,494
sdk,sqlite,nestedFindAll,425,342
sdk,sqlite,nestedFindAll,426,338
sdk,sqlite,nestedFindAll,427,340
sdk,sqlite,nestedFindAll,428,344
sdk,sqlite,nestedFindAll,429,340
sdk,sqlite,nestedFindAll,430,346
sdk,sqlite,nestedFindAll,431,339
sdk,sqlite,nestedFindAll,432,337
sdk,sqlite,nestedFindAll,433,340
sdk,sqlite,nestedFindAll,434,342
sdk,sqlite,nestedFindAll,435,339
sdk,sqlite,nestedFindAll,436,349
sdk,sqlite,nestedFindAll,437,347
sdk,sqlite,nestedFindAll,438,342
sdk,sqlite,nestedFindAll,439,342
sdk,sqlite,nestedFindAll,440,412
sdk,sqlite,nestedFindAll,441,535
sdk,sqlite,nestedFindAll,442,470
sdk,sqlite,nestedFindAll,443,333
sdk,sqlite,nestedFindAll,444,332
sdk,sqlite,nestedFindAll,445,331
sdk,sqlite,nestedFindAll,446,332
sdk,sqlite,nestedFindAll,447,335
sdk,sqlite,nestedFindAll,448,332
sdk,sqlite,nestedFindAll,449,342
sdk,sqlite,nestedFindAll,450,330
sdk,sqlite,nestedFindAll,451,334
sdk,sqlite,nestedFindAll,452,331
sdk,sqlite,nestedFindAll,453,332
sdk,sqlite,nestedFindAll,454,333
sdk,sqlite,nestedFindAll,455,329
sdk,sqlite,nestedFindAll,456,333
sdk,sqlite,nestedFindAll,457,332
sdk,sqlite,nestedFindAll,458,409
sdk,sqlite,nestedFindAll,459,657
sdk,sqlite,nestedFindAll,460,349
sdk,sqlite,nestedFindAll,461,338
sdk,sqlite,nestedFindAll,462,337
sdk,sqlite,nestedFindAll,463,339
sdk,sqlite,nestedFindAll,464,335
sdk,sqlite,nestedFindAll,465,332
sdk,sqlite,nestedFindAll,466,344
sdk,sqlite,nestedFindAll,467,341
sdk,sqlite,nestedFindAll,468,336
sdk,sqlite,nestedFindAll,469,336
sdk,sqlite,nestedFindAll,470,340
sdk,sqlite,nestedFindAll,471,338
sdk,sqlite,nestedFindAll,472,341
sdk,sqlite,nestedFindAll,473,350
sdk,sqlite,nestedFindAll,474,353
sdk,sqlite,nestedFindAll,475,469
sdk,sqlite,nestedFindAll,476,512
sdk,sqlite,nestedFindAll,477,331
sdk,sqlite,nestedFindAll,478,331
sdk,sqlite,nestedFindAll,479,330
sdk,sqlite,nestedFindAll,480,332
sdk,sqlite,nestedFindAll,481,334
sdk,sqlite,nestedFindAll,482,330
sdk,sqlite,nestedFindAll,483,331
sdk,sqlite,nestedFindAll,484,328
sdk,sqlite,nestedFindAll,485,330
sdk,sqlite,nestedFindAll,486,329
sdk,sqlite,nestedFindAll,487,334
sdk,sqlite,nestedFindAll,488,343
sdk,sqlite,nestedFindAll,489,340
sdk,sqlite,nestedFindAll,490,334
sdk,sqlite,nestedFindAll,491,337
sdk,sqlite,nestedFindAll,492,484
sdk,sqlite,nestedFindAll,493,512
sdk,sqlite,nestedFindAll,494,350
sdk,sqlite,nestedFindAll,495,343
sdk,sqlite,nestedFindAll,496,340
sdk,sqlite,nestedFindAll,497,337
sdk,sqlite,nestedFindAll,498,342
sdk,sqlite,nestedFindAll,499,342
sdk,sqlite,nestedFindAll,500,340
sdk,sqlite,nestedFindAll,501,333
sdk,sqlite,nestedFindAll,502,334
sdk,sqlite,nestedFindAll,503,333
sdk,sqlite,nestedFindAll,504,342
sdk,sqlite,nestedFindAll,505,335
sdk,sqlite,nestedFindAll,506,333
sdk,sqlite,nestedFindAll,507,348
sdk,sqlite,nestedFindAll,508,336
sdk,sqlite,nestedFindAll,509,549
sdk,sqlite,nestedFindAll,510,625
sdk,sqlite,nestedFindAll,511,339
sdk,sqlite,nestedFindAll,512,334
sdk,sqlite,nestedFindAll,513,334
sdk,sqlite,nestedFindAll,514,345
sdk,sqlite,nestedFindAll,515,331
sdk,sqlite,nestedFindAll,516,352
sdk,sqlite,nestedFindAll,517,361
sdk,sqlite,nestedFindAll,518,372
sdk,sqlite,nestedFindAll,519,356
sdk,sqlite,nestedFindAll,520,380
sdk,sqlite,nestedFindAll,521,372
sdk,sqlite,nestedFindAll,522,370
sdk,sqlite,nestedFindAll,523,369
sdk,sqlite,nestedFindAll,524,354
sdk,sqlite,nestedFindAll,525,444
sdk,sqlite,nestedFindAll,526,458
sdk,sqlite,nestedFindAll,527,602
sdk,sqlite,nestedFindAll,528,365
sdk,sqlite,nestedFindAll,529,351
sdk,sqlite,nestedFindAll,530,354
sdk,sqlite,nestedFindAll,531,348
sdk,sqlite,nestedFindAll,532,348
sdk,sqlite,nestedFindAll,533,347
sdk,sqlite,nestedFindAll,534,347
sdk,sqlite,nestedFindAll,535,353
sdk,sqlite,nestedFindAll,536,356
sdk,sqlite,nestedFindAll,537,349
sdk,sqlite,nestedFindAll,538,356
sdk,sqlite,nestedFindAll,539,350
sdk,sqlite,nestedFindAll,540,382
sdk,sqlite,nestedFindAll,541,363
sdk,sqlite,nestedFindAll,542,311
sdk,sqlite,nestedFindAll,543,581
sdk,sqlite,nestedFindAll,544,586
sdk,sqlite,nestedFindAll,545,355
sdk,sqlite,nestedFindAll,546,337
sdk,sqlite,nestedFindAll,547,335
sdk,sqlite,nestedFindAll,548,331
sdk,sqlite,nestedFindAll,549,332
sdk,sqlite,nestedFindAll,550,329
sdk,sqlite,nestedFindAll,551,332
sdk,sqlite,nestedFindAll,552,341
sdk,sqlite,nestedFindAll,553,336
sdk,sqlite,nestedFindAll,554,336
sdk,sqlite,nestedFindAll,555,404
sdk,sqlite,nestedFindAll,556,469
sdk,sqlite,nestedFindAll,557,377
sdk,sqlite,nestedFindAll,558,363
sdk,sqlite,nestedFindAll,559,387
sdk,sqlite,nestedFindAll,560,372
sdk,sqlite,nestedFindAll,561,576
sdk,sqlite,nestedFindAll,562,558
sdk,sqlite,nestedFindAll,563,359
sdk,sqlite,nestedFindAll,564,353
sdk,sqlite,nestedFindAll,565,396
sdk,sqlite,nestedFindAll,566,392
sdk,sqlite,nestedFindAll,567,381
sdk,sqlite,nestedFindAll,568,354
sdk,sqlite,nestedFindAll,569,360
sdk,sqlite,nestedFindAll,570,359
sdk,sqlite,nestedFindAll,571,369
sdk,sqlite,nestedFindAll,572,339
sdk,sqlite,nestedFindAll,573,354
sdk,sqlite,nestedFindAll,574,353
sdk,sqlite,nestedFindAll,575,351
sdk,sqlite,nestedFindAll,576,352
sdk,sqlite,nestedFindAll,577,351
sdk,sqlite,nestedFindAll,578,470
sdk,sqlite,nestedFindAll,579,619
sdk,sqlite,nestedFindAll,580,350
sdk,sqlite,nestedFindAll,581,338
sdk,sqlite,nestedFindAll,582,332
sdk,sqlite,nestedFindAll,583,333
sdk,sqlite,nestedFindAll,584,338
sdk,sqlite,nestedFindAll,585,335
sdk,sqlite,nestedFindAll,586,333
sdk,sqlite,nestedFindAll,587,334
sdk,sqlite,nestedFindAll,588,344
sdk,sqlite,nestedFindAll,589,348
sdk,sqlite,nestedFindAll,590,338
sdk,sqlite,nestedFindAll,591,333
sdk,sqlite,nestedFindAll,592,332
sdk,sqlite,nestedFindAll,593,333
sdk,sqlite,nestedFindAll,594,330
sdk,sqlite,nestedFindAll,595,1088
sdk,sqlite,nestedFindAll,596,398
sdk,sqlite,nestedFindAll,597,366
sdk,sqlite,nestedFindAll,598,352
sdk,sqlite,nestedFindAll,599,349
sdk,sqlite,nestedFindAll,600,368
sdk,sqlite,nestedFindAll,601,355
sdk,sqlite,nestedFindAll,602,354
sdk,sqlite,nestedFindAll,603,350
sdk,sqlite,nestedFindAll,604,349
sdk,sqlite,nestedFindAll,605,336
sdk,sqlite,nestedFindAll,606,336
sdk,sqlite,nestedFindAll,607,347
sdk,sqlite,nestedFindAll,608,358
sdk,sqlite,nestedFindAll,609,351
sdk,sqlite,nestedFindAll,610,349
sdk,sqlite,nestedFindAll,611,568
sdk,sqlite,nestedFindAll,612,562
sdk,sqlite,nestedFindAll,613,364
sdk,sqlite,nestedFindAll,614,347
sdk,sqlite,nestedFindAll,615,345
sdk,sqlite,nestedFindAll,616,339
sdk,sqlite,nestedFindAll,617,342
sdk,sqlite,nestedFindAll,618,350
sdk,sqlite,nestedFindAll,619,345
sdk,sqlite,nestedFindAll,620,342
sdk,sqlite,nestedFindAll,621,339
sdk,sqlite,nestedFindAll,622,338
sdk,sqlite,nestedFindAll,623,347
sdk,sqlite,nestedFindAll,624,342
sdk,sqlite,nestedFindAll,625,334
sdk,sqlite,nestedFindAll,626,334
sdk,sqlite,nestedFindAll,627,340
sdk,sqlite,nestedFindAll,628,420
sdk,sqlite,nestedFindAll,629,706
sdk,sqlite,nestedFindAll,630,358
sdk,sqlite,nestedFindAll,631,352
sdk,sqlite,nestedFindAll,632,339
sdk,sqlite,nestedFindAll,633,342
sdk,sqlite,nestedFindAll,634,339
sdk,sqlite,nestedFindAll,635,337
sdk,sqlite,nestedFindAll,636,374
sdk,sqlite,nestedFindAll,637,354
sdk,sqlite,nestedFindAll,638,350
sdk,sqlite,nestedFindAll,639,354
sdk,sqlite,nestedFindAll,640,347
sdk,sqlite,nestedFindAll,641,338
sdk,sqlite,nestedFindAll,642,337
sdk,sqlite,nestedFindAll,643,341
sdk,sqlite,nestedFindAll,644,336
sdk,sqlite,nestedFindAll,645,407
sdk,sqlite,nestedFindAll,646,714
sdk,sqlite,nestedFindAll,647,360
sdk,sqlite,nestedFindAll,648,341
sdk,sqlite,nestedFindAll,649,350
sdk,sqlite,nestedFindAll,650,348
sdk,sqlite,nestedFindAll,651,340
sdk,sqlite,nestedFindAll,652,342
sdk,sqlite,nestedFindAll,653,347
sdk,sqlite,nestedFindAll,654,345
sdk,sqlite,nestedFindAll,655,351
sdk,sqlite,nestedFindAll,656,340
sdk,sqlite,nestedFindAll,657,344
sdk,sqlite,nestedFindAll,658,341
sdk,sqlite,nestedFindAll,659,339
sdk,sqlite,nestedFindAll,660,343
sdk,sqlite,nestedFindAll,661,342
sdk,sqlite,nestedFindAll,662,342
sdk,sqlite,nestedFindAll,663,446
sdk,sqlite,nestedFindAll,664,558
sdk,sqlite,nestedFindAll,665,366
sdk,sqlite,nestedFindAll,666,348
sdk,sqlite,nestedFindAll,667,347
sdk,sqlite,nestedFindAll,668,338
sdk,sqlite,nestedFindAll,669,344
sdk,sqlite,nestedFindAll,670,344
sdk,sqlite,nestedFindAll,671,341
sdk,sqlite,nestedFindAll,672,342
sdk,sqlite,nestedFindAll,673,338
sdk,sqlite,nestedFindAll,674,344
sdk,sqlite,nestedFindAll,675,341
sdk,sqlite,nestedFindAll,676,338
sdk,sqlite,nestedFindAll,677,335
sdk,sqlite,nestedFindAll,678,341
sdk,sqlite,nestedFindAll,679,342
sdk,sqlite,nestedFindAll,680,388
sdk,sqlite,nestedFindAll,681,505
sdk,sqlite,nestedFindAll,682,514
sdk,sqlite,nestedFindAll,683,354
sdk,sqlite,nestedFindAll,684,339
sdk,sqlite,nestedFindAll,685,340
sdk,sqlite,nestedFindAll,686,341
sdk,sqlite,nestedFindAll,687,355
sdk,sqlite,nestedFindAll,688,342
sdk,sqlite,nestedFindAll,689,337
sdk,sqlite,nestedFindAll,690,341
sdk,sqlite,nestedFindAll,691,338
sdk,sqlite,nestedFindAll,692,341
sdk,sqlite,nestedFindAll,693,337
sdk,sqlite,nestedFindAll,694,359
sdk,sqlite,nestedFindAll,695,340
sdk,sqlite,nestedFindAll,696,346
sdk,sqlite,nestedFindAll,697,336
sdk,sqlite,nestedFindAll,698,417
sdk,sqlite,nestedFindAll,699,586
sdk,sqlite,nestedFindAll,700,338
sdk,sqlite,nestedFindAll,701,340
sdk,sqlite,nestedFindAll,702,344
sdk,sqlite,nestedFindAll,703,336
sdk,sqlite,nestedFindAll,704,343
sdk,sqlite,nestedFindAll,705,337
sdk,sqlite,nestedFindAll,706,340
sdk,sqlite,nestedFindAll,707,335
sdk,sqlite,nestedFindAll,708,351
sdk,sqlite,nestedFindAll,709,331
sdk,sqlite,nestedFindAll,710,345
sdk,sqlite,nestedFindAll,711,345
sdk,sqlite,nestedFindAll,712,336
sdk,sqlite,nestedFindAll,713,340
sdk,sqlite,nestedFindAll,714,347
sdk,sqlite,nestedFindAll,715,347
sdk,sqlite,nestedFindAll,716,491
sdk,sqlite,nestedFindAll,717,520
sdk,sqlite,nestedFindAll,718,346
sdk,sqlite,nestedFindAll,719,344
sdk,sqlite,nestedFindAll,720,343
sdk,sqlite,nestedFindAll,721,335
sdk,sqlite,nestedFindAll,722,345
sdk,sqlite,nestedFindAll,723,333
sdk,sqlite,nestedFindAll,724,340
sdk,sqlite,nestedFindAll,725,338
sdk,sqlite,nestedFindAll,726,341
sdk,sqlite,nestedFindAll,727,333
sdk,sqlite,nestedFindAll,728,334
sdk,sqlite,nestedFindAll,729,348
sdk,sqlite,nestedFindAll,730,344
sdk,sqlite,nestedFindAll,731,333
sdk,sqlite,nestedFindAll,732,351
sdk,sqlite,nestedFindAll,733,375
sdk,sqlite,nestedFindAll,734,438
sdk,sqlite,nestedFindAll,735,525
sdk,sqlite,nestedFindAll,736,347
sdk,sqlite,nestedFindAll,737,341
sdk,sqlite,nestedFindAll,738,347
sdk,sqlite,nestedFindAll,739,334
sdk,sqlite,nestedFindAll,740,369
sdk,sqlite,nestedFindAll,741,347
sdk,sqlite,nestedFindAll,742,347
sdk,sqlite,nestedFindAll,743,345
sdk,sqlite,nestedFindAll,744,337
sdk,sqlite,nestedFindAll,745,345
sdk,sqlite,nestedFindAll,746,342
sdk,sqlite,nestedFindAll,747,339
sdk,sqlite,nestedFindAll,748,342
sdk,sqlite,nestedFindAll,749,335
sdk,sqlite,nestedFindAll,750,337
sdk,sqlite,nestedFindAll,751,511
sdk,sqlite,nestedFindAll,752,545
sdk,sqlite,nestedFindAll,753,346
sdk,sqlite,nestedFindAll,754,361
sdk,sqlite,nestedFindAll,755,341
sdk,sqlite,nestedFindAll,756,340
sdk,sqlite,nestedFindAll,757,340
sdk,sqlite,nestedFindAll,758,348
sdk,sqlite,nestedFindAll,759,337
sdk,sqlite,nestedFindAll,760,332
sdk,sqlite,nestedFindAll,761,342
sdk,sqlite,nestedFindAll,762,352
sdk,sqlite,nestedFindAll,763,401
sdk,sqlite,nestedFindAll,764,425
sdk,sqlite,nestedFindAll,765,402
sdk,sqlite,nestedFindAll,766,393
sdk,sqlite,nestedFindAll,767,383
sdk,sqlite,nestedFindAll,768,427
sdk,sqlite,nestedFindAll,769,632
sdk,sqlite,nestedFindAll,770,374
sdk,sqlite,nestedFindAll,771,362
sdk,sqlite,nestedFindAll,772,341
sdk,sqlite,nestedFindAll,773,355
sdk,sqlite,nestedFindAll,774,340
sdk,sqlite,nestedFindAll,775,341
sdk,sqlite,nestedFindAll,776,344
sdk,sqlite,nestedFindAll,777,345
sdk,sqlite,nestedFindAll,778,350
sdk,sqlite,nestedFindAll,779,336
sdk,sqlite,nestedFindAll,780,341
sdk,sqlite,nestedFindAll,781,365
sdk,sqlite,nestedFindAll,782,346
sdk,sqlite,nestedFindAll,783,352
sdk,sqlite,nestedFindAll,784,343
sdk,sqlite,nestedFindAll,785,410
sdk,sqlite,nestedFindAll,786,457
sdk,sqlite,nestedFindAll,787,506
sdk,sqlite,nestedFindAll,788,338
sdk,sqlite,nestedFindAll,789,331
sdk,sqlite,nestedFindAll,790,339
sdk,sqlite,nestedFindAll,791,340
sdk,sqlite,nestedFindAll,792,336
sdk,sqlite,nestedFindAll,793,340
sdk,sqlite,nestedFindAll,794,339
sdk,sqlite,nestedFindAll,795,340
sdk,sqlite,nestedFindAll,796,334
sdk,sqlite,nestedFindAll,797,334
sdk,sqlite,nestedFindAll,798,333
sdk,sqlite,nestedFindAll,799,346
sdk,sqlite,nestedFindAll,800,345
sdk,sqlite,nestedFindAll,801,339
sdk,sqlite,nestedFindAll,802,336
sdk,sqlite,nestedFindAll,803,501
sdk,sqlite,nestedFindAll,804,589
sdk,sqlite,nestedFindAll,805,356
sdk,sqlite,nestedFindAll,806,338
sdk,sqlite,nestedFindAll,807,348
sdk,sqlite,nestedFindAll,808,350
sdk,sqlite,nestedFindAll,809,338
sdk,sqlite,nestedFindAll,810,338
sdk,sqlite,nestedFindAll,811,336
sdk,sqlite,nestedFindAll,812,338
sdk,sqlite,nestedFindAll,813,343
sdk,sqlite,nestedFindAll,814,336
sdk,sqlite,nestedFindAll,815,335
sdk,sqlite,nestedFindAll,816,335
sdk,sqlite,nestedFindAll,817,336
sdk,sqlite,nestedFindAll,818,337
sdk,sqlite,nestedFindAll,819,341
sdk,sqlite,nestedFindAll,820,454
sdk,sqlite,nestedFindAll,821,619
sdk,sqlite,nestedFindAll,822,360
sdk,sqlite,nestedFindAll,823,350
sdk,sqlite,nestedFindAll,824,359
sdk,sqlite,nestedFindAll,825,355
sdk,sqlite,nestedFindAll,826,333
sdk,sqlite,nestedFindAll,827,337
sdk,sqlite,nestedFindAll,828,341
sdk,sqlite,nestedFindAll,829,335
sdk,sqlite,nestedFindAll,830,341
sdk,sqlite,nestedFindAll,831,340
sdk,sqlite,nestedFindAll,832,346
sdk,sqlite,nestedFindAll,833,337
sdk,sqlite,nestedFindAll,834,335
sdk,sqlite,nestedFindAll,835,347
sdk,sqlite,nestedFindAll,836,338
sdk,sqlite,nestedFindAll,837,522
sdk,sqlite,nestedFindAll,838,515
sdk,sqlite,nestedFindAll,839,357
sdk,sqlite,nestedFindAll,840,354
sdk,sqlite,nestedFindAll,841,345
sdk,sqlite,nestedFindAll,842,359
sdk,sqlite,nestedFindAll,843,349
sdk,sqlite,nestedFindAll,844,340
sdk,sqlite,nestedFindAll,845,344
sdk,sqlite,nestedFindAll,846,345
sdk,sqlite,nestedFindAll,847,337
sdk,sqlite,nestedFindAll,848,339
sdk,sqlite,nestedFindAll,849,344
sdk,sqlite,nestedFindAll,850,346
sdk,sqlite,nestedFindAll,851,337
sdk,sqlite,nestedFindAll,852,345
sdk,sqlite,nestedFindAll,853,344
sdk,sqlite,nestedFindAll,854,443
sdk,sqlite,nestedFindAll,855,493
sdk,sqlite,nestedFindAll,856,356
sdk,sqlite,nestedFindAll,857,349
sdk,sqlite,nestedFindAll,858,353
sdk,sqlite,nestedFindAll,859,345
sdk,sqlite,nestedFindAll,860,357
sdk,sqlite,nestedFindAll,861,353
sdk,sqlite,nestedFindAll,862,347
sdk,sqlite,nestedFindAll,863,350
sdk,sqlite,nestedFindAll,864,344
sdk,sqlite,nestedFindAll,865,348
sdk,sqlite,nestedFindAll,866,360
sdk,sqlite,nestedFindAll,867,356
sdk,sqlite,nestedFindAll,868,344
sdk,sqlite,nestedFindAll,869,352
sdk,sqlite,nestedFindAll,870,349
sdk,sqlite,nestedFindAll,871,532
sdk,sqlite,nestedFindAll,872,590
sdk,sqlite,nestedFindAll,873,366
sdk,sqlite,nestedFindAll,874,354
sdk,sqlite,nestedFindAll,875,353
sdk,sqlite,nestedFindAll,876,348
sdk,sqlite,nestedFindAll,877,389
sdk,sqlite,nestedFindAll,878,387
sdk,sqlite,nestedFindAll,879,369
sdk,sqlite,nestedFindAll,880,400
sdk,sqlite,nestedFindAll,881,366
sdk,sqlite,nestedFindAll,882,362
sdk,sqlite,nestedFindAll,883,364
sdk,sqlite,nestedFindAll,884,360
sdk,sqlite,nestedFindAll,885,365
sdk,sqlite,nestedFindAll,886,361
sdk,sqlite,nestedFindAll,887,359
sdk,sqlite,nestedFindAll,888,967
sdk,sqlite,nestedFindAll,889,388
sdk,sqlite,nestedFindAll,890,376
sdk,sqlite,nestedFindAll,891,371
sdk,sqlite,nestedFindAll,892,370
sdk,sqlite,nestedFindAll,893,366
sdk,sqlite,nestedFindAll,894,360
sdk,sqlite,nestedFindAll,895,356
sdk,sqlite,nestedFindAll,896,355
sdk,sqlite,nestedFindAll,897,358
sdk,sqlite,nestedFindAll,898,372
sdk,sqlite,nestedFindAll,899,369
sdk,sqlite,nestedFindAll,900,376
sdk,sqlite,nestedFindAll,901,387
sdk,sqlite,nestedFindAll,902,364
sdk,sqlite,nestedFindAll,903,357
sdk,sqlite,nestedFindAll,904,484
sdk,sqlite,nestedFindAll,905,516
sdk,sqlite,nestedFindAll,906,813
sdk,sqlite,nestedFindAll,907,372
sdk,sqlite,nestedFindAll,908,374
sdk,sqlite,nestedFindAll,909,383
sdk,sqlite,nestedFindAll,910,432
sdk,sqlite,nestedFindAll,911,418
sdk,sqlite,nestedFindAll,912,416
sdk,sqlite,nestedFindAll,913,378
sdk,sqlite,nestedFindAll,914,378
sdk,sqlite,nestedFindAll,915,365
sdk,sqlite,nestedFindAll,916,362
sdk,sqlite,nestedFindAll,917,706
sdk,sqlite,nestedFindAll,918,412
sdk,sqlite,nestedFindAll,919,1306
sdk,sqlite,nestedFindAll,920,384
sdk,sqlite,nestedFindAll,921,373
sdk,sqlite,nestedFindAll,922,1113
sdk,sqlite,nestedFindAll,923,913
sdk,sqlite,nestedFindAll,924,367
sdk,sqlite,nestedFindAll,925,353
sdk,sqlite,nestedFindAll,926,392
sdk,sqlite,nestedFindAll,927,361
sdk,sqlite,nestedFindAll,928,354
sdk,sqlite,nestedFindAll,929,353
sdk,sqlite,nestedFindAll,930,401
sdk,sqlite,nestedFindAll,931,356
sdk,sqlite,nestedFindAll,932,355
sdk,sqlite,nestedFindAll,933,350
sdk,sqlite,nestedFindAll,934,435
sdk,sqlite,nestedFindAll,935,409
sdk,sqlite,nestedFindAll,936,378
sdk,sqlite,nestedFindAll,937,393
sdk,sqlite,nestedFindAll,938,770
sdk,sqlite,nestedFindAll,939,368
sdk,sqlite,nestedFindAll,940,732
sdk,sqlite,nestedFindAll,941,484
sdk,sqlite,nestedFindAll,942,776
sdk,sqlite,nestedFindAll,943,429
sdk,sqlite,nestedFindAll,944,413
sdk,sqlite,nestedFindAll,945,386
sdk,sqlite,nestedFindAll,946,346
sdk,sqlite,nestedFindAll,947,336
sdk,sqlite,nestedFindAll,948,336
sdk,sqlite,nestedFindAll,949,331
sdk,sqlite,nestedFindAll,950,334
sdk,sqlite,nestedFindAll,951,331
sdk,sqlite,nestedFindAll,952,337
sdk,sqlite,nestedFindAll,953,344
sdk,sqlite,nestedFindAll,954,1238
sdk,sqlite,nestedFindAll,955,431
sdk,sqlite,nestedFindAll,956,365
sdk,sqlite,nestedFindAll,957,362
sdk,sqlite,nestedFindAll,958,624
sdk,sqlite,nestedFindAll,959,495
sdk,sqlite,nestedFindAll,960,422
sdk,sqlite,nestedFindAll,961,366
sdk,sqlite,nestedFindAll,962,374
sdk,sqlite,nestedFindAll,963,363
sdk,sqlite,nestedFindAll,964,363
sdk,sqlite,nestedFindAll,965,361
sdk,sqlite,nestedFindAll,966,406
sdk,sqlite,nestedFindAll,967,379
sdk,sqlite,nestedFindAll,968,360
sdk,sqlite,nestedFindAll,969,370
sdk,sqlite,nestedFindAll,970,371
sdk,sqlite,nestedFindAll,971,370
sdk,sqlite,nestedFindAll,972,488
sdk,sqlite,nestedFindAll,973,393
sdk,sqlite,nestedFindAll,974,505
sdk,sqlite,nestedFindAll,975,762
sdk,sqlite,nestedFindAll,976,364
sdk,sqlite,nestedFindAll,977,338
sdk,sqlite,nestedFindAll,978,336
sdk,sqlite,nestedFindAll,979,332
sdk,sqlite,nestedFindAll,980,331
sdk,sqlite,nestedFindAll,981,332
sdk,sqlite,nestedFindAll,982,334
sdk,sqlite,nestedFindAll,983,329
sdk,sqlite,nestedFindAll,984,332
sdk,sqlite,nestedFindAll,985,382
sdk,sqlite,nestedFindAll,986,357
sdk,sqlite,nestedFindAll,987,344
sdk,sqlite,nestedFindAll,988,347
sdk,sqlite,nestedFindAll,989,336
sdk,sqlite,nestedFindAll,990,492
sdk,sqlite,nestedFindAll,991,540
sdk,sqlite,nestedFindAll,992,376
sdk,sqlite,nestedFindAll,993,353
sdk,sqlite,nestedFindAll,994,391
sdk,sqlite,nestedFindAll,995,380
sdk,sqlite,nestedFindAll,996,439
sdk,sqlite,nestedFindAll,997,406
sdk,sqlite,nestedFindAll,998,482
sdk,sqlite,nestedFindAll,999,429
sdk,sqlite,nestedFindFirst,0,33
sdk,sqlite,nestedFindFirst,1,37
sdk,sqlite,nestedFindFirst,2,37
sdk,sqlite,nestedFindFirst,3,37
sdk,sqlite,nestedFindFirst,4,37
sdk,sqlite,nestedFindFirst,5,38
sdk,sqlite,nestedFindFirst,6,37
sdk,sqlite,nestedFindFirst,7,37
sdk,sqlite,nestedFindFirst,8,38
sdk,sqlite,nestedFindFirst,9,37
sdk,sqlite,nestedFindFirst,10,37
sdk,sqlite,nestedFindFirst,11,37
sdk,sqlite,nestedFindFirst,12,37
sdk,sqlite,nestedFindFirst,13,37
sdk,sqlite,nestedFindFirst,14,37
sdk,sqlite,nestedFindFirst,15,37
sdk,sqlite,nestedFindFirst,16,37
sdk,sqlite,nestedFindFirst,17,37
sdk,sqlite,nestedFindFirst,18,37
sdk,sqlite,nestedFindFirst,19,37
sdk,sqlite,nestedFindFirst,20,37
sdk,sqlite,nestedFindFirst,21,37
sdk,sqlite,nestedFindFirst,22,37
sdk,sqlite,nestedFindFirst,23,37
sdk,sqlite,nestedFindFirst,24,36
sdk,sqlite,nestedFindFirst,25,37
sdk,sqlite,nestedFindFirst,26,37
sdk,sqlite,nestedFindFirst,27,37
sdk,sqlite,nestedFindFirst,28,37
sdk,sqlite,nestedFindFirst,29,37
sdk,sqlite,nestedFindFirst,30,37
sdk,sqlite,nestedFindFirst,31,37
sdk,sqlite,nestedFindFirst,32,37
sdk,sqlite,nestedFindFirst,33,37
sdk,sqlite,nestedFindFirst,34,37
sdk,sqlite,nestedFindFirst,35,37
sdk,sqlite,nestedFindFirst,36,37
sdk,sqlite,nestedFindFirst,37,37
sdk,sqlite,nestedFindFirst,38,37
sdk,sqlite,nestedFindFirst,39,37
sdk,sqlite,nestedFindFirst,40,37
sdk,sqlite,nestedFindFirst,41,37
sdk,sqlite,nestedFindFirst,42,41
sdk,sqlite,nestedFindFirst,43,37
sdk,sqlite,nestedFindFirst,44,37
sdk,sqlite,nestedFindFirst,45,37
sdk,sqlite,nestedFindFirst,46,36
sdk,sqlite,nestedFindFirst,47,36
sdk,sqlite,nestedFindFirst,48,36
sdk,sqlite,nestedFindFirst,49,37
sdk,sqlite,nestedFindFirst,50,37
sdk,sqlite,nestedFindFirst,51,37
sdk,sqlite,nestedFindFirst,52,37
sdk,sqlite,nestedFindFirst,53,41
sdk,sqlite,nestedFindFirst,54,37
sdk,sqlite,nestedFindFirst,55,37
sdk,sqlite,nestedFindFirst,56,37
sdk,sqlite,nestedFindFirst,57,37
sdk,sqlite,nestedFindFirst,58,37
sdk,sqlite,nestedFindFirst,59,36
sdk,sqlite,nestedFindFirst,60,37
sdk,sqlite,nestedFindFirst,61,37
sdk,sqlite,nestedFindFirst,62,37
sdk,sqlite,nestedFindFirst,63,37
sdk,sqlite,nestedFindFirst,64,37
sdk,sqlite,nestedFindFirst,65,37
sdk,sqlite,nestedFindFirst,66,37
sdk,sqlite,nestedFindFirst,67,37
sdk,sqlite,nestedFindFirst,68,37
sdk,sqlite,nestedFindFirst,69,37
sdk,sqlite,nestedFindFirst,70,37
sdk,sqlite,nestedFindFirst,71,37
sdk,sqlite,nestedFindFirst,72,37
sdk,sqlite,nestedFindFirst,73,37
sdk,sqlite,nestedFindFirst,74,36
sdk,sqlite,nestedFindFirst,75,37
sdk,sqlite,nestedFindFirst,76,37
sdk,sqlite,nestedFindFirst,77,37
sdk,sqlite,nestedFindFirst,78,37
sdk,sqlite,nestedFindFirst,79,37
sdk,sqlite,nestedFindFirst,80,36
sdk,sqlite,nestedFindFirst,81,37
sdk,sqlite,nestedFindFirst,82,37
sdk,sqlite,nestedFindFirst,83,37
sdk,sqlite,nestedFindFirst,84,37
sdk,sqlite,nestedFindFirst,85,37
sdk,sqlite,nestedFindFirst,86,38
sdk,sqlite,nestedFindFirst,87,37
sdk,sqlite,nestedFindFirst,88,37
sdk,sqlite,nestedFindFirst,89,36
sdk,sqlite,nestedFindFirst,90,37
sdk,sqlite,nestedFindFirst,91,37
sdk,sqlite,nestedFindFirst,92,37
sdk,sqlite,nestedFindFirst,93,37
sdk,sqlite,nestedFindFirst,94,36
sdk,sqlite,nestedFindFirst,95,36
sdk,sqlite,nestedFindFirst,96,39
sdk,sqlite,nestedFindFirst,97,42
sdk,sqlite,nestedFindFirst,98,37
sdk,sqlite,nestedFindFirst,99,37
sdk,sqlite,nestedFindFirst,100,39
sdk,sqlite,nestedFindFirst,101,35
sdk,sqlite,nestedFindFirst,102,40
sdk,sqlite,nestedFindFirst,103,37
sdk,sqlite,nestedFindFirst,104,37
sdk,sqlite,nestedFindFirst,105,37
sdk,sqlite,nestedFindFirst,106,36
sdk,sqlite,nestedFindFirst,107,37
sdk,sqlite,nestedFindFirst,108,37
sdk,sqlite,nestedFindFirst,109,37
sdk,sqlite,nestedFindFirst,110,36
sdk,sqlite,nestedFindFirst,111,36
sdk,sqlite,nestedFindFirst,112,37
sdk,sqlite,nestedFindFirst,113,37
sdk,sqlite,nestedFindFirst,114,36
sdk,sqlite,nestedFindFirst,115,37
sdk,sqlite,nestedFindFirst,116,36
sdk,sqlite,nestedFindFirst,117,36
sdk,sqlite,nestedFindFirst,118,37
sdk,sqlite,nestedFindFirst,119,37
sdk,sqlite,nestedFindFirst,120,37
sdk,sqlite,nestedFindFirst,121,37
sdk,sqlite,nestedFindFirst,122,37
sdk,sqlite,nestedFindFirst,123,39
sdk,sqlite,nestedFindFirst,124,37
sdk,sqlite,nestedFindFirst,125,36
sdk,sqlite,nestedFindFirst,126,37
sdk,sqlite,nestedFindFirst,127,37
sdk,sqlite,nestedFindFirst,128,37
sdk,sqlite,nestedFindFirst,129,37
sdk,sqlite,nestedFindFirst,130,37
sdk,sqlite,nestedFindFirst,131,37
sdk,sqlite,nestedFindFirst,132,37
sdk,sqlite,nestedFindFirst,133,37
sdk,sqlite,nestedFindFirst,134,37
sdk,sqlite,nestedFindFirst,135,36
sdk,sqlite,nestedFindFirst,136,37
sdk,sqlite,nestedFindFirst,137,37
sdk,sqlite,nestedFindFirst,138,36
sdk,sqlite,nestedFindFirst,139,37
sdk,sqlite,nestedFindFirst,140,36
sdk,sqlite,nestedFindFirst,141,37
sdk,sqlite,nestedFindFirst,142,36
sdk,sqlite,nestedFindFirst,143,36
sdk,sqlite,nestedFindFirst,144,37
sdk,sqlite,nestedFindFirst,145,64
sdk,sqlite,nestedFindFirst,146,56
sdk,sqlite,nestedFindFirst,147,39
sdk,sqlite,nestedFindFirst,148,40
sdk,sqlite,nestedFindFirst,149,36
sdk,sqlite,nestedFindFirst,150,37
sdk,sqlite,nestedFindFirst,151,37
sdk,sqlite,nestedFindFirst,152,37
sdk,sqlite,nestedFindFirst,153,36
sdk,sqlite,nestedFindFirst,154,37
sdk,sqlite,nestedFindFirst,155,37
sdk,sqlite,nestedFindFirst,156,36
sdk,sqlite,nestedFindFirst,157,36
sdk,sqlite,nestedFindFirst,158,37
sdk,sqlite,nestedFindFirst,159,46
sdk,sqlite,nestedFindFirst,160,36
sdk,sqlite,nestedFindFirst,161,35
sdk,sqlite,nestedFindFirst,162,40
sdk,sqlite,nestedFindFirst,163,36
sdk,sqlite,nestedFindFirst,164,36
sdk,sqlite,nestedFindFirst,165,36
sdk,sqlite,nestedFindFirst,166,36
sdk,sqlite,nestedFindFirst,167,35
sdk,sqlite,nestedFindFirst,168,35
sdk,sqlite,nestedFindFirst,169,35
sdk,sqlite,nestedFindFirst,170,35
sdk,sqlite,nestedFindFirst,171,35
sdk,sqlite,nestedFindFirst,172,38
sdk,sqlite,nestedFindFirst,173,35
sdk,sqlite,nestedFindFirst,174,35
sdk,sqlite,nestedFindFirst,175,35
sdk,sqlite,nestedFindFirst,176,36
sdk,sqlite,nestedFindFirst,177,35
sdk,sqlite,nestedFindFirst,178,35
sdk,sqlite,nestedFindFirst,179,36
sdk,sqlite,nestedFindFirst,180,35
sdk,sqlite,nestedFindFirst,181,35
sdk,sqlite,nestedFindFirst,182,35
sdk,sqlite,nestedFindFirst,183,36
sdk,sqlite,nestedFindFirst,184,66
sdk,sqlite,nestedFindFirst,185,45
sdk,sqlite,nestedFindFirst,186,36
sdk,sqlite,nestedFindFirst,187,41
sdk,sqlite,nestedFindFirst,188,35
sdk,sqlite,nestedFindFirst,189,35
sdk,sqlite,nestedFindFirst,190,35
sdk,sqlite,nestedFindFirst,191,37
sdk,sqlite,nestedFindFirst,192,38
sdk,sqlite,nestedFindFirst,193,36
sdk,sqlite,nestedFindFirst,194,38
sdk,sqlite,nestedFindFirst,195,38
sdk,sqlite,nestedFindFirst,196,36
sdk,sqlite,nestedFindFirst,197,36
sdk,sqlite,nestedFindFirst,198,36
sdk,sqlite,nestedFindFirst,199,36
sdk,sqlite,nestedFindFirst,200,35
sdk,sqlite,nestedFindFirst,201,36
sdk,sqlite,nestedFindFirst,202,34
sdk,sqlite,nestedFindFirst,203,35
sdk,sqlite,nestedFindFirst,204,36
sdk,sqlite,nestedFindFirst,205,35
sdk,sqlite,nestedFindFirst,206,36
sdk,sqlite,nestedFindFirst,207,35
sdk,sqlite,nestedFindFirst,208,35
sdk,sqlite,nestedFindFirst,209,35
sdk,sqlite,nestedFindFirst,210,35
sdk,sqlite,nestedFindFirst,211,35
sdk,sqlite,nestedFindFirst,212,36
sdk,sqlite,nestedFindFirst,213,35
sdk,sqlite,nestedFindFirst,214,35
sdk,sqlite,nestedFindFirst,215,46
sdk,sqlite,nestedFindFirst,216,57
sdk,sqlite,nestedFindFirst,217,41
sdk,sqlite,nestedFindFirst,218,38
sdk,sqlite,nestedFindFirst,219,37
sdk,sqlite,nestedFindFirst,220,37
sdk,sqlite,nestedFindFirst,221,36
sdk,sqlite,nestedFindFirst,222,36
sdk,sqlite,nestedFindFirst,223,36
sdk,sqlite,nestedFindFirst,224,38
sdk,sqlite,nestedFindFirst,225,47
sdk,sqlite,nestedFindFirst,226,39
sdk,sqlite,nestedFindFirst,227,36
sdk,sqlite,nestedFindFirst,228,37
sdk,sqlite,nestedFindFirst,229,37
sdk,sqlite,nestedFindFirst,230,37
sdk,sqlite,nestedFindFirst,231,36
sdk,sqlite,nestedFindFirst,232,36
sdk,sqlite,nestedFindFirst,233,36
sdk,sqlite,nestedFindFirst,234,253
sdk,sqlite,nestedFindFirst,235,38
sdk,sqlite,nestedFindFirst,236,55
sdk,sqlite,nestedFindFirst,237,47
sdk,sqlite,nestedFindFirst,238,38
sdk,sqlite,nestedFindFirst,239,35
sdk,sqlite,nestedFindFirst,240,35
sdk,sqlite,nestedFindFirst,241,35
sdk,sqlite,nestedFindFirst,242,36
sdk,sqlite,nestedFindFirst,243,35
sdk,sqlite,nestedFindFirst,244,35
sdk,sqlite,nestedFindFirst,245,35
sdk,sqlite,nestedFindFirst,246,34
sdk,sqlite,nestedFindFirst,247,35
sdk,sqlite,nestedFindFirst,248,35
sdk,sqlite,nestedFindFirst,249,35
sdk,sqlite,nestedFindFirst,250,35
sdk,sqlite,nestedFindFirst,251,35
sdk,sqlite,nestedFindFirst,252,35
sdk,sqlite,nestedFindFirst,253,35
sdk,sqlite,nestedFindFirst,254,36
sdk,sqlite,nestedFindFirst,255,35
sdk,sqlite,nestedFindFirst,256,38
sdk,sqlite,nestedFindFirst,257,35
sdk,sqlite,nestedFindFirst,258,35
sdk,sqlite,nestedFindFirst,259,35
sdk,sqlite,nestedFindFirst,260,35
sdk,sqlite,nestedFindFirst,261,35
sdk,sqlite,nestedFindFirst,262,34
sdk,sqlite,nestedFindFirst,263,34
sdk,sqlite,nestedFindFirst,264,35
sdk,sqlite,nestedFindFirst,265,35
sdk,sqlite,nestedFindFirst,266,34
sdk,sqlite,nestedFindFirst,267,34
sdk,sqlite,nestedFindFirst,268,100
sdk,sqlite,nestedFindFirst,269,43
sdk,sqlite,nestedFindFirst,270,43
sdk,sqlite,nestedFindFirst,271,39
sdk,sqlite,nestedFindFirst,272,38
sdk,sqlite,nestedFindFirst,273,38
sdk,sqlite,nestedFindFirst,274,38
sdk,sqlite,nestedFindFirst,275,42
sdk,sqlite,nestedFindFirst,276,37
sdk,sqlite,nestedFindFirst,277,37
sdk,sqlite,nestedFindFirst,278,37
sdk,sqlite,nestedFindFirst,279,37
sdk,sqlite,nestedFindFirst,280,133
sdk,sqlite,nestedFindFirst,281,39
sdk,sqlite,nestedFindFirst,282,37
sdk,sqlite,nestedFindFirst,283,39
sdk,sqlite,nestedFindFirst,284,37
sdk,sqlite,nestedFindFirst,285,37
sdk,sqlite,nestedFindFirst,286,38
sdk,sqlite,nestedFindFirst,287,37
sdk,sqlite,nestedFindFirst,288,39
sdk,sqlite,nestedFindFirst,289,41
sdk,sqlite,nestedFindFirst,290,36
sdk,sqlite,nestedFindFirst,291,36
sdk,sqlite,nestedFindFirst,292,37
sdk,sqlite,nestedFindFirst,293,37
sdk,sqlite,nestedFindFirst,294,36
sdk,sqlite,nestedFindFirst,295,36
sdk,sqlite,nestedFindFirst,296,35
sdk,sqlite,nestedFindFirst,297,71
sdk,sqlite,nestedFindFirst,298,69
sdk,sqlite,nestedFindFirst,299,71
sdk,sqlite,nestedFindFirst,300,46
sdk,sqlite,nestedFindFirst,301,41
sdk,sqlite,nestedFindFirst,302,38
sdk,sqlite,nestedFindFirst,303,38
sdk,sqlite,nestedFindFirst,304,39
sdk,sqlite,nestedFindFirst,305,37
sdk,sqlite,nestedFindFirst,306,37
sdk,sqlite,nestedFindFirst,307,747
sdk,sqlite,nestedFindFirst,308,146
sdk,sqlite,nestedFindFirst,309,45
sdk,sqlite,nestedFindFirst,310,39
sdk,sqlite,nestedFindFirst,311,37
sdk,sqlite,nestedFindFirst,312,37
sdk,sqlite,nestedFindFirst,313,35
sdk,sqlite,nestedFindFirst,314,35
sdk,sqlite,nestedFindFirst,315,35
sdk,sqlite,nestedFindFirst,316,52
sdk,sqlite,nestedFindFirst,317,37
sdk,sqlite,nestedFindFirst,318,37
sdk,sqlite,nestedFindFirst,319,42
sdk,sqlite,nestedFindFirst,320,38
sdk,sqlite,nestedFindFirst,321,37
sdk,sqlite,nestedFindFirst,322,38
sdk,sqlite,nestedFindFirst,323,39
sdk,sqlite,nestedFindFirst,324,39
sdk,sqlite,nestedFindFirst,325,39
sdk,sqlite,nestedFindFirst,326,39
sdk,sqlite,nestedFindFirst,327,38
sdk,sqlite,nestedFindFirst,328,39
sdk,sqlite,nestedFindFirst,329,40
sdk,sqlite,nestedFindFirst,330,40
sdk,sqlite,nestedFindFirst,331,39
sdk,sqlite,nestedFindFirst,332,36
sdk,sqlite,nestedFindFirst,333,36
sdk,sqlite,nestedFindFirst,334,36
sdk,sqlite,nestedFindFirst,335,36
sdk,sqlite,nestedFindFirst,336,36
sdk,sqlite,nestedFindFirst,337,36
sdk,sqlite,nestedFindFirst,338,37
sdk,sqlite,nestedFindFirst,339,37
sdk,sqlite,nestedFindFirst,340,39
sdk,sqlite,nestedFindFirst,341,34
sdk,sqlite,nestedFindFirst,342,35
sdk,sqlite,nestedFindFirst,343,34
sdk,sqlite,nestedFindFirst,344,35
sdk,sqlite,nestedFindFirst,345,35
sdk,sqlite,nestedFindFirst,346,34
sdk,sqlite,nestedFindFirst,347,34
sdk,sqlite,nestedFindFirst,348,36
sdk,sqlite,nestedFindFirst,349,34
sdk,sqlite,nestedFindFirst,350,34
sdk,sqlite,nestedFindFirst,351,34
sdk,sqlite,nestedFindFirst,352,36
sdk,sqlite,nestedFindFirst,353,34
sdk,sqlite,nestedFindFirst,354,35
sdk,sqlite,nestedFindFirst,355,34
sdk,sqlite,nestedFindFirst,356,34
sdk,sqlite,nestedFindFirst,357,137
sdk,sqlite,nestedFindFirst,358,48
sdk,sqlite,nestedFindFirst,359,44
sdk,sqlite,nestedFindFirst,360,38
sdk,sqlite,nestedFindFirst,361,44
sdk,sqlite,nestedFindFirst,362,39
sdk,sqlite,nestedFindFirst,363,40
sdk,sqlite,nestedFindFirst,364,39
sdk,sqlite,nestedFindFirst,365,39
sdk,sqlite,nestedFindFirst,366,37
sdk,sqlite,nestedFindFirst,367,47
sdk,sqlite,nestedFindFirst,368,40
sdk,sqlite,nestedFindFirst,369,41
sdk,sqlite,nestedFindFirst,370,1122
sdk,sqlite,nestedFindFirst,371,42
sdk,sqlite,nestedFindFirst,372,38
sdk,sqlite,nestedFindFirst,373,37
sdk,sqlite,nestedFindFirst,374,37
sdk,sqlite,nestedFindFirst,375,37
sdk,sqlite,nestedFindFirst,376,37
sdk,sqlite,nestedFindFirst,377,37
sdk,sqlite,nestedFindFirst,378,37
sdk,sqlite,nestedFindFirst,379,37
sdk,sqlite,nestedFindFirst,380,37
sdk,sqlite,nestedFindFirst,381,41
sdk,sqlite,nestedFindFirst,382,40
sdk,sqlite,nestedFindFirst,383,38
sdk,sqlite,nestedFindFirst,384,38
sdk,sqlite,nestedFindFirst,385,38
sdk,sqlite,nestedFindFirst,386,42
sdk,sqlite,nestedFindFirst,387,38
sdk,sqlite,nestedFindFirst,388,38
sdk,sqlite,nestedFindFirst,389,38
sdk,sqlite,nestedFindFirst,390,41
sdk,sqlite,nestedFindFirst,391,38
sdk,sqlite,nestedFindFirst,392,38
sdk,sqlite,nestedFindFirst,393,39
sdk,sqlite,nestedFindFirst,394,38
sdk,sqlite,nestedFindFirst,395,38
sdk,sqlite,nestedFindFirst,396,39
sdk,sqlite,nestedFindFirst,397,38
sdk,sqlite,nestedFindFirst,398,39
sdk,sqlite,nestedFindFirst,399,38
sdk,sqlite,nestedFindFirst,400,38
sdk,sqlite,nestedFindFirst,401,39
sdk,sqlite,nestedFindFirst,402,38
sdk,sqlite,nestedFindFirst,403,38
sdk,sqlite,nestedFindFirst,404,38
sdk,sqlite,nestedFindFirst,405,38
sdk,sqlite,nestedFindFirst,406,41
sdk,sqlite,nestedFindFirst,407,38
sdk,sqlite,nestedFindFirst,408,38
sdk,sqlite,nestedFindFirst,409,38
sdk,sqlite,nestedFindFirst,410,38
sdk,sqlite,nestedFindFirst,411,38
sdk,sqlite,nestedFindFirst,412,39
sdk,sqlite,nestedFindFirst,413,38
sdk,sqlite,nestedFindFirst,414,38
sdk,sqlite,nestedFindFirst,415,43
sdk,sqlite,nestedFindFirst,416,39
sdk,sqlite,nestedFindFirst,417,39
sdk,sqlite,nestedFindFirst,418,39
sdk,sqlite,nestedFindFirst,419,38
sdk,sqlite,nestedFindFirst,420,38
sdk,sqlite,nestedFindFirst,421,38
sdk,sqlite,nestedFindFirst,422,38
sdk,sqlite,nestedFindFirst,423,41
sdk,sqlite,nestedFindFirst,424,38
sdk,sqlite,nestedFindFirst,425,38
sdk,sqlite,nestedFindFirst,426,39
sdk,sqlite,nestedFindFirst,427,39
sdk,sqlite,nestedFindFirst,428,39
sdk,sqlite,nestedFindFirst,429,38
sdk,sqlite,nestedFindFirst,430,38
sdk,sqlite,nestedFindFirst,431,38
sdk,sqlite,nestedFindFirst,432,38
sdk,sqlite,nestedFindFirst,433,38
sdk,sqlite,nestedFindFirst,434,38
sdk,sqlite,nestedFindFirst,435,38
sdk,sqlite,nestedFindFirst,436,38
sdk,sqlite,nestedFindFirst,437,38
sdk,sqlite,nestedFindFirst,438,34
sdk,sqlite,nestedFindFirst,439,35
sdk,sqlite,nestedFindFirst,440,44
sdk,sqlite,nestedFindFirst,441,38
sdk,sqlite,nestedFindFirst,442,38
sdk,sqlite,nestedFindFirst,443,38
sdk,sqlite,nestedFindFirst,444,38
sdk,sqlite,nestedFindFirst,445,38
sdk,sqlite,nestedFindFirst,446,38
sdk,sqlite,nestedFindFirst,447,38
sdk,sqlite,nestedFindFirst,448,38
sdk,sqlite,nestedFindFirst,449,38
sdk,sqlite,nestedFindFirst,450,39
sdk,sqlite,nestedFindFirst,451,38
sdk,sqlite,nestedFindFirst,452,38
sdk,sqlite,nestedFindFirst,453,41
sdk,sqlite,nestedFindFirst,454,39
sdk,sqlite,nestedFindFirst,455,38
sdk,sqlite,nestedFindFirst,456,38
sdk,sqlite,nestedFindFirst,457,38
sdk,sqlite,nestedFindFirst,458,38
sdk,sqlite,nestedFindFirst,459,38
sdk,sqlite,nestedFindFirst,460,38
sdk,sqlite,nestedFindFirst,461,38
sdk,sqlite,nestedFindFirst,462,39
sdk,sqlite,nestedFindFirst,463,38
sdk,sqlite,nestedFindFirst,464,39
sdk,sqlite,nestedFindFirst,465,38
sdk,sqlite,nestedFindFirst,466,38
sdk,sqlite,nestedFindFirst,467,38
sdk,sqlite,nestedFindFirst,468,38
sdk,sqlite,nestedFindFirst,469,38
sdk,sqlite,nestedFindFirst,470,38
sdk,sqlite,nestedFindFirst,471,38
sdk,sqlite,nestedFindFirst,472,38
sdk,sqlite,nestedFindFirst,473,38
sdk,sqlite,nestedFindFirst,474,38
sdk,sqlite,nestedFindFirst,475,38
sdk,sqlite,nestedFindFirst,476,40
sdk,sqlite,nestedFindFirst,477,39
sdk,sqlite,nestedFindFirst,478,38
sdk,sqlite,nestedFindFirst,479,41
sdk,sqlite,nestedFindFirst,480,38
sdk,sqlite,nestedFindFirst,481,38
sdk,sqlite,nestedFindFirst,482,39
sdk,sqlite,nestedFindFirst,483,42
sdk,sqlite,nestedFindFirst,484,38
sdk,sqlite,nestedFindFirst,485,38
sdk,sqlite,nestedFindFirst,486,38
sdk,sqlite,nestedFindFirst,487,38
sdk,sqlite,nestedFindFirst,488,38
sdk,sqlite,nestedFindFirst,489,38
sdk,sqlite,nestedFindFirst,490,38
sdk,sqlite,nestedFindFirst,491,38
sdk,sqlite,nestedFindFirst,492,39
sdk,sqlite,nestedFindFirst,493,38
sdk,sqlite,nestedFindFirst,494,38
sdk,sqlite,nestedFindFirst,495,38
sdk,sqlite,nestedFindFirst,496,39
sdk,sqlite,nestedFindFirst,497,38
sdk,sqlite,nestedFindFirst,498,39
sdk,sqlite,nestedFindFirst,499,42
sdk,sqlite,nestedFindFirst,500,38
sdk,sqlite,nestedFindFirst,501,38
sdk,sqlite,nestedFindFirst,502,39
sdk,sqlite,nestedFindFirst,503,39
sdk,sqlite,nestedFindFirst,504,38
sdk,sqlite,nestedFindFirst,505,39
sdk,sqlite,nestedFindFirst,506,38
sdk,sqlite,nestedFindFirst,507,38
sdk,sqlite,nestedFindFirst,508,38
sdk,sqlite,nestedFindFirst,509,38
sdk,sqlite,nestedFindFirst,510,42
sdk,sqlite,nestedFindFirst,511,37
sdk,sqlite,nestedFindFirst,512,36
sdk,sqlite,nestedFindFirst,513,36
sdk,sqlite,nestedFindFirst,514,38
sdk,sqlite,nestedFindFirst,515,37
sdk,sqlite,nestedFindFirst,516,37
sdk,sqlite,nestedFindFirst,517,37
sdk,sqlite,nestedFindFirst,518,36
sdk,sqlite,nestedFindFirst,519,36
sdk,sqlite,nestedFindFirst,520,37
sdk,sqlite,nestedFindFirst,521,37
sdk,sqlite,nestedFindFirst,522,38
sdk,sqlite,nestedFindFirst,523,36
sdk,sqlite,nestedFindFirst,524,37
sdk,sqlite,nestedFindFirst,525,37
sdk,sqlite,nestedFindFirst,526,37
sdk,sqlite,nestedFindFirst,527,36
sdk,sqlite,nestedFindFirst,528,37
sdk,sqlite,nestedFindFirst,529,36
sdk,sqlite,nestedFindFirst,530,36
sdk,sqlite,nestedFindFirst,531,40
sdk,sqlite,nestedFindFirst,532,37
sdk,sqlite,nestedFindFirst,533,36
sdk,sqlite,nestedFindFirst,534,40
sdk,sqlite,nestedFindFirst,535,37
sdk,sqlite,nestedFindFirst,536,36
sdk,sqlite,nestedFindFirst,537,40
sdk,sqlite,nestedFindFirst,538,37
sdk,sqlite,nestedFindFirst,539,37
sdk,sqlite,nestedFindFirst,540,43
sdk,sqlite,nestedFindFirst,541,40
sdk,sqlite,nestedFindFirst,542,44
sdk,sqlite,nestedFindFirst,543,37
sdk,sqlite,nestedFindFirst,544,37
sdk,sqlite,nestedFindFirst,545,40
sdk,sqlite,nestedFindFirst,546,36
sdk,sqlite,nestedFindFirst,547,36
sdk,sqlite,nestedFindFirst,548,41
sdk,sqlite,nestedFindFirst,549,36
sdk,sqlite,nestedFindFirst,550,36
sdk,sqlite,nestedFindFirst,551,36
sdk,sqlite,nestedFindFirst,552,37
sdk,sqlite,nestedFindFirst,553,42
sdk,sqlite,nestedFindFirst,554,36
sdk,sqlite,nestedFindFirst,555,37
sdk,sqlite,nestedFindFirst,556,40
sdk,sqlite,nestedFindFirst,557,36
sdk,sqlite,nestedFindFirst,558,36
sdk,sqlite,nestedFindFirst,559,37
sdk,sqlite,nestedFindFirst,560,40
sdk,sqlite,nestedFindFirst,561,36
sdk,sqlite,nestedFindFirst,562,36
sdk,sqlite,nestedFindFirst,563,36
sdk,sqlite,nestedFindFirst,564,36
sdk,sqlite,nestedFindFirst,565,38
sdk,sqlite,nestedFindFirst,566,37
sdk,sqlite,nestedFindFirst,567,37
sdk,sqlite,nestedFindFirst,568,41
sdk,sqlite,nestedFindFirst,569,37
sdk,sqlite,nestedFindFirst,570,39
sdk,sqlite,nestedFindFirst,571,36
sdk,sqlite,nestedFindFirst,572,39
sdk,sqlite,nestedFindFirst,573,37
sdk,sqlite,nestedFindFirst,574,37
sdk,sqlite,nestedFindFirst,575,37
sdk,sqlite,nestedFindFirst,576,37
sdk,sqlite,nestedFindFirst,577,37
sdk,sqlite,nestedFindFirst,578,40
sdk,sqlite,nestedFindFirst,579,40
sdk,sqlite,nestedFindFirst,580,37
sdk,sqlite,nestedFindFirst,581,36
sdk,sqlite,nestedFindFirst,582,36
sdk,sqlite,nestedFindFirst,583,36
sdk,sqlite,nestedFindFirst,584,41
sdk,sqlite,nestedFindFirst,585,37
sdk,sqlite,nestedFindFirst,586,40
sdk,sqlite,nestedFindFirst,587,37
sdk,sqlite,nestedFindFirst,588,36
sdk,sqlite,nestedFindFirst,589,36
sdk,sqlite,nestedFindFirst,590,36
sdk,sqlite,nestedFindFirst,591,37
sdk,sqlite,nestedFindFirst,592,36
sdk,sqlite,nestedFindFirst,593,36
sdk,sqlite,nestedFindFirst,594,36
sdk,sqlite,nestedFindFirst,595,36
sdk,sqlite,nestedFindFirst,596,38
sdk,sqlite,nestedFindFirst,597,42
sdk,sqlite,nestedFindFirst,598,38
sdk,sqlite,nestedFindFirst,599,38
sdk,sqlite,nestedFindFirst,600,38
sdk,sqlite,nestedFindFirst,601,43
sdk,sqlite,nestedFindFirst,602,37
sdk,sqlite,nestedFindFirst,603,36
sdk,sqlite,nestedFindFirst,604,39
sdk,sqlite,nestedFindFirst,605,36
sdk,sqlite,nestedFindFirst,606,37
sdk,sqlite,nestedFindFirst,607,40
sdk,sqlite,nestedFindFirst,608,36
sdk,sqlite,nestedFindFirst,609,36
sdk,sqlite,nestedFindFirst,610,37
sdk,sqlite,nestedFindFirst,611,36
sdk,sqlite,nestedFindFirst,612,36
sdk,sqlite,nestedFindFirst,613,37
sdk,sqlite,nestedFindFirst,614,40
sdk,sqlite,nestedFindFirst,615,36
sdk,sqlite,nestedFindFirst,616,37
sdk,sqlite,nestedFindFirst,617,37
sdk,sqlite,nestedFindFirst,618,36
sdk,sqlite,nestedFindFirst,619,37
sdk,sqlite,nestedFindFirst,620,37
sdk,sqlite,nestedFindFirst,621,42
sdk,sqlite,nestedFindFirst,622,39
sdk,sqlite,nestedFindFirst,623,38
sdk,sqlite,nestedFindFirst,624,38
sdk,sqlite,nestedFindFirst,625,38
sdk,sqlite,nestedFindFirst,626,38
sdk,sqlite,nestedFindFirst,627,39
sdk,sqlite,nestedFindFirst,628,39
sdk,sqlite,nestedFindFirst,629,41
sdk,sqlite,nestedFindFirst,630,38
sdk,sqlite,nestedFindFirst,631,39
sdk,sqlite,nestedFindFirst,632,38
sdk,sqlite,nestedFindFirst,633,38
sdk,sqlite,nestedFindFirst,634,43
sdk,sqlite,nestedFindFirst,635,38
sdk,sqlite,nestedFindFirst,636,38
sdk,sqlite,nestedFindFirst,637,38
sdk,sqlite,nestedFindFirst,638,38
sdk,sqlite,nestedFindFirst,639,38
sdk,sqlite,nestedFindFirst,640,38
sdk,sqlite,nestedFindFirst,641,38
sdk,sqlite,nestedFindFirst,642,38
sdk,sqlite,nestedFindFirst,643,40
sdk,sqlite,nestedFindFirst,644,38
sdk,sqlite,nestedFindFirst,645,38
sdk,sqlite,nestedFindFirst,646,38
sdk,sqlite,nestedFindFirst,647,38
sdk,sqlite,nestedFindFirst,648,38
sdk,sqlite,nestedFindFirst,649,38
sdk,sqlite,nestedFindFirst,650,38
sdk,sqlite,nestedFindFirst,651,38
sdk,sqlite,nestedFindFirst,652,38
sdk,sqlite,nestedFindFirst,653,38
sdk,sqlite,nestedFindFirst,654,38
sdk,sqlite,nestedFindFirst,655,38
sdk,sqlite,nestedFindFirst,656,44
sdk,sqlite,nestedFindFirst,657,42
sdk,sqlite,nestedFindFirst,658,38
sdk,sqlite,nestedFindFirst,659,38
sdk,sqlite,nestedFindFirst,660,38
sdk,sqlite,nestedFindFirst,661,38
sdk,sqlite,nestedFindFirst,662,38
sdk,sqlite,nestedFindFirst,663,38
sdk,sqlite,nestedFindFirst,664,38
sdk,sqlite,nestedFindFirst,665,38
sdk,sqlite,nestedFindFirst,666,38
sdk,sqlite,nestedFindFirst,667,38
sdk,sqlite,nestedFindFirst,668,38
sdk,sqlite,nestedFindFirst,669,40
sdk,sqlite,nestedFindFirst,670,38
sdk,sqlite,nestedFindFirst,671,42
sdk,sqlite,nestedFindFirst,672,38
sdk,sqlite,nestedFindFirst,673,39
sdk,sqlite,nestedFindFirst,674,38
sdk,sqlite,nestedFindFirst,675,39
sdk,sqlite,nestedFindFirst,676,39
sdk,sqlite,nestedFindFirst,677,39
sdk,sqlite,nestedFindFirst,678,39
sdk,sqlite,nestedFindFirst,679,39
sdk,sqlite,nestedFindFirst,680,40
sdk,sqlite,nestedFindFirst,681,39
sdk,sqlite,nestedFindFirst,682,39
sdk,sqlite,nestedFindFirst,683,40
sdk,sqlite,nestedFindFirst,684,39
sdk,sqlite,nestedFindFirst,685,39
sdk,sqlite,nestedFindFirst,686,39
sdk,sqlite,nestedFindFirst,687,39
sdk,sqlite,nestedFindFirst,688,39
sdk,sqlite,nestedFindFirst,689,39
sdk,sqlite,nestedFindFirst,690,39
sdk,sqlite,nestedFindFirst,691,39
sdk,sqlite,nestedFindFirst,692,42
sdk,sqlite,nestedFindFirst,693,40
sdk,sqlite,nestedFindFirst,694,39
sdk,sqlite,nestedFindFirst,695,39
sdk,sqlite,nestedFindFirst,696,39
sdk,sqlite,nestedFindFirst,697,39
sdk,sqlite,nestedFindFirst,698,39
sdk,sqlite,nestedFindFirst,699,39
sdk,sqlite,nestedFindFirst,700,39
sdk,sqlite,nestedFindFirst,701,40
sdk,sqlite,nestedFindFirst,702,41
sdk,sqlite,nestedFindFirst,703,38
sdk,sqlite,nestedFindFirst,704,38
sdk,sqlite,nestedFindFirst,705,39
sdk,sqlite,nestedFindFirst,706,38
sdk,sqlite,nestedFindFirst,707,38
sdk,sqlite,nestedFindFirst,708,43
sdk,sqlite,nestedFindFirst,709,36
sdk,sqlite,nestedFindFirst,710,36
sdk,sqlite,nestedFindFirst,711,36
sdk,sqlite,nestedFindFirst,712,36
sdk,sqlite,nestedFindFirst,713,36
sdk,sqlite,nestedFindFirst,714,37
sdk,sqlite,nestedFindFirst,715,37
sdk,sqlite,nestedFindFirst,716,36
sdk,sqlite,nestedFindFirst,717,38
sdk,sqlite,nestedFindFirst,718,42
sdk,sqlite,nestedFindFirst,719,38
sdk,sqlite,nestedFindFirst,720,41
sdk,sqlite,nestedFindFirst,721,36
sdk,sqlite,nestedFindFirst,722,40
sdk,sqlite,nestedFindFirst,723,35
sdk,sqlite,nestedFindFirst,724,45
sdk,sqlite,nestedFindFirst,725,40
sdk,sqlite,nestedFindFirst,726,38
sdk,sqlite,nestedFindFirst,727,38
sdk,sqlite,nestedFindFirst,728,38
sdk,sqlite,nestedFindFirst,729,38
sdk,sqlite,nestedFindFirst,730,38
sdk,sqlite,nestedFindFirst,731,39
sdk,sqlite,nestedFindFirst,732,38
sdk,sqlite,nestedFindFirst,733,38
sdk,sqlite,nestedFindFirst,734,38
sdk,sqlite,nestedFindFirst,735,39
sdk,sqlite,nestedFindFirst,736,38
sdk,sqlite,nestedFindFirst,737,38
sdk,sqlite,nestedFindFirst,738,39
sdk,sqlite,nestedFindFirst,739,38
sdk,sqlite,nestedFindFirst,740,38
sdk,sqlite,nestedFindFirst,741,38
sdk,sqlite,nestedFindFirst,742,38
sdk,sqlite,nestedFindFirst,743,38
sdk,sqlite,nestedFindFirst,744,39
sdk,sqlite,nestedFindFirst,745,38
sdk,sqlite,nestedFindFirst,746,38
sdk,sqlite,nestedFindFirst,747,38
sdk,sqlite,nestedFindFirst,748,38
sdk,sqlite,nestedFindFirst,749,38
sdk,sqlite,nestedFindFirst,750,38
sdk,sqlite,nestedFindFirst,751,39
sdk,sqlite,nestedFindFirst,752,38
sdk,sqlite,nestedFindFirst,753,41
sdk,sqlite,nestedFindFirst,754,38
sdk,sqlite,nestedFindFirst,755,38
sdk,sqlite,nestedFindFirst,756,38
sdk,sqlite,nestedFindFirst,757,41
sdk,sqlite,nestedFindFirst,758,38
sdk,sqlite,nestedFindFirst,759,41
sdk,sqlite,nestedFindFirst,760,38
sdk,sqlite,nestedFindFirst,761,37
sdk,sqlite,nestedFindFirst,762,38
sdk,sqlite,nestedFindFirst,763,37
sdk,sqlite,nestedFindFirst,764,38
sdk,sqlite,nestedFindFirst,765,38
sdk,sqlite,nestedFindFirst,766,38
sdk,sqlite,nestedFindFirst,767,38
sdk,sqlite,nestedFindFirst,768,38
sdk,sqlite,nestedFindFirst,769,39
sdk,sqlite,nestedFindFirst,770,38
sdk,sqlite,nestedFindFirst,771,37
sdk,sqlite,nestedFindFirst,772,38
sdk,sqlite,nestedFindFirst,773,41
sdk,sqlite,nestedFindFirst,774,38
sdk,sqlite,nestedFindFirst,775,38
sdk,sqlite,nestedFindFirst,776,37
sdk,sqlite,nestedFindFirst,777,38
sdk,sqlite,nestedFindFirst,778,38
sdk,sqlite,nestedFindFirst,779,37
sdk,sqlite,nestedFindFirst,780,38
sdk,sqlite,nestedFindFirst,781,41
sdk,sqlite,nestedFindFirst,782,38
sdk,sqlite,nestedFindFirst,783,38
sdk,sqlite,nestedFindFirst,784,41
sdk,sqlite,nestedFindFirst,785,38
sdk,sqlite,nestedFindFirst,786,37
sdk,sqlite,nestedFindFirst,787,37
sdk,sqlite,nestedFindFirst,788,37
sdk,sqlite,nestedFindFirst,789,37
sdk,sqlite,nestedFindFirst,790,37
sdk,sqlite,nestedFindFirst,791,38
sdk,sqlite,nestedFindFirst,792,37
sdk,sqlite,nestedFindFirst,793,42
sdk,sqlite,nestedFindFirst,794,38
sdk,sqlite,nestedFindFirst,795,41
sdk,sqlite,nestedFindFirst,796,41
sdk,sqlite,nestedFindFirst,797,37
sdk,sqlite,nestedFindFirst,798,37
sdk,sqlite,nestedFindFirst,799,40
sdk,sqlite,nestedFindFirst,800,43
sdk,sqlite,nestedFindFirst,801,39
sdk,sqlite,nestedFindFirst,802,39
sdk,sqlite,nestedFindFirst,803,42
sdk,sqlite,nestedFindFirst,804,39
sdk,sqlite,nestedFindFirst,805,39
sdk,sqlite,nestedFindFirst,806,39
sdk,sqlite,nestedFindFirst,807,45
sdk,sqlite,nestedFindFirst,808,44
sdk,sqlite,nestedFindFirst,809,39
sdk,sqlite,nestedFindFirst,810,39
sdk,sqlite,nestedFindFirst,811,39
sdk,sqlite,nestedFindFirst,812,43
sdk,sqlite,nestedFindFirst,813,42
sdk,sqlite,nestedFindFirst,814,39
sdk,sqlite,nestedFindFirst,815,39
sdk,sqlite,nestedFindFirst,816,41
sdk,sqlite,nestedFindFirst,817,34
sdk,sqlite,nestedFindFirst,818,35
sdk,sqlite,nestedFindFirst,819,34
sdk,sqlite,nestedFindFirst,820,39
sdk,sqlite,nestedFindFirst,821,41
sdk,sqlite,nestedFindFirst,822,40
sdk,sqlite,nestedFindFirst,823,39
sdk,sqlite,nestedFindFirst,824,39
sdk,sqlite,nestedFindFirst,825,42
sdk,sqlite,nestedFindFirst,826,39
sdk,sqlite,nestedFindFirst,827,44
sdk,sqlite,nestedFindFirst,828,37
sdk,sqlite,nestedFindFirst,829,37
sdk,sqlite,nestedFindFirst,830,37
sdk,sqlite,nestedFindFirst,831,37
sdk,sqlite,nestedFindFirst,832,38
sdk,sqlite,nestedFindFirst,833,37
sdk,sqlite,nestedFindFirst,834,40
sdk,sqlite,nestedFindFirst,835,37
sdk,sqlite,nestedFindFirst,836,38
sdk,sqlite,nestedFindFirst,837,41
sdk,sqlite,nestedFindFirst,838,41
sdk,sqlite,nestedFindFirst,839,38
sdk,sqlite,nestedFindFirst,840,41
sdk,sqlite,nestedFindFirst,841,40
sdk,sqlite,nestedFindFirst,842,38
sdk,sqlite,nestedFindFirst,843,42
sdk,sqlite,nestedFindFirst,844,42
sdk,sqlite,nestedFindFirst,845,38
sdk,sqlite,nestedFindFirst,846,40
sdk,sqlite,nestedFindFirst,847,38
sdk,sqlite,nestedFindFirst,848,41
sdk,sqlite,nestedFindFirst,849,41
sdk,sqlite,nestedFindFirst,850,43
sdk,sqlite,nestedFindFirst,851,38
sdk,sqlite,nestedFindFirst,852,38
sdk,sqlite,nestedFindFirst,853,38
sdk,sqlite,nestedFindFirst,854,37
sdk,sqlite,nestedFindFirst,855,41
sdk,sqlite,nestedFindFirst,856,37
sdk,sqlite,nestedFindFirst,857,37
sdk,sqlite,nestedFindFirst,858,38
sdk,sqlite,nestedFindFirst,859,41
sdk,sqlite,nestedFindFirst,860,37
sdk,sqlite,nestedFindFirst,861,37
sdk,sqlite,nestedFindFirst,862,38
sdk,sqlite,nestedFindFirst,863,38
sdk,sqlite,nestedFindFirst,864,40
sdk,sqlite,nestedFindFirst,865,37
sdk,sqlite,nestedFindFirst,866,37
sdk,sqlite,nestedFindFirst,867,38
sdk,sqlite,nestedFindFirst,868,37
sdk,sqlite,nestedFindFirst,869,41
sdk,sqlite,nestedFindFirst,870,38
sdk,sqlite,nestedFindFirst,871,41
sdk,sqlite,nestedFindFirst,872,37
sdk,sqlite,nestedFindFirst,873,37
sdk,sqlite,nestedFindFirst,874,38
sdk,sqlite,nestedFindFirst,875,37
sdk,sqlite,nestedFindFirst,876,37
sdk,sqlite,nestedFindFirst,877,37
sdk,sqlite,nestedFindFirst,878,37
sdk,sqlite,nestedFindFirst,879,37
sdk,sqlite,nestedFindFirst,880,40
sdk,sqlite,nestedFindFirst,881,37
sdk,sqlite,nestedFindFirst,882,37
sdk,sqlite,nestedFindFirst,883,41
sdk,sqlite,nestedFindFirst,884,37
sdk,sqlite,nestedFindFirst,885,37
sdk,sqlite,nestedFindFirst,886,37
sdk,sqlite,nestedFindFirst,887,37
sdk,sqlite,nestedFindFirst,888,42
sdk,sqlite,nestedFindFirst,889,37
sdk,sqlite,nestedFindFirst,890,37
sdk,sqlite,nestedFindFirst,891,38
sdk,sqlite,nestedFindFirst,892,41
sdk,sqlite,nestedFindFirst,893,37
sdk,sqlite,nestedFindFirst,894,37
sdk,sqlite,nestedFindFirst,895,38
sdk,sqlite,nestedFindFirst,896,38
sdk,sqlite,nestedFindFirst,897,37
sdk,sqlite,nestedFindFirst,898,37
sdk,sqlite,nestedFindFirst,899,38
sdk,sqlite,nestedFindFirst,900,38
sdk,sqlite,nestedFindFirst,901,37
sdk,sqlite,nestedFindFirst,902,37
sdk,sqlite,nestedFindFirst,903,37
sdk,sqlite,nestedFindFirst,904,38
sdk,sqlite,nestedFindFirst,905,37
sdk,sqlite,nestedFindFirst,906,38
sdk,sqlite,nestedFindFirst,907,37
sdk,sqlite,nestedFindFirst,908,38
sdk,sqlite,nestedFindFirst,909,38
sdk,sqlite,nestedFindFirst,910,43
sdk,sqlite,nestedFindFirst,911,238
sdk,sqlite,nestedFindFirst,912,38
sdk,sqlite,nestedFindFirst,913,37
sdk,sqlite,nestedFindFirst,914,37
sdk,sqlite,nestedFindFirst,915,38
sdk,sqlite,nestedFindFirst,916,38
sdk,sqlite,nestedFindFirst,917,38
sdk,sqlite,nestedFindFirst,918,37
sdk,sqlite,nestedFindFirst,919,41
sdk,sqlite,nestedFindFirst,920,37
sdk,sqlite,nestedFindFirst,921,38
sdk,sqlite,nestedFindFirst,922,43
sdk,sqlite,nestedFindFirst,923,42
sdk,sqlite,nestedFindFirst,924,40
sdk,sqlite,nestedFindFirst,925,43
sdk,sqlite,nestedFindFirst,926,39
sdk,sqlite,nestedFindFirst,927,39
sdk,sqlite,nestedFindFirst,928,39
sdk,sqlite,nestedFindFirst,929,43
sdk,sqlite,nestedFindFirst,930,39
sdk,sqlite,nestedFindFirst,931,39
sdk,sqlite,nestedFindFirst,932,39
sdk,sqlite,nestedFindFirst,933,39
sdk,sqlite,nestedFindFirst,934,42
sdk,sqlite,nestedFindFirst,935,38
sdk,sqlite,nestedFindFirst,936,37
sdk,sqlite,nestedFindFirst,937,37
sdk,sqlite,nestedFindFirst,938,37
sdk,sqlite,nestedFindFirst,939,37
sdk,sqlite,nestedFindFirst,940,38
sdk,sqlite,nestedFindFirst,941,43
sdk,sqlite,nestedFindFirst,942,41
sdk,sqlite,nestedFindFirst,943,38
sdk,sqlite,nestedFindFirst,944,40
sdk,sqlite,nestedFindFirst,945,38
sdk,sqlite,nestedFindFirst,946,44
sdk,sqlite,nestedFindFirst,947,42
sdk,sqlite,nestedFindFirst,948,37
sdk,sqlite,nestedFindFirst,949,38
sdk,sqlite,nestedFindFirst,950,37
sdk,sqlite,nestedFindFirst,951,38
sdk,sqlite,nestedFindFirst,952,37
sdk,sqlite,nestedFindFirst,953,37
sdk,sqlite,nestedFindFirst,954,43
sdk,sqlite,nestedFindFirst,955,34
sdk,sqlite,nestedFindFirst,956,37
sdk,sqlite,nestedFindFirst,957,37
sdk,sqlite,nestedFindFirst,958,37
sdk,sqlite,nestedFindFirst,959,41
sdk,sqlite,nestedFindFirst,960,37
sdk,sqlite,nestedFindFirst,961,37
sdk,sqlite,nestedFindFirst,962,44
sdk,sqlite,nestedFindFirst,963,39
sdk,sqlite,nestedFindFirst,964,39
sdk,sqlite,nestedFindFirst,965,39
sdk,sqlite,nestedFindFirst,966,38
sdk,sqlite,nestedFindFirst,967,39
sdk,sqlite,nestedFindFirst,968,41
sdk,sqlite,nestedFindFirst,969,36
sdk,sqlite,nestedFindFirst,970,37
sdk,sqlite,nestedFindFirst,971,38
sdk,sqlite,nestedFindFirst,972,38
sdk,sqlite,nestedFindFirst,973,37
sdk,sqlite,nestedFindFirst,974,37
sdk,sqlite,nestedFindFirst,975,37
sdk,sqlite,nestedFindFirst,976,37
sdk,sqlite,nestedFindFirst,977,37
sdk,sqlite,nestedFindFirst,978,37
sdk,sqlite,nestedFindFirst,979,37
sdk,sqlite,nestedFindFirst,980,37
sdk,sqlite,nestedFindFirst,981,37
sdk,sqlite,nestedFindFirst,982,37
sdk,sqlite,nestedFindFirst,983,37
sdk,sqlite,nestedFindFirst,984,40
sdk,sqlite,nestedFindFirst,985,41
sdk,sqlite,nestedFindFirst,986,42
sdk,sqlite,nestedFindFirst,987,37
sdk,sqlite,nestedFindFirst,988,37
sdk,sqlite,nestedFindFirst,989,37
sdk,sqlite,nestedFindFirst,990,37
sdk,sqlite,nestedFindFirst,991,37
sdk,sqlite,nestedFindFirst,992,37
sdk,sqlite,nestedFindFirst,993,37
sdk,sqlite,nestedFindFirst,994,37
sdk,sqlite,nestedFindFirst,995,38
sdk,sqlite,nestedFindFirst,996,37
sdk,sqlite,nestedFindFirst,997,38
sdk,sqlite,nestedFindFirst,998,39
sdk,sqlite,nestedFindFirst,999,37
sdk,sqlite,nestedFindUnique,0,28
sdk,sqlite,nestedFindUnique,1,33
sdk,sqlite,nestedFindUnique,2,36
sdk,sqlite,nestedFindUnique,3,30
sdk,sqlite,nestedFindUnique,4,32
sdk,sqlite,nestedFindUnique,5,35
sdk,sqlite,nestedFindUnique,6,32
sdk,sqlite,nestedFindUnique,7,32
sdk,sqlite,nestedFindUnique,8,32
sdk,sqlite,nestedFindUnique,9,32
sdk,sqlite,nestedFindUnique,10,32
sdk,sqlite,nestedFindUnique,11,32
sdk,sqlite,nestedFindUnique,12,35
sdk,sqlite,nestedFindUnique,13,32
sdk,sqlite,nestedFindUnique,14,32
sdk,sqlite,nestedFindUnique,15,40
sdk,sqlite,nestedFindUnique,16,37
sdk,sqlite,nestedFindUnique,17,33
sdk,sqlite,nestedFindUnique,18,45
sdk,sqlite,nestedFindUnique,19,33
sdk,sqlite,nestedFindUnique,20,33
sdk,sqlite,nestedFindUnique,21,38
sdk,sqlite,nestedFindUnique,22,33
sdk,sqlite,nestedFindUnique,23,36
sdk,sqlite,nestedFindUnique,24,32
sdk,sqlite,nestedFindUnique,25,32
sdk,sqlite,nestedFindUnique,26,32
sdk,sqlite,nestedFindUnique,27,32
sdk,sqlite,nestedFindUnique,28,32
sdk,sqlite,nestedFindUnique,29,32
sdk,sqlite,nestedFindUnique,30,32
sdk,sqlite,nestedFindUnique,31,32
sdk,sqlite,nestedFindUnique,32,32
sdk,sqlite,nestedFindUnique,33,32
sdk,sqlite,nestedFindUnique,34,36
sdk,sqlite,nestedFindUnique,35,29
sdk,sqlite,nestedFindUnique,36,32
sdk,sqlite,nestedFindUnique,37,36
sdk,sqlite,nestedFindUnique,38,37
sdk,sqlite,nestedFindUnique,39,33
sdk,sqlite,nestedFindUnique,40,36
sdk,sqlite,nestedFindUnique,41,37
sdk,sqlite,nestedFindUnique,42,33
sdk,sqlite,nestedFindUnique,43,33
sdk,sqlite,nestedFindUnique,44,36
sdk,sqlite,nestedFindUnique,45,38
sdk,sqlite,nestedFindUnique,46,33
sdk,sqlite,nestedFindUnique,47,37
sdk,sqlite,nestedFindUnique,48,33
sdk,sqlite,nestedFindUnique,49,33
sdk,sqlite,nestedFindUnique,50,36
sdk,sqlite,nestedFindUnique,51,35
sdk,sqlite,nestedFindUnique,52,36
sdk,sqlite,nestedFindUnique,53,37
sdk,sqlite,nestedFindUnique,54,33
sdk,sqlite,nestedFindUnique,55,33
sdk,sqlite,nestedFindUnique,56,34
sdk,sqlite,nestedFindUnique,57,37
sdk,sqlite,nestedFindUnique,58,33
sdk,sqlite,nestedFindUnique,59,34
sdk,sqlite,nestedFindUnique,60,35
sdk,sqlite,nestedFindUnique,61,36
sdk,sqlite,nestedFindUnique,62,32
sdk,sqlite,nestedFindUnique,63,29
sdk,sqlite,nestedFindUnique,64,30
sdk,sqlite,nestedFindUnique,65,30
sdk,sqlite,nestedFindUnique,66,29
sdk,sqlite,nestedFindUnique,67,31
sdk,sqlite,nestedFindUnique,68,31
sdk,sqlite,nestedFindUnique,69,33
sdk,sqlite,nestedFindUnique,70,34
sdk,sqlite,nestedFindUnique,71,36
sdk,sqlite,nestedFindUnique,72,33
sdk,sqlite,nestedFindUnique,73,39
sdk,sqlite,nestedFindUnique,74,34
sdk,sqlite,nestedFindUnique,75,34
sdk,sqlite,nestedFindUnique,76,37
sdk,sqlite,nestedFindUnique,77,33
sdk,sqlite,nestedFindUnique,78,38
sdk,sqlite,nestedFindUnique,79,33
sdk,sqlite,nestedFindUnique,80,34
sdk,sqlite,nestedFindUnique,81,32
sdk,sqlite,nestedFindUnique,82,31
sdk,sqlite,nestedFindUnique,83,30
sdk,sqlite,nestedFindUnique,84,30
sdk,sqlite,nestedFindUnique,85,30
sdk,sqlite,nestedFindUnique,86,30
sdk,sqlite,nestedFindUnique,87,30
sdk,sqlite,nestedFindUnique,88,33
sdk,sqlite,nestedFindUnique,89,38
sdk,sqlite,nestedFindUnique,90,37
sdk,sqlite,nestedFindUnique,91,37
sdk,sqlite,nestedFindUnique,92,33
sdk,sqlite,nestedFindUnique,93,33
sdk,sqlite,nestedFindUnique,94,32
sdk,sqlite,nestedFindUnique,95,35
sdk,sqlite,nestedFindUnique,96,32
sdk,sqlite,nestedFindUnique,97,35
sdk,sqlite,nestedFindUnique,98,32
sdk,sqlite,nestedFindUnique,99,36
sdk,sqlite,nestedFindUnique,100,38
sdk,sqlite,nestedFindUnique,101,37
sdk,sqlite,nestedFindUnique,102,33
sdk,sqlite,nestedFindUnique,103,35
sdk,sqlite,nestedFindUnique,104,35
sdk,sqlite,nestedFindUnique,105,33
sdk,sqlite,nestedFindUnique,106,33
sdk,sqlite,nestedFindUnique,107,32
sdk,sqlite,nestedFindUnique,108,32
sdk,sqlite,nestedFindUnique,109,32
sdk,sqlite,nestedFindUnique,110,32
sdk,sqlite,nestedFindUnique,111,32
sdk,sqlite,nestedFindUnique,112,32
sdk,sqlite,nestedFindUnique,113,32
sdk,sqlite,nestedFindUnique,114,32
sdk,sqlite,nestedFindUnique,115,32
sdk,sqlite,nestedFindUnique,116,32
sdk,sqlite,nestedFindUnique,117,32
sdk,sqlite,nestedFindUnique,118,36
sdk,sqlite,nestedFindUnique,119,37
sdk,sqlite,nestedFindUnique,120,36
sdk,sqlite,nestedFindUnique,121,31
sdk,sqlite,nestedFindUnique,122,32
sdk,sqlite,nestedFindUnique,123,34
sdk,sqlite,nestedFindUnique,124,32
sdk,sqlite,nestedFindUnique,125,32
sdk,sqlite,nestedFindUnique,126,32
sdk,sqlite,nestedFindUnique,127,31
sdk,sqlite,nestedFindUnique,128,31
sdk,sqlite,nestedFindUnique,129,32
sdk,sqlite,nestedFindUnique,130,32
sdk,sqlite,nestedFindUnique,131,36
sdk,sqlite,nestedFindUnique,132,32
sdk,sqlite,nestedFindUnique,133,32
sdk,sqlite,nestedFindUnique,134,32
sdk,sqlite,nestedFindUnique,135,32
sdk,sqlite,nestedFindUnique,136,34
sdk,sqlite,nestedFindUnique,137,32
sdk,sqlite,nestedFindUnique,138,32
sdk,sqlite,nestedFindUnique,139,32
sdk,sqlite,nestedFindUnique,140,32
sdk,sqlite,nestedFindUnique,141,32
sdk,sqlite,nestedFindUnique,142,34
sdk,sqlite,nestedFindUnique,143,32
sdk,sqlite,nestedFindUnique,144,37
sdk,sqlite,nestedFindUnique,145,311
sdk,sqlite,nestedFindUnique,146,39
sdk,sqlite,nestedFindUnique,147,38
sdk,sqlite,nestedFindUnique,148,35
sdk,sqlite,nestedFindUnique,149,38
sdk,sqlite,nestedFindUnique,150,44
sdk,sqlite,nestedFindUnique,151,35
sdk,sqlite,nestedFindUnique,152,34
sdk,sqlite,nestedFindUnique,153,258
sdk,sqlite,nestedFindUnique,154,33
sdk,sqlite,nestedFindUnique,155,30
sdk,sqlite,nestedFindUnique,156,30
sdk,sqlite,nestedFindUnique,157,30
sdk,sqlite,nestedFindUnique,158,30
sdk,sqlite,nestedFindUnique,159,30
sdk,sqlite,nestedFindUnique,160,29
sdk,sqlite,nestedFindUnique,161,29
sdk,sqlite,nestedFindUnique,162,30
sdk,sqlite,nestedFindUnique,163,30
sdk,sqlite,nestedFindUnique,164,30
sdk,sqlite,nestedFindUnique,165,30
sdk,sqlite,nestedFindUnique,166,30
sdk,sqlite,nestedFindUnique,167,30
sdk,sqlite,nestedFindUnique,168,31
sdk,sqlite,nestedFindUnique,169,30
sdk,sqlite,nestedFindUnique,170,30
sdk,sqlite,nestedFindUnique,171,30
sdk,sqlite,nestedFindUnique,172,30
sdk,sqlite,nestedFindUnique,173,30
sdk,sqlite,nestedFindUnique,174,30
sdk,sqlite,nestedFindUnique,175,37
sdk,sqlite,nestedFindUnique,176,37
sdk,sqlite,nestedFindUnique,177,33
sdk,sqlite,nestedFindUnique,178,30
sdk,sqlite,nestedFindUnique,179,33
sdk,sqlite,nestedFindUnique,180,34
sdk,sqlite,nestedFindUnique,181,33
sdk,sqlite,nestedFindUnique,182,34
sdk,sqlite,nestedFindUnique,183,33
sdk,sqlite,nestedFindUnique,184,29
sdk,sqlite,nestedFindUnique,185,29
sdk,sqlite,nestedFindUnique,186,30
sdk,sqlite,nestedFindUnique,187,36
sdk,sqlite,nestedFindUnique,188,29
sdk,sqlite,nestedFindUnique,189,30
sdk,sqlite,nestedFindUnique,190,33
sdk,sqlite,nestedFindUnique,191,30
sdk,sqlite,nestedFindUnique,192,33
sdk,sqlite,nestedFindUnique,193,33
sdk,sqlite,nestedFindUnique,194,33
sdk,sqlite,nestedFindUnique,195,33
sdk,sqlite,nestedFindUnique,196,34
sdk,sqlite,nestedFindUnique,197,33
sdk,sqlite,nestedFindUnique,198,29
sdk,sqlite,nestedFindUnique,199,34
sdk,sqlite,nestedFindUnique,200,30
sdk,sqlite,nestedFindUnique,201,32
sdk,sqlite,nestedFindUnique,202,31
sdk,sqlite,nestedFindUnique,203,33
sdk,sqlite,nestedFindUnique,204,31
sdk,sqlite,nestedFindUnique,205,34
sdk,sqlite,nestedFindUnique,206,37
sdk,sqlite,nestedFindUnique,207,31
sdk,sqlite,nestedFindUnique,208,37
sdk,sqlite,nestedFindUnique,209,33
sdk,sqlite,nestedFindUnique,210,34
sdk,sqlite,nestedFindUnique,211,33
sdk,sqlite,nestedFindUnique,212,37
sdk,sqlite,nestedFindUnique,213,32
sdk,sqlite,nestedFindUnique,214,30
sdk,sqlite,nestedFindUnique,215,36
sdk,sqlite,nestedFindUnique,216,37
sdk,sqlite,nestedFindUnique,217,36
sdk,sqlite,nestedFindUnique,218,37
sdk,sqlite,nestedFindUnique,219,37
sdk,sqlite,nestedFindUnique,220,36
sdk,sqlite,nestedFindUnique,221,35
sdk,sqlite,nestedFindUnique,222,33
sdk,sqlite,nestedFindUnique,223,34
sdk,sqlite,nestedFindUnique,224,37
sdk,sqlite,nestedFindUnique,225,34
sdk,sqlite,nestedFindUnique,226,33
sdk,sqlite,nestedFindUnique,227,30
sdk,sqlite,nestedFindUnique,228,34
sdk,sqlite,nestedFindUnique,229,34
sdk,sqlite,nestedFindUnique,230,33
sdk,sqlite,nestedFindUnique,231,34
sdk,sqlite,nestedFindUnique,232,37
sdk,sqlite,nestedFindUnique,233,36
sdk,sqlite,nestedFindUnique,234,36
sdk,sqlite,nestedFindUnique,235,37
sdk,sqlite,nestedFindUnique,236,37
sdk,sqlite,nestedFindUnique,237,36
sdk,sqlite,nestedFindUnique,238,37
sdk,sqlite,nestedFindUnique,239,38
sdk,sqlite,nestedFindUnique,240,33
sdk,sqlite,nestedFindUnique,241,34
sdk,sqlite,nestedFindUnique,242,33
sdk,sqlite,nestedFindUnique,243,36
sdk,sqlite,nestedFindUnique,244,39
sdk,sqlite,nestedFindUnique,245,33
sdk,sqlite,nestedFindUnique,246,36
sdk,sqlite,nestedFindUnique,247,33
sdk,sqlite,nestedFindUnique,248,36
sdk,sqlite,nestedFindUnique,249,37
sdk,sqlite,nestedFindUnique,250,38
sdk,sqlite,nestedFindUnique,251,33
sdk,sqlite,nestedFindUnique,252,29
sdk,sqlite,nestedFindUnique,253,33
sdk,sqlite,nestedFindUnique,254,36
sdk,sqlite,nestedFindUnique,255,36
sdk,sqlite,nestedFindUnique,256,36
sdk,sqlite,nestedFindUnique,257,33
sdk,sqlite,nestedFindUnique,258,33
sdk,sqlite,nestedFindUnique,259,37
sdk,sqlite,nestedFindUnique,260,36
sdk,sqlite,nestedFindUnique,261,33
sdk,sqlite,nestedFindUnique,262,36
sdk,sqlite,nestedFindUnique,263,30
sdk,sqlite,nestedFindUnique,264,34
sdk,sqlite,nestedFindUnique,265,34
sdk,sqlite,nestedFindUnique,266,33
sdk,sqlite,nestedFindUnique,267,33
sdk,sqlite,nestedFindUnique,268,36
sdk,sqlite,nestedFindUnique,269,37
sdk,sqlite,nestedFindUnique,270,36
sdk,sqlite,nestedFindUnique,271,33
sdk,sqlite,nestedFindUnique,272,35
sdk,sqlite,nestedFindUnique,273,36
sdk,sqlite,nestedFindUnique,274,33
sdk,sqlite,nestedFindUnique,275,35
sdk,sqlite,nestedFindUnique,276,37
sdk,sqlite,nestedFindUnique,277,37
sdk,sqlite,nestedFindUnique,278,36
sdk,sqlite,nestedFindUnique,279,36
sdk,sqlite,nestedFindUnique,280,33
sdk,sqlite,nestedFindUnique,281,37
sdk,sqlite,nestedFindUnique,282,36
sdk,sqlite,nestedFindUnique,283,36
sdk,sqlite,nestedFindUnique,284,37
sdk,sqlite,nestedFindUnique,285,37
sdk,sqlite,nestedFindUnique,286,32
sdk,sqlite,nestedFindUnique,287,36
sdk,sqlite,nestedFindUnique,288,37
sdk,sqlite,nestedFindUnique,289,33
sdk,sqlite,nestedFindUnique,290,37
sdk,sqlite,nestedFindUnique,291,36
sdk,sqlite,nestedFindUnique,292,39
sdk,sqlite,nestedFindUnique,293,36
sdk,sqlite,nestedFindUnique,294,35
sdk,sqlite,nestedFindUnique,295,36
sdk,sqlite,nestedFindUnique,296,37
sdk,sqlite,nestedFindUnique,297,36
sdk,sqlite,nestedFindUnique,298,37
sdk,sqlite,nestedFindUnique,299,33
sdk,sqlite,nestedFindUnique,300,33
sdk,sqlite,nestedFindUnique,301,36
sdk,sqlite,nestedFindUnique,302,36
sdk,sqlite,nestedFindUnique,303,32
sdk,sqlite,nestedFindUnique,304,30
sdk,sqlite,nestedFindUnique,305,33
sdk,sqlite,nestedFindUnique,306,36
sdk,sqlite,nestedFindUnique,307,36
sdk,sqlite,nestedFindUnique,308,36
sdk,sqlite,nestedFindUnique,309,36
sdk,sqlite,nestedFindUnique,310,34
sdk,sqlite,nestedFindUnique,311,36
sdk,sqlite,nestedFindUnique,312,36
sdk,sqlite,nestedFindUnique,313,38
sdk,sqlite,nestedFindUnique,314,36
sdk,sqlite,nestedFindUnique,315,33
sdk,sqlite,nestedFindUnique,316,34
sdk,sqlite,nestedFindUnique,317,36
sdk,sqlite,nestedFindUnique,318,42
sdk,sqlite,nestedFindUnique,319,36
sdk,sqlite,nestedFindUnique,320,36
sdk,sqlite,nestedFindUnique,321,37
sdk,sqlite,nestedFindUnique,322,34
sdk,sqlite,nestedFindUnique,323,37
sdk,sqlite,nestedFindUnique,324,33
sdk,sqlite,nestedFindUnique,325,33
sdk,sqlite,nestedFindUnique,326,37
sdk,sqlite,nestedFindUnique,327,38
sdk,sqlite,nestedFindUnique,328,33
sdk,sqlite,nestedFindUnique,329,37
sdk,sqlite,nestedFindUnique,330,36
sdk,sqlite,nestedFindUnique,331,36
sdk,sqlite,nestedFindUnique,332,35
sdk,sqlite,nestedFindUnique,333,33
sdk,sqlite,nestedFindUnique,334,37
sdk,sqlite,nestedFindUnique,335,33
sdk,sqlite,nestedFindUnique,336,37
sdk,sqlite,nestedFindUnique,337,33
sdk,sqlite,nestedFindUnique,338,34
sdk,sqlite,nestedFindUnique,339,33
sdk,sqlite,nestedFindUnique,340,36
sdk,sqlite,nestedFindUnique,341,34
sdk,sqlite,nestedFindUnique,342,34
sdk,sqlite,nestedFindUnique,343,34
sdk,sqlite,nestedFindUnique,344,36
sdk,sqlite,nestedFindUnique,345,33
sdk,sqlite,nestedFindUnique,346,33
sdk,sqlite,nestedFindUnique,347,33
sdk,sqlite,nestedFindUnique,348,36
sdk,sqlite,nestedFindUnique,349,35
sdk,sqlite,nestedFindUnique,350,36
sdk,sqlite,nestedFindUnique,351,33
sdk,sqlite,nestedFindUnique,352,35
sdk,sqlite,nestedFindUnique,353,35
sdk,sqlite,nestedFindUnique,354,36
sdk,sqlite,nestedFindUnique,355,32
sdk,sqlite,nestedFindUnique,356,31
sdk,sqlite,nestedFindUnique,357,32
sdk,sqlite,nestedFindUnique,358,31
sdk,sqlite,nestedFindUnique,359,31
sdk,sqlite,nestedFindUnique,360,32
sdk,sqlite,nestedFindUnique,361,31
sdk,sqlite,nestedFindUnique,362,33
sdk,sqlite,nestedFindUnique,363,32
sdk,sqlite,nestedFindUnique,364,31
sdk,sqlite,nestedFindUnique,365,31
sdk,sqlite,nestedFindUnique,366,32
sdk,sqlite,nestedFindUnique,367,31
sdk,sqlite,nestedFindUnique,368,32
sdk,sqlite,nestedFindUnique,369,31
sdk,sqlite,nestedFindUnique,370,31
sdk,sqlite,nestedFindUnique,371,34
sdk,sqlite,nestedFindUnique,372,32
sdk,sqlite,nestedFindUnique,373,34
sdk,sqlite,nestedFindUnique,374,31
sdk,sqlite,nestedFindUnique,375,31
sdk,sqlite,nestedFindUnique,376,31
sdk,sqlite,nestedFindUnique,377,31
sdk,sqlite,nestedFindUnique,378,31
sdk,sqlite,nestedFindUnique,379,31
sdk,sqlite,nestedFindUnique,380,32
sdk,sqlite,nestedFindUnique,381,31
sdk,sqlite,nestedFindUnique,382,34
sdk,sqlite,nestedFindUnique,383,32
sdk,sqlite,nestedFindUnique,384,35
sdk,sqlite,nestedFindUnique,385,32
sdk,sqlite,nestedFindUnique,386,33
sdk,sqlite,nestedFindUnique,387,32
sdk,sqlite,nestedFindUnique,388,34
sdk,sqlite,nestedFindUnique,389,33
sdk,sqlite,nestedFindUnique,390,36
sdk,sqlite,nestedFindUnique,391,37
sdk,sqlite,nestedFindUnique,392,33
sdk,sqlite,nestedFindUnique,393,36
sdk,sqlite,nestedFindUnique,394,33
sdk,sqlite,nestedFindUnique,395,33
sdk,sqlite,nestedFindUnique,396,34
sdk,sqlite,nestedFindUnique,397,33
sdk,sqlite,nestedFindUnique,398,33
sdk,sqlite,nestedFindUnique,399,33
sdk,sqlite,nestedFindUnique,400,33
sdk,sqlite,nestedFindUnique,401,33
sdk,sqlite,nestedFindUnique,402,36
sdk,sqlite,nestedFindUnique,403,37
sdk,sqlite,nestedFindUnique,404,34
sdk,sqlite,nestedFindUnique,405,33
sdk,sqlite,nestedFindUnique,406,33
sdk,sqlite,nestedFindUnique,407,33
sdk,sqlite,nestedFindUnique,408,35
sdk,sqlite,nestedFindUnique,409,32
sdk,sqlite,nestedFindUnique,410,35
sdk,sqlite,nestedFindUnique,411,38
sdk,sqlite,nestedFindUnique,412,36
sdk,sqlite,nestedFindUnique,413,32
sdk,sqlite,nestedFindUnique,414,32
sdk,sqlite,nestedFindUnique,415,35
sdk,sqlite,nestedFindUnique,416,32
sdk,sqlite,nestedFindUnique,417,33
sdk,sqlite,nestedFindUnique,418,36
sdk,sqlite,nestedFindUnique,419,35
sdk,sqlite,nestedFindUnique,420,32
sdk,sqlite,nestedFindUnique,421,32
sdk,sqlite,nestedFindUnique,422,32
sdk,sqlite,nestedFindUnique,423,31
sdk,sqlite,nestedFindUnique,424,34
sdk,sqlite,nestedFindUnique,425,37
sdk,sqlite,nestedFindUnique,426,34
sdk,sqlite,nestedFindUnique,427,33
sdk,sqlite,nestedFindUnique,428,35
sdk,sqlite,nestedFindUnique,429,33
sdk,sqlite,nestedFindUnique,430,33
sdk,sqlite,nestedFindUnique,431,33
sdk,sqlite,nestedFindUnique,432,32
sdk,sqlite,nestedFindUnique,433,36
sdk,sqlite,nestedFindUnique,434,37
sdk,sqlite,nestedFindUnique,435,33
sdk,sqlite,nestedFindUnique,436,33
sdk,sqlite,nestedFindUnique,437,34
sdk,sqlite,nestedFindUnique,438,33
sdk,sqlite,nestedFindUnique,439,33
sdk,sqlite,nestedFindUnique,440,33
sdk,sqlite,nestedFindUnique,441,34
sdk,sqlite,nestedFindUnique,442,33
sdk,sqlite,nestedFindUnique,443,33
sdk,sqlite,nestedFindUnique,444,33
sdk,sqlite,nestedFindUnique,445,33
sdk,sqlite,nestedFindUnique,446,36
sdk,sqlite,nestedFindUnique,447,33
sdk,sqlite,nestedFindUnique,448,34
sdk,sqlite,nestedFindUnique,449,33
sdk,sqlite,nestedFindUnique,450,33
sdk,sqlite,nestedFindUnique,451,33
sdk,sqlite,nestedFindUnique,452,33
sdk,sqlite,nestedFindUnique,453,33
sdk,sqlite,nestedFindUnique,454,33
sdk,sqlite,nestedFindUnique,455,33
sdk,sqlite,nestedFindUnique,456,33
sdk,sqlite,nestedFindUnique,457,33
sdk,sqlite,nestedFindUnique,458,33
sdk,sqlite,nestedFindUnique,459,38
sdk,sqlite,nestedFindUnique,460,33
sdk,sqlite,nestedFindUnique,461,34
sdk,sqlite,nestedFindUnique,462,33
sdk,sqlite,nestedFindUnique,463,29
sdk,sqlite,nestedFindUnique,464,33
sdk,sqlite,nestedFindUnique,465,34
sdk,sqlite,nestedFindUnique,466,33
sdk,sqlite,nestedFindUnique,467,33
sdk,sqlite,nestedFindUnique,468,33
sdk,sqlite,nestedFindUnique,469,34
sdk,sqlite,nestedFindUnique,470,33
sdk,sqlite,nestedFindUnique,471,33
sdk,sqlite,nestedFindUnique,472,33
sdk,sqlite,nestedFindUnique,473,33
sdk,sqlite,nestedFindUnique,474,33
sdk,sqlite,nestedFindUnique,475,33
sdk,sqlite,nestedFindUnique,476,33
sdk,sqlite,nestedFindUnique,477,33
sdk,sqlite,nestedFindUnique,478,33
sdk,sqlite,nestedFindUnique,479,33
sdk,sqlite,nestedFindUnique,480,36
sdk,sqlite,nestedFindUnique,481,36
sdk,sqlite,nestedFindUnique,482,33
sdk,sqlite,nestedFindUnique,483,33
sdk,sqlite,nestedFindUnique,484,34
sdk,sqlite,nestedFindUnique,485,33
sdk,sqlite,nestedFindUnique,486,33
sdk,sqlite,nestedFindUnique,487,33
sdk,sqlite,nestedFindUnique,488,33
sdk,sqlite,nestedFindUnique,489,33
sdk,sqlite,nestedFindUnique,490,34
sdk,sqlite,nestedFindUnique,491,33
sdk,sqlite,nestedFindUnique,492,34
sdk,sqlite,nestedFindUnique,493,33
sdk,sqlite,nestedFindUnique,494,33
sdk,sqlite,nestedFindUnique,495,33
sdk,sqlite,nestedFindUnique,496,36
sdk,sqlite,nestedFindUnique,497,33
sdk,sqlite,nestedFindUnique,498,33
sdk,sqlite,nestedFindUnique,499,33
sdk,sqlite,nestedFindUnique,500,33
sdk,sqlite,nestedFindUnique,501,33
sdk,sqlite,nestedFindUnique,502,33
sdk,sqlite,nestedFindUnique,503,34
sdk,sqlite,nestedFindUnique,504,34
sdk,sqlite,nestedFindUnique,505,33
sdk,sqlite,nestedFindUnique,506,37
sdk,sqlite,nestedFindUnique,507,35
sdk,sqlite,nestedFindUnique,508,36
sdk,sqlite,nestedFindUnique,509,37
sdk,sqlite,nestedFindUnique,510,33
sdk,sqlite,nestedFindUnique,511,33
sdk,sqlite,nestedFindUnique,512,33
sdk,sqlite,nestedFindUnique,513,33
sdk,sqlite,nestedFindUnique,514,36
sdk,sqlite,nestedFindUnique,515,33
sdk,sqlite,nestedFindUnique,516,33
sdk,sqlite,nestedFindUnique,517,33
sdk,sqlite,nestedFindUnique,518,33
sdk,sqlite,nestedFindUnique,519,33
sdk,sqlite,nestedFindUnique,520,33
sdk,sqlite,nestedFindUnique,521,33
sdk,sqlite,nestedFindUnique,522,36
sdk,sqlite,nestedFindUnique,523,33
sdk,sqlite,nestedFindUnique,524,33
sdk,sqlite,nestedFindUnique,525,33
sdk,sqlite,nestedFindUnique,526,33
sdk,sqlite,nestedFindUnique,527,33
sdk,sqlite,nestedFindUnique,528,33
sdk,sqlite,nestedFindUnique,529,33
sdk,sqlite,nestedFindUnique,530,33
sdk,sqlite,nestedFindUnique,531,33
sdk,sqlite,nestedFindUnique,532,33
sdk,sqlite,nestedFindUnique,533,36
sdk,sqlite,nestedFindUnique,534,37
sdk,sqlite,nestedFindUnique,535,33
sdk,sqlite,nestedFindUnique,536,33
sdk,sqlite,nestedFindUnique,537,33
sdk,sqlite,nestedFindUnique,538,33
sdk,sqlite,nestedFindUnique,539,32
sdk,sqlite,nestedFindUnique,540,37
sdk,sqlite,nestedFindUnique,541,33
sdk,sqlite,nestedFindUnique,542,33
sdk,sqlite,nestedFindUnique,543,37
sdk,sqlite,nestedFindUnique,544,37
sdk,sqlite,nestedFindUnique,545,33
sdk,sqlite,nestedFindUnique,546,33
sdk,sqlite,nestedFindUnique,547,34
sdk,sqlite,nestedFindUnique,548,33
sdk,sqlite,nestedFindUnique,549,34
sdk,sqlite,nestedFindUnique,550,33
sdk,sqlite,nestedFindUnique,551,34
sdk,sqlite,nestedFindUnique,552,33
sdk,sqlite,nestedFindUnique,553,33
sdk,sqlite,nestedFindUnique,554,33
sdk,sqlite,nestedFindUnique,555,33
sdk,sqlite,nestedFindUnique,556,33
sdk,sqlite,nestedFindUnique,557,30
sdk,sqlite,nestedFindUnique,558,31
sdk,sqlite,nestedFindUnique,559,37
sdk,sqlite,nestedFindUnique,560,34
sdk,sqlite,nestedFindUnique,561,35
sdk,sqlite,nestedFindUnique,562,33
sdk,sqlite,nestedFindUnique,563,33
sdk,sqlite,nestedFindUnique,564,34
sdk,sqlite,nestedFindUnique,565,33
sdk,sqlite,nestedFindUnique,566,35
sdk,sqlite,nestedFindUnique,567,35
sdk,sqlite,nestedFindUnique,568,31
sdk,sqlite,nestedFindUnique,569,32
sdk,sqlite,nestedFindUnique,570,32
sdk,sqlite,nestedFindUnique,571,31
sdk,sqlite,nestedFindUnique,572,31
sdk,sqlite,nestedFindUnique,573,31
sdk,sqlite,nestedFindUnique,574,33
sdk,sqlite,nestedFindUnique,575,32
sdk,sqlite,nestedFindUnique,576,32
sdk,sqlite,nestedFindUnique,577,31
sdk,sqlite,nestedFindUnique,578,31
sdk,sqlite,nestedFindUnique,579,32
sdk,sqlite,nestedFindUnique,580,32
sdk,sqlite,nestedFindUnique,581,36
sdk,sqlite,nestedFindUnique,582,79
sdk,sqlite,nestedFindUnique,583,37
sdk,sqlite,nestedFindUnique,584,33
sdk,sqlite,nestedFindUnique,585,33
sdk,sqlite,nestedFindUnique,586,33
sdk,sqlite,nestedFindUnique,587,33
sdk,sqlite,nestedFindUnique,588,36
sdk,sqlite,nestedFindUnique,589,34
sdk,sqlite,nestedFindUnique,590,33
sdk,sqlite,nestedFindUnique,591,35
sdk,sqlite,nestedFindUnique,592,35
sdk,sqlite,nestedFindUnique,593,32
sdk,sqlite,nestedFindUnique,594,31
sdk,sqlite,nestedFindUnique,595,31
sdk,sqlite,nestedFindUnique,596,32
sdk,sqlite,nestedFindUnique,597,32
sdk,sqlite,nestedFindUnique,598,32
sdk,sqlite,nestedFindUnique,599,32
sdk,sqlite,nestedFindUnique,600,32
sdk,sqlite,nestedFindUnique,601,32
sdk,sqlite,nestedFindUnique,602,32
sdk,sqlite,nestedFindUnique,603,32
sdk,sqlite,nestedFindUnique,604,32
sdk,sqlite,nestedFindUnique,605,31
sdk,sqlite,nestedFindUnique,606,31
sdk,sqlite,nestedFindUnique,607,32
sdk,sqlite,nestedFindUnique,608,32
sdk,sqlite,nestedFindUnique,609,31
sdk,sqlite,nestedFindUnique,610,31
sdk,sqlite,nestedFindUnique,611,31
sdk,sqlite,nestedFindUnique,612,31
sdk,sqlite,nestedFindUnique,613,32
sdk,sqlite,nestedFindUnique,614,31
sdk,sqlite,nestedFindUnique,615,32
sdk,sqlite,nestedFindUnique,616,32
sdk,sqlite,nestedFindUnique,617,31
sdk,sqlite,nestedFindUnique,618,31
sdk,sqlite,nestedFindUnique,619,32
sdk,sqlite,nestedFindUnique,620,31
sdk,sqlite,nestedFindUnique,621,31
sdk,sqlite,nestedFindUnique,622,32
sdk,sqlite,nestedFindUnique,623,32
sdk,sqlite,nestedFindUnique,624,33
sdk,sqlite,nestedFindUnique,625,35
sdk,sqlite,nestedFindUnique,626,33
sdk,sqlite,nestedFindUnique,627,33
sdk,sqlite,nestedFindUnique,628,35
sdk,sqlite,nestedFindUnique,629,35
sdk,sqlite,nestedFindUnique,630,32
sdk,sqlite,nestedFindUnique,631,32
sdk,sqlite,nestedFindUnique,632,31
sdk,sqlite,nestedFindUnique,633,32
sdk,sqlite,nestedFindUnique,634,33
sdk,sqlite,nestedFindUnique,635,32
sdk,sqlite,nestedFindUnique,636,34
sdk,sqlite,nestedFindUnique,637,31
sdk,sqlite,nestedFindUnique,638,34
sdk,sqlite,nestedFindUnique,639,32
sdk,sqlite,nestedFindUnique,640,31
sdk,sqlite,nestedFindUnique,641,32
sdk,sqlite,nestedFindUnique,642,32
sdk,sqlite,nestedFindUnique,643,32
sdk,sqlite,nestedFindUnique,644,31
sdk,sqlite,nestedFindUnique,645,31
sdk,sqlite,nestedFindUnique,646,32
sdk,sqlite,nestedFindUnique,647,31
sdk,sqlite,nestedFindUnique,648,32
sdk,sqlite,nestedFindUnique,649,32
sdk,sqlite,nestedFindUnique,650,31
sdk,sqlite,nestedFindUnique,651,32
sdk,sqlite,nestedFindUnique,652,32
sdk,sqlite,nestedFindUnique,653,32
sdk,sqlite,nestedFindUnique,654,32
sdk,sqlite,nestedFindUnique,655,31
sdk,sqlite,nestedFindUnique,656,32
sdk,sqlite,nestedFindUnique,657,32
sdk,sqlite,nestedFindUnique,658,32
sdk,sqlite,nestedFindUnique,659,31
sdk,sqlite,nestedFindUnique,660,31
sdk,sqlite,nestedFindUnique,661,34
sdk,sqlite,nestedFindUnique,662,32
sdk,sqlite,nestedFindUnique,663,32
sdk,sqlite,nestedFindUnique,664,32
sdk,sqlite,nestedFindUnique,665,32
sdk,sqlite,nestedFindUnique,666,32
sdk,sqlite,nestedFindUnique,667,31
sdk,sqlite,nestedFindUnique,668,32
sdk,sqlite,nestedFindUnique,669,34
sdk,sqlite,nestedFindUnique,670,32
sdk,sqlite,nestedFindUnique,671,32
sdk,sqlite,nestedFindUnique,672,32
sdk,sqlite,nestedFindUnique,673,31
sdk,sqlite,nestedFindUnique,674,34
sdk,sqlite,nestedFindUnique,675,31
sdk,sqlite,nestedFindUnique,676,31
sdk,sqlite,nestedFindUnique,677,32
sdk,sqlite,nestedFindUnique,678,32
sdk,sqlite,nestedFindUnique,679,32
sdk,sqlite,nestedFindUnique,680,32
sdk,sqlite,nestedFindUnique,681,31
sdk,sqlite,nestedFindUnique,682,31
sdk,sqlite,nestedFindUnique,683,31
sdk,sqlite,nestedFindUnique,684,31
sdk,sqlite,nestedFindUnique,685,31
sdk,sqlite,nestedFindUnique,686,32
sdk,sqlite,nestedFindUnique,687,31
sdk,sqlite,nestedFindUnique,688,32
sdk,sqlite,nestedFindUnique,689,31
sdk,sqlite,nestedFindUnique,690,32
sdk,sqlite,nestedFindUnique,691,32
sdk,sqlite,nestedFindUnique,692,31
sdk,sqlite,nestedFindUnique,693,31
sdk,sqlite,nestedFindUnique,694,32
sdk,sqlite,nestedFindUnique,695,31
sdk,sqlite,nestedFindUnique,696,31
sdk,sqlite,nestedFindUnique,697,31
sdk,sqlite,nestedFindUnique,698,32
sdk,sqlite,nestedFindUnique,699,31
sdk,sqlite,nestedFindUnique,700,31
sdk,sqlite,nestedFindUnique,701,32
sdk,sqlite,nestedFindUnique,702,33
sdk,sqlite,nestedFindUnique,703,31
sdk,sqlite,nestedFindUnique,704,32
sdk,sqlite,nestedFindUnique,705,32
sdk,sqlite,nestedFindUnique,706,31
sdk,sqlite,nestedFindUnique,707,32
sdk,sqlite,nestedFindUnique,708,31
sdk,sqlite,nestedFindUnique,709,31
sdk,sqlite,nestedFindUnique,710,32
sdk,sqlite,nestedFindUnique,711,31
sdk,sqlite,nestedFindUnique,712,35
sdk,sqlite,nestedFindUnique,713,32
sdk,sqlite,nestedFindUnique,714,31
sdk,sqlite,nestedFindUnique,715,37
sdk,sqlite,nestedFindUnique,716,37
sdk,sqlite,nestedFindUnique,717,35
sdk,sqlite,nestedFindUnique,718,34
sdk,sqlite,nestedFindUnique,719,31
sdk,sqlite,nestedFindUnique,720,32
sdk,sqlite,nestedFindUnique,721,32
sdk,sqlite,nestedFindUnique,722,32
sdk,sqlite,nestedFindUnique,723,32
sdk,sqlite,nestedFindUnique,724,31
sdk,sqlite,nestedFindUnique,725,31
sdk,sqlite,nestedFindUnique,726,31
sdk,sqlite,nestedFindUnique,727,31
sdk,sqlite,nestedFindUnique,728,32
sdk,sqlite,nestedFindUnique,729,32
sdk,sqlite,nestedFindUnique,730,32
sdk,sqlite,nestedFindUnique,731,32
sdk,sqlite,nestedFindUnique,732,32
sdk,sqlite,nestedFindUnique,733,31
sdk,sqlite,nestedFindUnique,734,32
sdk,sqlite,nestedFindUnique,735,31
sdk,sqlite,nestedFindUnique,736,31
sdk,sqlite,nestedFindUnique,737,31
sdk,sqlite,nestedFindUnique,738,32
sdk,sqlite,nestedFindUnique,739,32
sdk,sqlite,nestedFindUnique,740,31
sdk,sqlite,nestedFindUnique,741,31
sdk,sqlite,nestedFindUnique,742,32
sdk,sqlite,nestedFindUnique,743,32
sdk,sqlite,nestedFindUnique,744,32
sdk,sqlite,nestedFindUnique,745,32
sdk,sqlite,nestedFindUnique,746,31
sdk,sqlite,nestedFindUnique,747,31
sdk,sqlite,nestedFindUnique,748,31
sdk,sqlite,nestedFindUnique,749,31
sdk,sqlite,nestedFindUnique,750,32
sdk,sqlite,nestedFindUnique,751,31
sdk,sqlite,nestedFindUnique,752,32
sdk,sqlite,nestedFindUnique,753,31
sdk,sqlite,nestedFindUnique,754,32
sdk,sqlite,nestedFindUnique,755,31
sdk,sqlite,nestedFindUnique,756,32
sdk,sqlite,nestedFindUnique,757,32
sdk,sqlite,nestedFindUnique,758,32
sdk,sqlite,nestedFindUnique,759,32
sdk,sqlite,nestedFindUnique,760,32
sdk,sqlite,nestedFindUnique,761,36
sdk,sqlite,nestedFindUnique,762,34
sdk,sqlite,nestedFindUnique,763,37
sdk,sqlite,nestedFindUnique,764,35
sdk,sqlite,nestedFindUnique,765,32
sdk,sqlite,nestedFindUnique,766,31
sdk,sqlite,nestedFindUnique,767,32
sdk,sqlite,nestedFindUnique,768,32
sdk,sqlite,nestedFindUnique,769,31
sdk,sqlite,nestedFindUnique,770,31
sdk,sqlite,nestedFindUnique,771,31
sdk,sqlite,nestedFindUnique,772,31
sdk,sqlite,nestedFindUnique,773,31
sdk,sqlite,nestedFindUnique,774,32
sdk,sqlite,nestedFindUnique,775,32
sdk,sqlite,nestedFindUnique,776,32
sdk,sqlite,nestedFindUnique,777,31
sdk,sqlite,nestedFindUnique,778,32
sdk,sqlite,nestedFindUnique,779,32
sdk,sqlite,nestedFindUnique,780,32
sdk,sqlite,nestedFindUnique,781,32
sdk,sqlite,nestedFindUnique,782,32
sdk,sqlite,nestedFindUnique,783,32
sdk,sqlite,nestedFindUnique,784,35
sdk,sqlite,nestedFindUnique,785,31
sdk,sqlite,nestedFindUnique,786,32
sdk,sqlite,nestedFindUnique,787,32
sdk,sqlite,nestedFindUnique,788,32
sdk,sqlite,nestedFindUnique,789,32
sdk,sqlite,nestedFindUnique,790,32
sdk,sqlite,nestedFindUnique,791,31
sdk,sqlite,nestedFindUnique,792,32
sdk,sqlite,nestedFindUnique,793,31
sdk,sqlite,nestedFindUnique,794,32
sdk,sqlite,nestedFindUnique,795,32
sdk,sqlite,nestedFindUnique,796,31
sdk,sqlite,nestedFindUnique,797,32
sdk,sqlite,nestedFindUnique,798,32
sdk,sqlite,nestedFindUnique,799,32
sdk,sqlite,nestedFindUnique,800,32
sdk,sqlite,nestedFindUnique,801,31
sdk,sqlite,nestedFindUnique,802,31
sdk,sqlite,nestedFindUnique,803,33
sdk,sqlite,nestedFindUnique,804,31
sdk,sqlite,nestedFindUnique,805,31
sdk,sqlite,nestedFindUnique,806,32
sdk,sqlite,nestedFindUnique,807,31
sdk,sqlite,nestedFindUnique,808,35
sdk,sqlite,nestedFindUnique,809,36
sdk,sqlite,nestedFindUnique,810,35
sdk,sqlite,nestedFindUnique,811,32
sdk,sqlite,nestedFindUnique,812,32
sdk,sqlite,nestedFindUnique,813,31
sdk,sqlite,nestedFindUnique,814,31
sdk,sqlite,nestedFindUnique,815,31
sdk,sqlite,nestedFindUnique,816,31
sdk,sqlite,nestedFindUnique,817,31
sdk,sqlite,nestedFindUnique,818,31
sdk,sqlite,nestedFindUnique,819,32
sdk,sqlite,nestedFindUnique,820,31
sdk,sqlite,nestedFindUnique,821,35
sdk,sqlite,nestedFindUnique,822,33
sdk,sqlite,nestedFindUnique,823,32
sdk,sqlite,nestedFindUnique,824,32
sdk,sqlite,nestedFindUnique,825,32
sdk,sqlite,nestedFindUnique,826,32
sdk,sqlite,nestedFindUnique,827,32
sdk,sqlite,nestedFindUnique,828,31
sdk,sqlite,nestedFindUnique,829,31
sdk,sqlite,nestedFindUnique,830,32
sdk,sqlite,nestedFindUnique,831,32
sdk,sqlite,nestedFindUnique,832,31
sdk,sqlite,nestedFindUnique,833,32
sdk,sqlite,nestedFindUnique,834,31
sdk,sqlite,nestedFindUnique,835,31
sdk,sqlite,nestedFindUnique,836,31
sdk,sqlite,nestedFindUnique,837,32
sdk,sqlite,nestedFindUnique,838,31
sdk,sqlite,nestedFindUnique,839,31
sdk,sqlite,nestedFindUnique,840,31
sdk,sqlite,nestedFindUnique,841,31
sdk,sqlite,nestedFindUnique,842,32
sdk,sqlite,nestedFindUnique,843,31
sdk,sqlite,nestedFindUnique,844,32
sdk,sqlite,nestedFindUnique,845,32
sdk,sqlite,nestedFindUnique,846,31
sdk,sqlite,nestedFindUnique,847,32
sdk,sqlite,nestedFindUnique,848,32
sdk,sqlite,nestedFindUnique,849,32
sdk,sqlite,nestedFindUnique,850,32
sdk,sqlite,nestedFindUnique,851,32
sdk,sqlite,nestedFindUnique,852,33
sdk,sqlite,nestedFindUnique,853,32
sdk,sqlite,nestedFindUnique,854,35
sdk,sqlite,nestedFindUnique,855,32
sdk,sqlite,nestedFindUnique,856,32
sdk,sqlite,nestedFindUnique,857,31
sdk,sqlite,nestedFindUnique,858,31
sdk,sqlite,nestedFindUnique,859,32
sdk,sqlite,nestedFindUnique,860,32
sdk,sqlite,nestedFindUnique,861,32
sdk,sqlite,nestedFindUnique,862,32
sdk,sqlite,nestedFindUnique,863,35
sdk,sqlite,nestedFindUnique,864,36
sdk,sqlite,nestedFindUnique,865,35
sdk,sqlite,nestedFindUnique,866,33
sdk,sqlite,nestedFindUnique,867,35
sdk,sqlite,nestedFindUnique,868,35
sdk,sqlite,nestedFindUnique,869,34
sdk,sqlite,nestedFindUnique,870,31
sdk,sqlite,nestedFindUnique,871,32
sdk,sqlite,nestedFindUnique,872,32
sdk,sqlite,nestedFindUnique,873,32
sdk,sqlite,nestedFindUnique,874,33
sdk,sqlite,nestedFindUnique,875,31
sdk,sqlite,nestedFindUnique,876,88
sdk,sqlite,nestedFindUnique,877,86
sdk,sqlite,nestedFindUnique,878,45
sdk,sqlite,nestedFindUnique,879,45
sdk,sqlite,nestedFindUnique,880,32
sdk,sqlite,nestedFindUnique,881,32
sdk,sqlite,nestedFindUnique,882,36
sdk,sqlite,nestedFindUnique,883,39
sdk,sqlite,nestedFindUnique,884,35
sdk,sqlite,nestedFindUnique,885,35
sdk,sqlite,nestedFindUnique,886,32
sdk,sqlite,nestedFindUnique,887,31
sdk,sqlite,nestedFindUnique,888,290
sdk,sqlite,nestedFindUnique,889,60
sdk,sqlite,nestedFindUnique,890,38
sdk,sqlite,nestedFindUnique,891,33
sdk,sqlite,nestedFindUnique,892,32
sdk,sqlite,nestedFindUnique,893,32
sdk,sqlite,nestedFindUnique,894,32
sdk,sqlite,nestedFindUnique,895,32
sdk,sqlite,nestedFindUnique,896,32
sdk,sqlite,nestedFindUnique,897,35
sdk,sqlite,nestedFindUnique,898,33
sdk,sqlite,nestedFindUnique,899,39
sdk,sqlite,nestedFindUnique,900,32
sdk,sqlite,nestedFindUnique,901,35
sdk,sqlite,nestedFindUnique,902,32
sdk,sqlite,nestedFindUnique,903,35
sdk,sqlite,nestedFindUnique,904,31
sdk,sqlite,nestedFindUnique,905,32
sdk,sqlite,nestedFindUnique,906,32
sdk,sqlite,nestedFindUnique,907,34
sdk,sqlite,nestedFindUnique,908,35
sdk,sqlite,nestedFindUnique,909,35
sdk,sqlite,nestedFindUnique,910,29
sdk,sqlite,nestedFindUnique,911,32
sdk,sqlite,nestedFindUnique,912,32
sdk,sqlite,nestedFindUnique,913,32
sdk,sqlite,nestedFindUnique,914,34
sdk,sqlite,nestedFindUnique,915,32
sdk,sqlite,nestedFindUnique,916,34
sdk,sqlite,nestedFindUnique,917,32
sdk,sqlite,nestedFindUnique,918,32
sdk,sqlite,nestedFindUnique,919,34
sdk,sqlite,nestedFindUnique,920,32
sdk,sqlite,nestedFindUnique,921,34
sdk,sqlite,nestedFindUnique,922,31
sdk,sqlite,nestedFindUnique,923,32
sdk,sqlite,nestedFindUnique,924,34
sdk,sqlite,nestedFindUnique,925,31
sdk,sqlite,nestedFindUnique,926,34
sdk,sqlite,nestedFindUnique,927,32
sdk,sqlite,nestedFindUnique,928,34
sdk,sqlite,nestedFindUnique,929,34
sdk,sqlite,nestedFindUnique,930,31
sdk,sqlite,nestedFindUnique,931,35
sdk,sqlite,nestedFindUnique,932,31
sdk,sqlite,nestedFindUnique,933,32
sdk,sqlite,nestedFindUnique,934,31
sdk,sqlite,nestedFindUnique,935,31
sdk,sqlite,nestedFindUnique,936,32
sdk,sqlite,nestedFindUnique,937,35
sdk,sqlite,nestedFindUnique,938,31
sdk,sqlite,nestedFindUnique,939,31
sdk,sqlite,nestedFindUnique,940,34
sdk,sqlite,nestedFindUnique,941,31
sdk,sqlite,nestedFindUnique,942,34
sdk,sqlite,nestedFindUnique,943,31
sdk,sqlite,nestedFindUnique,944,31
sdk,sqlite,nestedFindUnique,945,36
sdk,sqlite,nestedFindUnique,946,31
sdk,sqlite,nestedFindUnique,947,32
sdk,sqlite,nestedFindUnique,948,32
sdk,sqlite,nestedFindUnique,949,32
sdk,sqlite,nestedFindUnique,950,31
sdk,sqlite,nestedFindUnique,951,34
sdk,sqlite,nestedFindUnique,952,35
sdk,sqlite,nestedFindUnique,953,35
sdk,sqlite,nestedFindUnique,954,32
sdk,sqlite,nestedFindUnique,955,34
sdk,sqlite,nestedFindUnique,956,32
sdk,sqlite,nestedFindUnique,957,31
sdk,sqlite,nestedFindUnique,958,31
sdk,sqlite,nestedFindUnique,959,36
sdk,sqlite,nestedFindUnique,960,34
sdk,sqlite,nestedFindUnique,961,35
sdk,sqlite,nestedFindUnique,962,31
sdk,sqlite,nestedFindUnique,963,34
sdk,sqlite,nestedFindUnique,964,32
sdk,sqlite,nestedFindUnique,965,38
sdk,sqlite,nestedFindUnique,966,32
sdk,sqlite,nestedFindUnique,967,34
sdk,sqlite,nestedFindUnique,968,34
sdk,sqlite,nestedFindUnique,969,32
sdk,sqlite,nestedFindUnique,970,32
sdk,sqlite,nestedFindUnique,971,31
sdk,sqlite,nestedFindUnique,972,32
sdk,sqlite,nestedFindUnique,973,31
sdk,sqlite,nestedFindUnique,974,31
sdk,sqlite,nestedFindUnique,975,34
sdk,sqlite,nestedFindUnique,976,31
sdk,sqlite,nestedFindUnique,977,34
sdk,sqlite,nestedFindUnique,978,31
sdk,sqlite,nestedFindUnique,979,31
sdk,sqlite,nestedFindUnique,980,32
sdk,sqlite,nestedFindUnique,981,32
sdk,sqlite,nestedFindUnique,982,37
sdk,sqlite,nestedFindUnique,983,31
sdk,sqlite,nestedFindUnique,984,32
sdk,sqlite,nestedFindUnique,985,31
sdk,sqlite,nestedFindUnique,986,31
sdk,sqlite,nestedFindUnique,987,31
sdk,sqlite,nestedFindUnique,988,31
sdk,sqlite,nestedFindUnique,989,31
sdk,sqlite,nestedFindUnique,990,34
sdk,sqlite,nestedFindUnique,991,36
sdk,sqlite,nestedFindUnique,992,34
sdk,sqlite,nestedFindUnique,993,29
sdk,sqlite,nestedFindUnique,994,35
sdk,sqlite,nestedFindUnique,995,31
sdk,sqlite,nestedFindUnique,996,31
sdk,sqlite,nestedFindUnique,997,31
sdk,sqlite,nestedFindUnique,998,32
sdk,sqlite,nestedFindUnique,999,31
sdk,sqlite,nestedRelations,0,811
sdk,sqlite,nestedRelations,1,838
sdk,sqlite,nestedRelations,2,826
sdk,sqlite,nestedRelations,3,816
sdk,sqlite,nestedRelations,4,883
sdk,sqlite,nestedRelations,5,1165
sdk,sqlite,nestedRelations,6,818
sdk,sqlite,nestedRelations,7,799
sdk,sqlite,nestedRelations,8,809
sdk,sqlite,nestedRelations,9,809
sdk,sqlite,nestedRelations,10,819
sdk,sqlite,nestedRelations,11,810
sdk,sqlite,nestedRelations,12,1179
sdk,sqlite,nestedRelations,13,813
sdk,sqlite,nestedRelations,14,803
sdk,sqlite,nestedRelations,15,799
sdk,sqlite,nestedRelations,16,813
sdk,sqlite,nestedRelations,17,807
sdk,sqlite,nestedRelations,18,991
sdk,sqlite,nestedRelations,19,1191
sdk,sqlite,nestedRelations,20,832
sdk,sqlite,nestedRelations,21,810
sdk,sqlite,nestedRelations,22,810
sdk,sqlite,nestedRelations,23,800
sdk,sqlite,nestedRelations,24,797
sdk,sqlite,nestedRelations,25,804
sdk,sqlite,nestedRelations,26,1116
sdk,sqlite,nestedRelations,27,822
sdk,sqlite,nestedRelations,28,813
sdk,sqlite,nestedRelations,29,798
sdk,sqlite,nestedRelations,30,818
sdk,sqlite,nestedRelations,31,798
sdk,sqlite,nestedRelations,32,890
sdk,sqlite,nestedRelations,33,1096
sdk,sqlite,nestedRelations,34,806
sdk,sqlite,nestedRelations,35,801
sdk,sqlite,nestedRelations,36,797
sdk,sqlite,nestedRelations,37,796
sdk,sqlite,nestedRelations,38,800
sdk,sqlite,nestedRelations,39,808
sdk,sqlite,nestedRelations,40,992
sdk,sqlite,nestedRelations,41,968
sdk,sqlite,nestedRelations,42,807
sdk,sqlite,nestedRelations,43,805
sdk,sqlite,nestedRelations,44,801
sdk,sqlite,nestedRelations,45,796
sdk,sqlite,nestedRelations,46,802
sdk,sqlite,nestedRelations,47,801
sdk,sqlite,nestedRelations,48,1063
sdk,sqlite,nestedRelations,49,1165
sdk,sqlite,nestedRelations,50,807
sdk,sqlite,nestedRelations,51,791
sdk,sqlite,nestedRelations,52,801
sdk,sqlite,nestedRelations,53,804
sdk,sqlite,nestedRelations,54,825
sdk,sqlite,nestedRelations,55,793
sdk,sqlite,nestedRelations,56,1107
sdk,sqlite,nestedRelations,57,801
sdk,sqlite,nestedRelations,58,798
sdk,sqlite,nestedRelations,59,802
sdk,sqlite,nestedRelations,60,795
sdk,sqlite,nestedRelations,61,789
sdk,sqlite,nestedRelations,62,905
sdk,sqlite,nestedRelations,63,1031
sdk,sqlite,nestedRelations,64,822
sdk,sqlite,nestedRelations,65,805
sdk,sqlite,nestedRelations,66,806
sdk,sqlite,nestedRelations,67,810
sdk,sqlite,nestedRelations,68,811
sdk,sqlite,nestedRelations,69,1049
sdk,sqlite,nestedRelations,70,1093
sdk,sqlite,nestedRelations,71,807
sdk,sqlite,nestedRelations,72,797
sdk,sqlite,nestedRelations,73,814
sdk,sqlite,nestedRelations,74,804
sdk,sqlite,nestedRelations,75,803
sdk,sqlite,nestedRelations,76,972
sdk,sqlite,nestedRelations,77,974
sdk,sqlite,nestedRelations,78,808
sdk,sqlite,nestedRelations,79,802
sdk,sqlite,nestedRelations,80,808
sdk,sqlite,nestedRelations,81,808
sdk,sqlite,nestedRelations,82,828
sdk,sqlite,nestedRelations,83,952
sdk,sqlite,nestedRelations,84,1057
sdk,sqlite,nestedRelations,85,839
sdk,sqlite,nestedRelations,86,796
sdk,sqlite,nestedRelations,87,800
sdk,sqlite,nestedRelations,88,799
sdk,sqlite,nestedRelations,89,807
sdk,sqlite,nestedRelations,90,805
sdk,sqlite,nestedRelations,91,1191
sdk,sqlite,nestedRelations,92,844
sdk,sqlite,nestedRelations,93,800
sdk,sqlite,nestedRelations,94,809
sdk,sqlite,nestedRelations,95,800
sdk,sqlite,nestedRelations,96,810
sdk,sqlite,nestedRelations,97,794
sdk,sqlite,nestedRelations,98,1214
sdk,sqlite,nestedRelations,99,1041
sdk,sqlite,nestedRelations,100,904
sdk,sqlite,nestedRelations,101,805
sdk,sqlite,nestedRelations,102,811
sdk,sqlite,nestedRelations,103,803
sdk,sqlite,nestedRelations,104,836
sdk,sqlite,nestedRelations,105,1136
sdk,sqlite,nestedRelations,106,823
sdk,sqlite,nestedRelations,107,810
sdk,sqlite,nestedRelations,108,805
sdk,sqlite,nestedRelations,109,812
sdk,sqlite,nestedRelations,110,810
sdk,sqlite,nestedRelations,111,808
sdk,sqlite,nestedRelations,112,1106
sdk,sqlite,nestedRelations,113,820
sdk,sqlite,nestedRelations,114,797
sdk,sqlite,nestedRelations,115,806
sdk,sqlite,nestedRelations,116,796
sdk,sqlite,nestedRelations,117,801
sdk,sqlite,nestedRelations,118,821
sdk,sqlite,nestedRelations,119,1108
sdk,sqlite,nestedRelations,120,854
sdk,sqlite,nestedRelations,121,813
sdk,sqlite,nestedRelations,122,803
sdk,sqlite,nestedRelations,123,798
sdk,sqlite,nestedRelations,124,799
sdk,sqlite,nestedRelations,125,809
sdk,sqlite,nestedRelations,126,811
sdk,sqlite,nestedRelations,127,1160
sdk,sqlite,nestedRelations,128,808
sdk,sqlite,nestedRelations,129,813
sdk,sqlite,nestedRelations,130,797
sdk,sqlite,nestedRelations,131,808
sdk,sqlite,nestedRelations,132,819
sdk,sqlite,nestedRelations,133,813
sdk,sqlite,nestedRelations,134,806
sdk,sqlite,nestedRelations,135,1122
sdk,sqlite,nestedRelations,136,817
sdk,sqlite,nestedRelations,137,793
sdk,sqlite,nestedRelations,138,792
sdk,sqlite,nestedRelations,139,790
sdk,sqlite,nestedRelations,140,793
sdk,sqlite,nestedRelations,141,805
sdk,sqlite,nestedRelations,142,937
sdk,sqlite,nestedRelations,143,1015
sdk,sqlite,nestedRelations,144,812
sdk,sqlite,nestedRelations,145,805
sdk,sqlite,nestedRelations,146,803
sdk,sqlite,nestedRelations,147,794
sdk,sqlite,nestedRelations,148,791
sdk,sqlite,nestedRelations,149,806
sdk,sqlite,nestedRelations,150,898
sdk,sqlite,nestedRelations,151,1202
sdk,sqlite,nestedRelations,152,798
sdk,sqlite,nestedRelations,153,827
sdk,sqlite,nestedRelations,154,844
sdk,sqlite,nestedRelations,155,799
sdk,sqlite,nestedRelations,156,800
sdk,sqlite,nestedRelations,157,803
sdk,sqlite,nestedRelations,158,887
sdk,sqlite,nestedRelations,159,1242
sdk,sqlite,nestedRelations,160,806
sdk,sqlite,nestedRelations,161,798
sdk,sqlite,nestedRelations,162,791
sdk,sqlite,nestedRelations,163,793
sdk,sqlite,nestedRelations,164,826
sdk,sqlite,nestedRelations,165,816
sdk,sqlite,nestedRelations,166,815
sdk,sqlite,nestedRelations,167,805
sdk,sqlite,nestedRelations,168,813
sdk,sqlite,nestedRelations,169,970
sdk,sqlite,nestedRelations,170,1471
sdk,sqlite,nestedRelations,171,819
sdk,sqlite,nestedRelations,172,829
sdk,sqlite,nestedRelations,173,807
sdk,sqlite,nestedRelations,174,803
sdk,sqlite,nestedRelations,175,850
sdk,sqlite,nestedRelations,176,790
sdk,sqlite,nestedRelations,177,923
sdk,sqlite,nestedRelations,178,1029
sdk,sqlite,nestedRelations,179,803
sdk,sqlite,nestedRelations,180,794
sdk,sqlite,nestedRelations,181,807
sdk,sqlite,nestedRelations,182,791
sdk,sqlite,nestedRelations,183,818
sdk,sqlite,nestedRelations,184,843
sdk,sqlite,nestedRelations,185,921
sdk,sqlite,nestedRelations,186,1352
sdk,sqlite,nestedRelations,187,804
sdk,sqlite,nestedRelations,188,804
sdk,sqlite,nestedRelations,189,801
sdk,sqlite,nestedRelations,190,797
sdk,sqlite,nestedRelations,191,794
sdk,sqlite,nestedRelations,192,798
sdk,sqlite,nestedRelations,193,929
sdk,sqlite,nestedRelations,194,987
sdk,sqlite,nestedRelations,195,796
sdk,sqlite,nestedRelations,196,792
sdk,sqlite,nestedRelations,197,816
sdk,sqlite,nestedRelations,198,805
sdk,sqlite,nestedRelations,199,809
sdk,sqlite,nestedRelations,200,805
sdk,sqlite,nestedRelations,201,985
sdk,sqlite,nestedRelations,202,1056
sdk,sqlite,nestedRelations,203,812
sdk,sqlite,nestedRelations,204,796
sdk,sqlite,nestedRelations,205,795
sdk,sqlite,nestedRelations,206,802
sdk,sqlite,nestedRelations,207,806
sdk,sqlite,nestedRelations,208,803
sdk,sqlite,nestedRelations,209,930
sdk,sqlite,nestedRelations,210,1012
sdk,sqlite,nestedRelations,211,793
sdk,sqlite,nestedRelations,212,798
sdk,sqlite,nestedRelations,213,796
sdk,sqlite,nestedRelations,214,788
sdk,sqlite,nestedRelations,215,808
sdk,sqlite,nestedRelations,216,802
sdk,sqlite,nestedRelations,217,1317
sdk,sqlite,nestedRelations,218,843
sdk,sqlite,nestedRelations,219,842
sdk,sqlite,nestedRelations,220,820
sdk,sqlite,nestedRelations,221,813
sdk,sqlite,nestedRelations,222,800
sdk,sqlite,nestedRelations,223,797
sdk,sqlite,nestedRelations,224,796
sdk,sqlite,nestedRelations,225,1136
sdk,sqlite,nestedRelations,226,833
sdk,sqlite,nestedRelations,227,813
sdk,sqlite,nestedRelations,228,804
sdk,sqlite,nestedRelations,229,797
sdk,sqlite,nestedRelations,230,803
sdk,sqlite,nestedRelations,231,805
sdk,sqlite,nestedRelations,232,800
sdk,sqlite,nestedRelations,233,992
sdk,sqlite,nestedRelations,234,970
sdk,sqlite,nestedRelations,235,809
sdk,sqlite,nestedRelations,236,811
sdk,sqlite,nestedRelations,237,801
sdk,sqlite,nestedRelations,238,828
sdk,sqlite,nestedRelations,239,801
sdk,sqlite,nestedRelations,240,902
sdk,sqlite,nestedRelations,241,1148
sdk,sqlite,nestedRelations,242,800
sdk,sqlite,nestedRelations,243,795
sdk,sqlite,nestedRelations,244,802
sdk,sqlite,nestedRelations,245,808
sdk,sqlite,nestedRelations,246,816
sdk,sqlite,nestedRelations,247,802
sdk,sqlite,nestedRelations,248,1202
sdk,sqlite,nestedRelations,249,801
sdk,sqlite,nestedRelations,250,799
sdk,sqlite,nestedRelations,251,796
sdk,sqlite,nestedRelations,252,806
sdk,sqlite,nestedRelations,253,798
sdk,sqlite,nestedRelations,254,879
sdk,sqlite,nestedRelations,255,1140
sdk,sqlite,nestedRelations,256,805
sdk,sqlite,nestedRelations,257,795
sdk,sqlite,nestedRelations,258,806
sdk,sqlite,nestedRelations,259,806
sdk,sqlite,nestedRelations,260,807
sdk,sqlite,nestedRelations,261,968
sdk,sqlite,nestedRelations,262,1194
sdk,sqlite,nestedRelations,263,809
sdk,sqlite,nestedRelations,264,800
sdk,sqlite,nestedRelations,265,802
sdk,sqlite,nestedRelations,266,795
sdk,sqlite,nestedRelations,267,797
sdk,sqlite,nestedRelations,268,959
sdk,sqlite,nestedRelations,269,1145
sdk,sqlite,nestedRelations,270,827
sdk,sqlite,nestedRelations,271,829
sdk,sqlite,nestedRelations,272,830
sdk,sqlite,nestedRelations,273,813
sdk,sqlite,nestedRelations,274,807
sdk,sqlite,nestedRelations,275,821
sdk,sqlite,nestedRelations,276,1101
sdk,sqlite,nestedRelations,277,824
sdk,sqlite,nestedRelations,278,818
sdk,sqlite,nestedRelations,279,819
sdk,sqlite,nestedRelations,280,806
sdk,sqlite,nestedRelations,281,802
sdk,sqlite,nestedRelations,282,797
sdk,sqlite,nestedRelations,283,1263
sdk,sqlite,nestedRelations,284,819
sdk,sqlite,nestedRelations,285,810
sdk,sqlite,nestedRelations,286,803
sdk,sqlite,nestedRelations,287,810
sdk,sqlite,nestedRelations,288,813
sdk,sqlite,nestedRelations,289,810
sdk,sqlite,nestedRelations,290,809
sdk,sqlite,nestedRelations,291,1205
sdk,sqlite,nestedRelations,292,810
sdk,sqlite,nestedRelations,293,813
sdk,sqlite,nestedRelations,294,802
sdk,sqlite,nestedRelations,295,808
sdk,sqlite,nestedRelations,296,825
sdk,sqlite,nestedRelations,297,801
sdk,sqlite,nestedRelations,298,1115
sdk,sqlite,nestedRelations,299,811
sdk,sqlite,nestedRelations,300,814
sdk,sqlite,nestedRelations,301,811
sdk,sqlite,nestedRelations,302,807
sdk,sqlite,nestedRelations,303,790
sdk,sqlite,nestedRelations,304,809
sdk,sqlite,nestedRelations,305,982
sdk,sqlite,nestedRelations,306,1133
sdk,sqlite,nestedRelations,307,825
sdk,sqlite,nestedRelations,308,811
sdk,sqlite,nestedRelations,309,815
sdk,sqlite,nestedRelations,310,804
sdk,sqlite,nestedRelations,311,812
sdk,sqlite,nestedRelations,312,819
sdk,sqlite,nestedRelations,313,923
sdk,sqlite,nestedRelations,314,1156
sdk,sqlite,nestedRelations,315,815
sdk,sqlite,nestedRelations,316,816
sdk,sqlite,nestedRelations,317,805
sdk,sqlite,nestedRelations,318,807
sdk,sqlite,nestedRelations,319,794
sdk,sqlite,nestedRelations,320,818
sdk,sqlite,nestedRelations,321,1104
sdk,sqlite,nestedRelations,322,1136
sdk,sqlite,nestedRelations,323,814
sdk,sqlite,nestedRelations,324,807
sdk,sqlite,nestedRelations,325,809
sdk,sqlite,nestedRelations,326,803
sdk,sqlite,nestedRelations,327,803
sdk,sqlite,nestedRelations,328,938
sdk,sqlite,nestedRelations,329,1047
sdk,sqlite,nestedRelations,330,805
sdk,sqlite,nestedRelations,331,795
sdk,sqlite,nestedRelations,332,799
sdk,sqlite,nestedRelations,333,817
sdk,sqlite,nestedRelations,334,817
sdk,sqlite,nestedRelations,335,1001
sdk,sqlite,nestedRelations,336,1036
sdk,sqlite,nestedRelations,337,802
sdk,sqlite,nestedRelations,338,796
sdk,sqlite,nestedRelations,339,798
sdk,sqlite,nestedRelations,340,803
sdk,sqlite,nestedRelations,341,803
sdk,sqlite,nestedRelations,342,919
sdk,sqlite,nestedRelations,343,1004
sdk,sqlite,nestedRelations,344,791
sdk,sqlite,nestedRelations,345,805
sdk,sqlite,nestedRelations,346,795
sdk,sqlite,nestedRelations,347,840
sdk,sqlite,nestedRelations,348,798
sdk,sqlite,nestedRelations,349,910
sdk,sqlite,nestedRelations,350,1000
sdk,sqlite,nestedRelations,351,800
sdk,sqlite,nestedRelations,352,798
sdk,sqlite,nestedRelations,353,795
sdk,sqlite,nestedRelations,354,803
sdk,sqlite,nestedRelations,355,811
sdk,sqlite,nestedRelations,356,875
sdk,sqlite,nestedRelations,357,1119
sdk,sqlite,nestedRelations,358,807
sdk,sqlite,nestedRelations,359,805
sdk,sqlite,nestedRelations,360,797
sdk,sqlite,nestedRelations,361,796
sdk,sqlite,nestedRelations,362,820
sdk,sqlite,nestedRelations,363,933
sdk,sqlite,nestedRelations,364,1102
sdk,sqlite,nestedRelations,365,823
sdk,sqlite,nestedRelations,366,802
sdk,sqlite,nestedRelations,367,806
sdk,sqlite,nestedRelations,368,804
sdk,sqlite,nestedRelations,369,804
sdk,sqlite,nestedRelations,370,867
sdk,sqlite,nestedRelations,371,1232
sdk,sqlite,nestedRelations,372,820
sdk,sqlite,nestedRelations,373,804
sdk,sqlite,nestedRelations,374,811
sdk,sqlite,nestedRelations,375,810
sdk,sqlite,nestedRelations,376,809
sdk,sqlite,nestedRelations,377,846
sdk,sqlite,nestedRelations,378,964
sdk,sqlite,nestedRelations,379,947
sdk,sqlite,nestedRelations,380,812
sdk,sqlite,nestedRelations,381,792
sdk,sqlite,nestedRelations,382,808
sdk,sqlite,nestedRelations,383,794
sdk,sqlite,nestedRelations,384,793
sdk,sqlite,nestedRelations,385,797
sdk,sqlite,nestedRelations,386,995
sdk,sqlite,nestedRelations,387,1004
sdk,sqlite,nestedRelations,388,809
sdk,sqlite,nestedRelations,389,804
sdk,sqlite,nestedRelations,390,804
sdk,sqlite,nestedRelations,391,808
sdk,sqlite,nestedRelations,392,824
sdk,sqlite,nestedRelations,393,804
sdk,sqlite,nestedRelations,394,942
sdk,sqlite,nestedRelations,395,1036
sdk,sqlite,nestedRelations,396,806
sdk,sqlite,nestedRelations,397,803
sdk,sqlite,nestedRelations,398,805
sdk,sqlite,nestedRelations,399,821
sdk,sqlite,nestedRelations,400,815
sdk,sqlite,nestedRelations,401,828
sdk,sqlite,nestedRelations,402,967
sdk,sqlite,nestedRelations,403,1020
sdk,sqlite,nestedRelations,404,801
sdk,sqlite,nestedRelations,405,804
sdk,sqlite,nestedRelations,406,798
sdk,sqlite,nestedRelations,407,827
sdk,sqlite,nestedRelations,408,801
sdk,sqlite,nestedRelations,409,807
sdk,sqlite,nestedRelations,410,1090
sdk,sqlite,nestedRelations,411,818
sdk,sqlite,nestedRelations,412,801
sdk,sqlite,nestedRelations,413,801
sdk,sqlite,nestedRelations,414,807
sdk,sqlite,nestedRelations,415,798
sdk,sqlite,nestedRelations,416,877
sdk,sqlite,nestedRelations,417,1268
sdk,sqlite,nestedRelations,418,823
sdk,sqlite,nestedRelations,419,805
sdk,sqlite,nestedRelations,420,814
sdk,sqlite,nestedRelations,421,807
sdk,sqlite,nestedRelations,422,807
sdk,sqlite,nestedRelations,423,806
sdk,sqlite,nestedRelations,424,1269
sdk,sqlite,nestedRelations,425,809
sdk,sqlite,nestedRelations,426,790
sdk,sqlite,nestedRelations,427,798
sdk,sqlite,nestedRelations,428,801
sdk,sqlite,nestedRelations,429,803
sdk,sqlite,nestedRelations,430,915
sdk,sqlite,nestedRelations,431,1033
sdk,sqlite,nestedRelations,432,817
sdk,sqlite,nestedRelations,433,811
sdk,sqlite,nestedRelations,434,802
sdk,sqlite,nestedRelations,435,806
sdk,sqlite,nestedRelations,436,803
sdk,sqlite,nestedRelations,437,819
sdk,sqlite,nestedRelations,438,1064
sdk,sqlite,nestedRelations,439,809
sdk,sqlite,nestedRelations,440,807
sdk,sqlite,nestedRelations,441,833
sdk,sqlite,nestedRelations,442,815
sdk,sqlite,nestedRelations,443,795
sdk,sqlite,nestedRelations,444,810
sdk,sqlite,nestedRelations,445,1073
sdk,sqlite,nestedRelations,446,814
sdk,sqlite,nestedRelations,447,796
sdk,sqlite,nestedRelations,448,813
sdk,sqlite,nestedRelations,449,793
sdk,sqlite,nestedRelations,450,808
sdk,sqlite,nestedRelations,451,797
sdk,sqlite,nestedRelations,452,1086
sdk,sqlite,nestedRelations,453,841
sdk,sqlite,nestedRelations,454,805
sdk,sqlite,nestedRelations,455,807
sdk,sqlite,nestedRelations,456,808
sdk,sqlite,nestedRelations,457,803
sdk,sqlite,nestedRelations,458,797
sdk,sqlite,nestedRelations,459,980
sdk,sqlite,nestedRelations,460,1002
sdk,sqlite,nestedRelations,461,829
sdk,sqlite,nestedRelations,462,810
sdk,sqlite,nestedRelations,463,801
sdk,sqlite,nestedRelations,464,812
sdk,sqlite,nestedRelations,465,810
sdk,sqlite,nestedRelations,466,868
sdk,sqlite,nestedRelations,467,1111
sdk,sqlite,nestedRelations,468,809
sdk,sqlite,nestedRelations,469,798
sdk,sqlite,nestedRelations,470,808
sdk,sqlite,nestedRelations,471,810
sdk,sqlite,nestedRelations,472,805
sdk,sqlite,nestedRelations,473,810
sdk,sqlite,nestedRelations,474,1801
sdk,sqlite,nestedRelations,475,998
sdk,sqlite,nestedRelations,476,842
sdk,sqlite,nestedRelations,477,826
sdk,sqlite,nestedRelations,478,807
sdk,sqlite,nestedRelations,479,803
sdk,sqlite,nestedRelations,480,1075
sdk,sqlite,nestedRelations,481,803
sdk,sqlite,nestedRelations,482,803
sdk,sqlite,nestedRelations,483,789
sdk,sqlite,nestedRelations,484,803
sdk,sqlite,nestedRelations,485,791
sdk,sqlite,nestedRelations,486,864
sdk,sqlite,nestedRelations,487,1082
sdk,sqlite,nestedRelations,488,800
sdk,sqlite,nestedRelations,489,799
sdk,sqlite,nestedRelations,490,799
sdk,sqlite,nestedRelations,491,795
sdk,sqlite,nestedRelations,492,801
sdk,sqlite,nestedRelations,493,916
sdk,sqlite,nestedRelations,494,1257
sdk,sqlite,nestedRelations,495,1011
sdk,sqlite,nestedRelations,496,840
sdk,sqlite,nestedRelations,497,818
sdk,sqlite,nestedRelations,498,811
sdk,sqlite,nestedRelations,499,816
sdk,sqlite,nestedRelations,500,829
sdk,sqlite,nestedRelations,501,1064
sdk,sqlite,nestedRelations,502,826
sdk,sqlite,nestedRelations,503,806
sdk,sqlite,nestedRelations,504,802
sdk,sqlite,nestedRelations,505,804
sdk,sqlite,nestedRelations,506,797
sdk,sqlite,nestedRelations,507,809
sdk,sqlite,nestedRelations,508,1201
sdk,sqlite,nestedRelations,509,802
sdk,sqlite,nestedRelations,510,809
sdk,sqlite,nestedRelations,511,790
sdk,sqlite,nestedRelations,512,793
sdk,sqlite,nestedRelations,513,803
sdk,sqlite,nestedRelations,514,871
sdk,sqlite,nestedRelations,515,1162
sdk,sqlite,nestedRelations,516,810
sdk,sqlite,nestedRelations,517,810
sdk,sqlite,nestedRelations,518,817
sdk,sqlite,nestedRelations,519,805
sdk,sqlite,nestedRelations,520,805
sdk,sqlite,nestedRelations,521,928
sdk,sqlite,nestedRelations,522,1024
sdk,sqlite,nestedRelations,523,817
sdk,sqlite,nestedRelations,524,802
sdk,sqlite,nestedRelations,525,823
sdk,sqlite,nestedRelations,526,798
sdk,sqlite,nestedRelations,527,798
sdk,sqlite,nestedRelations,528,804
sdk,sqlite,nestedRelations,529,1086
sdk,sqlite,nestedRelations,530,823
sdk,sqlite,nestedRelations,531,800
sdk,sqlite,nestedRelations,532,797
sdk,sqlite,nestedRelations,533,805
sdk,sqlite,nestedRelations,534,796
sdk,sqlite,nestedRelations,535,863
sdk,sqlite,nestedRelations,536,1164
sdk,sqlite,nestedRelations,537,800
sdk,sqlite,nestedRelations,538,801
sdk,sqlite,nestedRelations,539,806
sdk,sqlite,nestedRelations,540,805
sdk,sqlite,nestedRelations,541,798
sdk,sqlite,nestedRelations,542,796
sdk,sqlite,nestedRelations,543,1160
sdk,sqlite,nestedRelations,544,810
sdk,sqlite,nestedRelations,545,799
sdk,sqlite,nestedRelations,546,796
sdk,sqlite,nestedRelations,547,796
sdk,sqlite,nestedRelations,548,794
sdk,sqlite,nestedRelations,549,852
sdk,sqlite,nestedRelations,550,1073
sdk,sqlite,nestedRelations,551,805
sdk,sqlite,nestedRelations,552,793
sdk,sqlite,nestedRelations,553,792
sdk,sqlite,nestedRelations,554,791
sdk,sqlite,nestedRelations,555,790
sdk,sqlite,nestedRelations,556,811
sdk,sqlite,nestedRelations,557,1097
sdk,sqlite,nestedRelations,558,834
sdk,sqlite,nestedRelations,559,822
sdk,sqlite,nestedRelations,560,817
sdk,sqlite,nestedRelations,561,824
sdk,sqlite,nestedRelations,562,814
sdk,sqlite,nestedRelations,563,809
sdk,sqlite,nestedRelations,564,1253
sdk,sqlite,nestedRelations,565,907
sdk,sqlite,nestedRelations,566,864
sdk,sqlite,nestedRelations,567,835
sdk,sqlite,nestedRelations,568,822
sdk,sqlite,nestedRelations,569,799
sdk,sqlite,nestedRelations,570,820
sdk,sqlite,nestedRelations,571,795
sdk,sqlite,nestedRelations,572,1328
sdk,sqlite,nestedRelations,573,815
sdk,sqlite,nestedRelations,574,801
sdk,sqlite,nestedRelations,575,804
sdk,sqlite,nestedRelations,576,808
sdk,sqlite,nestedRelations,577,794
sdk,sqlite,nestedRelations,578,807
sdk,sqlite,nestedRelations,579,1171
sdk,sqlite,nestedRelations,580,812
sdk,sqlite,nestedRelations,581,800
sdk,sqlite,nestedRelations,582,805
sdk,sqlite,nestedRelations,583,804
sdk,sqlite,nestedRelations,584,806
sdk,sqlite,nestedRelations,585,811
sdk,sqlite,nestedRelations,586,1134
sdk,sqlite,nestedRelations,587,842
sdk,sqlite,nestedRelations,588,817
sdk,sqlite,nestedRelations,589,808
sdk,sqlite,nestedRelations,590,805
sdk,sqlite,nestedRelations,591,806
sdk,sqlite,nestedRelations,592,804
sdk,sqlite,nestedRelations,593,948
sdk,sqlite,nestedRelations,594,1012
sdk,sqlite,nestedRelations,595,1459
sdk,sqlite,nestedRelations,596,867
sdk,sqlite,nestedRelations,597,1206
sdk,sqlite,nestedRelations,598,1108
sdk,sqlite,nestedRelations,599,861
sdk,sqlite,nestedRelations,600,859
sdk,sqlite,nestedRelations,601,1543
sdk,sqlite,nestedRelations,602,1452
sdk,sqlite,nestedRelations,603,905
sdk,sqlite,nestedRelations,604,868
sdk,sqlite,nestedRelations,605,810
sdk,sqlite,nestedRelations,606,818
sdk,sqlite,nestedRelations,607,819
sdk,sqlite,nestedRelations,608,822
sdk,sqlite,nestedRelations,609,1221
sdk,sqlite,nestedRelations,610,938
sdk,sqlite,nestedRelations,611,910
sdk,sqlite,nestedRelations,612,965
sdk,sqlite,nestedRelations,613,913
sdk,sqlite,nestedRelations,614,887
sdk,sqlite,nestedRelations,615,862
sdk,sqlite,nestedRelations,616,1633
sdk,sqlite,nestedRelations,617,910
sdk,sqlite,nestedRelations,618,859
sdk,sqlite,nestedRelations,619,874
sdk,sqlite,nestedRelations,620,866
sdk,sqlite,nestedRelations,621,984
sdk,sqlite,nestedRelations,622,1001
sdk,sqlite,nestedRelations,623,1376
sdk,sqlite,nestedRelations,624,1081
sdk,sqlite,nestedRelations,625,844
sdk,sqlite,nestedRelations,626,886
sdk,sqlite,nestedRelations,627,912
sdk,sqlite,nestedRelations,628,1363
sdk,sqlite,nestedRelations,629,875
sdk,sqlite,nestedRelations,630,951
sdk,sqlite,nestedRelations,631,1585
sdk,sqlite,nestedRelations,632,888
sdk,sqlite,nestedRelations,633,867
sdk,sqlite,nestedRelations,634,855
sdk,sqlite,nestedRelations,635,866
sdk,sqlite,nestedRelations,636,853
sdk,sqlite,nestedRelations,637,874
sdk,sqlite,nestedRelations,638,1605
sdk,sqlite,nestedRelations,639,870
sdk,sqlite,nestedRelations,640,850
sdk,sqlite,nestedRelations,641,856
sdk,sqlite,nestedRelations,642,847
sdk,sqlite,nestedRelations,643,849
sdk,sqlite,nestedRelations,644,1136
sdk,sqlite,nestedRelations,645,2346
sdk,sqlite,nestedRelations,646,912
sdk,sqlite,nestedRelations,647,863
sdk,sqlite,nestedRelations,648,867
sdk,sqlite,nestedRelations,649,947
sdk,sqlite,nestedRelations,650,869
sdk,sqlite,nestedRelations,651,859
sdk,sqlite,nestedRelations,652,3180
sdk,sqlite,nestedRelations,653,819
sdk,sqlite,nestedRelations,654,845
sdk,sqlite,nestedRelations,655,862
sdk,sqlite,nestedRelations,656,857
sdk,sqlite,nestedRelations,657,850
sdk,sqlite,nestedRelations,658,1192
sdk,sqlite,nestedRelations,659,1116
sdk,sqlite,nestedRelations,660,884
sdk,sqlite,nestedRelations,661,843
sdk,sqlite,nestedRelations,662,878
sdk,sqlite,nestedRelations,663,834
sdk,sqlite,nestedRelations,664,872
sdk,sqlite,nestedRelations,665,843
sdk,sqlite,nestedRelations,666,1035
sdk,sqlite,nestedRelations,667,1079
sdk,sqlite,nestedRelations,668,843
sdk,sqlite,nestedRelations,669,826
sdk,sqlite,nestedRelations,670,817
sdk,sqlite,nestedRelations,671,826
sdk,sqlite,nestedRelations,672,838
sdk,sqlite,nestedRelations,673,833
sdk,sqlite,nestedRelations,674,1255
sdk,sqlite,nestedRelations,675,932
sdk,sqlite,nestedRelations,676,873
sdk,sqlite,nestedRelations,677,839
sdk,sqlite,nestedRelations,678,825
sdk,sqlite,nestedRelations,679,822
sdk,sqlite,nestedRelations,680,834
sdk,sqlite,nestedRelations,681,844
sdk,sqlite,nestedRelations,682,1224
sdk,sqlite,nestedRelations,683,889
sdk,sqlite,nestedRelations,684,835
sdk,sqlite,nestedRelations,685,827
sdk,sqlite,nestedRelations,686,823
sdk,sqlite,nestedRelations,687,817
sdk,sqlite,nestedRelations,688,826
sdk,sqlite,nestedRelations,689,979
sdk,sqlite,nestedRelations,690,1045
sdk,sqlite,nestedRelations,691,824
sdk,sqlite,nestedRelations,692,814
sdk,sqlite,nestedRelations,693,834
sdk,sqlite,nestedRelations,694,810
sdk,sqlite,nestedRelations,695,817
sdk,sqlite,nestedRelations,696,810
sdk,sqlite,nestedRelations,697,985
sdk,sqlite,nestedRelations,698,1043
sdk,sqlite,nestedRelations,699,811
sdk,sqlite,nestedRelations,700,815
sdk,sqlite,nestedRelations,701,818
sdk,sqlite,nestedRelations,702,826
sdk,sqlite,nestedRelations,703,827
sdk,sqlite,nestedRelations,704,850
sdk,sqlite,nestedRelations,705,1175
sdk,sqlite,nestedRelations,706,827
sdk,sqlite,nestedRelations,707,819
sdk,sqlite,nestedRelations,708,810
sdk,sqlite,nestedRelations,709,803
sdk,sqlite,nestedRelations,710,820
sdk,sqlite,nestedRelations,711,883
sdk,sqlite,nestedRelations,712,1244
sdk,sqlite,nestedRelations,713,834
sdk,sqlite,nestedRelations,714,810
sdk,sqlite,nestedRelations,715,817
sdk,sqlite,nestedRelations,716,860
sdk,sqlite,nestedRelations,717,811
sdk,sqlite,nestedRelations,718,811
sdk,sqlite,nestedRelations,719,1477
sdk,sqlite,nestedRelations,720,816
sdk,sqlite,nestedRelations,721,818
sdk,sqlite,nestedRelations,722,813
sdk,sqlite,nestedRelations,723,822
sdk,sqlite,nestedRelations,724,816
sdk,sqlite,nestedRelations,725,1027
sdk,sqlite,nestedRelations,726,1118
sdk,sqlite,nestedRelations,727,828
sdk,sqlite,nestedRelations,728,821
sdk,sqlite,nestedRelations,729,823
sdk,sqlite,nestedRelations,730,797
sdk,sqlite,nestedRelations,731,804
sdk,sqlite,nestedRelations,732,808
sdk,sqlite,nestedRelations,733,1111
sdk,sqlite,nestedRelations,734,826
sdk,sqlite,nestedRelations,735,817
sdk,sqlite,nestedRelations,736,816
sdk,sqlite,nestedRelations,737,815
sdk,sqlite,nestedRelations,738,816
sdk,sqlite,nestedRelations,739,820
sdk,sqlite,nestedRelations,740,1450
sdk,sqlite,nestedRelations,741,777
sdk,sqlite,nestedRelations,742,803
sdk,sqlite,nestedRelations,743,798
sdk,sqlite,nestedRelations,744,796
sdk,sqlite,nestedRelations,745,802
sdk,sqlite,nestedRelations,746,891
sdk,sqlite,nestedRelations,747,1154
sdk,sqlite,nestedRelations,748,849
sdk,sqlite,nestedRelations,749,839
sdk,sqlite,nestedRelations,750,865
sdk,sqlite,nestedRelations,751,859
sdk,sqlite,nestedRelations,752,858
sdk,sqlite,nestedRelations,753,828
sdk,sqlite,nestedRelations,754,1232
sdk,sqlite,nestedRelations,755,840
sdk,sqlite,nestedRelations,756,817
sdk,sqlite,nestedRelations,757,841
sdk,sqlite,nestedRelations,758,834
sdk,sqlite,nestedRelations,759,814
sdk,sqlite,nestedRelations,760,833
sdk,sqlite,nestedRelations,761,1193
sdk,sqlite,nestedRelations,762,824
sdk,sqlite,nestedRelations,763,827
sdk,sqlite,nestedRelations,764,814
sdk,sqlite,nestedRelations,765,814
sdk,sqlite,nestedRelations,766,816
sdk,sqlite,nestedRelations,767,813
sdk,sqlite,nestedRelations,768,1002
sdk,sqlite,nestedRelations,769,1073
sdk,sqlite,nestedRelations,770,819
sdk,sqlite,nestedRelations,771,833
sdk,sqlite,nestedRelations,772,813
sdk,sqlite,nestedRelations,773,819
sdk,sqlite,nestedRelations,774,814
sdk,sqlite,nestedRelations,775,812
sdk,sqlite,nestedRelations,776,948
sdk,sqlite,nestedRelations,777,1080
sdk,sqlite,nestedRelations,778,827
sdk,sqlite,nestedRelations,779,827
sdk,sqlite,nestedRelations,780,826
sdk,sqlite,nestedRelations,781,828
sdk,sqlite,nestedRelations,782,823
sdk,sqlite,nestedRelations,783,1011
sdk,sqlite,nestedRelations,784,1086
sdk,sqlite,nestedRelations,785,820
sdk,sqlite,nestedRelations,786,807
sdk,sqlite,nestedRelations,787,813
sdk,sqlite,nestedRelations,788,813
sdk,sqlite,nestedRelations,789,818
sdk,sqlite,nestedRelations,790,812
sdk,sqlite,nestedRelations,791,1154
sdk,sqlite,nestedRelations,792,796
sdk,sqlite,nestedRelations,793,790
sdk,sqlite,nestedRelations,794,794
sdk,sqlite,nestedRelations,795,800
sdk,sqlite,nestedRelations,796,801
sdk,sqlite,nestedRelations,797,895
sdk,sqlite,nestedRelations,798,1159
sdk,sqlite,nestedRelations,799,826
sdk,sqlite,nestedRelations,800,827
sdk,sqlite,nestedRelations,801,826
sdk,sqlite,nestedRelations,802,822
sdk,sqlite,nestedRelations,803,856
sdk,sqlite,nestedRelations,804,837
sdk,sqlite,nestedRelations,805,1116
sdk,sqlite,nestedRelations,806,837
sdk,sqlite,nestedRelations,807,818
sdk,sqlite,nestedRelations,808,836
sdk,sqlite,nestedRelations,809,844
sdk,sqlite,nestedRelations,810,857
sdk,sqlite,nestedRelations,811,931
sdk,sqlite,nestedRelations,812,1089
sdk,sqlite,nestedRelations,813,825
sdk,sqlite,nestedRelations,814,834
sdk,sqlite,nestedRelations,815,843
sdk,sqlite,nestedRelations,816,858
sdk,sqlite,nestedRelations,817,846
sdk,sqlite,nestedRelations,818,998
sdk,sqlite,nestedRelations,819,1161
sdk,sqlite,nestedRelations,820,856
sdk,sqlite,nestedRelations,821,850
sdk,sqlite,nestedRelations,822,845
sdk,sqlite,nestedRelations,823,859
sdk,sqlite,nestedRelations,824,857
sdk,sqlite,nestedRelations,825,867
sdk,sqlite,nestedRelations,826,1071
sdk,sqlite,nestedRelations,827,1093
sdk,sqlite,nestedRelations,828,872
sdk,sqlite,nestedRelations,829,852
sdk,sqlite,nestedRelations,830,848
sdk,sqlite,nestedRelations,831,852
sdk,sqlite,nestedRelations,832,840
sdk,sqlite,nestedRelations,833,820
sdk,sqlite,nestedRelations,834,1046
sdk,sqlite,nestedRelations,835,1077
sdk,sqlite,nestedRelations,836,829
sdk,sqlite,nestedRelations,837,815
sdk,sqlite,nestedRelations,838,815
sdk,sqlite,nestedRelations,839,826
sdk,sqlite,nestedRelations,840,838
sdk,sqlite,nestedRelations,841,798
sdk,sqlite,nestedRelations,842,884
sdk,sqlite,nestedRelations,843,1326
sdk,sqlite,nestedRelations,844,822
sdk,sqlite,nestedRelations,845,803
sdk,sqlite,nestedRelations,846,809
sdk,sqlite,nestedRelations,847,805
sdk,sqlite,nestedRelations,848,832
sdk,sqlite,nestedRelations,849,826
sdk,sqlite,nestedRelations,850,912
sdk,sqlite,nestedRelations,851,1025
sdk,sqlite,nestedRelations,852,837
sdk,sqlite,nestedRelations,853,807
sdk,sqlite,nestedRelations,854,799
sdk,sqlite,nestedRelations,855,795
sdk,sqlite,nestedRelations,856,803
sdk,sqlite,nestedRelations,857,807
sdk,sqlite,nestedRelations,858,889
sdk,sqlite,nestedRelations,859,1107
sdk,sqlite,nestedRelations,860,812
sdk,sqlite,nestedRelations,861,800
sdk,sqlite,nestedRelations,862,797
sdk,sqlite,nestedRelations,863,828
sdk,sqlite,nestedRelations,864,801
sdk,sqlite,nestedRelations,865,801
sdk,sqlite,nestedRelations,866,874
sdk,sqlite,nestedRelations,867,1048
sdk,sqlite,nestedRelations,868,818
sdk,sqlite,nestedRelations,869,807
sdk,sqlite,nestedRelations,870,811
sdk,sqlite,nestedRelations,871,809
sdk,sqlite,nestedRelations,872,807
sdk,sqlite,nestedRelations,873,805
sdk,sqlite,nestedRelations,874,886
sdk,sqlite,nestedRelations,875,1086
sdk,sqlite,nestedRelations,876,808
sdk,sqlite,nestedRelations,877,811
sdk,sqlite,nestedRelations,878,802
sdk,sqlite,nestedRelations,879,806
sdk,sqlite,nestedRelations,880,809
sdk,sqlite,nestedRelations,881,816
sdk,sqlite,nestedRelations,882,947
sdk,sqlite,nestedRelations,883,1022
sdk,sqlite,nestedRelations,884,804
sdk,sqlite,nestedRelations,885,795
sdk,sqlite,nestedRelations,886,811
sdk,sqlite,nestedRelations,887,798
sdk,sqlite,nestedRelations,888,811
sdk,sqlite,nestedRelations,889,815
sdk,sqlite,nestedRelations,890,971
sdk,sqlite,nestedRelations,891,1009
sdk,sqlite,nestedRelations,892,811
sdk,sqlite,nestedRelations,893,811
sdk,sqlite,nestedRelations,894,799
sdk,sqlite,nestedRelations,895,804
sdk,sqlite,nestedRelations,896,807
sdk,sqlite,nestedRelations,897,798
sdk,sqlite,nestedRelations,898,1162
sdk,sqlite,nestedRelations,899,827
sdk,sqlite,nestedRelations,900,818
sdk,sqlite,nestedRelations,901,819
sdk,sqlite,nestedRelations,902,825
sdk,sqlite,nestedRelations,903,848
sdk,sqlite,nestedRelations,904,960
sdk,sqlite,nestedRelations,905,993
sdk,sqlite,nestedRelations,906,995
sdk,sqlite,nestedRelations,907,801
sdk,sqlite,nestedRelations,908,802
sdk,sqlite,nestedRelations,909,803
sdk,sqlite,nestedRelations,910,798
sdk,sqlite,nestedRelations,911,803
sdk,sqlite,nestedRelations,912,803
sdk,sqlite,nestedRelations,913,977
sdk,sqlite,nestedRelations,914,1012
sdk,sqlite,nestedRelations,915,804
sdk,sqlite,nestedRelations,916,806
sdk,sqlite,nestedRelations,917,810
sdk,sqlite,nestedRelations,918,807
sdk,sqlite,nestedRelations,919,827
sdk,sqlite,nestedRelations,920,829
sdk,sqlite,nestedRelations,921,890
sdk,sqlite,nestedRelations,922,1222
sdk,sqlite,nestedRelations,923,813
sdk,sqlite,nestedRelations,924,797
sdk,sqlite,nestedRelations,925,821
sdk,sqlite,nestedRelations,926,817
sdk,sqlite,nestedRelations,927,799
sdk,sqlite,nestedRelations,928,793
sdk,sqlite,nestedRelations,929,886
sdk,sqlite,nestedRelations,930,1076
sdk,sqlite,nestedRelations,931,808
sdk,sqlite,nestedRelations,932,799
sdk,sqlite,nestedRelations,933,798
sdk,sqlite,nestedRelations,934,790
sdk,sqlite,nestedRelations,935,802
sdk,sqlite,nestedRelations,936,793
sdk,sqlite,nestedRelations,937,895
sdk,sqlite,nestedRelations,938,1122
sdk,sqlite,nestedRelations,939,812
sdk,sqlite,nestedRelations,940,807
sdk,sqlite,nestedRelations,941,815
sdk,sqlite,nestedRelations,942,801
sdk,sqlite,nestedRelations,943,807
sdk,sqlite,nestedRelations,944,820
sdk,sqlite,nestedRelations,945,976
sdk,sqlite,nestedRelations,946,1160
sdk,sqlite,nestedRelations,947,821
sdk,sqlite,nestedRelations,948,824
sdk,sqlite,nestedRelations,949,824
sdk,sqlite,nestedRelations,950,800
sdk,sqlite,nestedRelations,951,807
sdk,sqlite,nestedRelations,952,809
sdk,sqlite,nestedRelations,953,917
sdk,sqlite,nestedRelations,954,1086
sdk,sqlite,nestedRelations,955,820
sdk,sqlite,nestedRelations,956,805
sdk,sqlite,nestedRelations,957,800
sdk,sqlite,nestedRelations,958,806
sdk,sqlite,nestedRelations,959,801
sdk,sqlite,nestedRelations,960,798
sdk,sqlite,nestedRelations,961,946
sdk,sqlite,nestedRelations,962,1036
sdk,sqlite,nestedRelations,963,792
sdk,sqlite,nestedRelations,964,793
sdk,sqlite,nestedRelations,965,794
sdk,sqlite,nestedRelations,966,795
sdk,sqlite,nestedRelations,967,809
sdk,sqlite,nestedRelations,968,848
sdk,sqlite,nestedRelations,969,994
sdk,sqlite,nestedRelations,970,1021
sdk,sqlite,nestedRelations,971,831
sdk,sqlite,nestedRelations,972,806
sdk,sqlite,nestedRelations,973,802
sdk,sqlite,nestedRelations,974,794
sdk,sqlite,nestedRelations,975,803
sdk,sqlite,nestedRelations,976,811
sdk,sqlite,nestedRelations,977,988
sdk,sqlite,nestedRelations,978,951
sdk,sqlite,nestedRelations,979,807
sdk,sqlite,nestedRelations,980,795
sdk,sqlite,nestedRelations,981,795
sdk,sqlite,nestedRelations,982,820
sdk,sqlite,nestedRelations,983,800
sdk,sqlite,nestedRelations,984,892
sdk,sqlite,nestedRelations,985,1034
sdk,sqlite,nestedRelations,986,809
sdk,sqlite,nestedRelations,987,796
sdk,sqlite,nestedRelations,988,854
sdk,sqlite,nestedRelations,989,799
sdk,sqlite,nestedRelations,990,806
sdk,sqlite,nestedRelations,991,809
sdk,sqlite,nestedRelations,992,1202
sdk,sqlite,nestedRelations,993,812
sdk,sqlite,nestedRelations,994,815
sdk,sqlite,nestedRelations,995,802
sdk,sqlite,nestedRelations,996,798
sdk,sqlite,nestedRelations,997,816
sdk,sqlite,nestedRelations,998,982
sdk,sqlite,nestedRelations,999,1033
sdk,sqlite,compositeRelations,0,111
sdk,sqlite,compositeRelations,1,111
sdk,sqlite,compositeRelations,2,113
sdk,sqlite,compositeRelations,3,114
sdk,sqlite,compositeRelations,4,111
sdk,sqlite,compositeRelations,5,113
sdk,sqlite,compositeRelations,6,117
sdk,sqlite,compositeRelations,7,111
sdk,sqlite,compositeRelations,8,110
sdk,sqlite,compositeRelations,9,112
sdk,sqlite,compositeRelations,10,112
sdk,sqlite,compositeRelations,11,113
sdk,sqlite,compositeRelations,12,110
sdk,sqlite,compositeRelations,13,110
sdk,sqlite,compositeRelations,14,112
sdk,sqlite,compositeRelations,15,115
sdk,sqlite,compositeRelations,16,117
sdk,sqlite,compositeRelations,17,111
sdk,sqlite,compositeRelations,18,116
sdk,sqlite,compositeRelations,19,113
sdk,sqlite,compositeRelations,20,111
sdk,sqlite,compositeRelations,21,111
sdk,sqlite,compositeRelations,22,114
sdk,sqlite,compositeRelations,23,113
sdk,sqlite,compositeRelations,24,115
sdk,sqlite,compositeRelations,25,116
sdk,sqlite,compositeRelations,26,110
sdk,sqlite,compositeRelations,27,114
sdk,sqlite,compositeRelations,28,110
sdk,sqlite,compositeRelations,29,118
sdk,sqlite,compositeRelations,30,111
sdk,sqlite,compositeRelations,31,122
sdk,sqlite,compositeRelations,32,117
sdk,sqlite,compositeRelations,33,115
sdk,sqlite,compositeRelations,34,111
sdk,sqlite,compositeRelations,35,115
sdk,sqlite,compositeRelations,36,115
sdk,sqlite,compositeRelations,37,123
sdk,sqlite,compositeRelations,38,119
sdk,sqlite,compositeRelations,39,114
sdk,sqlite,compositeRelations,40,114
sdk,sqlite,compositeRelations,41,123
sdk,sqlite,compositeRelations,42,122
sdk,sqlite,compositeRelations,43,121
sdk,sqlite,compositeRelations,44,114
sdk,sqlite,compositeRelations,45,114
sdk,sqlite,compositeRelations,46,119
sdk,sqlite,compositeRelations,47,116
sdk,sqlite,compositeRelations,48,113
sdk,sqlite,compositeRelations,49,117
sdk,sqlite,compositeRelations,50,120
sdk,sqlite,compositeRelations,51,114
sdk,sqlite,compositeRelations,52,114
sdk,sqlite,compositeRelations,53,118
sdk,sqlite,compositeRelations,54,124
sdk,sqlite,compositeRelations,55,112
sdk,sqlite,compositeRelations,56,114
sdk,sqlite,compositeRelations,57,111
sdk,sqlite,compositeRelations,58,111
sdk,sqlite,compositeRelations,59,111
sdk,sqlite,compositeRelations,60,115
sdk,sqlite,compositeRelations,61,110
sdk,sqlite,compositeRelations,62,114
sdk,sqlite,compositeRelations,63,111
sdk,sqlite,compositeRelations,64,114
sdk,sqlite,compositeRelations,65,110
sdk,sqlite,compositeRelations,66,112
sdk,sqlite,compositeRelations,67,114
sdk,sqlite,compositeRelations,68,114
sdk,sqlite,compositeRelations,69,111
sdk,sqlite,compositeRelations,70,110
sdk,sqlite,compositeRelations,71,111
sdk,sqlite,compositeRelations,72,110
sdk,sqlite,compositeRelations,73,113
sdk,sqlite,compositeRelations,74,111
sdk,sqlite,compositeRelations,75,112
sdk,sqlite,compositeRelations,76,110
sdk,sqlite,compositeRelations,77,111
sdk,sqlite,compositeRelations,78,115
sdk,sqlite,compositeRelations,79,111
sdk,sqlite,compositeRelations,80,116
sdk,sqlite,compositeRelations,81,115
sdk,sqlite,compositeRelations,82,111
sdk,sqlite,compositeRelations,83,110
sdk,sqlite,compositeRelations,84,111
sdk,sqlite,compositeRelations,85,111
sdk,sqlite,compositeRelations,86,154
sdk,sqlite,compositeRelations,87,146
sdk,sqlite,compositeRelations,88,137
sdk,sqlite,compositeRelations,89,126
sdk,sqlite,compositeRelations,90,566
sdk,sqlite,compositeRelations,91,141
sdk,sqlite,compositeRelations,92,118
sdk,sqlite,compositeRelations,93,114
sdk,sqlite,compositeRelations,94,116
sdk,sqlite,compositeRelations,95,119
sdk,sqlite,compositeRelations,96,111
sdk,sqlite,compositeRelations,97,114
sdk,sqlite,compositeRelations,98,114
sdk,sqlite,compositeRelations,99,110
sdk,sqlite,compositeRelations,100,114
sdk,sqlite,compositeRelations,101,115
sdk,sqlite,compositeRelations,102,116
sdk,sqlite,compositeRelations,103,115
sdk,sqlite,compositeRelations,104,111
sdk,sqlite,compositeRelations,105,110
sdk,sqlite,compositeRelations,106,113
sdk,sqlite,compositeRelations,107,111
sdk,sqlite,compositeRelations,108,111
sdk,sqlite,compositeRelations,109,111
sdk,sqlite,compositeRelations,110,113
sdk,sqlite,compositeRelations,111,110
sdk,sqlite,compositeRelations,112,111
sdk,sqlite,compositeRelations,113,110
sdk,sqlite,compositeRelations,114,113
sdk,sqlite,compositeRelations,115,110
sdk,sqlite,compositeRelations,116,113
sdk,sqlite,compositeRelations,117,110
sdk,sqlite,compositeRelations,118,113
sdk,sqlite,compositeRelations,119,117
sdk,sqlite,compositeRelations,120,111
sdk,sqlite,compositeRelations,121,110
sdk,sqlite,compositeRelations,122,110
sdk,sqlite,compositeRelations,123,111
sdk,sqlite,compositeRelations,124,113
sdk,sqlite,compositeRelations,125,111
sdk,sqlite,compositeRelations,126,110
sdk,sqlite,compositeRelations,127,110
sdk,sqlite,compositeRelations,128,114
sdk,sqlite,compositeRelations,129,115
sdk,sqlite,compositeRelations,130,111
sdk,sqlite,compositeRelations,131,113
sdk,sqlite,compositeRelations,132,114
sdk,sqlite,compositeRelations,133,112
sdk,sqlite,compositeRelations,134,110
sdk,sqlite,compositeRelations,135,112
sdk,sqlite,compositeRelations,136,109
sdk,sqlite,compositeRelations,137,143
sdk,sqlite,compositeRelations,138,112
sdk,sqlite,compositeRelations,139,116
sdk,sqlite,compositeRelations,140,115
sdk,sqlite,compositeRelations,141,112
sdk,sqlite,compositeRelations,142,113
sdk,sqlite,compositeRelations,143,118
sdk,sqlite,compositeRelations,144,111
sdk,sqlite,compositeRelations,145,110
sdk,sqlite,compositeRelations,146,111
sdk,sqlite,compositeRelations,147,112
sdk,sqlite,compositeRelations,148,113
sdk,sqlite,compositeRelations,149,110
sdk,sqlite,compositeRelations,150,114
sdk,sqlite,compositeRelations,151,113
sdk,sqlite,compositeRelations,152,113
sdk,sqlite,compositeRelations,153,112
sdk,sqlite,compositeRelations,154,111
sdk,sqlite,compositeRelations,155,111
sdk,sqlite,compositeRelations,156,110
sdk,sqlite,compositeRelations,157,113
sdk,sqlite,compositeRelations,158,110
sdk,sqlite,compositeRelations,159,112
sdk,sqlite,compositeRelations,160,110
sdk,sqlite,compositeRelations,161,110
sdk,sqlite,compositeRelations,162,112
sdk,sqlite,compositeRelations,163,115
sdk,sqlite,compositeRelations,164,111
sdk,sqlite,compositeRelations,165,123
sdk,sqlite,compositeRelations,166,125
sdk,sqlite,compositeRelations,167,120
sdk,sqlite,compositeRelations,168,112
sdk,sqlite,compositeRelations,169,111
sdk,sqlite,compositeRelations,170,110
sdk,sqlite,compositeRelations,171,117
sdk,sqlite,compositeRelations,172,126
sdk,sqlite,compositeRelations,173,117
sdk,sqlite,compositeRelations,174,120
sdk,sqlite,compositeRelations,175,111
sdk,sqlite,compositeRelations,176,111
sdk,sqlite,compositeRelations,177,111
sdk,sqlite,compositeRelations,178,111
sdk,sqlite,compositeRelations,179,112
sdk,sqlite,compositeRelations,180,116
sdk,sqlite,compositeRelations,181,121
sdk,sqlite,compositeRelations,182,111
sdk,sqlite,compositeRelations,183,112
sdk,sqlite,compositeRelations,184,112
sdk,sqlite,compositeRelations,185,112
sdk,sqlite,compositeRelations,186,113
sdk,sqlite,compositeRelations,187,111
sdk,sqlite,compositeRelations,188,111
sdk,sqlite,compositeRelations,189,112
sdk,sqlite,compositeRelations,190,117
sdk,sqlite,compositeRelations,191,115
sdk,sqlite,compositeRelations,192,111
sdk,sqlite,compositeRelations,193,111
sdk,sqlite,compositeRelations,194,112
sdk,sqlite,compositeRelations,195,114
sdk,sqlite,compositeRelations,196,113
sdk,sqlite,compositeRelations,197,113
sdk,sqlite,compositeRelations,198,112
sdk,sqlite,compositeRelations,199,119
sdk,sqlite,compositeRelations,200,113
sdk,sqlite,compositeRelations,201,111
sdk,sqlite,compositeRelations,202,111
sdk,sqlite,compositeRelations,203,110
sdk,sqlite,compositeRelations,204,111
sdk,sqlite,compositeRelations,205,113
sdk,sqlite,compositeRelations,206,117
sdk,sqlite,compositeRelations,207,111
sdk,sqlite,compositeRelations,208,115
sdk,sqlite,compositeRelations,209,121
sdk,sqlite,compositeRelations,210,115
sdk,sqlite,compositeRelations,211,111
sdk,sqlite,compositeRelations,212,112
sdk,sqlite,compositeRelations,213,115
sdk,sqlite,compositeRelations,214,110
sdk,sqlite,compositeRelations,215,111
sdk,sqlite,compositeRelations,216,116
sdk,sqlite,compositeRelations,217,111
sdk,sqlite,compositeRelations,218,112
sdk,sqlite,compositeRelations,219,113
sdk,sqlite,compositeRelations,220,112
sdk,sqlite,compositeRelations,221,487
sdk,sqlite,compositeRelations,222,155
sdk,sqlite,compositeRelations,223,505
sdk,sqlite,compositeRelations,224,122
sdk,sqlite,compositeRelations,225,112
sdk,sqlite,compositeRelations,226,111
sdk,sqlite,compositeRelations,227,115
sdk,sqlite,compositeRelations,228,119
sdk,sqlite,compositeRelations,229,116
sdk,sqlite,compositeRelations,230,112
sdk,sqlite,compositeRelations,231,112
sdk,sqlite,compositeRelations,232,117
sdk,sqlite,compositeRelations,233,114
sdk,sqlite,compositeRelations,234,112
sdk,sqlite,compositeRelations,235,113
sdk,sqlite,compositeRelations,236,116
sdk,sqlite,compositeRelations,237,112
sdk,sqlite,compositeRelations,238,117
sdk,sqlite,compositeRelations,239,111
sdk,sqlite,compositeRelations,240,114
sdk,sqlite,compositeRelations,241,111
sdk,sqlite,compositeRelations,242,113
sdk,sqlite,compositeRelations,243,111
sdk,sqlite,compositeRelations,244,111
sdk,sqlite,compositeRelations,245,114
sdk,sqlite,compositeRelations,246,114
sdk,sqlite,compositeRelations,247,116
sdk,sqlite,compositeRelations,248,114
sdk,sqlite,compositeRelations,249,115
sdk,sqlite,compositeRelations,250,113
sdk,sqlite,compositeRelations,251,129
sdk,sqlite,compositeRelations,252,113
sdk,sqlite,compositeRelations,253,111
sdk,sqlite,compositeRelations,254,118
sdk,sqlite,compositeRelations,255,110
sdk,sqlite,compositeRelations,256,111
sdk,sqlite,compositeRelations,257,111
sdk,sqlite,compositeRelations,258,117
sdk,sqlite,compositeRelations,259,119
sdk,sqlite,compositeRelations,260,120
sdk,sqlite,compositeRelations,261,124
sdk,sqlite,compositeRelations,262,110
sdk,sqlite,compositeRelations,263,117
sdk,sqlite,compositeRelations,264,114
sdk,sqlite,compositeRelations,265,113
sdk,sqlite,compositeRelations,266,111
sdk,sqlite,compositeRelations,267,113
sdk,sqlite,compositeRelations,268,117
sdk,sqlite,compositeRelations,269,114
sdk,sqlite,compositeRelations,270,114
sdk,sqlite,compositeRelations,271,116
sdk,sqlite,compositeRelations,272,117
sdk,sqlite,compositeRelations,273,112
sdk,sqlite,compositeRelations,274,114
sdk,sqlite,compositeRelations,275,118
sdk,sqlite,compositeRelations,276,115
sdk,sqlite,compositeRelations,277,111
sdk,sqlite,compositeRelations,278,118
sdk,sqlite,compositeRelations,279,111
sdk,sqlite,compositeRelations,280,111
sdk,sqlite,compositeRelations,281,115
sdk,sqlite,compositeRelations,282,114
sdk,sqlite,compositeRelations,283,116
sdk,sqlite,compositeRelations,284,125
sdk,sqlite,compositeRelations,285,115
sdk,sqlite,compositeRelations,286,110
sdk,sqlite,compositeRelations,287,114
sdk,sqlite,compositeRelations,288,115
sdk,sqlite,compositeRelations,289,113
sdk,sqlite,compositeRelations,290,116
sdk,sqlite,compositeRelations,291,116
sdk,sqlite,compositeRelations,292,114
sdk,sqlite,compositeRelations,293,114
sdk,sqlite,compositeRelations,294,114
sdk,sqlite,compositeRelations,295,115
sdk,sqlite,compositeRelations,296,119
sdk,sqlite,compositeRelations,297,120
sdk,sqlite,compositeRelations,298,114
sdk,sqlite,compositeRelations,299,111
sdk,sqlite,compositeRelations,300,112
sdk,sqlite,compositeRelations,301,119
sdk,sqlite,compositeRelations,302,115
sdk,sqlite,compositeRelations,303,114
sdk,sqlite,compositeRelations,304,113
sdk,sqlite,compositeRelations,305,110
sdk,sqlite,compositeRelations,306,116
sdk,sqlite,compositeRelations,307,114
sdk,sqlite,compositeRelations,308,119
sdk,sqlite,compositeRelations,309,121
sdk,sqlite,compositeRelations,310,114
sdk,sqlite,compositeRelations,311,112
sdk,sqlite,compositeRelations,312,118
sdk,sqlite,compositeRelations,313,117
sdk,sqlite,compositeRelations,314,120
sdk,sqlite,compositeRelations,315,129
sdk,sqlite,compositeRelations,316,124
sdk,sqlite,compositeRelations,317,116
sdk,sqlite,compositeRelations,318,113
sdk,sqlite,compositeRelations,319,115
sdk,sqlite,compositeRelations,320,120
sdk,sqlite,compositeRelations,321,113
sdk,sqlite,compositeRelations,322,121
sdk,sqlite,compositeRelations,323,113
sdk,sqlite,compositeRelations,324,113
sdk,sqlite,compositeRelations,325,115
sdk,sqlite,compositeRelations,326,115
sdk,sqlite,compositeRelations,327,120
sdk,sqlite,compositeRelations,328,116
sdk,sqlite,compositeRelations,329,114
sdk,sqlite,compositeRelations,330,117
sdk,sqlite,compositeRelations,331,115
sdk,sqlite,compositeRelations,332,114
sdk,sqlite,compositeRelations,333,114
sdk,sqlite,compositeRelations,334,115
sdk,sqlite,compositeRelations,335,113
sdk,sqlite,compositeRelations,336,114
sdk,sqlite,compositeRelations,337,114
sdk,sqlite,compositeRelations,338,116
sdk,sqlite,compositeRelations,339,121
sdk,sqlite,compositeRelations,340,120
sdk,sqlite,compositeRelations,341,115
sdk,sqlite,compositeRelations,342,115
sdk,sqlite,compositeRelations,343,120
sdk,sqlite,compositeRelations,344,116
sdk,sqlite,compositeRelations,345,113
sdk,sqlite,compositeRelations,346,124
sdk,sqlite,compositeRelations,347,117
sdk,sqlite,compositeRelations,348,168
sdk,sqlite,compositeRelations,349,121
sdk,sqlite,compositeRelations,350,114
sdk,sqlite,compositeRelations,351,117
sdk,sqlite,compositeRelations,352,118
sdk,sqlite,compositeRelations,353,117
sdk,sqlite,compositeRelations,354,115
sdk,sqlite,compositeRelations,355,116
sdk,sqlite,compositeRelations,356,124
sdk,sqlite,compositeRelations,357,117
sdk,sqlite,compositeRelations,358,114
sdk,sqlite,compositeRelations,359,126
sdk,sqlite,compositeRelations,360,1647
sdk,sqlite,compositeRelations,361,160
sdk,sqlite,compositeRelations,362,135
sdk,sqlite,compositeRelations,363,118
sdk,sqlite,compositeRelations,364,116
sdk,sqlite,compositeRelations,365,114
sdk,sqlite,compositeRelations,366,116
sdk,sqlite,compositeRelations,367,113
sdk,sqlite,compositeRelations,368,117
sdk,sqlite,compositeRelations,369,118
sdk,sqlite,compositeRelations,370,116
sdk,sqlite,compositeRelations,371,138
sdk,sqlite,compositeRelations,372,131
sdk,sqlite,compositeRelations,373,123
sdk,sqlite,compositeRelations,374,124
sdk,sqlite,compositeRelations,375,119
sdk,sqlite,compositeRelations,376,124
sdk,sqlite,compositeRelations,377,119
sdk,sqlite,compositeRelations,378,111
sdk,sqlite,compositeRelations,379,116
sdk,sqlite,compositeRelations,380,114
sdk,sqlite,compositeRelations,381,114
sdk,sqlite,compositeRelations,382,114
sdk,sqlite,compositeRelations,383,116
sdk,sqlite,compositeRelations,384,115
sdk,sqlite,compositeRelations,385,117
sdk,sqlite,compositeRelations,386,122
sdk,sqlite,compositeRelations,387,113
sdk,sqlite,compositeRelations,388,119
sdk,sqlite,compositeRelations,389,118
sdk,sqlite,compositeRelations,390,120
sdk,sqlite,compositeRelations,391,116
sdk,sqlite,compositeRelations,392,113
sdk,sqlite,compositeRelations,393,114
sdk,sqlite,compositeRelations,394,119
sdk,sqlite,compositeRelations,395,115
sdk,sqlite,compositeRelations,396,156
sdk,sqlite,compositeRelations,397,121
sdk,sqlite,compositeRelations,398,127
sdk,sqlite,compositeRelations,399,123
sdk,sqlite,compositeRelations,400,122
sdk,sqlite,compositeRelations,401,115
sdk,sqlite,compositeRelations,402,118
sdk,sqlite,compositeRelations,403,110
sdk,sqlite,compositeRelations,404,116
sdk,sqlite,compositeRelations,405,113
sdk,sqlite,compositeRelations,406,118
sdk,sqlite,compositeRelations,407,114
sdk,sqlite,compositeRelations,408,117
sdk,sqlite,compositeRelations,409,113
sdk,sqlite,compositeRelations,410,113
sdk,sqlite,compositeRelations,411,112
sdk,sqlite,compositeRelations,412,118
sdk,sqlite,compositeRelations,413,114
sdk,sqlite,compositeRelations,414,114
sdk,sqlite,compositeRelations,415,116
sdk,sqlite,compositeRelations,416,113
sdk,sqlite,compositeRelations,417,112
sdk,sqlite,compositeRelations,418,117
sdk,sqlite,compositeRelations,419,113
sdk,sqlite,compositeRelations,420,114
sdk,sqlite,compositeRelations,421,114
sdk,sqlite,compositeRelations,422,116
sdk,sqlite,compositeRelations,423,112
sdk,sqlite,compositeRelations,424,116
sdk,sqlite,compositeRelations,425,118
sdk,sqlite,compositeRelations,426,113
sdk,sqlite,compositeRelations,427,118
sdk,sqlite,compositeRelations,428,135
sdk,sqlite,compositeRelations,429,166
sdk,sqlite,compositeRelations,430,127
sdk,sqlite,compositeRelations,431,131
sdk,sqlite,compositeRelations,432,120
sdk,sqlite,compositeRelations,433,118
sdk,sqlite,compositeRelations,434,115
sdk,sqlite,compositeRelations,435,117
sdk,sqlite,compositeRelations,436,117
sdk,sqlite,compositeRelations,437,120
sdk,sqlite,compositeRelations,438,121
sdk,sqlite,compositeRelations,439,117
sdk,sqlite,compositeRelations,440,116
sdk,sqlite,compositeRelations,441,114
sdk,sqlite,compositeRelations,442,120
sdk,sqlite,compositeRelations,443,115
sdk,sqlite,compositeRelations,444,131
sdk,sqlite,compositeRelations,445,119
sdk,sqlite,compositeRelations,446,116
sdk,sqlite,compositeRelations,447,115
sdk,sqlite,compositeRelations,448,118
sdk,sqlite,compositeRelations,449,116
sdk,sqlite,compositeRelations,450,117
sdk,sqlite,compositeRelations,451,115
sdk,sqlite,compositeRelations,452,115
sdk,sqlite,compositeRelations,453,115
sdk,sqlite,compositeRelations,454,117
sdk,sqlite,compositeRelations,455,117
sdk,sqlite,compositeRelations,456,117
sdk,sqlite,compositeRelations,457,115
sdk,sqlite,compositeRelations,458,125
sdk,sqlite,compositeRelations,459,114
sdk,sqlite,compositeRelations,460,113
sdk,sqlite,compositeRelations,461,236
sdk,sqlite,compositeRelations,462,117
sdk,sqlite,compositeRelations,463,107
sdk,sqlite,compositeRelations,464,107
sdk,sqlite,compositeRelations,465,105
sdk,sqlite,compositeRelations,466,104
sdk,sqlite,compositeRelations,467,104
sdk,sqlite,compositeRelations,468,117
sdk,sqlite,compositeRelations,469,112
sdk,sqlite,compositeRelations,470,111
sdk,sqlite,compositeRelations,471,112
sdk,sqlite,compositeRelations,472,110
sdk,sqlite,compositeRelations,473,110
sdk,sqlite,compositeRelations,474,112
sdk,sqlite,compositeRelations,475,120
sdk,sqlite,compositeRelations,476,516
sdk,sqlite,compositeRelations,477,134
sdk,sqlite,compositeRelations,478,126
sdk,sqlite,compositeRelations,479,121
sdk,sqlite,compositeRelations,480,120
sdk,sqlite,compositeRelations,481,122
sdk,sqlite,compositeRelations,482,121
sdk,sqlite,compositeRelations,483,118
sdk,sqlite,compositeRelations,484,117
sdk,sqlite,compositeRelations,485,114
sdk,sqlite,compositeRelations,486,122
sdk,sqlite,compositeRelations,487,116
sdk,sqlite,compositeRelations,488,120
sdk,sqlite,compositeRelations,489,114
sdk,sqlite,compositeRelations,490,114
sdk,sqlite,compositeRelations,491,114
sdk,sqlite,compositeRelations,492,123
sdk,sqlite,compositeRelations,493,198
sdk,sqlite,compositeRelations,494,188
sdk,sqlite,compositeRelations,495,151
sdk,sqlite,compositeRelations,496,298
sdk,sqlite,compositeRelations,497,149
sdk,sqlite,compositeRelations,498,132
sdk,sqlite,compositeRelations,499,116
sdk,sqlite,compositeRelations,500,117
sdk,sqlite,compositeRelations,501,116
sdk,sqlite,compositeRelations,502,114
sdk,sqlite,compositeRelations,503,117
sdk,sqlite,compositeRelations,504,117
sdk,sqlite,compositeRelations,505,122
sdk,sqlite,compositeRelations,506,121
sdk,sqlite,compositeRelations,507,117
sdk,sqlite,compositeRelations,508,118
sdk,sqlite,compositeRelations,509,119
sdk,sqlite,compositeRelations,510,113
sdk,sqlite,compositeRelations,511,114
sdk,sqlite,compositeRelations,512,117
sdk,sqlite,compositeRelations,513,115
sdk,sqlite,compositeRelations,514,116
sdk,sqlite,compositeRelations,515,114
sdk,sqlite,compositeRelations,516,115
sdk,sqlite,compositeRelations,517,116
sdk,sqlite,compositeRelations,518,122
sdk,sqlite,compositeRelations,519,119
sdk,sqlite,compositeRelations,520,113
sdk,sqlite,compositeRelations,521,132
sdk,sqlite,compositeRelations,522,138
sdk,sqlite,compositeRelations,523,128
sdk,sqlite,compositeRelations,524,136
sdk,sqlite,compositeRelations,525,131
sdk,sqlite,compositeRelations,526,138
sdk,sqlite,compositeRelations,527,136
sdk,sqlite,compositeRelations,528,133
sdk,sqlite,compositeRelations,529,112
sdk,sqlite,compositeRelations,530,111
sdk,sqlite,compositeRelations,531,111
sdk,sqlite,compositeRelations,532,135
sdk,sqlite,compositeRelations,533,122
sdk,sqlite,compositeRelations,534,120
sdk,sqlite,compositeRelations,535,120
sdk,sqlite,compositeRelations,536,121
sdk,sqlite,compositeRelations,537,114
sdk,sqlite,compositeRelations,538,115
sdk,sqlite,compositeRelations,539,124
sdk,sqlite,compositeRelations,540,109
sdk,sqlite,compositeRelations,541,118
sdk,sqlite,compositeRelations,542,207
sdk,sqlite,compositeRelations,543,115
sdk,sqlite,compositeRelations,544,180
sdk,sqlite,compositeRelations,545,127
sdk,sqlite,compositeRelations,546,109
sdk,sqlite,compositeRelations,547,107
sdk,sqlite,compositeRelations,548,110
sdk,sqlite,compositeRelations,549,104
sdk,sqlite,compositeRelations,550,113
sdk,sqlite,compositeRelations,551,104
sdk,sqlite,compositeRelations,552,104
sdk,sqlite,compositeRelations,553,105
sdk,sqlite,compositeRelations,554,108
sdk,sqlite,compositeRelations,555,115
sdk,sqlite,compositeRelations,556,111
sdk,sqlite,compositeRelations,557,113
sdk,sqlite,compositeRelations,558,120
sdk,sqlite,compositeRelations,559,115
sdk,sqlite,compositeRelations,560,119
sdk,sqlite,compositeRelations,561,121
sdk,sqlite,compositeRelations,562,118
sdk,sqlite,compositeRelations,563,122
sdk,sqlite,compositeRelations,564,119
sdk,sqlite,compositeRelations,565,129
sdk,sqlite,compositeRelations,566,127
sdk,sqlite,compositeRelations,567,115
sdk,sqlite,compositeRelations,568,112
sdk,sqlite,compositeRelations,569,117
sdk,sqlite,compositeRelations,570,116
sdk,sqlite,compositeRelations,571,114
sdk,sqlite,compositeRelations,572,115
sdk,sqlite,compositeRelations,573,111
sdk,sqlite,compositeRelations,574,118
sdk,sqlite,compositeRelations,575,111
sdk,sqlite,compositeRelations,576,110
sdk,sqlite,compositeRelations,577,110
sdk,sqlite,compositeRelations,578,109
sdk,sqlite,compositeRelations,579,111
sdk,sqlite,compositeRelations,580,110
sdk,sqlite,compositeRelations,581,109
sdk,sqlite,compositeRelations,582,114
sdk,sqlite,compositeRelations,583,123
sdk,sqlite,compositeRelations,584,113
sdk,sqlite,compositeRelations,585,109
sdk,sqlite,compositeRelations,586,109
sdk,sqlite,compositeRelations,587,110
sdk,sqlite,compositeRelations,588,113
sdk,sqlite,compositeRelations,589,109
sdk,sqlite,compositeRelations,590,120
sdk,sqlite,compositeRelations,591,120
sdk,sqlite,compositeRelations,592,110
sdk,sqlite,compositeRelations,593,109
sdk,sqlite,compositeRelations,594,108
sdk,sqlite,compositeRelations,595,117
sdk,sqlite,compositeRelations,596,109
sdk,sqlite,compositeRelations,597,177
sdk,sqlite,compositeRelations,598,178
sdk,sqlite,compositeRelations,599,145
sdk,sqlite,compositeRelations,600,133
sdk,sqlite,compositeRelations,601,125
sdk,sqlite,compositeRelations,602,115
sdk,sqlite,compositeRelations,603,130
sdk,sqlite,compositeRelations,604,144
sdk,sqlite,compositeRelations,605,120
sdk,sqlite,compositeRelations,606,130
sdk,sqlite,compositeRelations,607,119
sdk,sqlite,compositeRelations,608,150
sdk,sqlite,compositeRelations,609,152
sdk,sqlite,compositeRelations,610,122
sdk,sqlite,compositeRelations,611,120
sdk,sqlite,compositeRelations,612,114
sdk,sqlite,compositeRelations,613,165
sdk,sqlite,compositeRelations,614,166
sdk,sqlite,compositeRelations,615,135
sdk,sqlite,compositeRelations,616,131
sdk,sqlite,compositeRelations,617,130
sdk,sqlite,compositeRelations,618,133
sdk,sqlite,compositeRelations,619,126
sdk,sqlite,compositeRelations,620,121
sdk,sqlite,compositeRelations,621,126
sdk,sqlite,compositeRelations,622,118
sdk,sqlite,compositeRelations,623,121
sdk,sqlite,compositeRelations,624,128
sdk,sqlite,compositeRelations,625,134
sdk,sqlite,compositeRelations,626,126
sdk,sqlite,compositeRelations,627,121
sdk,sqlite,compositeRelations,628,128
sdk,sqlite,compositeRelations,629,129
sdk,sqlite,compositeRelations,630,130
sdk,sqlite,compositeRelations,631,128
sdk,sqlite,compositeRelations,632,134
sdk,sqlite,compositeRelations,633,135
sdk,sqlite,compositeRelations,634,120
sdk,sqlite,compositeRelations,635,262
sdk,sqlite,compositeRelations,636,144
sdk,sqlite,compositeRelations,637,167
sdk,sqlite,compositeRelations,638,502
sdk,sqlite,compositeRelations,639,170
sdk,sqlite,compositeRelations,640,229
sdk,sqlite,compositeRelations,641,131
sdk,sqlite,compositeRelations,642,128
sdk,sqlite,compositeRelations,643,165
sdk,sqlite,compositeRelations,644,120
sdk,sqlite,compositeRelations,645,112
sdk,sqlite,compositeRelations,646,130
sdk,sqlite,compositeRelations,647,116
sdk,sqlite,compositeRelations,648,119
sdk,sqlite,compositeRelations,649,118
sdk,sqlite,compositeRelations,650,117
sdk,sqlite,compositeRelations,651,116
sdk,sqlite,compositeRelations,652,117
sdk,sqlite,compositeRelations,653,115
sdk,sqlite,compositeRelations,654,118
sdk,sqlite,compositeRelations,655,118
sdk,sqlite,compositeRelations,656,117
sdk,sqlite,compositeRelations,657,117
sdk,sqlite,compositeRelations,658,115
sdk,sqlite,compositeRelations,659,117
sdk,sqlite,compositeRelations,660,118
sdk,sqlite,compositeRelations,661,118
sdk,sqlite,compositeRelations,662,118
sdk,sqlite,compositeRelations,663,116
sdk,sqlite,compositeRelations,664,117
sdk,sqlite,compositeRelations,665,119
sdk,sqlite,compositeRelations,666,549
sdk,sqlite,compositeRelations,667,137
sdk,sqlite,compositeRelations,668,118
sdk,sqlite,compositeRelations,669,117
sdk,sqlite,compositeRelations,670,116
sdk,sqlite,compositeRelations,671,115
sdk,sqlite,compositeRelations,672,172
sdk,sqlite,compositeRelations,673,144
sdk,sqlite,compositeRelations,674,123
sdk,sqlite,compositeRelations,675,119
sdk,sqlite,compositeRelations,676,118
sdk,sqlite,compositeRelations,677,117
sdk,sqlite,compositeRelations,678,158
sdk,sqlite,compositeRelations,679,165
sdk,sqlite,compositeRelations,680,117
sdk,sqlite,compositeRelations,681,113
sdk,sqlite,compositeRelations,682,110
sdk,sqlite,compositeRelations,683,111
sdk,sqlite,compositeRelations,684,110
sdk,sqlite,compositeRelations,685,114
sdk,sqlite,compositeRelations,686,110
sdk,sqlite,compositeRelations,687,109
sdk,sqlite,compositeRelations,688,114
sdk,sqlite,compositeRelations,689,113
sdk,sqlite,compositeRelations,690,113
sdk,sqlite,compositeRelations,691,119
sdk,sqlite,compositeRelations,692,112
sdk,sqlite,compositeRelations,693,108
sdk,sqlite,compositeRelations,694,108
sdk,sqlite,compositeRelations,695,109
sdk,sqlite,compositeRelations,696,113
sdk,sqlite,compositeRelations,697,120
sdk,sqlite,compositeRelations,698,118
sdk,sqlite,compositeRelations,699,120
sdk,sqlite,compositeRelations,700,111
sdk,sqlite,compositeRelations,701,120
sdk,sqlite,compositeRelations,702,110
sdk,sqlite,compositeRelations,703,112
sdk,sqlite,compositeRelations,704,109
sdk,sqlite,compositeRelations,705,112
sdk,sqlite,compositeRelations,706,108
sdk,sqlite,compositeRelations,707,119
sdk,sqlite,compositeRelations,708,110
sdk,sqlite,compositeRelations,709,112
sdk,sqlite,compositeRelations,710,116
sdk,sqlite,compositeRelations,711,108
sdk,sqlite,compositeRelations,712,112
sdk,sqlite,compositeRelations,713,107
sdk,sqlite,compositeRelations,714,118
sdk,sqlite,compositeRelations,715,118
sdk,sqlite,compositeRelations,716,111
sdk,sqlite,compositeRelations,717,108
sdk,sqlite,compositeRelations,718,109
sdk,sqlite,compositeRelations,719,107
sdk,sqlite,compositeRelations,720,113
sdk,sqlite,compositeRelations,721,155
sdk,sqlite,compositeRelations,722,167
sdk,sqlite,compositeRelations,723,128
sdk,sqlite,compositeRelations,724,118
sdk,sqlite,compositeRelations,725,127
sdk,sqlite,compositeRelations,726,116
sdk,sqlite,compositeRelations,727,118
sdk,sqlite,compositeRelations,728,115
sdk,sqlite,compositeRelations,729,112
sdk,sqlite,compositeRelations,730,117
sdk,sqlite,compositeRelations,731,328
sdk,sqlite,compositeRelations,732,249
sdk,sqlite,compositeRelations,733,117
sdk,sqlite,compositeRelations,734,125
sdk,sqlite,compositeRelations,735,115
sdk,sqlite,compositeRelations,736,122
sdk,sqlite,compositeRelations,737,165
sdk,sqlite,compositeRelations,738,115
sdk,sqlite,compositeRelations,739,113
sdk,sqlite,compositeRelations,740,112
sdk,sqlite,compositeRelations,741,111
sdk,sqlite,compositeRelations,742,112
sdk,sqlite,compositeRelations,743,112
sdk,sqlite,compositeRelations,744,119
sdk,sqlite,compositeRelations,745,181
sdk,sqlite,compositeRelations,746,141
sdk,sqlite,compositeRelations,747,139
sdk,sqlite,compositeRelations,748,126
sdk,sqlite,compositeRelations,749,121
sdk,sqlite,compositeRelations,750,129
sdk,sqlite,compositeRelations,751,133
sdk,sqlite,compositeRelations,752,131
sdk,sqlite,compositeRelations,753,124
sdk,sqlite,compositeRelations,754,128
sdk,sqlite,compositeRelations,755,119
sdk,sqlite,compositeRelations,756,121
sdk,sqlite,compositeRelations,757,116
sdk,sqlite,compositeRelations,758,123
sdk,sqlite,compositeRelations,759,141
sdk,sqlite,compositeRelations,760,120
sdk,sqlite,compositeRelations,761,115
sdk,sqlite,compositeRelations,762,114
sdk,sqlite,compositeRelations,763,120
sdk,sqlite,compositeRelations,764,113
sdk,sqlite,compositeRelations,765,115
sdk,sqlite,compositeRelations,766,115
sdk,sqlite,compositeRelations,767,117
sdk,sqlite,compositeRelations,768,121
sdk,sqlite,compositeRelations,769,115
sdk,sqlite,compositeRelations,770,119
sdk,sqlite,compositeRelations,771,112
sdk,sqlite,compositeRelations,772,122
sdk,sqlite,compositeRelations,773,120
sdk,sqlite,compositeRelations,774,120
sdk,sqlite,compositeRelations,775,115
sdk,sqlite,compositeRelations,776,129
sdk,sqlite,compositeRelations,777,111
sdk,sqlite,compositeRelations,778,115
sdk,sqlite,compositeRelations,779,121
sdk,sqlite,compositeRelations,780,115
sdk,sqlite,compositeRelations,781,122
sdk,sqlite,compositeRelations,782,114
sdk,sqlite,compositeRelations,783,184
sdk,sqlite,compositeRelations,784,378
sdk,sqlite,compositeRelations,785,915
sdk,sqlite,compositeRelations,786,119
sdk,sqlite,compositeRelations,787,115
sdk,sqlite,compositeRelations,788,117
sdk,sqlite,compositeRelations,789,113
sdk,sqlite,compositeRelations,790,112
sdk,sqlite,compositeRelations,791,110
sdk,sqlite,compositeRelations,792,110
sdk,sqlite,compositeRelations,793,113
sdk,sqlite,compositeRelations,794,113
sdk,sqlite,compositeRelations,795,111
sdk,sqlite,compositeRelations,796,113
sdk,sqlite,compositeRelations,797,110
sdk,sqlite,compositeRelations,798,114
sdk,sqlite,compositeRelations,799,112
sdk,sqlite,compositeRelations,800,114
sdk,sqlite,compositeRelations,801,110
sdk,sqlite,compositeRelations,802,112
sdk,sqlite,compositeRelations,803,113
sdk,sqlite,compositeRelations,804,110
sdk,sqlite,compositeRelations,805,112
sdk,sqlite,compositeRelations,806,113
sdk,sqlite,compositeRelations,807,108
sdk,sqlite,compositeRelations,808,115
sdk,sqlite,compositeRelations,809,109
sdk,sqlite,compositeRelations,810,110
sdk,sqlite,compositeRelations,811,114
sdk,sqlite,compositeRelations,812,114
sdk,sqlite,compositeRelations,813,114
sdk,sqlite,compositeRelations,814,120
sdk,sqlite,compositeRelations,815,113
sdk,sqlite,compositeRelations,816,110
sdk,sqlite,compositeRelations,817,113
sdk,sqlite,compositeRelations,818,114
sdk,sqlite,compositeRelations,819,113
sdk,sqlite,compositeRelations,820,116
sdk,sqlite,compositeRelations,821,113
sdk,sqlite,compositeRelations,822,114
sdk,sqlite,compositeRelations,823,113
sdk,sqlite,compositeRelations,824,112
sdk,sqlite,compositeRelations,825,115
sdk,sqlite,compositeRelations,826,110
sdk,sqlite,compositeRelations,827,111
sdk,sqlite,compositeRelations,828,113
sdk,sqlite,compositeRelations,829,112
sdk,sqlite,compositeRelations,830,113
sdk,sqlite,compositeRelations,831,111
sdk,sqlite,compositeRelations,832,114
sdk,sqlite,compositeRelations,833,113
sdk,sqlite,compositeRelations,834,114
sdk,sqlite,compositeRelations,835,113
sdk,sqlite,compositeRelations,836,112
sdk,sqlite,compositeRelations,837,113
sdk,sqlite,compositeRelations,838,117
sdk,sqlite,compositeRelations,839,118
sdk,sqlite,compositeRelations,840,116
sdk,sqlite,compositeRelations,841,115
sdk,sqlite,compositeRelations,842,110
sdk,sqlite,compositeRelations,843,120
sdk,sqlite,compositeRelations,844,125
sdk,sqlite,compositeRelations,845,110
sdk,sqlite,compositeRelations,846,110
sdk,sqlite,compositeRelations,847,113
sdk,sqlite,compositeRelations,848,114
sdk,sqlite,compositeRelations,849,109
sdk,sqlite,compositeRelations,850,112
sdk,sqlite,compositeRelations,851,114
sdk,sqlite,compositeRelations,852,115
sdk,sqlite,compositeRelations,853,108
sdk,sqlite,compositeRelations,854,113
sdk,sqlite,compositeRelations,855,109
sdk,sqlite,compositeRelations,856,112
sdk,sqlite,compositeRelations,857,116
sdk,sqlite,compositeRelations,858,110
sdk,sqlite,compositeRelations,859,116
sdk,sqlite,compositeRelations,860,111
sdk,sqlite,compositeRelations,861,112
sdk,sqlite,compositeRelations,862,111
sdk,sqlite,compositeRelations,863,113
sdk,sqlite,compositeRelations,864,117
sdk,sqlite,compositeRelations,865,118
sdk,sqlite,compositeRelations,866,113
sdk,sqlite,compositeRelations,867,115
sdk,sqlite,compositeRelations,868,117
sdk,sqlite,compositeRelations,869,120
sdk,sqlite,compositeRelations,870,118
sdk,sqlite,compositeRelations,871,120
sdk,sqlite,compositeRelations,872,115
sdk,sqlite,compositeRelations,873,120
sdk,sqlite,compositeRelations,874,122
sdk,sqlite,compositeRelations,875,113
sdk,sqlite,compositeRelations,876,111
sdk,sqlite,compositeRelations,877,117
sdk,sqlite,compositeRelations,878,118
sdk,sqlite,compositeRelations,879,115
sdk,sqlite,compositeRelations,880,112
sdk,sqlite,compositeRelations,881,114
sdk,sqlite,compositeRelations,882,110
sdk,sqlite,compositeRelations,883,110
sdk,sqlite,compositeRelations,884,116
sdk,sqlite,compositeRelations,885,118
sdk,sqlite,compositeRelations,886,112
sdk,sqlite,compositeRelations,887,115
sdk,sqlite,compositeRelations,888,120
sdk,sqlite,compositeRelations,889,114
sdk,sqlite,compositeRelations,890,110
sdk,sqlite,compositeRelations,891,112
sdk,sqlite,compositeRelations,892,109
sdk,sqlite,compositeRelations,893,112
sdk,sqlite,compositeRelations,894,126
sdk,sqlite,compositeRelations,895,110
sdk,sqlite,compositeRelations,896,121
sdk,sqlite,compositeRelations,897,117
sdk,sqlite,compositeRelations,898,116
sdk,sqlite,compositeRelations,899,117
sdk,sqlite,compositeRelations,900,114
sdk,sqlite,compositeRelations,901,112
sdk,sqlite,compositeRelations,902,115
sdk,sqlite,compositeRelations,903,119
sdk,sqlite,compositeRelations,904,114
sdk,sqlite,compositeRelations,905,116
sdk,sqlite,compositeRelations,906,115
sdk,sqlite,compositeRelations,907,117
sdk,sqlite,compositeRelations,908,119
sdk,sqlite,compositeRelations,909,119
sdk,sqlite,compositeRelations,910,117
sdk,sqlite,compositeRelations,911,112
sdk,sqlite,compositeRelations,912,115
sdk,sqlite,compositeRelations,913,110
sdk,sqlite,compositeRelations,914,111
sdk,sqlite,compositeRelations,915,118
sdk,sqlite,compositeRelations,916,110
sdk,sqlite,compositeRelations,917,113
sdk,sqlite,compositeRelations,918,115
sdk,sqlite,compositeRelations,919,110
sdk,sqlite,compositeRelations,920,112
sdk,sqlite,compositeRelations,921,111
sdk,sqlite,compositeRelations,922,115
sdk,sqlite,compositeRelations,923,113
sdk,sqlite,compositeRelations,924,115
sdk,sqlite,compositeRelations,925,112
sdk,sqlite,compositeRelations,926,120
sdk,sqlite,compositeRelations,927,234
sdk,sqlite,compositeRelations,928,162
sdk,sqlite,compositeRelations,929,129
sdk,sqlite,compositeRelations,930,130
sdk,sqlite,compositeRelations,931,378
sdk,sqlite,compositeRelations,932,128
sdk,sqlite,compositeRelations,933,119
sdk,sqlite,compositeRelations,934,117
sdk,sqlite,compositeRelations,935,120
sdk,sqlite,compositeRelations,936,118
sdk,sqlite,compositeRelations,937,114
sdk,sqlite,compositeRelations,938,112
sdk,sqlite,compositeRelations,939,110
sdk,sqlite,compositeRelations,940,113
sdk,sqlite,compositeRelations,941,110
sdk,sqlite,compositeRelations,942,113
sdk,sqlite,compositeRelations,943,109
sdk,sqlite,compositeRelations,944,112
sdk,sqlite,compositeRelations,945,110
sdk,sqlite,compositeRelations,946,110
sdk,sqlite,compositeRelations,947,121
sdk,sqlite,compositeRelations,948,111
sdk,sqlite,compositeRelations,949,110
sdk,sqlite,compositeRelations,950,113
sdk,sqlite,compositeRelations,951,109
sdk,sqlite,compositeRelations,952,115
sdk,sqlite,compositeRelations,953,109
sdk,sqlite,compositeRelations,954,110
sdk,sqlite,compositeRelations,955,113
sdk,sqlite,compositeRelations,956,111
sdk,sqlite,compositeRelations,957,113
sdk,sqlite,compositeRelations,958,110
sdk,sqlite,compositeRelations,959,112
sdk,sqlite,compositeRelations,960,116
sdk,sqlite,compositeRelations,961,118
sdk,sqlite,compositeRelations,962,112
sdk,sqlite,compositeRelations,963,117
sdk,sqlite,compositeRelations,964,114
sdk,sqlite,compositeRelations,965,113
sdk,sqlite,compositeRelations,966,114
sdk,sqlite,compositeRelations,967,118
sdk,sqlite,compositeRelations,968,112
sdk,sqlite,compositeRelations,969,119
sdk,sqlite,compositeRelations,970,115
sdk,sqlite,compositeRelations,971,121
sdk,sqlite,compositeRelations,972,114
sdk,sqlite,compositeRelations,973,117
sdk,sqlite,compositeRelations,974,113
sdk,sqlite,compositeRelations,975,109
sdk,sqlite,compositeRelations,976,110
sdk,sqlite,compositeRelations,977,108
sdk,sqlite,compositeRelations,978,116
sdk,sqlite,compositeRelations,979,109
sdk,sqlite,compositeRelations,980,114
sdk,sqlite,compositeRelations,981,113
sdk,sqlite,compositeRelations,982,115
sdk,sqlite,compositeRelations,983,113
sdk,sqlite,compositeRelations,984,114
sdk,sqlite,compositeRelations,985,110
sdk,sqlite,compositeRelations,986,112
sdk,sqlite,compositeRelations,987,110
sdk,sqlite,compositeRelations,988,111
sdk,sqlite,compositeRelations,989,113
sdk,sqlite,compositeRelations,990,112
sdk,sqlite,compositeRelations,991,111
sdk,sqlite,compositeRelations,992,109
sdk,sqlite,compositeRelations,993,109
sdk,sqlite,compositeRelations,994,112
sdk,sqlite,compositeRelations,995,111
sdk,sqlite,compositeRelations,996,109
sdk,sqlite,compositeRelations,997,113
sdk,sqlite,compositeRelations,998,113
sdk,sqlite,compositeRelations,999,116
sdk,sqlite,create,0,7
sdk,sqlite,create,1,10
sdk,sqlite,create,2,9
sdk,sqlite,create,3,10
sdk,sqlite,create,4,10
sdk,sqlite,create,5,9
sdk,sqlite,create,6,31
sdk,sqlite,create,7,11
sdk,sqlite,create,8,9
sdk,sqlite,create,9,10
sdk,sqlite,create,10,14
sdk,sqlite,create,11,9
sdk,sqlite,create,12,8
sdk,sqlite,create,13,10
sdk,sqlite,create,14,10
sdk,sqlite,create,15,9
sdk,sqlite,create,16,10
sdk,sqlite,create,17,9
sdk,sqlite,create,18,9
sdk,sqlite,create,19,8
sdk,sqlite,create,20,8
sdk,sqlite,create,21,8
sdk,sqlite,create,22,10
sdk,sqlite,create,23,9
sdk,sqlite,create,24,8
sdk,sqlite,create,25,8
sdk,sqlite,create,26,8
sdk,sqlite,create,27,10
sdk,sqlite,create,28,9
sdk,sqlite,create,29,9
sdk,sqlite,create,30,8
sdk,sqlite,create,31,8
sdk,sqlite,create,32,8
sdk,sqlite,create,33,8
sdk,sqlite,create,34,8
sdk,sqlite,create,35,8
sdk,sqlite,create,36,8
sdk,sqlite,create,37,8
sdk,sqlite,create,38,8
sdk,sqlite,create,39,8
sdk,sqlite,create,40,8
sdk,sqlite,create,41,8
sdk,sqlite,create,42,8
sdk,sqlite,create,43,8
sdk,sqlite,create,44,8
sdk,sqlite,create,45,10
sdk,sqlite,create,46,9
sdk,sqlite,create,47,10
sdk,sqlite,create,48,8
sdk,sqlite,create,49,10
sdk,sqlite,create,50,10
sdk,sqlite,create,51,10
sdk,sqlite,create,52,8
sdk,sqlite,create,53,8
sdk,sqlite,create,54,10
sdk,sqlite,create,55,9
sdk,sqlite,create,56,9
sdk,sqlite,create,57,10
sdk,sqlite,create,58,10
sdk,sqlite,create,59,9
sdk,sqlite,create,60,10
sdk,sqlite,create,61,9
sdk,sqlite,create,62,9
sdk,sqlite,create,63,10
sdk,sqlite,create,64,9
sdk,sqlite,create,65,9
sdk,sqlite,create,66,8
sdk,sqlite,create,67,8
sdk,sqlite,create,68,10
sdk,sqlite,create,69,10
sdk,sqlite,create,70,13
sdk,sqlite,create,71,10
sdk,sqlite,create,72,9
sdk,sqlite,create,73,9
sdk,sqlite,create,74,8
sdk,sqlite,create,75,8
sdk,sqlite,create,76,8
sdk,sqlite,create,77,8
sdk,sqlite,create,78,10
sdk,sqlite,create,79,9
sdk,sqlite,create,80,10
sdk,sqlite,create,81,8
sdk,sqlite,create,82,8
sdk,sqlite,create,83,8
sdk,sqlite,create,84,8
sdk,sqlite,create,85,10
sdk,sqlite,create,86,9
sdk,sqlite,create,87,9
sdk,sqlite,create,88,8
sdk,sqlite,create,89,8
sdk,sqlite,create,90,8
sdk,sqlite,create,91,8
sdk,sqlite,create,92,10
sdk,sqlite,create,93,9
sdk,sqlite,create,94,17
sdk,sqlite,create,95,10
sdk,sqlite,create,96,9
sdk,sqlite,create,97,9
sdk,sqlite,create,98,8
sdk,sqlite,create,99,8
sdk,sqlite,create,100,8
sdk,sqlite,create,101,8
sdk,sqlite,create,102,8
sdk,sqlite,create,103,10
sdk,sqlite,create,104,9
sdk,sqlite,create,105,10
sdk,sqlite,create,106,8
sdk,sqlite,create,107,10
sdk,sqlite,create,108,9
sdk,sqlite,create,109,10
sdk,sqlite,create,110,8
sdk,sqlite,create,111,10
sdk,sqlite,create,112,9
sdk,sqlite,create,113,9
sdk,sqlite,create,114,8
sdk,sqlite,create,115,8
sdk,sqlite,create,116,8
sdk,sqlite,create,117,9
sdk,sqlite,create,118,9
sdk,sqlite,create,119,9
sdk,sqlite,create,120,10
sdk,sqlite,create,121,9
sdk,sqlite,create,122,10
sdk,sqlite,create,123,10
sdk,sqlite,create,124,10
sdk,sqlite,create,125,9
sdk,sqlite,create,126,8
sdk,sqlite,create,127,8
sdk,sqlite,create,128,8
sdk,sqlite,create,129,8
sdk,sqlite,create,130,12
sdk,sqlite,create,131,10
sdk,sqlite,create,132,9
sdk,sqlite,create,133,9
sdk,sqlite,create,134,10
sdk,sqlite,create,135,10
sdk,sqlite,create,136,9
sdk,sqlite,create,137,12
sdk,sqlite,create,138,8
sdk,sqlite,create,139,10
sdk,sqlite,create,140,10
sdk,sqlite,create,141,10
sdk,sqlite,create,142,8
sdk,sqlite,create,143,8
sdk,sqlite,create,144,10
sdk,sqlite,create,145,9
sdk,sqlite,create,146,12
sdk,sqlite,create,147,8
sdk,sqlite,create,148,10
sdk,sqlite,create,149,9
sdk,sqlite,create,150,9
sdk,sqlite,create,151,8
sdk,sqlite,create,152,8
sdk,sqlite,create,153,8
sdk,sqlite,create,154,8
sdk,sqlite,create,155,8
sdk,sqlite,create,156,8
sdk,sqlite,create,157,8
sdk,sqlite,create,158,8
sdk,sqlite,create,159,13
sdk,sqlite,create,160,9
sdk,sqlite,create,161,9
sdk,sqlite,create,162,8
sdk,sqlite,create,163,10
sdk,sqlite,create,164,9
sdk,sqlite,create,165,9
sdk,sqlite,create,166,8
sdk,sqlite,create,167,8
sdk,sqlite,create,168,10
sdk,sqlite,create,169,12
sdk,sqlite,create,170,9
sdk,sqlite,create,171,8
sdk,sqlite,create,172,8
sdk,sqlite,create,173,10
sdk,sqlite,create,174,12
sdk,sqlite,create,175,12
sdk,sqlite,create,176,8
sdk,sqlite,create,177,12
sdk,sqlite,create,178,12
sdk,sqlite,create,179,15
sdk,sqlite,create,180,17
sdk,sqlite,create,181,10
sdk,sqlite,create,182,8
sdk,sqlite,create,183,10
sdk,sqlite,create,184,9
sdk,sqlite,create,185,10
sdk,sqlite,create,186,8
sdk,sqlite,create,187,8
sdk,sqlite,create,188,10
sdk,sqlite,create,189,9
sdk,sqlite,create,190,12
sdk,sqlite,create,191,10
sdk,sqlite,create,192,9
sdk,sqlite,create,193,12
sdk,sqlite,create,194,10
sdk,sqlite,create,195,9
sdk,sqlite,create,196,10
sdk,sqlite,create,197,10
sdk,sqlite,create,198,13
sdk,sqlite,create,199,9
sdk,sqlite,create,200,8
sdk,sqlite,create,201,10
sdk,sqlite,create,202,9
sdk,sqlite,create,203,10
sdk,sqlite,create,204,13
sdk,sqlite,create,205,9
sdk,sqlite,create,206,8
sdk,sqlite,create,207,8
sdk,sqlite,create,208,8
sdk,sqlite,create,209,10
sdk,sqlite,create,210,9
sdk,sqlite,create,211,10
sdk,sqlite,create,212,8
sdk,sqlite,create,213,10
sdk,sqlite,create,214,9
sdk,sqlite,create,215,9
sdk,sqlite,create,216,8
sdk,sqlite,create,217,10
sdk,sqlite,create,218,12
sdk,sqlite,create,219,9
sdk,sqlite,create,220,8
sdk,sqlite,create,221,8
sdk,sqlite,create,222,12
sdk,sqlite,create,223,16
sdk,sqlite,create,224,13
sdk,sqlite,create,225,10
sdk,sqlite,create,226,8
sdk,sqlite,create,227,8
sdk,sqlite,create,228,10
sdk,sqlite,create,229,9
sdk,sqlite,create,230,13
sdk,sqlite,create,231,10
sdk,sqlite,create,232,9
sdk,sqlite,create,233,9
sdk,sqlite,create,234,8
sdk,sqlite,create,235,8
sdk,sqlite,create,236,8
sdk,sqlite,create,237,8
sdk,sqlite,create,238,8
sdk,sqlite,create,239,10
sdk,sqlite,create,240,9
sdk,sqlite,create,241,10
sdk,sqlite,create,242,10
sdk,sqlite,create,243,9
sdk,sqlite,create,244,9
sdk,sqlite,create,245,10
sdk,sqlite,create,246,10
sdk,sqlite,create,247,9
sdk,sqlite,create,248,8
sdk,sqlite,create,249,8
sdk,sqlite,create,250,10
sdk,sqlite,create,251,12
sdk,sqlite,create,252,9
sdk,sqlite,create,253,9
sdk,sqlite,create,254,8
sdk,sqlite,create,255,10
sdk,sqlite,create,256,23
sdk,sqlite,create,257,13
sdk,sqlite,create,258,9
sdk,sqlite,create,259,10
sdk,sqlite,create,260,9
sdk,sqlite,create,261,12
sdk,sqlite,create,262,8
sdk,sqlite,create,263,8
sdk,sqlite,create,264,10
sdk,sqlite,create,265,9
sdk,sqlite,create,266,9
sdk,sqlite,create,267,8
sdk,sqlite,create,268,10
sdk,sqlite,create,269,9
sdk,sqlite,create,270,9
sdk,sqlite,create,271,11
sdk,sqlite,create,272,10
sdk,sqlite,create,273,9
sdk,sqlite,create,274,10
sdk,sqlite,create,275,8
sdk,sqlite,create,276,8
sdk,sqlite,create,277,8
sdk,sqlite,create,278,8
sdk,sqlite,create,279,10
sdk,sqlite,create,280,22
sdk,sqlite,create,281,10
sdk,sqlite,create,282,13
sdk,sqlite,create,283,10
sdk,sqlite,create,284,9
sdk,sqlite,create,285,9
sdk,sqlite,create,286,8
sdk,sqlite,create,287,10
sdk,sqlite,create,288,9
sdk,sqlite,create,289,9
sdk,sqlite,create,290,7
sdk,sqlite,create,291,11
sdk,sqlite,create,292,10
sdk,sqlite,create,293,9
sdk,sqlite,create,294,11
sdk,sqlite,create,295,8
sdk,sqlite,create,296,10
sdk,sqlite,create,297,11
sdk,sqlite,create,298,12
sdk,sqlite,create,299,18
sdk,sqlite,create,300,10
sdk,sqlite,create,301,10
sdk,sqlite,create,302,10
sdk,sqlite,create,303,13
sdk,sqlite,create,304,9
sdk,sqlite,create,305,8
sdk,sqlite,create,306,8
sdk,sqlite,create,307,10
sdk,sqlite,create,308,12
sdk,sqlite,create,309,9
sdk,sqlite,create,310,10
sdk,sqlite,create,311,8
sdk,sqlite,create,312,11
sdk,sqlite,create,313,24
sdk,sqlite,create,314,10
sdk,sqlite,create,315,9
sdk,sqlite,create,316,8
sdk,sqlite,create,317,10
sdk,sqlite,create,318,13
sdk,sqlite,create,319,10
sdk,sqlite,create,320,10
sdk,sqlite,create,321,8
sdk,sqlite,create,322,9
sdk,sqlite,create,323,21
sdk,sqlite,create,324,10
sdk,sqlite,create,325,9
sdk,sqlite,create,326,10
sdk,sqlite,create,327,9
sdk,sqlite,create,328,9
sdk,sqlite,create,329,11
sdk,sqlite,create,330,9
sdk,sqlite,create,331,25
sdk,sqlite,create,332,10
sdk,sqlite,create,333,9
sdk,sqlite,create,334,9
sdk,sqlite,create,335,9
sdk,sqlite,create,336,9
sdk,sqlite,create,337,20
sdk,sqlite,create,338,10
sdk,sqlite,create,339,9
sdk,sqlite,create,340,10
sdk,sqlite,create,341,24
sdk,sqlite,create,342,10
sdk,sqlite,create,343,10
sdk,sqlite,create,344,27
sdk,sqlite,create,345,12
sdk,sqlite,create,346,25
sdk,sqlite,create,347,10
sdk,sqlite,create,348,23
sdk,sqlite,create,349,25
sdk,sqlite,create,350,30
sdk,sqlite,create,351,31
sdk,sqlite,create,352,10
sdk,sqlite,create,353,9
sdk,sqlite,create,354,10
sdk,sqlite,create,355,9
sdk,sqlite,create,356,9
sdk,sqlite,create,357,8
sdk,sqlite,create,358,10
sdk,sqlite,create,359,9
sdk,sqlite,create,360,8
sdk,sqlite,create,361,8
sdk,sqlite,create,362,10
sdk,sqlite,create,363,8
sdk,sqlite,create,364,8
sdk,sqlite,create,365,8
sdk,sqlite,create,366,9
sdk,sqlite,create,367,9
sdk,sqlite,create,368,9
sdk,sqlite,create,369,8
sdk,sqlite,create,370,11
sdk,sqlite,create,371,10
sdk,sqlite,create,372,9
sdk,sqlite,create,373,9
sdk,sqlite,create,374,10
sdk,sqlite,create,375,9
sdk,sqlite,create,376,9
sdk,sqlite,create,377,8
sdk,sqlite,create,378,8
sdk,sqlite,create,379,10
sdk,sqlite,create,380,9
sdk,sqlite,create,381,9
sdk,sqlite,create,382,10
sdk,sqlite,create,383,9
sdk,sqlite,create,384,9
sdk,sqlite,create,385,10
sdk,sqlite,create,386,9
sdk,sqlite,create,387,9
sdk,sqlite,create,388,10
sdk,sqlite,create,389,9
sdk,sqlite,create,390,9
sdk,sqlite,create,391,8
sdk,sqlite,create,392,8
sdk,sqlite,create,393,8
sdk,sqlite,create,394,8
sdk,sqlite,create,395,23
sdk,sqlite,create,396,10
sdk,sqlite,create,397,9
sdk,sqlite,create,398,10
sdk,sqlite,create,399,9
sdk,sqlite,create,400,9
sdk,sqlite,create,401,10
sdk,sqlite,create,402,9
sdk,sqlite,create,403,9
sdk,sqlite,create,404,8
sdk,sqlite,create,405,8
sdk,sqlite,create,406,8
sdk,sqlite,create,407,10
sdk,sqlite,create,408,9
sdk,sqlite,create,409,9
sdk,sqlite,create,410,8
sdk,sqlite,create,411,8
sdk,sqlite,create,412,10
sdk,sqlite,create,413,9
sdk,sqlite,create,414,9
sdk,sqlite,create,415,8
sdk,sqlite,create,416,10
sdk,sqlite,create,417,9
sdk,sqlite,create,418,9
sdk,sqlite,create,419,8
sdk,sqlite,create,420,8
sdk,sqlite,create,421,10
sdk,sqlite,create,422,23
sdk,sqlite,create,423,10
sdk,sqlite,create,424,10
sdk,sqlite,create,425,10
sdk,sqlite,create,426,9
sdk,sqlite,create,427,10
sdk,sqlite,create,428,10
sdk,sqlite,create,429,9
sdk,sqlite,create,430,13
sdk,sqlite,create,431,10
sdk,sqlite,create,432,12
sdk,sqlite,create,433,9
sdk,sqlite,create,434,8
sdk,sqlite,create,435,12
sdk,sqlite,create,436,9
sdk,sqlite,create,437,9
sdk,sqlite,create,438,9
sdk,sqlite,create,439,8
sdk,sqlite,create,440,10
sdk,sqlite,create,441,13
sdk,sqlite,create,442,20
sdk,sqlite,create,443,10
sdk,sqlite,create,444,10
sdk,sqlite,create,445,10
sdk,sqlite,create,446,12
sdk,sqlite,create,447,9
sdk,sqlite,create,448,8
sdk,sqlite,create,449,11
sdk,sqlite,create,450,10
sdk,sqlite,create,451,9
sdk,sqlite,create,452,11
sdk,sqlite,create,453,7
sdk,sqlite,create,454,11
sdk,sqlite,create,455,10
sdk,sqlite,create,456,11
sdk,sqlite,create,457,11
sdk,sqlite,create,458,18
sdk,sqlite,create,459,10
sdk,sqlite,create,460,9
sdk,sqlite,create,461,8
sdk,sqlite,create,462,10
sdk,sqlite,create,463,9
sdk,sqlite,create,464,9
sdk,sqlite,create,465,8
sdk,sqlite,create,466,8
sdk,sqlite,create,467,8
sdk,sqlite,create,468,8
sdk,sqlite,create,469,17
sdk,sqlite,create,470,10
sdk,sqlite,create,471,9
sdk,sqlite,create,472,8
sdk,sqlite,create,473,7
sdk,sqlite,create,474,8
sdk,sqlite,create,475,8
sdk,sqlite,create,476,10
sdk,sqlite,create,477,9
sdk,sqlite,create,478,19
sdk,sqlite,create,479,10
sdk,sqlite,create,480,9
sdk,sqlite,create,481,9
sdk,sqlite,create,482,8
sdk,sqlite,create,483,8
sdk,sqlite,create,484,10
sdk,sqlite,create,485,20
sdk,sqlite,create,486,10
sdk,sqlite,create,487,9
sdk,sqlite,create,488,11
sdk,sqlite,create,489,9
sdk,sqlite,create,490,19
sdk,sqlite,create,491,13
sdk,sqlite,create,492,10
sdk,sqlite,create,493,11
sdk,sqlite,create,494,22
sdk,sqlite,create,495,10
sdk,sqlite,create,496,10
sdk,sqlite,create,497,10
sdk,sqlite,create,498,9
sdk,sqlite,create,499,20
sdk,sqlite,create,500,10
sdk,sqlite,create,501,10
sdk,sqlite,create,502,26
sdk,sqlite,create,503,9
sdk,sqlite,create,504,8
sdk,sqlite,create,505,13
sdk,sqlite,create,506,9
sdk,sqlite,create,507,9
sdk,sqlite,create,508,10
sdk,sqlite,create,509,9
sdk,sqlite,create,510,9
sdk,sqlite,create,511,8
sdk,sqlite,create,512,7
sdk,sqlite,create,513,8
sdk,sqlite,create,514,8
sdk,sqlite,create,515,8
sdk,sqlite,create,516,8
sdk,sqlite,create,517,10
sdk,sqlite,create,518,9
sdk,sqlite,create,519,9
sdk,sqlite,create,520,10
sdk,sqlite,create,521,9
sdk,sqlite,create,522,9
sdk,sqlite,create,523,10
sdk,sqlite,create,524,9
sdk,sqlite,create,525,9
sdk,sqlite,create,526,10
sdk,sqlite,create,527,9
sdk,sqlite,create,528,9
sdk,sqlite,create,529,10
sdk,sqlite,create,530,9
sdk,sqlite,create,531,9
sdk,sqlite,create,532,8
sdk,sqlite,create,533,8
sdk,sqlite,create,534,10
sdk,sqlite,create,535,9
sdk,sqlite,create,536,9
sdk,sqlite,create,537,7
sdk,sqlite,create,538,8
sdk,sqlite,create,539,8
sdk,sqlite,create,540,8
sdk,sqlite,create,541,8
sdk,sqlite,create,542,10
sdk,sqlite,create,543,10
sdk,sqlite,create,544,9
sdk,sqlite,create,545,8
sdk,sqlite,create,546,18
sdk,sqlite,create,547,10
sdk,sqlite,create,548,10
sdk,sqlite,create,549,10
sdk,sqlite,create,550,12
sdk,sqlite,create,551,8
sdk,sqlite,create,552,11
sdk,sqlite,create,553,9
sdk,sqlite,create,554,9
sdk,sqlite,create,555,9
sdk,sqlite,create,556,8
sdk,sqlite,create,557,10
sdk,sqlite,create,558,9
sdk,sqlite,create,559,9
sdk,sqlite,create,560,8
sdk,sqlite,create,561,8
sdk,sqlite,create,562,10
sdk,sqlite,create,563,10
sdk,sqlite,create,564,9
sdk,sqlite,create,565,10
sdk,sqlite,create,566,9
sdk,sqlite,create,567,9
sdk,sqlite,create,568,8
sdk,sqlite,create,569,8
sdk,sqlite,create,570,10
sdk,sqlite,create,571,9
sdk,sqlite,create,572,9
sdk,sqlite,create,573,22
sdk,sqlite,create,574,9
sdk,sqlite,create,575,8
sdk,sqlite,create,576,10
sdk,sqlite,create,577,9
sdk,sqlite,create,578,9
sdk,sqlite,create,579,8
sdk,sqlite,create,580,8
sdk,sqlite,create,581,8
sdk,sqlite,create,582,8
sdk,sqlite,create,583,10
sdk,sqlite,create,584,9
sdk,sqlite,create,585,9
sdk,sqlite,create,586,8
sdk,sqlite,create,587,8
sdk,sqlite,create,588,10
sdk,sqlite,create,589,9
sdk,sqlite,create,590,9
sdk,sqlite,create,591,8
sdk,sqlite,create,592,9
sdk,sqlite,create,593,10
sdk,sqlite,create,594,21
sdk,sqlite,create,595,10
sdk,sqlite,create,596,10
sdk,sqlite,create,597,8
sdk,sqlite,create,598,10
sdk,sqlite,create,599,9
sdk,sqlite,create,600,9
sdk,sqlite,create,601,8
sdk,sqlite,create,602,10
sdk,sqlite,create,603,9
sdk,sqlite,create,604,9
sdk,sqlite,create,605,8
sdk,sqlite,create,606,10
sdk,sqlite,create,607,9
sdk,sqlite,create,608,9
sdk,sqlite,create,609,17
sdk,sqlite,create,610,12
sdk,sqlite,create,611,9
sdk,sqlite,create,612,10
sdk,sqlite,create,613,9
sdk,sqlite,create,614,9
sdk,sqlite,create,615,8
sdk,sqlite,create,616,10
sdk,sqlite,create,617,9
sdk,sqlite,create,618,9
sdk,sqlite,create,619,9
sdk,sqlite,create,620,8
sdk,sqlite,create,621,25
sdk,sqlite,create,622,9
sdk,sqlite,create,623,8
sdk,sqlite,create,624,10
sdk,sqlite,create,625,9
sdk,sqlite,create,626,9
sdk,sqlite,create,627,10
sdk,sqlite,create,628,9
sdk,sqlite,create,629,9
sdk,sqlite,create,630,8
sdk,sqlite,create,631,10
sdk,sqlite,create,632,9
sdk,sqlite,create,633,9
sdk,sqlite,create,634,8
sdk,sqlite,create,635,10
sdk,sqlite,create,636,9
sdk,sqlite,create,637,22
sdk,sqlite,create,638,10
sdk,sqlite,create,639,10
sdk,sqlite,create,640,10
sdk,sqlite,create,641,9
sdk,sqlite,create,642,10
sdk,sqlite,create,643,8
sdk,sqlite,create,644,10
sdk,sqlite,create,645,25
sdk,sqlite,create,646,10
sdk,sqlite,create,647,10
sdk,sqlite,create,648,10
sdk,sqlite,create,649,24
sdk,sqlite,create,650,10
sdk,sqlite,create,651,22
sdk,sqlite,create,652,28
sdk,sqlite,create,653,10
sdk,sqlite,create,654,9
sdk,sqlite,create,655,10
sdk,sqlite,create,656,9
sdk,sqlite,create,657,9
sdk,sqlite,create,658,8
sdk,sqlite,create,659,10
sdk,sqlite,create,660,9
sdk,sqlite,create,661,9
sdk,sqlite,create,662,8
sdk,sqlite,create,663,10
sdk,sqlite,create,664,10
sdk,sqlite,create,665,9
sdk,sqlite,create,666,8
sdk,sqlite,create,667,10
sdk,sqlite,create,668,9
sdk,sqlite,create,669,9
sdk,sqlite,create,670,11
sdk,sqlite,create,671,10
sdk,sqlite,create,672,9
sdk,sqlite,create,673,9
sdk,sqlite,create,674,8
sdk,sqlite,create,675,10
sdk,sqlite,create,676,9
sdk,sqlite,create,677,9
sdk,sqlite,create,678,8
sdk,sqlite,create,679,9
sdk,sqlite,create,680,9
sdk,sqlite,create,681,13
sdk,sqlite,create,682,8
sdk,sqlite,create,683,10
sdk,sqlite,create,684,12
sdk,sqlite,create,685,8
sdk,sqlite,create,686,11
sdk,sqlite,create,687,10
sdk,sqlite,create,688,12
sdk,sqlite,create,689,8
sdk,sqlite,create,690,10
sdk,sqlite,create,691,10
sdk,sqlite,create,692,9
sdk,sqlite,create,693,12
sdk,sqlite,create,694,10
sdk,sqlite,create,695,23
sdk,sqlite,create,696,10
sdk,sqlite,create,697,10
sdk,sqlite,create,698,10
sdk,sqlite,create,699,12
sdk,sqlite,create,700,8
sdk,sqlite,create,701,8
sdk,sqlite,create,702,10
sdk,sqlite,create,703,9
sdk,sqlite,create,704,9
sdk,sqlite,create,705,10
sdk,sqlite,create,706,9
sdk,sqlite,create,707,9
sdk,sqlite,create,708,8
sdk,sqlite,create,709,10
sdk,sqlite,create,710,9
sdk,sqlite,create,711,9
sdk,sqlite,create,712,8
sdk,sqlite,create,713,8
sdk,sqlite,create,714,10
sdk,sqlite,create,715,9
sdk,sqlite,create,716,9
sdk,sqlite,create,717,8
sdk,sqlite,create,718,10
sdk,sqlite,create,719,9
sdk,sqlite,create,720,9
sdk,sqlite,create,721,8
sdk,sqlite,create,722,10
sdk,sqlite,create,723,24
sdk,sqlite,create,724,10
sdk,sqlite,create,725,10
sdk,sqlite,create,726,8
sdk,sqlite,create,727,8
sdk,sqlite,create,728,10
sdk,sqlite,create,729,9
sdk,sqlite,create,730,12
sdk,sqlite,create,731,10
sdk,sqlite,create,732,9
sdk,sqlite,create,733,9
sdk,sqlite,create,734,8
sdk,sqlite,create,735,8
sdk,sqlite,create,736,8
sdk,sqlite,create,737,8
sdk,sqlite,create,738,8
sdk,sqlite,create,739,8
sdk,sqlite,create,740,8
sdk,sqlite,create,741,8
sdk,sqlite,create,742,10
sdk,sqlite,create,743,10
sdk,sqlite,create,744,20
sdk,sqlite,create,745,10
sdk,sqlite,create,746,10
sdk,sqlite,create,747,8
sdk,sqlite,create,748,8
sdk,sqlite,create,749,10
sdk,sqlite,create,750,9
sdk,sqlite,create,751,9
sdk,sqlite,create,752,8
sdk,sqlite,create,753,10
sdk,sqlite,create,754,9
sdk,sqlite,create,755,9
sdk,sqlite,create,756,8
sdk,sqlite,create,757,8
sdk,sqlite,create,758,10
sdk,sqlite,create,759,9
sdk,sqlite,create,760,9
sdk,sqlite,create,761,10
sdk,sqlite,create,762,9
sdk,sqlite,create,763,9
sdk,sqlite,create,764,7
sdk,sqlite,create,765,10
sdk,sqlite,create,766,9
sdk,sqlite,create,767,9
sdk,sqlite,create,768,8
sdk,sqlite,create,769,10
sdk,sqlite,create,770,10
sdk,sqlite,create,771,9
sdk,sqlite,create,772,10
sdk,sqlite,create,773,9
sdk,sqlite,create,774,19
sdk,sqlite,create,775,10
sdk,sqlite,create,776,9
sdk,sqlite,create,777,10
sdk,sqlite,create,778,9
sdk,sqlite,create,779,9
sdk,sqlite,create,780,10
sdk,sqlite,create,781,9
sdk,sqlite,create,782,9
sdk,sqlite,create,783,7
sdk,sqlite,create,784,10
sdk,sqlite,create,785,9
sdk,sqlite,create,786,9
sdk,sqlite,create,787,8
sdk,sqlite,create,788,10
sdk,sqlite,create,789,20
sdk,sqlite,create,790,13
sdk,sqlite,create,791,10
sdk,sqlite,create,792,10
sdk,sqlite,create,793,9
sdk,sqlite,create,794,9
sdk,sqlite,create,795,8
sdk,sqlite,create,796,20
sdk,sqlite,create,797,10
sdk,sqlite,create,798,8
sdk,sqlite,create,799,9
sdk,sqlite,create,800,22
sdk,sqlite,create,801,10
sdk,sqlite,create,802,25
sdk,sqlite,create,803,10
sdk,sqlite,create,804,8
sdk,sqlite,create,805,10
sdk,sqlite,create,806,9
sdk,sqlite,create,807,9
sdk,sqlite,create,808,10
sdk,sqlite,create,809,9
sdk,sqlite,create,810,9
sdk,sqlite,create,811,8
sdk,sqlite,create,812,8
sdk,sqlite,create,813,10
sdk,sqlite,create,814,9
sdk,sqlite,create,815,9
sdk,sqlite,create,816,7
sdk,sqlite,create,817,10
sdk,sqlite,create,818,9
sdk,sqlite,create,819,9
sdk,sqlite,create,820,11
sdk,sqlite,create,821,9
sdk,sqlite,create,822,12
sdk,sqlite,create,823,8
sdk,sqlite,create,824,10
sdk,sqlite,create,825,9
sdk,sqlite,create,826,12
sdk,sqlite,create,827,8
sdk,sqlite,create,828,10
sdk,sqlite,create,829,10
sdk,sqlite,create,830,12
sdk,sqlite,create,831,8
sdk,sqlite,create,832,11
sdk,sqlite,create,833,10
sdk,sqlite,create,834,9
sdk,sqlite,create,835,12
sdk,sqlite,create,836,10
sdk,sqlite,create,837,9
sdk,sqlite,create,838,10
sdk,sqlite,create,839,8
sdk,sqlite,create,840,8
sdk,sqlite,create,841,10
sdk,sqlite,create,842,9
sdk,sqlite,create,843,9
sdk,sqlite,create,844,7
sdk,sqlite,create,845,11
sdk,sqlite,create,846,21
sdk,sqlite,create,847,13
sdk,sqlite,create,848,9
sdk,sqlite,create,849,13
sdk,sqlite,create,850,12
sdk,sqlite,create,851,9
sdk,sqlite,create,852,8
sdk,sqlite,create,853,8
sdk,sqlite,create,854,10
sdk,sqlite,create,855,12
sdk,sqlite,create,856,9
sdk,sqlite,create,857,10
sdk,sqlite,create,858,9
sdk,sqlite,create,859,9
sdk,sqlite,create,860,10
sdk,sqlite,create,861,9
sdk,sqlite,create,862,9
sdk,sqlite,create,863,13
sdk,sqlite,create,864,9
sdk,sqlite,create,865,9
sdk,sqlite,create,866,8
sdk,sqlite,create,867,9
sdk,sqlite,create,868,9
sdk,sqlite,create,869,9
sdk,sqlite,create,870,13
sdk,sqlite,create,871,9
sdk,sqlite,create,872,11
sdk,sqlite,create,873,8
sdk,sqlite,create,874,24
sdk,sqlite,create,875,9
sdk,sqlite,create,876,8
sdk,sqlite,create,877,10
sdk,sqlite,create,878,12
sdk,sqlite,create,879,9
sdk,sqlite,create,880,7
sdk,sqlite,create,881,9
sdk,sqlite,create,882,8
sdk,sqlite,create,883,10
sdk,sqlite,create,884,9
sdk,sqlite,create,885,12
sdk,sqlite,create,886,8
sdk,sqlite,create,887,11
sdk,sqlite,create,888,9
sdk,sqlite,create,889,9
sdk,sqlite,create,890,9
sdk,sqlite,create,891,11
sdk,sqlite,create,892,8
sdk,sqlite,create,893,11
sdk,sqlite,create,894,9
sdk,sqlite,create,895,12
sdk,sqlite,create,896,8
sdk,sqlite,create,897,11
sdk,sqlite,create,898,9
sdk,sqlite,create,899,12
sdk,sqlite,create,900,8
sdk,sqlite,create,901,7
sdk,sqlite,create,902,13
sdk,sqlite,create,903,9
sdk,sqlite,create,904,9
sdk,sqlite,create,905,8
sdk,sqlite,create,906,8
sdk,sqlite,create,907,13
sdk,sqlite,create,908,9
sdk,sqlite,create,909,11
sdk,sqlite,create,910,12
sdk,sqlite,create,911,12
sdk,sqlite,create,912,8
sdk,sqlite,create,913,11
sdk,sqlite,create,914,9
sdk,sqlite,create,915,33
sdk,sqlite,create,916,10
sdk,sqlite,create,917,9
sdk,sqlite,create,918,10
sdk,sqlite,create,919,9
sdk,sqlite,create,920,9
sdk,sqlite,create,921,8
sdk,sqlite,create,922,9
sdk,sqlite,create,923,12
sdk,sqlite,create,924,9
sdk,sqlite,create,925,7
sdk,sqlite,create,926,11
sdk,sqlite,create,927,8
sdk,sqlite,create,928,8
sdk,sqlite,create,929,9
sdk,sqlite,create,930,10
sdk,sqlite,create,931,8
sdk,sqlite,create,932,8
sdk,sqlite,create,933,8
sdk,sqlite,create,934,8
sdk,sqlite,create,935,21
sdk,sqlite,create,936,11
sdk,sqlite,create,937,10
sdk,sqlite,create,938,9
sdk,sqlite,create,939,8
sdk,sqlite,create,940,10
sdk,sqlite,create,941,8
sdk,sqlite,create,942,8
sdk,sqlite,create,943,8
sdk,sqlite,create,944,8
sdk,sqlite,create,945,21
sdk,sqlite,create,946,596
sdk,sqlite,create,947,29
sdk,sqlite,create,948,15
sdk,sqlite,create,949,12
sdk,sqlite,create,950,34
sdk,sqlite,create,951,13
sdk,sqlite,create,952,27
sdk,sqlite,create,953,33
sdk,sqlite,create,954,11
sdk,sqlite,create,955,10
sdk,sqlite,create,956,11
sdk,sqlite,create,957,11
sdk,sqlite,create,958,10
sdk,sqlite,create,959,9
sdk,sqlite,create,960,11
sdk,sqlite,create,961,11
sdk,sqlite,create,962,10
sdk,sqlite,create,963,11
sdk,sqlite,create,964,10
sdk,sqlite,create,965,8
sdk,sqlite,create,966,11
sdk,sqlite,create,967,10
sdk,sqlite,create,968,10
sdk,sqlite,create,969,11
sdk,sqlite,create,970,14
sdk,sqlite,create,971,11
sdk,sqlite,create,972,11
sdk,sqlite,create,973,10
sdk,sqlite,create,974,8
sdk,sqlite,create,975,11
sdk,sqlite,create,976,10
sdk,sqlite,create,977,9
sdk,sqlite,create,978,8
sdk,sqlite,create,979,8
sdk,sqlite,create,980,10
sdk,sqlite,create,981,10
sdk,sqlite,create,982,10
sdk,sqlite,create,983,10
sdk,sqlite,create,984,9
sdk,sqlite,create,985,8
sdk,sqlite,create,986,8
sdk,sqlite,create,987,8
sdk,sqlite,create,988,8
sdk,sqlite,create,989,24
sdk,sqlite,create,990,11
sdk,sqlite,create,991,11
sdk,sqlite,create,992,10
sdk,sqlite,create,993,11
sdk,sqlite,create,994,9
sdk,sqlite,create,995,8
sdk,sqlite,create,996,8
sdk,sqlite,create,997,8
sdk,sqlite,create,998,20
sdk,sqlite,create,999,11
sdk,sqlite,update,0,4
sdk,sqlite,update,1,4
sdk,sqlite,update,2,4
sdk,sqlite,update,3,4
sdk,sqlite,update,4,5
sdk,sqlite,update,5,5
sdk,sqlite,update,6,4
sdk,sqlite,update,7,4
sdk,sqlite,update,8,4
sdk,sqlite,update,9,4
sdk,sqlite,update,10,4
sdk,sqlite,update,11,4
sdk,sqlite,update,12,4
sdk,sqlite,update,13,4
sdk,sqlite,update,14,4
sdk,sqlite,update,15,4
sdk,sqlite,update,16,4
sdk,sqlite,update,17,4
sdk,sqlite,update,18,4
sdk,sqlite,update,19,4
sdk,sqlite,update,20,4
sdk,sqlite,update,21,4
sdk,sqlite,update,22,4
sdk,sqlite,update,23,4
sdk,sqlite,update,24,4
sdk,sqlite,update,25,4
sdk,sqlite,update,26,4
sdk,sqlite,update,27,4
sdk,sqlite,update,28,4
sdk,sqlite,update,29,4
sdk,sqlite,update,30,4
sdk,sqlite,update,31,4
sdk,sqlite,update,32,4
sdk,sqlite,update,33,4
sdk,sqlite,update,34,4
sdk,sqlite,update,35,4
sdk,sqlite,update,36,4
sdk,sqlite,update,37,4
sdk,sqlite,update,38,4
sdk,sqlite,update,39,4
sdk,sqlite,update,40,4
sdk,sqlite,update,41,4
sdk,sqlite,update,42,4
sdk,sqlite,update,43,4
sdk,sqlite,update,44,4
sdk,sqlite,update,45,4
sdk,sqlite,update,46,5
sdk,sqlite,update,47,5
sdk,sqlite,update,48,5
sdk,sqlite,update,49,5
sdk,sqlite,update,50,5
sdk,sqlite,update,51,4
sdk,sqlite,update,52,4
sdk,sqlite,update,53,4
sdk,sqlite,update,54,4
sdk,sqlite,update,55,4
sdk,sqlite,update,56,4
sdk,sqlite,update,57,4
sdk,sqlite,update,58,4
sdk,sqlite,update,59,4
sdk,sqlite,update,60,4
sdk,sqlite,update,61,4
sdk,sqlite,update,62,4
sdk,sqlite,update,63,4
sdk,sqlite,update,64,3
sdk,sqlite,update,65,4
sdk,sqlite,update,66,4
sdk,sqlite,update,67,3
sdk,sqlite,update,68,3
sdk,sqlite,update,69,4
sdk,sqlite,update,70,3
sdk,sqlite,update,71,5
sdk,sqlite,update,72,5
sdk,sqlite,update,73,4
sdk,sqlite,update,74,4
sdk,sqlite,update,75,4
sdk,sqlite,update,76,4
sdk,sqlite,update,77,4
sdk,sqlite,update,78,4
sdk,sqlite,update,79,4
sdk,sqlite,update,80,4
sdk,sqlite,update,81,4
sdk,sqlite,update,82,4
sdk,sqlite,update,83,4
sdk,sqlite,update,84,7
sdk,sqlite,update,85,5
sdk,sqlite,update,86,4
sdk,sqlite,update,87,4
sdk,sqlite,update,88,7
sdk,sqlite,update,89,4
sdk,sqlite,update,90,4
sdk,sqlite,update,91,3
sdk,sqlite,update,92,4
sdk,sqlite,update,93,4
sdk,sqlite,update,94,3
sdk,sqlite,update,95,3
sdk,sqlite,update,96,4
sdk,sqlite,update,97,4
sdk,sqlite,update,98,3
sdk,sqlite,update,99,4
sdk,sqlite,update,100,3
sdk,sqlite,update,101,4
sdk,sqlite,update,102,3
sdk,sqlite,update,103,4
sdk,sqlite,update,104,3
sdk,sqlite,update,105,4
sdk,sqlite,update,106,3
sdk,sqlite,update,107,4
sdk,sqlite,update,108,4
sdk,sqlite,update,109,4
sdk,sqlite,update,110,4
sdk,sqlite,update,111,4
sdk,sqlite,update,112,4
sdk,sqlite,update,113,4
sdk,sqlite,update,114,3
sdk,sqlite,update,115,3
sdk,sqlite,update,116,4
sdk,sqlite,update,117,4
sdk,sqlite,update,118,5
sdk,sqlite,update,119,4
sdk,sqlite,update,120,4
sdk,sqlite,update,121,4
sdk,sqlite,update,122,4
sdk,sqlite,update,123,3
sdk,sqlite,update,124,4
sdk,sqlite,update,125,4
sdk,sqlite,update,126,4
sdk,sqlite,update,127,4
sdk,sqlite,update,128,4
sdk,sqlite,update,129,4
sdk,sqlite,update,130,4
sdk,sqlite,update,131,3
sdk,sqlite,update,132,3
sdk,sqlite,update,133,3
sdk,sqlite,update,134,4
sdk,sqlite,update,135,3
sdk,sqlite,update,136,3
sdk,sqlite,update,137,3
sdk,sqlite,update,138,3
sdk,sqlite,update,139,3
sdk,sqlite,update,140,3
sdk,sqlite,update,141,3
sdk,sqlite,update,142,3
sdk,sqlite,update,143,3
sdk,sqlite,update,144,3
sdk,sqlite,update,145,4
sdk,sqlite,update,146,3
sdk,sqlite,update,147,4
sdk,sqlite,update,148,4
sdk,sqlite,update,149,3
sdk,sqlite,update,150,3
sdk,sqlite,update,151,3
sdk,sqlite,update,152,3
sdk,sqlite,update,153,4
sdk,sqlite,update,154,4
sdk,sqlite,update,155,4
sdk,sqlite,update,156,3
sdk,sqlite,update,157,4
sdk,sqlite,update,158,3
sdk,sqlite,update,159,3
sdk,sqlite,update,160,3
sdk,sqlite,update,161,3
sdk,sqlite,update,162,3
sdk,sqlite,update,163,3
sdk,sqlite,update,164,3
sdk,sqlite,update,165,3
sdk,sqlite,update,166,3
sdk,sqlite,update,167,3
sdk,sqlite,update,168,3
sdk,sqlite,update,169,4
sdk,sqlite,update,170,4
sdk,sqlite,update,171,3
sdk,sqlite,update,172,3
sdk,sqlite,update,173,3
sdk,sqlite,update,174,3
sdk,sqlite,update,175,3
sdk,sqlite,update,176,3
sdk,sqlite,update,177,3
sdk,sqlite,update,178,4
sdk,sqlite,update,179,3
sdk,sqlite,update,180,4
sdk,sqlite,update,181,3
sdk,sqlite,update,182,3
sdk,sqlite,update,183,3
sdk,sqlite,update,184,3
sdk,sqlite,update,185,3
sdk,sqlite,update,186,3
sdk,sqlite,update,187,4
sdk,sqlite,update,188,3
sdk,sqlite,update,189,3
sdk,sqlite,update,190,3
sdk,sqlite,update,191,3
sdk,sqlite,update,192,3
sdk,sqlite,update,193,3
sdk,sqlite,update,194,4
sdk,sqlite,update,195,3
sdk,sqlite,update,196,3
sdk,sqlite,update,197,3
sdk,sqlite,update,198,3
sdk,sqlite,update,199,3
sdk,sqlite,update,200,3
sdk,sqlite,update,201,3
sdk,sqlite,update,202,4
sdk,sqlite,update,203,3
sdk,sqlite,update,204,4
sdk,sqlite,update,205,4
sdk,sqlite,update,206,4
sdk,sqlite,update,207,3
sdk,sqlite,update,208,3
sdk,sqlite,update,209,4
sdk,sqlite,update,210,4
sdk,sqlite,update,211,3
sdk,sqlite,update,212,3
sdk,sqlite,update,213,3
sdk,sqlite,update,214,4
sdk,sqlite,update,215,4
sdk,sqlite,update,216,5
sdk,sqlite,update,217,4
sdk,sqlite,update,218,4
sdk,sqlite,update,219,4
sdk,sqlite,update,220,4
sdk,sqlite,update,221,4
sdk,sqlite,update,222,4
sdk,sqlite,update,223,4
sdk,sqlite,update,224,4
sdk,sqlite,update,225,4
sdk,sqlite,update,226,4
sdk,sqlite,update,227,4
sdk,sqlite,update,228,4
sdk,sqlite,update,229,3
sdk,sqlite,update,230,3
sdk,sqlite,update,231,3
sdk,sqlite,update,232,4
sdk,sqlite,update,233,3
sdk,sqlite,update,234,4
sdk,sqlite,update,235,3
sdk,sqlite,update,236,4
sdk,sqlite,update,237,3
sdk,sqlite,update,238,3
sdk,sqlite,update,239,3
sdk,sqlite,update,240,4
sdk,sqlite,update,241,3
sdk,sqlite,update,242,4
sdk,sqlite,update,243,4
sdk,sqlite,update,244,4
sdk,sqlite,update,245,3
sdk,sqlite,update,246,4
sdk,sqlite,update,247,3
sdk,sqlite,update,248,4
sdk,sqlite,update,249,4
sdk,sqlite,update,250,3
sdk,sqlite,update,251,3
sdk,sqlite,update,252,3
sdk,sqlite,update,253,3
sdk,sqlite,update,254,4
sdk,sqlite,update,255,3
sdk,sqlite,update,256,4
sdk,sqlite,update,257,3
sdk,sqlite,update,258,3
sdk,sqlite,update,259,3
sdk,sqlite,update,260,3
sdk,sqlite,update,261,3
sdk,sqlite,update,262,4
sdk,sqlite,update,263,3
sdk,sqlite,update,264,4
sdk,sqlite,update,265,4
sdk,sqlite,update,266,4
sdk,sqlite,update,267,3
sdk,sqlite,update,268,4
sdk,sqlite,update,269,4
sdk,sqlite,update,270,3
sdk,sqlite,update,271,3
sdk,sqlite,update,272,4
sdk,sqlite,update,273,3
sdk,sqlite,update,274,3
sdk,sqlite,update,275,4
sdk,sqlite,update,276,4
sdk,sqlite,update,277,4
sdk,sqlite,update,278,3
sdk,sqlite,update,279,4
sdk,sqlite,update,280,3
sdk,sqlite,update,281,3
sdk,sqlite,update,282,3
sdk,sqlite,update,283,3
sdk,sqlite,update,284,3
sdk,sqlite,update,285,3
sdk,sqlite,update,286,3
sdk,sqlite,update,287,4
sdk,sqlite,update,288,3
sdk,sqlite,update,289,3
sdk,sqlite,update,290,4
sdk,sqlite,update,291,3
sdk,sqlite,update,292,3
sdk,sqlite,update,293,4
sdk,sqlite,update,294,4
sdk,sqlite,update,295,4
sdk,sqlite,update,296,3
sdk,sqlite,update,297,4
sdk,sqlite,update,298,4
sdk,sqlite,update,299,3
sdk,sqlite,update,300,3
sdk,sqlite,update,301,3
sdk,sqlite,update,302,3
sdk,sqlite,update,303,4
sdk,sqlite,update,304,3
sdk,sqlite,update,305,4
sdk,sqlite,update,306,4
sdk,sqlite,update,307,3
sdk,sqlite,update,308,3
sdk,sqlite,update,309,3
sdk,sqlite,update,310,4
sdk,sqlite,update,311,3
sdk,sqlite,update,312,3
sdk,sqlite,update,313,3
sdk,sqlite,update,314,4
sdk,sqlite,update,315,3
sdk,sqlite,update,316,3
sdk,sqlite,update,317,3
sdk,sqlite,update,318,3
sdk,sqlite,update,319,4
sdk,sqlite,update,320,4
sdk,sqlite,update,321,3
sdk,sqlite,update,322,4
sdk,sqlite,update,323,3
sdk,sqlite,update,324,3
sdk,sqlite,update,325,3
sdk,sqlite,update,326,3
sdk,sqlite,update,327,3
sdk,sqlite,update,328,3
sdk,sqlite,update,329,3
sdk,sqlite,update,330,3
sdk,sqlite,update,331,3
sdk,sqlite,update,332,3
sdk,sqlite,update,333,3
sdk,sqlite,update,334,3
sdk,sqlite,update,335,4
sdk,sqlite,update,336,3
sdk,sqlite,update,337,3
sdk,sqlite,update,338,3
sdk,sqlite,update,339,3
sdk,sqlite,update,340,3
sdk,sqlite,update,341,3
sdk,sqlite,update,342,3
sdk,sqlite,update,343,4
sdk,sqlite,update,344,3
sdk,sqlite,update,345,3
sdk,sqlite,update,346,3
sdk,sqlite,update,347,3
sdk,sqlite,update,348,3
sdk,sqlite,update,349,3
sdk,sqlite,update,350,3
sdk,sqlite,update,351,3
sdk,sqlite,update,352,3
sdk,sqlite,update,353,3
sdk,sqlite,update,354,3
sdk,sqlite,update,355,3
sdk,sqlite,update,356,4
sdk,sqlite,update,357,3
sdk,sqlite,update,358,3
sdk,sqlite,update,359,3
sdk,sqlite,update,360,3
sdk,sqlite,update,361,3
sdk,sqlite,update,362,3
sdk,sqlite,update,363,3
sdk,sqlite,update,364,3
sdk,sqlite,update,365,3
sdk,sqlite,update,366,3
sdk,sqlite,update,367,3
sdk,sqlite,update,368,3
sdk,sqlite,update,369,3
sdk,sqlite,update,370,3
sdk,sqlite,update,371,3
sdk,sqlite,update,372,3
sdk,sqlite,update,373,4
sdk,sqlite,update,374,3
sdk,sqlite,update,375,4
sdk,sqlite,update,376,4
sdk,sqlite,update,377,3
sdk,sqlite,update,378,3
sdk,sqlite,update,379,3
sdk,sqlite,update,380,3
sdk,sqlite,update,381,3
sdk,sqlite,update,382,4
sdk,sqlite,update,383,4
sdk,sqlite,update,384,4
sdk,sqlite,update,385,4
sdk,sqlite,update,386,4
sdk,sqlite,update,387,3
sdk,sqlite,update,388,3
sdk,sqlite,update,389,3
sdk,sqlite,update,390,3
sdk,sqlite,update,391,4
sdk,sqlite,update,392,4
sdk,sqlite,update,393,4
sdk,sqlite,update,394,4
sdk,sqlite,update,395,3
sdk,sqlite,update,396,3
sdk,sqlite,update,397,4
sdk,sqlite,update,398,4
sdk,sqlite,update,399,4
sdk,sqlite,update,400,4
sdk,sqlite,update,401,4
sdk,sqlite,update,402,3
sdk,sqlite,update,403,3
sdk,sqlite,update,404,4
sdk,sqlite,update,405,3
sdk,sqlite,update,406,3
sdk,sqlite,update,407,4
sdk,sqlite,update,408,3
sdk,sqlite,update,409,4
sdk,sqlite,update,410,4
sdk,sqlite,update,411,4
sdk,sqlite,update,412,5
sdk,sqlite,update,413,5
sdk,sqlite,update,414,4
sdk,sqlite,update,415,4
sdk,sqlite,update,416,3
sdk,sqlite,update,417,4
sdk,sqlite,update,418,4
sdk,sqlite,update,419,4
sdk,sqlite,update,420,4
sdk,sqlite,update,421,4
sdk,sqlite,update,422,4
sdk,sqlite,update,423,4
sdk,sqlite,update,424,4
sdk,sqlite,update,425,3
sdk,sqlite,update,426,3
sdk,sqlite,update,427,3
sdk,sqlite,update,428,3
sdk,sqlite,update,429,3
sdk,sqlite,update,430,3
sdk,sqlite,update,431,3
sdk,sqlite,update,432,3
sdk,sqlite,update,433,3
sdk,sqlite,update,434,3
sdk,sqlite,update,435,4
sdk,sqlite,update,436,3
sdk,sqlite,update,437,4
sdk,sqlite,update,438,3
sdk,sqlite,update,439,3
sdk,sqlite,update,440,3
sdk,sqlite,update,441,3
sdk,sqlite,update,442,3
sdk,sqlite,update,443,3
sdk,sqlite,update,444,3
sdk,sqlite,update,445,3
sdk,sqlite,update,446,4
sdk,sqlite,update,447,4
sdk,sqlite,update,448,3
sdk,sqlite,update,449,3
sdk,sqlite,update,450,3
sdk,sqlite,update,451,3
sdk,sqlite,update,452,3
sdk,sqlite,update,453,3
sdk,sqlite,update,454,3
sdk,sqlite,update,455,3
sdk,sqlite,update,456,3
sdk,sqlite,update,457,3
sdk,sqlite,update,458,4
sdk,sqlite,update,459,3
sdk,sqlite,update,460,3
sdk,sqlite,update,461,3
sdk,sqlite,update,462,3
sdk,sqlite,update,463,3
sdk,sqlite,update,464,3
sdk,sqlite,update,465,3
sdk,sqlite,update,466,3
sdk,sqlite,update,467,4
sdk,sqlite,update,468,4
sdk,sqlite,update,469,3
sdk,sqlite,update,470,4
sdk,sqlite,update,471,3
sdk,sqlite,update,472,4
sdk,sqlite,update,473,4
sdk,sqlite,update,474,4
sdk,sqlite,update,475,3
sdk,sqlite,update,476,3
sdk,sqlite,update,477,3
sdk,sqlite,update,478,3
sdk,sqlite,update,479,3
sdk,sqlite,update,480,3
sdk,sqlite,update,481,4
sdk,sqlite,update,482,3
sdk,sqlite,update,483,3
sdk,sqlite,update,484,3
sdk,sqlite,update,485,3
sdk,sqlite,update,486,3
sdk,sqlite,update,487,3
sdk,sqlite,update,488,4
sdk,sqlite,update,489,3
sdk,sqlite,update,490,3
sdk,sqlite,update,491,3
sdk,sqlite,update,492,3
sdk,sqlite,update,493,3
sdk,sqlite,update,494,4
sdk,sqlite,update,495,3
sdk,sqlite,update,496,3
sdk,sqlite,update,497,3
sdk,sqlite,update,498,3
sdk,sqlite,update,499,3
sdk,sqlite,update,500,4
sdk,sqlite,update,501,3
sdk,sqlite,update,502,3
sdk,sqlite,update,503,7
sdk,sqlite,update,504,4
sdk,sqlite,update,505,3
sdk,sqlite,update,506,3
sdk,sqlite,update,507,4
sdk,sqlite,update,508,3
sdk,sqlite,update,509,3
sdk,sqlite,update,510,3
sdk,sqlite,update,511,4
sdk,sqlite,update,512,3
sdk,sqlite,update,513,3
sdk,sqlite,update,514,4
sdk,sqlite,update,515,3
sdk,sqlite,update,516,3
sdk,sqlite,update,517,3
sdk,sqlite,update,518,3
sdk,sqlite,update,519,3
sdk,sqlite,update,520,3
sdk,sqlite,update,521,3
sdk,sqlite,update,522,4
sdk,sqlite,update,523,3
sdk,sqlite,update,524,3
sdk,sqlite,update,525,3
sdk,sqlite,update,526,3
sdk,sqlite,update,527,4
sdk,sqlite,update,528,4
sdk,sqlite,update,529,3
sdk,sqlite,update,530,3
sdk,sqlite,update,531,3
sdk,sqlite,update,532,3
sdk,sqlite,update,533,3
sdk,sqlite,update,534,3
sdk,sqlite,update,535,3
sdk,sqlite,update,536,3
sdk,sqlite,update,537,3
sdk,sqlite,update,538,3
sdk,sqlite,update,539,3
sdk,sqlite,update,540,3
sdk,sqlite,update,541,4
sdk,sqlite,update,542,3
sdk,sqlite,update,543,3
sdk,sqlite,update,544,3
sdk,sqlite,update,545,3
sdk,sqlite,update,546,3
sdk,sqlite,update,547,3
sdk,sqlite,update,548,3
sdk,sqlite,update,549,3
sdk,sqlite,update,550,3
sdk,sqlite,update,551,3
sdk,sqlite,update,552,3
sdk,sqlite,update,553,4
sdk,sqlite,update,554,3
sdk,sqlite,update,555,3
sdk,sqlite,update,556,3
sdk,sqlite,update,557,4
sdk,sqlite,update,558,3
sdk,sqlite,update,559,7
sdk,sqlite,update,560,4
sdk,sqlite,update,561,3
sdk,sqlite,update,562,3
sdk,sqlite,update,563,3
sdk,sqlite,update,564,4
sdk,sqlite,update,565,3
sdk,sqlite,update,566,4
sdk,sqlite,update,567,3
sdk,sqlite,update,568,3
sdk,sqlite,update,569,4
sdk,sqlite,update,570,3
sdk,sqlite,update,571,3
sdk,sqlite,update,572,6
sdk,sqlite,update,573,5
sdk,sqlite,update,574,4
sdk,sqlite,update,575,7
sdk,sqlite,update,576,4
sdk,sqlite,update,577,4
sdk,sqlite,update,578,4
sdk,sqlite,update,579,6
sdk,sqlite,update,580,5
sdk,sqlite,update,581,4
sdk,sqlite,update,582,4
sdk,sqlite,update,583,4
sdk,sqlite,update,584,7
sdk,sqlite,update,585,4
sdk,sqlite,update,586,5
sdk,sqlite,update,587,4
sdk,sqlite,update,588,4
sdk,sqlite,update,589,4
sdk,sqlite,update,590,4
sdk,sqlite,update,591,4
sdk,sqlite,update,592,4
sdk,sqlite,update,593,3
sdk,sqlite,update,594,4
sdk,sqlite,update,595,3
sdk,sqlite,update,596,4
sdk,sqlite,update,597,4
sdk,sqlite,update,598,6
sdk,sqlite,update,599,4
sdk,sqlite,update,600,3
sdk,sqlite,update,601,3
sdk,sqlite,update,602,4
sdk,sqlite,update,603,3
sdk,sqlite,update,604,4
sdk,sqlite,update,605,4
sdk,sqlite,update,606,3
sdk,sqlite,update,607,3
sdk,sqlite,update,608,3
sdk,sqlite,update,609,7
sdk,sqlite,update,610,4
sdk,sqlite,update,611,3
sdk,sqlite,update,612,6
sdk,sqlite,update,613,5
sdk,sqlite,update,614,8
sdk,sqlite,update,615,5
sdk,sqlite,update,616,4
sdk,sqlite,update,617,4
sdk,sqlite,update,618,7
sdk,sqlite,update,619,3
sdk,sqlite,update,620,3
sdk,sqlite,update,621,3
sdk,sqlite,update,622,7
sdk,sqlite,update,623,5
sdk,sqlite,update,624,8
sdk,sqlite,update,625,5
sdk,sqlite,update,626,4
sdk,sqlite,update,627,4
sdk,sqlite,update,628,3
sdk,sqlite,update,629,4
sdk,sqlite,update,630,3
sdk,sqlite,update,631,3
sdk,sqlite,update,632,3
sdk,sqlite,update,633,3
sdk,sqlite,update,634,3
sdk,sqlite,update,635,3
sdk,sqlite,update,636,3
sdk,sqlite,update,637,3
sdk,sqlite,update,638,3
sdk,sqlite,update,639,3
sdk,sqlite,update,640,3
sdk,sqlite,update,641,3
sdk,sqlite,update,642,3
sdk,sqlite,update,643,3
sdk,sqlite,update,644,3
sdk,sqlite,update,645,3
sdk,sqlite,update,646,3
sdk,sqlite,update,647,3
sdk,sqlite,update,648,3
sdk,sqlite,update,649,3
sdk,sqlite,update,650,3
sdk,sqlite,update,651,3
sdk,sqlite,update,652,3
sdk,sqlite,update,653,3
sdk,sqlite,update,654,3
sdk,sqlite,update,655,3
sdk,sqlite,update,656,3
sdk,sqlite,update,657,4
sdk,sqlite,update,658,3
sdk,sqlite,update,659,3
sdk,sqlite,update,660,3
sdk,sqlite,update,661,3
sdk,sqlite,update,662,3
sdk,sqlite,update,663,3
sdk,sqlite,update,664,3
sdk,sqlite,update,665,3
sdk,sqlite,update,666,3
sdk,sqlite,update,667,3
sdk,sqlite,update,668,3
sdk,sqlite,update,669,3
sdk,sqlite,update,670,3
sdk,sqlite,update,671,3
sdk,sqlite,update,672,3
sdk,sqlite,update,673,3
sdk,sqlite,update,674,4
sdk,sqlite,update,675,3
sdk,sqlite,update,676,3
sdk,sqlite,update,677,3
sdk,sqlite,update,678,3
sdk,sqlite,update,679,4
sdk,sqlite,update,680,3
sdk,sqlite,update,681,3
sdk,sqlite,update,682,3
sdk,sqlite,update,683,3
sdk,sqlite,update,684,3
sdk,sqlite,update,685,3
sdk,sqlite,update,686,3
sdk,sqlite,update,687,3
sdk,sqlite,update,688,7
sdk,sqlite,update,689,4
sdk,sqlite,update,690,3
sdk,sqlite,update,691,3
sdk,sqlite,update,692,3
sdk,sqlite,update,693,3
sdk,sqlite,update,694,3
sdk,sqlite,update,695,3
sdk,sqlite,update,696,3
sdk,sqlite,update,697,3
sdk,sqlite,update,698,3
sdk,sqlite,update,699,4
sdk,sqlite,update,700,4
sdk,sqlite,update,701,4
sdk,sqlite,update,702,3
sdk,sqlite,update,703,3
sdk,sqlite,update,704,3
sdk,sqlite,update,705,4
sdk,sqlite,update,706,3
sdk,sqlite,update,707,3
sdk,sqlite,update,708,4
sdk,sqlite,update,709,3
sdk,sqlite,update,710,3
sdk,sqlite,update,711,3
sdk,sqlite,update,712,4
sdk,sqlite,update,713,3
sdk,sqlite,update,714,3
sdk,sqlite,update,715,4
sdk,sqlite,update,716,4
sdk,sqlite,update,717,4
sdk,sqlite,update,718,3
sdk,sqlite,update,719,7
sdk,sqlite,update,720,3
sdk,sqlite,update,721,4
sdk,sqlite,update,722,3
sdk,sqlite,update,723,3
sdk,sqlite,update,724,6
sdk,sqlite,update,725,4
sdk,sqlite,update,726,4
sdk,sqlite,update,727,3
sdk,sqlite,update,728,7
sdk,sqlite,update,729,4
sdk,sqlite,update,730,3
sdk,sqlite,update,731,6
sdk,sqlite,update,732,4
sdk,sqlite,update,733,3
sdk,sqlite,update,734,6
sdk,sqlite,update,735,4
sdk,sqlite,update,736,3
sdk,sqlite,update,737,3
sdk,sqlite,update,738,3
sdk,sqlite,update,739,3
sdk,sqlite,update,740,3
sdk,sqlite,update,741,3
sdk,sqlite,update,742,4
sdk,sqlite,update,743,3
sdk,sqlite,update,744,4
sdk,sqlite,update,745,5
sdk,sqlite,update,746,4
sdk,sqlite,update,747,4
sdk,sqlite,update,748,4
sdk,sqlite,update,749,4
sdk,sqlite,update,750,4
sdk,sqlite,update,751,4
sdk,sqlite,update,752,4
sdk,sqlite,update,753,4
sdk,sqlite,update,754,4
sdk,sqlite,update,755,4
sdk,sqlite,update,756,4
sdk,sqlite,update,757,4
sdk,sqlite,update,758,3
sdk,sqlite,update,759,3
sdk,sqlite,update,760,4
sdk,sqlite,update,761,4
sdk,sqlite,update,762,3
sdk,sqlite,update,763,4
sdk,sqlite,update,764,4
sdk,sqlite,update,765,4
sdk,sqlite,update,766,4
sdk,sqlite,update,767,4
sdk,sqlite,update,768,4
sdk,sqlite,update,769,4
sdk,sqlite,update,770,4
sdk,sqlite,update,771,4
sdk,sqlite,update,772,4
sdk,sqlite,update,773,4
sdk,sqlite,update,774,4
sdk,sqlite,update,775,4
sdk,sqlite,update,776,4
sdk,sqlite,update,777,4
sdk,sqlite,update,778,4
sdk,sqlite,update,779,4
sdk,sqlite,update,780,4
sdk,sqlite,update,781,4
sdk,sqlite,update,782,4
sdk,sqlite,update,783,4
sdk,sqlite,update,784,4
sdk,sqlite,update,785,3
sdk,sqlite,update,786,4
sdk,sqlite,update,787,4
sdk,sqlite,update,788,4
sdk,sqlite,update,789,4
sdk,sqlite,update,790,4
sdk,sqlite,update,791,3
sdk,sqlite,update,792,4
sdk,sqlite,update,793,3
sdk,sqlite,update,794,4
sdk,sqlite,update,795,4
sdk,sqlite,update,796,4
sdk,sqlite,update,797,4
sdk,sqlite,update,798,4
sdk,sqlite,update,799,4
sdk,sqlite,update,800,4
sdk,sqlite,update,801,4
sdk,sqlite,update,802,4
sdk,sqlite,update,803,4
sdk,sqlite,update,804,4
sdk,sqlite,update,805,4
sdk,sqlite,update,806,3
sdk,sqlite,update,807,4
sdk,sqlite,update,808,4
sdk,sqlite,update,809,4
sdk,sqlite,update,810,4
sdk,sqlite,update,811,4
sdk,sqlite,update,812,4
sdk,sqlite,update,813,4
sdk,sqlite,update,814,4
sdk,sqlite,update,815,4
sdk,sqlite,update,816,4
sdk,sqlite,update,817,4
sdk,sqlite,update,818,4
sdk,sqlite,update,819,4
sdk,sqlite,update,820,4
sdk,sqlite,update,821,4
sdk,sqlite,update,822,4
sdk,sqlite,update,823,4
sdk,sqlite,update,824,4
sdk,sqlite,update,825,4
sdk,sqlite,update,826,4
sdk,sqlite,update,827,6
sdk,sqlite,update,828,4
sdk,sqlite,update,829,4
sdk,sqlite,update,830,4
sdk,sqlite,update,831,4
sdk,sqlite,update,832,4
sdk,sqlite,update,833,4
sdk,sqlite,update,834,3
sdk,sqlite,update,835,4
sdk,sqlite,update,836,4
sdk,sqlite,update,837,4
sdk,sqlite,update,838,4
sdk,sqlite,update,839,4
sdk,sqlite,update,840,4
sdk,sqlite,update,841,4
sdk,sqlite,update,842,4
sdk,sqlite,update,843,4
sdk,sqlite,update,844,4
sdk,sqlite,update,845,4
sdk,sqlite,update,846,3
sdk,sqlite,update,847,4
sdk,sqlite,update,848,4
sdk,sqlite,update,849,5
sdk,sqlite,update,850,4
sdk,sqlite,update,851,4
sdk,sqlite,update,852,4
sdk,sqlite,update,853,4
sdk,sqlite,update,854,4
sdk,sqlite,update,855,8
sdk,sqlite,update,856,4
sdk,sqlite,update,857,4
sdk,sqlite,update,858,4
sdk,sqlite,update,859,4
sdk,sqlite,update,860,4
sdk,sqlite,update,861,4
sdk,sqlite,update,862,4
sdk,sqlite,update,863,3
sdk,sqlite,update,864,4
sdk,sqlite,update,865,4
sdk,sqlite,update,866,4
sdk,sqlite,update,867,5
sdk,sqlite,update,868,5
sdk,sqlite,update,869,5
sdk,sqlite,update,870,4
sdk,sqlite,update,871,5
sdk,sqlite,update,872,4
sdk,sqlite,update,873,4
sdk,sqlite,update,874,4
sdk,sqlite,update,875,4
sdk,sqlite,update,876,4
sdk,sqlite,update,877,3
sdk,sqlite,update,878,5
sdk,sqlite,update,879,3
sdk,sqlite,update,880,3
sdk,sqlite,update,881,3
sdk,sqlite,update,882,3
sdk,sqlite,update,883,3
sdk,sqlite,update,884,3
sdk,sqlite,update,885,3
sdk,sqlite,update,886,3
sdk,sqlite,update,887,4
sdk,sqlite,update,888,3
sdk,sqlite,update,889,3
sdk,sqlite,update,890,3
sdk,sqlite,update,891,3
sdk,sqlite,update,892,3
sdk,sqlite,update,893,3
sdk,sqlite,update,894,3
sdk,sqlite,update,895,3
sdk,sqlite,update,896,3
sdk,sqlite,update,897,3
sdk,sqlite,update,898,3
sdk,sqlite,update,899,4
sdk,sqlite,update,900,3
sdk,sqlite,update,901,4
sdk,sqlite,update,902,3
sdk,sqlite,update,903,3
sdk,sqlite,update,904,3
sdk,sqlite,update,905,3
sdk,sqlite,update,906,3
sdk,sqlite,update,907,3
sdk,sqlite,update,908,4
sdk,sqlite,update,909,3
sdk,sqlite,update,910,3
sdk,sqlite,update,911,3
sdk,sqlite,update,912,3
sdk,sqlite,update,913,3
sdk,sqlite,update,914,3
sdk,sqlite,update,915,3
sdk,sqlite,update,916,3
sdk,sqlite,update,917,3
sdk,sqlite,update,918,3
sdk,sqlite,update,919,3
sdk,sqlite,update,920,3
sdk,sqlite,update,921,3
sdk,sqlite,update,922,3
sdk,sqlite,update,923,3
sdk,sqlite,update,924,3
sdk,sqlite,update,925,4
sdk,sqlite,update,926,3
sdk,sqlite,update,927,3
sdk,sqlite,update,928,3
sdk,sqlite,update,929,4
sdk,sqlite,update,930,3
sdk,sqlite,update,931,3
sdk,sqlite,update,932,3
sdk,sqlite,update,933,4
sdk,sqlite,update,934,3
sdk,sqlite,update,935,3
sdk,sqlite,update,936,3
sdk,sqlite,update,937,4
sdk,sqlite,update,938,3
sdk,sqlite,update,939,7
sdk,sqlite,update,940,4
sdk,sqlite,update,941,3
sdk,sqlite,update,942,3
sdk,sqlite,update,943,3
sdk,sqlite,update,944,3
sdk,sqlite,update,945,4
sdk,sqlite,update,946,3
sdk,sqlite,update,947,3
sdk,sqlite,update,948,3
sdk,sqlite,update,949,4
sdk,sqlite,update,950,3
sdk,sqlite,update,951,3
sdk,sqlite,update,952,3
sdk,sqlite,update,953,3
sdk,sqlite,update,954,3
sdk,sqlite,update,955,4
sdk,sqlite,update,956,3
sdk,sqlite,update,957,3
sdk,sqlite,update,958,3
sdk,sqlite,update,959,3
sdk,sqlite,update,960,3
sdk,sqlite,update,961,3
sdk,sqlite,update,962,3
sdk,sqlite,update,963,4
sdk,sqlite,update,964,3
sdk,sqlite,update,965,3
sdk,sqlite,update,966,3
sdk,sqlite,update,967,4
sdk,sqlite,update,968,3
sdk,sqlite,update,969,3
sdk,sqlite,update,970,3
sdk,sqlite,update,971,4
sdk,sqlite,update,972,3
sdk,sqlite,update,973,3
sdk,sqlite,update,974,3
sdk,sqlite,update,975,3
sdk,sqlite,update,976,3
sdk,sqlite,update,977,3
sdk,sqlite,update,978,3
sdk,sqlite,update,979,3
sdk,sqlite,update,980,4
sdk,sqlite,update,981,3
sdk,sqlite,update,982,3
sdk,sqlite,update,983,3
sdk,sqlite,update,984,3
sdk,sqlite,update,985,3
sdk,sqlite,update,986,3
sdk,sqlite,update,987,3
sdk,sqlite,update,988,3
sdk,sqlite,update,989,3
sdk,sqlite,update,990,4
sdk,sqlite,update,991,3
sdk,sqlite,update,992,3
sdk,sqlite,update,993,3
sdk,sqlite,update,994,3
sdk,sqlite,update,995,3
sdk,sqlite,update,996,3
sdk,sqlite,update,997,3
sdk,sqlite,update,998,4
sdk,sqlite,update,999,3
sdk,sqlite,upsert,0,11
sdk,sqlite,upsert,1,14
sdk,sqlite,upsert,2,12
sdk,sqlite,upsert,3,14
sdk,sqlite,upsert,4,14
sdk,sqlite,upsert,5,14
sdk,sqlite,upsert,6,17
sdk,sqlite,upsert,7,14
sdk,sqlite,upsert,8,13
sdk,sqlite,upsert,9,14
sdk,sqlite,upsert,10,14
sdk,sqlite,upsert,11,14
sdk,sqlite,upsert,12,14
sdk,sqlite,upsert,13,14
sdk,sqlite,upsert,14,14
sdk,sqlite,upsert,15,12
sdk,sqlite,upsert,16,14
sdk,sqlite,upsert,17,13
sdk,sqlite,upsert,18,16
sdk,sqlite,upsert,19,13
sdk,sqlite,upsert,20,12
sdk,sqlite,upsert,21,14
sdk,sqlite,upsert,22,14
sdk,sqlite,upsert,23,14
sdk,sqlite,upsert,24,14
sdk,sqlite,upsert,25,14
sdk,sqlite,upsert,26,14
sdk,sqlite,upsert,27,14
sdk,sqlite,upsert,28,14
sdk,sqlite,upsert,29,14
sdk,sqlite,upsert,30,14
sdk,sqlite,upsert,31,12
sdk,sqlite,upsert,32,11
sdk,sqlite,upsert,33,14
sdk,sqlite,upsert,34,13
sdk,sqlite,upsert,35,14
sdk,sqlite,upsert,36,13
sdk,sqlite,upsert,37,14
sdk,sqlite,upsert,38,14
sdk,sqlite,upsert,39,11
sdk,sqlite,upsert,40,17
sdk,sqlite,upsert,41,13
sdk,sqlite,upsert,42,11
sdk,sqlite,upsert,43,14
sdk,sqlite,upsert,44,14
sdk,sqlite,upsert,45,14
sdk,sqlite,upsert,46,13
sdk,sqlite,upsert,47,14
sdk,sqlite,upsert,48,16
sdk,sqlite,upsert,49,14
sdk,sqlite,upsert,50,13
sdk,sqlite,upsert,51,14
sdk,sqlite,upsert,52,14
sdk,sqlite,upsert,53,14
sdk,sqlite,upsert,54,17
sdk,sqlite,upsert,55,14
sdk,sqlite,upsert,56,13
sdk,sqlite,upsert,57,14
sdk,sqlite,upsert,58,16
sdk,sqlite,upsert,59,14
sdk,sqlite,upsert,60,17
sdk,sqlite,upsert,61,14
sdk,sqlite,upsert,62,13
sdk,sqlite,upsert,63,14
sdk,sqlite,upsert,64,14
sdk,sqlite,upsert,65,14
sdk,sqlite,upsert,66,17
sdk,sqlite,upsert,67,14
sdk,sqlite,upsert,68,16
sdk,sqlite,upsert,69,14
sdk,sqlite,upsert,70,13
sdk,sqlite,upsert,71,14
sdk,sqlite,upsert,72,17
sdk,sqlite,upsert,73,14
sdk,sqlite,upsert,74,16
sdk,sqlite,upsert,75,14
sdk,sqlite,upsert,76,13
sdk,sqlite,upsert,77,14
sdk,sqlite,upsert,78,13
sdk,sqlite,upsert,79,14
sdk,sqlite,upsert,80,14
sdk,sqlite,upsert,81,14
sdk,sqlite,upsert,82,14
sdk,sqlite,upsert,83,14
sdk,sqlite,upsert,84,14
sdk,sqlite,upsert,85,16
sdk,sqlite,upsert,86,14
sdk,sqlite,upsert,87,14
sdk,sqlite,upsert,88,14
sdk,sqlite,upsert,89,14
sdk,sqlite,upsert,90,14
sdk,sqlite,upsert,91,16
sdk,sqlite,upsert,92,14
sdk,sqlite,upsert,93,14
sdk,sqlite,upsert,94,14
sdk,sqlite,upsert,95,11
sdk,sqlite,upsert,96,14
sdk,sqlite,upsert,97,14
sdk,sqlite,upsert,98,11
sdk,sqlite,upsert,99,14
sdk,sqlite,upsert,100,13
sdk,sqlite,upsert,101,14
sdk,sqlite,upsert,102,14
sdk,sqlite,upsert,103,14
sdk,sqlite,upsert,104,14
sdk,sqlite,upsert,105,14
sdk,sqlite,upsert,106,14
sdk,sqlite,upsert,107,14
sdk,sqlite,upsert,108,14
sdk,sqlite,upsert,109,14
sdk,sqlite,upsert,110,14
sdk,sqlite,upsert,111,14
sdk,sqlite,upsert,112,14
sdk,sqlite,upsert,113,14
sdk,sqlite,upsert,114,13
sdk,sqlite,upsert,115,12
sdk,sqlite,upsert,116,14
sdk,sqlite,upsert,117,14
sdk,sqlite,upsert,118,17
sdk,sqlite,upsert,119,13
sdk,sqlite,upsert,120,11
sdk,sqlite,upsert,121,16
sdk,sqlite,upsert,122,13
sdk,sqlite,upsert,123,17
sdk,sqlite,upsert,124,13
sdk,sqlite,upsert,125,14
sdk,sqlite,upsert,126,14
sdk,sqlite,upsert,127,12
sdk,sqlite,upsert,128,17
sdk,sqlite,upsert,129,14
sdk,sqlite,upsert,130,14
sdk,sqlite,upsert,131,14
sdk,sqlite,upsert,132,12
sdk,sqlite,upsert,133,17
sdk,sqlite,upsert,134,13
sdk,sqlite,upsert,135,14
sdk,sqlite,upsert,136,14
sdk,sqlite,upsert,137,12
sdk,sqlite,upsert,138,17
sdk,sqlite,upsert,139,13
sdk,sqlite,upsert,140,14
sdk,sqlite,upsert,141,14
sdk,sqlite,upsert,142,12
sdk,sqlite,upsert,143,17
sdk,sqlite,upsert,144,13
sdk,sqlite,upsert,145,11
sdk,sqlite,upsert,146,14
sdk,sqlite,upsert,147,14
sdk,sqlite,upsert,148,14
sdk,sqlite,upsert,149,15
sdk,sqlite,upsert,150,15
sdk,sqlite,upsert,151,15
sdk,sqlite,upsert,152,14
sdk,sqlite,upsert,153,17
sdk,sqlite,upsert,154,14
sdk,sqlite,upsert,155,16
sdk,sqlite,upsert,156,14
sdk,sqlite,upsert,157,14
sdk,sqlite,upsert,158,14
sdk,sqlite,upsert,159,14
sdk,sqlite,upsert,160,14
sdk,sqlite,upsert,161,14
sdk,sqlite,upsert,162,14
sdk,sqlite,upsert,163,17
sdk,sqlite,upsert,164,14
sdk,sqlite,upsert,165,14
sdk,sqlite,upsert,166,14
sdk,sqlite,upsert,167,14
sdk,sqlite,upsert,168,20
sdk,sqlite,upsert,169,13
sdk,sqlite,upsert,170,14
sdk,sqlite,upsert,171,14
sdk,sqlite,upsert,172,14
sdk,sqlite,upsert,173,14
sdk,sqlite,upsert,174,17
sdk,sqlite,upsert,175,16
sdk,sqlite,upsert,176,14
sdk,sqlite,upsert,177,16
sdk,sqlite,upsert,178,14
sdk,sqlite,upsert,179,13
sdk,sqlite,upsert,180,14
sdk,sqlite,upsert,181,14
sdk,sqlite,upsert,182,14
sdk,sqlite,upsert,183,14
sdk,sqlite,upsert,184,11
sdk,sqlite,upsert,185,17
sdk,sqlite,upsert,186,13
sdk,sqlite,upsert,187,11
sdk,sqlite,upsert,188,14
sdk,sqlite,upsert,189,14
sdk,sqlite,upsert,190,17
sdk,sqlite,upsert,191,14
sdk,sqlite,upsert,192,11
sdk,sqlite,upsert,193,14
sdk,sqlite,upsert,194,16
sdk,sqlite,upsert,195,14
sdk,sqlite,upsert,196,21
sdk,sqlite,upsert,197,14
sdk,sqlite,upsert,198,15
sdk,sqlite,upsert,199,14
sdk,sqlite,upsert,200,16
sdk,sqlite,upsert,201,14
sdk,sqlite,upsert,202,13
sdk,sqlite,upsert,203,14
sdk,sqlite,upsert,204,17
sdk,sqlite,upsert,205,14
sdk,sqlite,upsert,206,13
sdk,sqlite,upsert,207,14
sdk,sqlite,upsert,208,16
sdk,sqlite,upsert,209,14
sdk,sqlite,upsert,210,16
sdk,sqlite,upsert,211,14
sdk,sqlite,upsert,212,17
sdk,sqlite,upsert,213,14
sdk,sqlite,upsert,214,14
sdk,sqlite,upsert,215,14
sdk,sqlite,upsert,216,17
sdk,sqlite,upsert,217,14
sdk,sqlite,upsert,218,16
sdk,sqlite,upsert,219,14
sdk,sqlite,upsert,220,17
sdk,sqlite,upsert,221,14
sdk,sqlite,upsert,222,17
sdk,sqlite,upsert,223,17
sdk,sqlite,upsert,224,13
sdk,sqlite,upsert,225,14
sdk,sqlite,upsert,226,11
sdk,sqlite,upsert,227,14
sdk,sqlite,upsert,228,14
sdk,sqlite,upsert,229,14
sdk,sqlite,upsert,230,14
sdk,sqlite,upsert,231,14
sdk,sqlite,upsert,232,13
sdk,sqlite,upsert,233,11
sdk,sqlite,upsert,234,14
sdk,sqlite,upsert,235,16
sdk,sqlite,upsert,236,14
sdk,sqlite,upsert,237,17
sdk,sqlite,upsert,238,14
sdk,sqlite,upsert,239,13
sdk,sqlite,upsert,240,11
sdk,sqlite,upsert,241,17
sdk,sqlite,upsert,242,13
sdk,sqlite,upsert,243,14
sdk,sqlite,upsert,244,14
sdk,sqlite,upsert,245,16
sdk,sqlite,upsert,246,14
sdk,sqlite,upsert,247,14
sdk,sqlite,upsert,248,15
sdk,sqlite,upsert,249,14
sdk,sqlite,upsert,250,14
sdk,sqlite,upsert,251,14
sdk,sqlite,upsert,252,14
sdk,sqlite,upsert,253,18
sdk,sqlite,upsert,254,13
sdk,sqlite,upsert,255,12
sdk,sqlite,upsert,256,14
sdk,sqlite,upsert,257,13
sdk,sqlite,upsert,258,17
sdk,sqlite,upsert,259,14
sdk,sqlite,upsert,260,17
sdk,sqlite,upsert,261,14
sdk,sqlite,upsert,262,15
sdk,sqlite,upsert,263,14
sdk,sqlite,upsert,264,14
sdk,sqlite,upsert,265,14
sdk,sqlite,upsert,266,14
sdk,sqlite,upsert,267,17
sdk,sqlite,upsert,268,17
sdk,sqlite,upsert,269,13
sdk,sqlite,upsert,270,11
sdk,sqlite,upsert,271,17
sdk,sqlite,upsert,272,12
sdk,sqlite,upsert,273,15
sdk,sqlite,upsert,274,14
sdk,sqlite,upsert,275,13
sdk,sqlite,upsert,276,14
sdk,sqlite,upsert,277,14
sdk,sqlite,upsert,278,14
sdk,sqlite,upsert,279,13
sdk,sqlite,upsert,280,14
sdk,sqlite,upsert,281,16
sdk,sqlite,upsert,282,14
sdk,sqlite,upsert,283,13
sdk,sqlite,upsert,284,14
sdk,sqlite,upsert,285,17
sdk,sqlite,upsert,286,14
sdk,sqlite,upsert,287,17
sdk,sqlite,upsert,288,14
sdk,sqlite,upsert,289,16
sdk,sqlite,upsert,290,14
sdk,sqlite,upsert,291,17
sdk,sqlite,upsert,292,14
sdk,sqlite,upsert,293,13
sdk,sqlite,upsert,294,14
sdk,sqlite,upsert,295,14
sdk,sqlite,upsert,296,11
sdk,sqlite,upsert,297,12
sdk,sqlite,upsert,298,14
sdk,sqlite,upsert,299,12
sdk,sqlite,upsert,300,12
sdk,sqlite,upsert,301,13
sdk,sqlite,upsert,302,11
sdk,sqlite,upsert,303,14
sdk,sqlite,upsert,304,13
sdk,sqlite,upsert,305,14
sdk,sqlite,upsert,306,13
sdk,sqlite,upsert,307,14
sdk,sqlite,upsert,308,14
sdk,sqlite,upsert,309,17
sdk,sqlite,upsert,310,13
sdk,sqlite,upsert,311,11
sdk,sqlite,upsert,312,14
sdk,sqlite,upsert,313,17
sdk,sqlite,upsert,314,14
sdk,sqlite,upsert,315,13
sdk,sqlite,upsert,316,14
sdk,sqlite,upsert,317,17
sdk,sqlite,upsert,318,14
sdk,sqlite,upsert,319,13
sdk,sqlite,upsert,320,15
sdk,sqlite,upsert,321,13
sdk,sqlite,upsert,322,11
sdk,sqlite,upsert,323,14
sdk,sqlite,upsert,324,13
sdk,sqlite,upsert,325,17
sdk,sqlite,upsert,326,13
sdk,sqlite,upsert,327,17
sdk,sqlite,upsert,328,14
sdk,sqlite,upsert,329,11
sdk,sqlite,upsert,330,14
sdk,sqlite,upsert,331,13
sdk,sqlite,upsert,332,11
sdk,sqlite,upsert,333,17
sdk,sqlite,upsert,334,13
sdk,sqlite,upsert,335,17
sdk,sqlite,upsert,336,14
sdk,sqlite,upsert,337,17
sdk,sqlite,upsert,338,13
sdk,sqlite,upsert,339,14
sdk,sqlite,upsert,340,14
sdk,sqlite,upsert,341,17
sdk,sqlite,upsert,342,13
sdk,sqlite,upsert,343,17
sdk,sqlite,upsert,344,13
sdk,sqlite,upsert,345,11
sdk,sqlite,upsert,346,14
sdk,sqlite,upsert,347,14
sdk,sqlite,upsert,348,14
sdk,sqlite,upsert,349,17
sdk,sqlite,upsert,350,14
sdk,sqlite,upsert,351,16
sdk,sqlite,upsert,352,14
sdk,sqlite,upsert,353,17
sdk,sqlite,upsert,354,14
sdk,sqlite,upsert,355,13
sdk,sqlite,upsert,356,14
sdk,sqlite,upsert,357,17
sdk,sqlite,upsert,358,14
sdk,sqlite,upsert,359,16
sdk,sqlite,upsert,360,14
sdk,sqlite,upsert,361,13
sdk,sqlite,upsert,362,11
sdk,sqlite,upsert,363,14
sdk,sqlite,upsert,364,14
sdk,sqlite,upsert,365,14
sdk,sqlite,upsert,366,13
sdk,sqlite,upsert,367,16
sdk,sqlite,upsert,368,13
sdk,sqlite,upsert,369,11
sdk,sqlite,upsert,370,14
sdk,sqlite,upsert,371,14
sdk,sqlite,upsert,372,14
sdk,sqlite,upsert,373,16
sdk,sqlite,upsert,374,14
sdk,sqlite,upsert,375,17
sdk,sqlite,upsert,376,14
sdk,sqlite,upsert,377,16
sdk,sqlite,upsert,378,14
sdk,sqlite,upsert,379,16
sdk,sqlite,upsert,380,17
sdk,sqlite,upsert,381,13
sdk,sqlite,upsert,382,14
sdk,sqlite,upsert,383,14
sdk,sqlite,upsert,384,14
sdk,sqlite,upsert,385,14
sdk,sqlite,upsert,386,16
sdk,sqlite,upsert,387,14
sdk,sqlite,upsert,388,13
sdk,sqlite,upsert,389,14
sdk,sqlite,upsert,390,14
sdk,sqlite,upsert,391,14
sdk,sqlite,upsert,392,17
sdk,sqlite,upsert,393,14
sdk,sqlite,upsert,394,16
sdk,sqlite,upsert,395,14
sdk,sqlite,upsert,396,16
sdk,sqlite,upsert,397,17
sdk,sqlite,upsert,398,13
sdk,sqlite,upsert,399,15
sdk,sqlite,upsert,400,14
sdk,sqlite,upsert,401,16
sdk,sqlite,upsert,402,14
sdk,sqlite,upsert,403,17
sdk,sqlite,upsert,404,14
sdk,sqlite,upsert,405,16
sdk,sqlite,upsert,406,14
sdk,sqlite,upsert,407,12
sdk,sqlite,upsert,408,12
sdk,sqlite,upsert,409,14
sdk,sqlite,upsert,410,13
sdk,sqlite,upsert,411,11
sdk,sqlite,upsert,412,17
sdk,sqlite,upsert,413,13
sdk,sqlite,upsert,414,14
sdk,sqlite,upsert,415,14
sdk,sqlite,upsert,416,17
sdk,sqlite,upsert,417,14
sdk,sqlite,upsert,418,17
sdk,sqlite,upsert,419,13
sdk,sqlite,upsert,420,17
sdk,sqlite,upsert,421,14
sdk,sqlite,upsert,422,14
sdk,sqlite,upsert,423,14
sdk,sqlite,upsert,424,11
sdk,sqlite,upsert,425,14
sdk,sqlite,upsert,426,13
sdk,sqlite,upsert,427,14
sdk,sqlite,upsert,428,14
sdk,sqlite,upsert,429,14
sdk,sqlite,upsert,430,14
sdk,sqlite,upsert,431,14
sdk,sqlite,upsert,432,13
sdk,sqlite,upsert,433,14
sdk,sqlite,upsert,434,17
sdk,sqlite,upsert,435,14
sdk,sqlite,upsert,436,15
sdk,sqlite,upsert,437,14
sdk,sqlite,upsert,438,13
sdk,sqlite,upsert,439,14
sdk,sqlite,upsert,440,14
sdk,sqlite,upsert,441,13
sdk,sqlite,upsert,442,16
sdk,sqlite,upsert,443,14
sdk,sqlite,upsert,444,16
sdk,sqlite,upsert,445,14
sdk,sqlite,upsert,446,13
sdk,sqlite,upsert,447,11
sdk,sqlite,upsert,448,14
sdk,sqlite,upsert,449,18
sdk,sqlite,upsert,450,14
sdk,sqlite,upsert,451,13
sdk,sqlite,upsert,452,14
sdk,sqlite,upsert,453,14
sdk,sqlite,upsert,454,14
sdk,sqlite,upsert,455,14
sdk,sqlite,upsert,456,14
sdk,sqlite,upsert,457,14
sdk,sqlite,upsert,458,14
sdk,sqlite,upsert,459,17
sdk,sqlite,upsert,460,14
sdk,sqlite,upsert,461,17
sdk,sqlite,upsert,462,14
sdk,sqlite,upsert,463,17
sdk,sqlite,upsert,464,14
sdk,sqlite,upsert,465,17
sdk,sqlite,upsert,466,14
sdk,sqlite,upsert,467,13
sdk,sqlite,upsert,468,14
sdk,sqlite,upsert,469,17
sdk,sqlite,upsert,470,14
sdk,sqlite,upsert,471,13
sdk,sqlite,upsert,472,11
sdk,sqlite,upsert,473,14
sdk,sqlite,upsert,474,14
sdk,sqlite,upsert,475,14
sdk,sqlite,upsert,476,13
sdk,sqlite,upsert,477,17
sdk,sqlite,upsert,478,13
sdk,sqlite,upsert,479,11
sdk,sqlite,upsert,480,14
sdk,sqlite,upsert,481,17
sdk,sqlite,upsert,482,14
sdk,sqlite,upsert,483,12
sdk,sqlite,upsert,484,11
sdk,sqlite,upsert,485,14
sdk,sqlite,upsert,486,14
sdk,sqlite,upsert,487,14
sdk,sqlite,upsert,488,14
sdk,sqlite,upsert,489,13
sdk,sqlite,upsert,490,12
sdk,sqlite,upsert,491,16
sdk,sqlite,upsert,492,14
sdk,sqlite,upsert,493,17
sdk,sqlite,upsert,494,14
sdk,sqlite,upsert,495,16
sdk,sqlite,upsert,496,14
sdk,sqlite,upsert,497,16
sdk,sqlite,upsert,498,17
sdk,sqlite,upsert,499,13
sdk,sqlite,upsert,500,14
sdk,sqlite,upsert,501,17
sdk,sqlite,upsert,502,14
sdk,sqlite,upsert,503,16
sdk,sqlite,upsert,504,14
sdk,sqlite,upsert,505,14
sdk,sqlite,upsert,506,14
sdk,sqlite,upsert,507,13
sdk,sqlite,upsert,508,14
sdk,sqlite,upsert,509,14
sdk,sqlite,upsert,510,17
sdk,sqlite,upsert,511,13
sdk,sqlite,upsert,512,11
sdk,sqlite,upsert,513,14
sdk,sqlite,upsert,514,14
sdk,sqlite,upsert,515,14
sdk,sqlite,upsert,516,13
sdk,sqlite,upsert,517,11
sdk,sqlite,upsert,518,16
sdk,sqlite,upsert,519,13
sdk,sqlite,upsert,520,12
sdk,sqlite,upsert,521,14
sdk,sqlite,upsert,522,13
sdk,sqlite,upsert,523,11
sdk,sqlite,upsert,524,14
sdk,sqlite,upsert,525,14
sdk,sqlite,upsert,526,14
sdk,sqlite,upsert,527,14
sdk,sqlite,upsert,528,13
sdk,sqlite,upsert,529,13
sdk,sqlite,upsert,530,13
sdk,sqlite,upsert,531,13
sdk,sqlite,upsert,532,14
sdk,sqlite,upsert,533,14
sdk,sqlite,upsert,534,13
sdk,sqlite,upsert,535,14
sdk,sqlite,upsert,536,14
sdk,sqlite,upsert,537,17
sdk,sqlite,upsert,538,13
sdk,sqlite,upsert,539,14
sdk,sqlite,upsert,540,14
sdk,sqlite,upsert,541,12
sdk,sqlite,upsert,542,14
sdk,sqlite,upsert,543,13
sdk,sqlite,upsert,544,11
sdk,sqlite,upsert,545,14
sdk,sqlite,upsert,546,13
sdk,sqlite,upsert,547,11
sdk,sqlite,upsert,548,14
sdk,sqlite,upsert,549,14
sdk,sqlite,upsert,550,14
sdk,sqlite,upsert,551,14
sdk,sqlite,upsert,552,14
sdk,sqlite,upsert,553,13
sdk,sqlite,upsert,554,14
sdk,sqlite,upsert,555,14
sdk,sqlite,upsert,556,14
sdk,sqlite,upsert,557,14
sdk,sqlite,upsert,558,14
sdk,sqlite,upsert,559,13
sdk,sqlite,upsert,560,14
sdk,sqlite,upsert,561,13
sdk,sqlite,upsert,562,14
sdk,sqlite,upsert,563,14
sdk,sqlite,upsert,564,14
sdk,sqlite,upsert,565,13
sdk,sqlite,upsert,566,14
sdk,sqlite,upsert,567,14
sdk,sqlite,upsert,568,11
sdk,sqlite,upsert,569,14
sdk,sqlite,upsert,570,13
sdk,sqlite,upsert,571,14
sdk,sqlite,upsert,572,14
sdk,sqlite,upsert,573,11
sdk,sqlite,upsert,574,14
sdk,sqlite,upsert,575,13
sdk,sqlite,upsert,576,14
sdk,sqlite,upsert,577,14
sdk,sqlite,upsert,578,17
sdk,sqlite,upsert,579,14
sdk,sqlite,upsert,580,16
sdk,sqlite,upsert,581,13
sdk,sqlite,upsert,582,11
sdk,sqlite,upsert,583,14
sdk,sqlite,upsert,584,13
sdk,sqlite,upsert,585,14
sdk,sqlite,upsert,586,13
sdk,sqlite,upsert,587,14
sdk,sqlite,upsert,588,13
sdk,sqlite,upsert,589,14
sdk,sqlite,upsert,590,14
sdk,sqlite,upsert,591,14
sdk,sqlite,upsert,592,13
sdk,sqlite,upsert,593,14
sdk,sqlite,upsert,594,14
sdk,sqlite,upsert,595,14
sdk,sqlite,upsert,596,13
sdk,sqlite,upsert,597,14
sdk,sqlite,upsert,598,13
sdk,sqlite,upsert,599,11
sdk,sqlite,upsert,600,17
sdk,sqlite,upsert,601,13
sdk,sqlite,upsert,602,11
sdk,sqlite,upsert,603,13
sdk,sqlite,upsert,604,13
sdk,sqlite,upsert,605,12
sdk,sqlite,upsert,606,14
sdk,sqlite,upsert,607,16
sdk,sqlite,upsert,608,14
sdk,sqlite,upsert,609,13
sdk,sqlite,upsert,610,14
sdk,sqlite,upsert,611,14
sdk,sqlite,upsert,612,17
sdk,sqlite,upsert,613,13
sdk,sqlite,upsert,614,11
sdk,sqlite,upsert,615,14
sdk,sqlite,upsert,616,13
sdk,sqlite,upsert,617,14
sdk,sqlite,upsert,618,14
sdk,sqlite,upsert,619,14
sdk,sqlite,upsert,620,15
sdk,sqlite,upsert,621,84
sdk,sqlite,upsert,622,15
sdk,sqlite,upsert,623,11
sdk,sqlite,upsert,624,11
sdk,sqlite,upsert,625,14
sdk,sqlite,upsert,626,14
sdk,sqlite,upsert,627,14
sdk,sqlite,upsert,628,14
sdk,sqlite,upsert,629,14
sdk,sqlite,upsert,630,13
sdk,sqlite,upsert,631,14
sdk,sqlite,upsert,632,14
sdk,sqlite,upsert,633,14
sdk,sqlite,upsert,634,14
sdk,sqlite,upsert,635,14
sdk,sqlite,upsert,636,11
sdk,sqlite,upsert,637,14
sdk,sqlite,upsert,638,14
sdk,sqlite,upsert,639,12
sdk,sqlite,upsert,640,11
sdk,sqlite,upsert,641,14
sdk,sqlite,upsert,642,14
sdk,sqlite,upsert,643,14
sdk,sqlite,upsert,644,16
sdk,sqlite,upsert,645,14
sdk,sqlite,upsert,646,13
sdk,sqlite,upsert,647,14
sdk,sqlite,upsert,648,13
sdk,sqlite,upsert,649,14
sdk,sqlite,upsert,650,14
sdk,sqlite,upsert,651,14
sdk,sqlite,upsert,652,14
sdk,sqlite,upsert,653,17
sdk,sqlite,upsert,654,13
sdk,sqlite,upsert,655,12
sdk,sqlite,upsert,656,14
sdk,sqlite,upsert,657,13
sdk,sqlite,upsert,658,11
sdk,sqlite,upsert,659,17
sdk,sqlite,upsert,660,13
sdk,sqlite,upsert,661,15
sdk,sqlite,upsert,662,14
sdk,sqlite,upsert,663,16
sdk,sqlite,upsert,664,14
sdk,sqlite,upsert,665,17
sdk,sqlite,upsert,666,17
sdk,sqlite,upsert,667,12
sdk,sqlite,upsert,668,14
sdk,sqlite,upsert,669,14
sdk,sqlite,upsert,670,14
sdk,sqlite,upsert,671,13
sdk,sqlite,upsert,672,14
sdk,sqlite,upsert,673,14
sdk,sqlite,upsert,674,14
sdk,sqlite,upsert,675,13
sdk,sqlite,upsert,676,14
sdk,sqlite,upsert,677,13
sdk,sqlite,upsert,678,14
sdk,sqlite,upsert,679,13
sdk,sqlite,upsert,680,14
sdk,sqlite,upsert,681,13
sdk,sqlite,upsert,682,14
sdk,sqlite,upsert,683,17
sdk,sqlite,upsert,684,14
sdk,sqlite,upsert,685,14
sdk,sqlite,upsert,686,14
sdk,sqlite,upsert,687,13
sdk,sqlite,upsert,688,11
sdk,sqlite,upsert,689,16
sdk,sqlite,upsert,690,13
sdk,sqlite,upsert,691,16
sdk,sqlite,upsert,692,14
sdk,sqlite,upsert,693,17
sdk,sqlite,upsert,694,13
sdk,sqlite,upsert,695,17
sdk,sqlite,upsert,696,13
sdk,sqlite,upsert,697,14
sdk,sqlite,upsert,698,14
sdk,sqlite,upsert,699,14
sdk,sqlite,upsert,700,14
sdk,sqlite,upsert,701,11
sdk,sqlite,upsert,702,14
sdk,sqlite,upsert,703,13
sdk,sqlite,upsert,704,11
sdk,sqlite,upsert,705,14
sdk,sqlite,upsert,706,13
sdk,sqlite,upsert,707,14
sdk,sqlite,upsert,708,14
sdk,sqlite,upsert,709,14
sdk,sqlite,upsert,710,14
sdk,sqlite,upsert,711,17
sdk,sqlite,upsert,712,13
sdk,sqlite,upsert,713,11
sdk,sqlite,upsert,714,14
sdk,sqlite,upsert,715,17
sdk,sqlite,upsert,716,14
sdk,sqlite,upsert,717,12
sdk,sqlite,upsert,718,14
sdk,sqlite,upsert,719,14
sdk,sqlite,upsert,720,11
sdk,sqlite,upsert,721,14
sdk,sqlite,upsert,722,14
sdk,sqlite,upsert,723,17
sdk,sqlite,upsert,724,13
sdk,sqlite,upsert,725,11
sdk,sqlite,upsert,726,14
sdk,sqlite,upsert,727,13
sdk,sqlite,upsert,728,14
sdk,sqlite,upsert,729,12
sdk,sqlite,upsert,730,17
sdk,sqlite,upsert,731,16
sdk,sqlite,upsert,732,14
sdk,sqlite,upsert,733,14
sdk,sqlite,upsert,734,14
sdk,sqlite,upsert,735,16
sdk,sqlite,upsert,736,14
sdk,sqlite,upsert,737,13
sdk,sqlite,upsert,738,14
sdk,sqlite,upsert,739,16
sdk,sqlite,upsert,740,14
sdk,sqlite,upsert,741,16
sdk,sqlite,upsert,742,14
sdk,sqlite,upsert,743,13
sdk,sqlite,upsert,744,14
sdk,sqlite,upsert,745,16
sdk,sqlite,upsert,746,14
sdk,sqlite,upsert,747,14
sdk,sqlite,upsert,748,17
sdk,sqlite,upsert,749,13
sdk,sqlite,upsert,750,17
sdk,sqlite,upsert,751,16
sdk,sqlite,upsert,752,14
sdk,sqlite,upsert,753,13
sdk,sqlite,upsert,754,14
sdk,sqlite,upsert,755,14
sdk,sqlite,upsert,756,17
sdk,sqlite,upsert,757,13
sdk,sqlite,upsert,758,11
sdk,sqlite,upsert,759,14
sdk,sqlite,upsert,760,14
sdk,sqlite,upsert,761,14
sdk,sqlite,upsert,762,14
sdk,sqlite,upsert,763,14
sdk,sqlite,upsert,764,13
sdk,sqlite,upsert,765,14
sdk,sqlite,upsert,766,14
sdk,sqlite,upsert,767,14
sdk,sqlite,upsert,768,13
sdk,sqlite,upsert,769,14
sdk,sqlite,upsert,770,16
sdk,sqlite,upsert,771,17
sdk,sqlite,upsert,772,12
sdk,sqlite,upsert,773,14
sdk,sqlite,upsert,774,17
sdk,sqlite,upsert,775,14
sdk,sqlite,upsert,776,16
sdk,sqlite,upsert,777,14
sdk,sqlite,upsert,778,17
sdk,sqlite,upsert,779,14
sdk,sqlite,upsert,780,16
sdk,sqlite,upsert,781,14
sdk,sqlite,upsert,782,16
sdk,sqlite,upsert,783,14
sdk,sqlite,upsert,784,17
sdk,sqlite,upsert,785,14
sdk,sqlite,upsert,786,16
sdk,sqlite,upsert,787,14
sdk,sqlite,upsert,788,16
sdk,sqlite,upsert,789,14
sdk,sqlite,upsert,790,14
sdk,sqlite,upsert,791,14
sdk,sqlite,upsert,792,16
sdk,sqlite,upsert,793,14
sdk,sqlite,upsert,794,13
sdk,sqlite,upsert,795,14
sdk,sqlite,upsert,796,15
sdk,sqlite,upsert,797,11
sdk,sqlite,upsert,798,14
sdk,sqlite,upsert,799,17
sdk,sqlite,upsert,800,14
sdk,sqlite,upsert,801,13
sdk,sqlite,upsert,802,14
sdk,sqlite,upsert,803,13
sdk,sqlite,upsert,804,11
sdk,sqlite,upsert,805,14
sdk,sqlite,upsert,806,14
sdk,sqlite,upsert,807,12
sdk,sqlite,upsert,808,15
sdk,sqlite,upsert,809,12
sdk,sqlite,upsert,810,14
sdk,sqlite,upsert,811,16
sdk,sqlite,upsert,812,14
sdk,sqlite,upsert,813,17
sdk,sqlite,upsert,814,14
sdk,sqlite,upsert,815,13
sdk,sqlite,upsert,816,14
sdk,sqlite,upsert,817,17
sdk,sqlite,upsert,818,17
sdk,sqlite,upsert,819,12
sdk,sqlite,upsert,820,12
sdk,sqlite,upsert,821,14
sdk,sqlite,upsert,822,14
sdk,sqlite,upsert,823,14
sdk,sqlite,upsert,824,13
sdk,sqlite,upsert,825,14
sdk,sqlite,upsert,826,13
sdk,sqlite,upsert,827,17
sdk,sqlite,upsert,828,13
sdk,sqlite,upsert,829,17
sdk,sqlite,upsert,830,16
sdk,sqlite,upsert,831,14
sdk,sqlite,upsert,832,13
sdk,sqlite,upsert,833,14
sdk,sqlite,upsert,834,13
sdk,sqlite,upsert,835,17
sdk,sqlite,upsert,836,13
sdk,sqlite,upsert,837,11
sdk,sqlite,upsert,838,17
sdk,sqlite,upsert,839,13
sdk,sqlite,upsert,840,14
sdk,sqlite,upsert,841,14
sdk,sqlite,upsert,842,13
sdk,sqlite,upsert,843,11
sdk,sqlite,upsert,844,14
sdk,sqlite,upsert,845,16
sdk,sqlite,upsert,846,14
sdk,sqlite,upsert,847,16
sdk,sqlite,upsert,848,14
sdk,sqlite,upsert,849,15
sdk,sqlite,upsert,850,14
sdk,sqlite,upsert,851,13
sdk,sqlite,upsert,852,14
sdk,sqlite,upsert,853,13
sdk,sqlite,upsert,854,14
sdk,sqlite,upsert,855,14
sdk,sqlite,upsert,856,14
sdk,sqlite,upsert,857,16
sdk,sqlite,upsert,858,14
sdk,sqlite,upsert,859,14
sdk,sqlite,upsert,860,14
sdk,sqlite,upsert,861,13
sdk,sqlite,upsert,862,14
sdk,sqlite,upsert,863,14
sdk,sqlite,upsert,864,11
sdk,sqlite,upsert,865,14
sdk,sqlite,upsert,866,13
sdk,sqlite,upsert,867,14
sdk,sqlite,upsert,868,14
sdk,sqlite,upsert,869,14
sdk,sqlite,upsert,870,17
sdk,sqlite,upsert,871,14
sdk,sqlite,upsert,872,13
sdk,sqlite,upsert,873,14
sdk,sqlite,upsert,874,16
sdk,sqlite,upsert,875,14
sdk,sqlite,upsert,876,15
sdk,sqlite,upsert,877,14
sdk,sqlite,upsert,878,16
sdk,sqlite,upsert,879,14
sdk,sqlite,upsert,880,12
sdk,sqlite,upsert,881,14
sdk,sqlite,upsert,882,16
sdk,sqlite,upsert,883,14
sdk,sqlite,upsert,884,14
sdk,sqlite,upsert,885,14
sdk,sqlite,upsert,886,13
sdk,sqlite,upsert,887,14
sdk,sqlite,upsert,888,16
sdk,sqlite,upsert,889,14
sdk,sqlite,upsert,890,13
sdk,sqlite,upsert,891,11
sdk,sqlite,upsert,892,14
sdk,sqlite,upsert,893,14
sdk,sqlite,upsert,894,14
sdk,sqlite,upsert,895,16
sdk,sqlite,upsert,896,14
sdk,sqlite,upsert,897,14
sdk,sqlite,upsert,898,14
sdk,sqlite,upsert,899,16
sdk,sqlite,upsert,900,14
sdk,sqlite,upsert,901,16
sdk,sqlite,upsert,902,14
sdk,sqlite,upsert,903,13
sdk,sqlite,upsert,904,11
sdk,sqlite,upsert,905,14
sdk,sqlite,upsert,906,13
sdk,sqlite,upsert,907,14
sdk,sqlite,upsert,908,14
sdk,sqlite,upsert,909,14
sdk,sqlite,upsert,910,14
sdk,sqlite,upsert,911,17
sdk,sqlite,upsert,912,12
sdk,sqlite,upsert,913,11
sdk,sqlite,upsert,914,13
sdk,sqlite,upsert,915,13
sdk,sqlite,upsert,916,15
sdk,sqlite,upsert,917,14
sdk,sqlite,upsert,918,13
sdk,sqlite,upsert,919,14
sdk,sqlite,upsert,920,16
sdk,sqlite,upsert,921,14
sdk,sqlite,upsert,922,16
sdk,sqlite,upsert,923,13
sdk,sqlite,upsert,924,16
sdk,sqlite,upsert,925,17
sdk,sqlite,upsert,926,12
sdk,sqlite,upsert,927,11
sdk,sqlite,upsert,928,14
sdk,sqlite,upsert,929,14
sdk,sqlite,upsert,930,16
sdk,sqlite,upsert,931,14
sdk,sqlite,upsert,932,14
sdk,sqlite,upsert,933,12
sdk,sqlite,upsert,934,14
sdk,sqlite,upsert,935,13
sdk,sqlite,upsert,936,16
sdk,sqlite,upsert,937,14
sdk,sqlite,upsert,938,13
sdk,sqlite,upsert,939,14
sdk,sqlite,upsert,940,17
sdk,sqlite,upsert,941,14
sdk,sqlite,upsert,942,13
sdk,sqlite,upsert,943,14
sdk,sqlite,upsert,944,17
sdk,sqlite,upsert,945,14
sdk,sqlite,upsert,946,13
sdk,sqlite,upsert,947,17
sdk,sqlite,upsert,948,13
sdk,sqlite,upsert,949,14
sdk,sqlite,upsert,950,14
sdk,sqlite,upsert,951,14
sdk,sqlite,upsert,952,13
sdk,sqlite,upsert,953,11
sdk,sqlite,upsert,954,14
sdk,sqlite,upsert,955,16
sdk,sqlite,upsert,956,14
sdk,sqlite,upsert,957,13
sdk,sqlite,upsert,958,14
sdk,sqlite,upsert,959,13
sdk,sqlite,upsert,960,11
sdk,sqlite,upsert,961,14
sdk,sqlite,upsert,962,14
sdk,sqlite,upsert,963,14
sdk,sqlite,upsert,964,17
sdk,sqlite,upsert,965,17
sdk,sqlite,upsert,966,13
sdk,sqlite,upsert,967,17
sdk,sqlite,upsert,968,13
sdk,sqlite,upsert,969,17
sdk,sqlite,upsert,970,16
sdk,sqlite,upsert,971,14
sdk,sqlite,upsert,972,16
sdk,sqlite,upsert,973,14
sdk,sqlite,upsert,974,15
sdk,sqlite,upsert,975,14
sdk,sqlite,upsert,976,14
sdk,sqlite,upsert,977,17
sdk,sqlite,upsert,978,14
sdk,sqlite,upsert,979,17
sdk,sqlite,upsert,980,13
sdk,sqlite,upsert,981,17
sdk,sqlite,upsert,982,14
sdk,sqlite,upsert,983,14
sdk,sqlite,upsert,984,14
sdk,sqlite,upsert,985,13
sdk,sqlite,upsert,986,14
sdk,sqlite,upsert,987,17
sdk,sqlite,upsert,988,14
sdk,sqlite,upsert,989,17
sdk,sqlite,upsert,990,14
sdk,sqlite,upsert,991,16
sdk,sqlite,upsert,992,13
sdk,sqlite,upsert,993,12
sdk,sqlite,upsert,994,14
sdk,sqlite,upsert,995,14
sdk,sqlite,upsert,996,16
sdk,sqlite,upsert,997,14
sdk,sqlite,upsert,998,15
sdk,sqlite,upsert,999,14
sdk,sqlite,createMany,0,44
sdk,sqlite,createMany,1,39
sdk,sqlite,createMany,2,35
sdk,sqlite,createMany,3,47
sdk,sqlite,createMany,4,59
sdk,sqlite,createMany,5,26
sdk,sqlite,createMany,6,31
sdk,sqlite,createMany,7,28
sdk,sqlite,createMany,8,39
sdk,sqlite,createMany,9,26
sdk,sqlite,createMany,10,32
sdk,sqlite,createMany,11,41
sdk,sqlite,createMany,12,36
sdk,sqlite,createMany,13,46
sdk,sqlite,createMany,14,37
sdk,sqlite,createMany,15,41
sdk,sqlite,createMany,16,37
sdk,sqlite,createMany,17,56
sdk,sqlite,createMany,18,62
sdk,sqlite,createMany,19,27
sdk,sqlite,createMany,20,31
sdk,sqlite,createMany,21,28
sdk,sqlite,createMany,22,37
sdk,sqlite,createMany,23,29
sdk,sqlite,createMany,24,28
sdk,sqlite,createMany,25,37
sdk,sqlite,createMany,26,29
sdk,sqlite,createMany,27,38
sdk,sqlite,createMany,28,45
sdk,sqlite,createMany,29,35
sdk,sqlite,createMany,30,45
sdk,sqlite,createMany,31,42
sdk,sqlite,createMany,32,45
sdk,sqlite,createMany,33,26
sdk,sqlite,createMany,34,44
sdk,sqlite,createMany,35,38
sdk,sqlite,createMany,36,26
sdk,sqlite,createMany,37,42
sdk,sqlite,createMany,38,41
sdk,sqlite,createMany,39,50
sdk,sqlite,createMany,40,73
sdk,sqlite,createMany,41,27
sdk,sqlite,createMany,42,39
sdk,sqlite,createMany,43,41
sdk,sqlite,createMany,44,27
sdk,sqlite,createMany,45,53
sdk,sqlite,createMany,46,27
sdk,sqlite,createMany,47,39
sdk,sqlite,createMany,48,26
sdk,sqlite,createMany,49,38
sdk,sqlite,createMany,50,35
sdk,sqlite,createMany,51,29
sdk,sqlite,createMany,52,35
sdk,sqlite,createMany,53,47
sdk,sqlite,createMany,54,44
sdk,sqlite,createMany,55,68
sdk,sqlite,createMany,56,29
sdk,sqlite,createMany,57,38
sdk,sqlite,createMany,58,27
sdk,sqlite,createMany,59,28
sdk,sqlite,createMany,60,28
sdk,sqlite,createMany,61,41
sdk,sqlite,createMany,62,39
sdk,sqlite,createMany,63,45
sdk,sqlite,createMany,64,39
sdk,sqlite,createMany,65,37
sdk,sqlite,createMany,66,39
sdk,sqlite,createMany,67,38
sdk,sqlite,createMany,68,45
sdk,sqlite,createMany,69,27
sdk,sqlite,createMany,70,45
sdk,sqlite,createMany,71,49
sdk,sqlite,createMany,72,95
sdk,sqlite,createMany,73,30
sdk,sqlite,createMany,74,37
sdk,sqlite,createMany,75,27
sdk,sqlite,createMany,76,40
sdk,sqlite,createMany,77,48
sdk,sqlite,createMany,78,42
sdk,sqlite,createMany,79,69
sdk,sqlite,createMany,80,64
sdk,sqlite,createMany,81,27
sdk,sqlite,createMany,82,38
sdk,sqlite,createMany,83,35
sdk,sqlite,createMany,84,29
sdk,sqlite,createMany,85,41
sdk,sqlite,createMany,86,44
sdk,sqlite,createMany,87,67
sdk,sqlite,createMany,88,26
sdk,sqlite,createMany,89,39
sdk,sqlite,createMany,90,28
sdk,sqlite,createMany,91,40
sdk,sqlite,createMany,92,42
sdk,sqlite,createMany,93,47
sdk,sqlite,createMany,94,59
sdk,sqlite,createMany,95,72
sdk,sqlite,createMany,96,27
sdk,sqlite,createMany,97,28
sdk,sqlite,createMany,98,29
sdk,sqlite,createMany,99,36
sdk,sqlite,createMany,100,26
sdk,sqlite,createMany,101,38
sdk,sqlite,createMany,102,30
sdk,sqlite,createMany,103,36
sdk,sqlite,createMany,104,29
sdk,sqlite,createMany,105,35
sdk,sqlite,createMany,106,45
sdk,sqlite,createMany,107,246
sdk,sqlite,createMany,108,95
sdk,sqlite,createMany,109,33
sdk,sqlite,createMany,110,43
sdk,sqlite,createMany,111,34
sdk,sqlite,createMany,112,49
sdk,sqlite,createMany,113,42
sdk,sqlite,createMany,114,207
sdk,sqlite,createMany,115,55
sdk,sqlite,createMany,116,56
sdk,sqlite,createMany,117,29
sdk,sqlite,createMany,118,41
sdk,sqlite,createMany,119,39
sdk,sqlite,createMany,120,27
sdk,sqlite,createMany,121,43
sdk,sqlite,createMany,122,36
sdk,sqlite,createMany,123,35
sdk,sqlite,createMany,124,37
sdk,sqlite,createMany,125,29
sdk,sqlite,createMany,126,40
sdk,sqlite,createMany,127,36
sdk,sqlite,createMany,128,44
sdk,sqlite,createMany,129,43
sdk,sqlite,createMany,130,58
sdk,sqlite,createMany,131,39
sdk,sqlite,createMany,132,29
sdk,sqlite,createMany,133,38
sdk,sqlite,createMany,134,29
sdk,sqlite,createMany,135,28
sdk,sqlite,createMany,136,34
sdk,sqlite,createMany,137,26
sdk,sqlite,createMany,138,37
sdk,sqlite,createMany,139,30
sdk,sqlite,createMany,140,40
sdk,sqlite,createMany,141,35
sdk,sqlite,createMany,142,35
sdk,sqlite,createMany,143,41
sdk,sqlite,createMany,144,64
sdk,sqlite,createMany,145,28
sdk,sqlite,createMany,146,28
sdk,sqlite,createMany,147,29
sdk,sqlite,createMany,148,39
sdk,sqlite,createMany,149,26
sdk,sqlite,createMany,150,34
sdk,sqlite,createMany,151,34
sdk,sqlite,createMany,152,28
sdk,sqlite,createMany,153,39
sdk,sqlite,createMany,154,37
sdk,sqlite,createMany,155,39
sdk,sqlite,createMany,156,41
sdk,sqlite,createMany,157,47
sdk,sqlite,createMany,158,52
sdk,sqlite,createMany,159,29
sdk,sqlite,createMany,160,28
sdk,sqlite,createMany,161,29
sdk,sqlite,createMany,162,34
sdk,sqlite,createMany,163,29
sdk,sqlite,createMany,164,35
sdk,sqlite,createMany,165,26
sdk,sqlite,createMany,166,39
sdk,sqlite,createMany,167,37
sdk,sqlite,createMany,168,27
sdk,sqlite,createMany,169,45
sdk,sqlite,createMany,170,45
sdk,sqlite,createMany,171,41
sdk,sqlite,createMany,172,29
sdk,sqlite,createMany,173,38
sdk,sqlite,createMany,174,30
sdk,sqlite,createMany,175,38
sdk,sqlite,createMany,176,35
sdk,sqlite,createMany,177,42
sdk,sqlite,createMany,178,57
sdk,sqlite,createMany,179,53
sdk,sqlite,createMany,180,26
sdk,sqlite,createMany,181,40
sdk,sqlite,createMany,182,35
sdk,sqlite,createMany,183,95
sdk,sqlite,createMany,184,36
sdk,sqlite,createMany,185,31
sdk,sqlite,createMany,186,26
sdk,sqlite,createMany,187,27
sdk,sqlite,createMany,188,38
sdk,sqlite,createMany,189,38
sdk,sqlite,createMany,190,35
sdk,sqlite,createMany,191,34
sdk,sqlite,createMany,192,41
sdk,sqlite,createMany,193,62
sdk,sqlite,createMany,194,32
sdk,sqlite,createMany,195,43
sdk,sqlite,createMany,196,28
sdk,sqlite,createMany,197,38
sdk,sqlite,createMany,198,27
sdk,sqlite,createMany,199,34
sdk,sqlite,createMany,200,29
sdk,sqlite,createMany,201,39
sdk,sqlite,createMany,202,26
sdk,sqlite,createMany,203,41
sdk,sqlite,createMany,204,37
sdk,sqlite,createMany,205,44
sdk,sqlite,createMany,206,42
sdk,sqlite,createMany,207,67
sdk,sqlite,createMany,208,67
sdk,sqlite,createMany,209,27
sdk,sqlite,createMany,210,28
sdk,sqlite,createMany,211,32
sdk,sqlite,createMany,212,38
sdk,sqlite,createMany,213,28
sdk,sqlite,createMany,214,28
sdk,sqlite,createMany,215,42
sdk,sqlite,createMany,216,47
sdk,sqlite,createMany,217,28
sdk,sqlite,createMany,218,39
sdk,sqlite,createMany,219,46
sdk,sqlite,createMany,220,44
sdk,sqlite,createMany,221,66
sdk,sqlite,createMany,222,29
sdk,sqlite,createMany,223,26
sdk,sqlite,createMany,224,28
sdk,sqlite,createMany,225,31
sdk,sqlite,createMany,226,28
sdk,sqlite,createMany,227,47
sdk,sqlite,createMany,228,28
sdk,sqlite,createMany,229,39
sdk,sqlite,createMany,230,29
sdk,sqlite,createMany,231,38
sdk,sqlite,createMany,232,49
sdk,sqlite,createMany,233,54
sdk,sqlite,createMany,234,79
sdk,sqlite,createMany,235,43
sdk,sqlite,createMany,236,31
sdk,sqlite,createMany,237,27
sdk,sqlite,createMany,238,48
sdk,sqlite,createMany,239,27
sdk,sqlite,createMany,240,31
sdk,sqlite,createMany,241,37
sdk,sqlite,createMany,242,26
sdk,sqlite,createMany,243,39
sdk,sqlite,createMany,244,41
sdk,sqlite,createMany,245,38
sdk,sqlite,createMany,246,35
sdk,sqlite,createMany,247,50
sdk,sqlite,createMany,248,55
sdk,sqlite,createMany,249,31
sdk,sqlite,createMany,250,29
sdk,sqlite,createMany,251,28
sdk,sqlite,createMany,252,33
sdk,sqlite,createMany,253,30
sdk,sqlite,createMany,254,34
sdk,sqlite,createMany,255,28
sdk,sqlite,createMany,256,38
sdk,sqlite,createMany,257,35
sdk,sqlite,createMany,258,26
sdk,sqlite,createMany,259,49
sdk,sqlite,createMany,260,45
sdk,sqlite,createMany,261,29
sdk,sqlite,createMany,262,44
sdk,sqlite,createMany,263,27
sdk,sqlite,createMany,264,41
sdk,sqlite,createMany,265,39
sdk,sqlite,createMany,266,40
sdk,sqlite,createMany,267,44
sdk,sqlite,createMany,268,73
sdk,sqlite,createMany,269,26
sdk,sqlite,createMany,270,39
sdk,sqlite,createMany,271,30
sdk,sqlite,createMany,272,29
sdk,sqlite,createMany,273,30
sdk,sqlite,createMany,274,28
sdk,sqlite,createMany,275,30
sdk,sqlite,createMany,276,31
sdk,sqlite,createMany,277,39
sdk,sqlite,createMany,278,26
sdk,sqlite,createMany,279,37
sdk,sqlite,createMany,280,38
sdk,sqlite,createMany,281,44
sdk,sqlite,createMany,282,71
sdk,sqlite,createMany,283,27
sdk,sqlite,createMany,284,32
sdk,sqlite,createMany,285,26
sdk,sqlite,createMany,286,38
sdk,sqlite,createMany,287,26
sdk,sqlite,createMany,288,31
sdk,sqlite,createMany,289,42
sdk,sqlite,createMany,290,28
sdk,sqlite,createMany,291,39
sdk,sqlite,createMany,292,42
sdk,sqlite,createMany,293,48
sdk,sqlite,createMany,294,44
sdk,sqlite,createMany,295,54
sdk,sqlite,createMany,296,48
sdk,sqlite,createMany,297,26
sdk,sqlite,createMany,298,32
sdk,sqlite,createMany,299,32
sdk,sqlite,createMany,300,31
sdk,sqlite,createMany,301,28
sdk,sqlite,createMany,302,33
sdk,sqlite,createMany,303,26
sdk,sqlite,createMany,304,46
sdk,sqlite,createMany,305,39
sdk,sqlite,createMany,306,35
sdk,sqlite,createMany,307,39
sdk,sqlite,createMany,308,44
sdk,sqlite,createMany,309,61
sdk,sqlite,createMany,310,30
sdk,sqlite,createMany,311,26
sdk,sqlite,createMany,312,31
sdk,sqlite,createMany,313,35
sdk,sqlite,createMany,314,28
sdk,sqlite,createMany,315,43
sdk,sqlite,createMany,316,27
sdk,sqlite,createMany,317,42
sdk,sqlite,createMany,318,26
sdk,sqlite,createMany,319,41
sdk,sqlite,createMany,320,50
sdk,sqlite,createMany,321,42
sdk,sqlite,createMany,322,56
sdk,sqlite,createMany,323,63
sdk,sqlite,createMany,324,32
sdk,sqlite,createMany,325,36
sdk,sqlite,createMany,326,48
sdk,sqlite,createMany,327,38
sdk,sqlite,createMany,328,35
sdk,sqlite,createMany,329,50
sdk,sqlite,createMany,330,66
sdk,sqlite,createMany,331,32
sdk,sqlite,createMany,332,36
sdk,sqlite,createMany,333,29
sdk,sqlite,createMany,334,35
sdk,sqlite,createMany,335,40
sdk,sqlite,createMany,336,27
sdk,sqlite,createMany,337,44
sdk,sqlite,createMany,338,26
sdk,sqlite,createMany,339,38
sdk,sqlite,createMany,340,32
sdk,sqlite,createMany,341,35
sdk,sqlite,createMany,342,38
sdk,sqlite,createMany,343,56
sdk,sqlite,createMany,344,48
sdk,sqlite,createMany,345,72
sdk,sqlite,createMany,346,27
sdk,sqlite,createMany,347,40
sdk,sqlite,createMany,348,33
sdk,sqlite,createMany,349,26
sdk,sqlite,createMany,350,36
sdk,sqlite,createMany,351,29
sdk,sqlite,createMany,352,36
sdk,sqlite,createMany,353,26
sdk,sqlite,createMany,354,44
sdk,sqlite,createMany,355,39
sdk,sqlite,createMany,356,41
sdk,sqlite,createMany,357,38
sdk,sqlite,createMany,358,53
sdk,sqlite,createMany,359,51
sdk,sqlite,createMany,360,26
sdk,sqlite,createMany,361,29
sdk,sqlite,createMany,362,26
sdk,sqlite,createMany,363,33
sdk,sqlite,createMany,364,28
sdk,sqlite,createMany,365,39
sdk,sqlite,createMany,366,27
sdk,sqlite,createMany,367,40
sdk,sqlite,createMany,368,36
sdk,sqlite,createMany,369,36
sdk,sqlite,createMany,370,48
sdk,sqlite,createMany,371,49
sdk,sqlite,createMany,372,72
sdk,sqlite,createMany,373,27
sdk,sqlite,createMany,374,29
sdk,sqlite,createMany,375,28
sdk,sqlite,createMany,376,40
sdk,sqlite,createMany,377,28
sdk,sqlite,createMany,378,28
sdk,sqlite,createMany,379,37
sdk,sqlite,createMany,380,36
sdk,sqlite,createMany,381,29
sdk,sqlite,createMany,382,36
sdk,sqlite,createMany,383,40
sdk,sqlite,createMany,384,47
sdk,sqlite,createMany,385,66
sdk,sqlite,createMany,386,27
sdk,sqlite,createMany,387,41
sdk,sqlite,createMany,388,27
sdk,sqlite,createMany,389,39
sdk,sqlite,createMany,390,36
sdk,sqlite,createMany,391,35
sdk,sqlite,createMany,392,53
sdk,sqlite,createMany,393,62
sdk,sqlite,createMany,394,27
sdk,sqlite,createMany,395,38
sdk,sqlite,createMany,396,29
sdk,sqlite,createMany,397,37
sdk,sqlite,createMany,398,40
sdk,sqlite,createMany,399,27
sdk,sqlite,createMany,400,39
sdk,sqlite,createMany,401,26
sdk,sqlite,createMany,402,42
sdk,sqlite,createMany,403,54
sdk,sqlite,createMany,404,27
sdk,sqlite,createMany,405,38
sdk,sqlite,createMany,406,51
sdk,sqlite,createMany,407,75
sdk,sqlite,createMany,408,40
sdk,sqlite,createMany,409,28
sdk,sqlite,createMany,410,36
sdk,sqlite,createMany,411,27
sdk,sqlite,createMany,412,28
sdk,sqlite,createMany,413,33
sdk,sqlite,createMany,414,29
sdk,sqlite,createMany,415,32
sdk,sqlite,createMany,416,28
sdk,sqlite,createMany,417,36
sdk,sqlite,createMany,418,36
sdk,sqlite,createMany,419,37
sdk,sqlite,createMany,420,43
sdk,sqlite,createMany,421,62
sdk,sqlite,createMany,422,39
sdk,sqlite,createMany,423,26
sdk,sqlite,createMany,424,28
sdk,sqlite,createMany,425,45
sdk,sqlite,createMany,426,26
sdk,sqlite,createMany,427,28
sdk,sqlite,createMany,428,37
sdk,sqlite,createMany,429,26
sdk,sqlite,createMany,430,41
sdk,sqlite,createMany,431,40
sdk,sqlite,createMany,432,36
sdk,sqlite,createMany,433,36
sdk,sqlite,createMany,434,50
sdk,sqlite,createMany,435,58
sdk,sqlite,createMany,436,29
sdk,sqlite,createMany,437,26
sdk,sqlite,createMany,438,28
sdk,sqlite,createMany,439,36
sdk,sqlite,createMany,440,26
sdk,sqlite,createMany,441,35
sdk,sqlite,createMany,442,31
sdk,sqlite,createMany,443,35
sdk,sqlite,createMany,444,35
sdk,sqlite,createMany,445,26
sdk,sqlite,createMany,446,44
sdk,sqlite,createMany,447,47
sdk,sqlite,createMany,448,65
sdk,sqlite,createMany,449,26
sdk,sqlite,createMany,450,28
sdk,sqlite,createMany,451,28
sdk,sqlite,createMany,452,38
sdk,sqlite,createMany,453,28
sdk,sqlite,createMany,454,28
sdk,sqlite,createMany,455,38
sdk,sqlite,createMany,456,43
sdk,sqlite,createMany,457,26
sdk,sqlite,createMany,458,54
sdk,sqlite,createMany,459,37
sdk,sqlite,createMany,460,46
sdk,sqlite,createMany,461,50
sdk,sqlite,createMany,462,56
sdk,sqlite,createMany,463,53
sdk,sqlite,createMany,464,29
sdk,sqlite,createMany,465,43
sdk,sqlite,createMany,466,36
sdk,sqlite,createMany,467,27
sdk,sqlite,createMany,468,42
sdk,sqlite,createMany,469,48
sdk,sqlite,createMany,470,66
sdk,sqlite,createMany,471,27
sdk,sqlite,createMany,472,41
sdk,sqlite,createMany,473,27
sdk,sqlite,createMany,474,27
sdk,sqlite,createMany,475,35
sdk,sqlite,createMany,476,26
sdk,sqlite,createMany,477,27
sdk,sqlite,createMany,478,40
sdk,sqlite,createMany,479,35
sdk,sqlite,createMany,480,29
sdk,sqlite,createMany,481,42
sdk,sqlite,createMany,482,39
sdk,sqlite,createMany,483,47
sdk,sqlite,createMany,484,81
sdk,sqlite,createMany,485,27
sdk,sqlite,createMany,486,32
sdk,sqlite,createMany,487,26
sdk,sqlite,createMany,488,36
sdk,sqlite,createMany,489,27
sdk,sqlite,createMany,490,26
sdk,sqlite,createMany,491,41
sdk,sqlite,createMany,492,28
sdk,sqlite,createMany,493,38
sdk,sqlite,createMany,494,35
sdk,sqlite,createMany,495,36
sdk,sqlite,createMany,496,45
sdk,sqlite,createMany,497,51
sdk,sqlite,createMany,498,47
sdk,sqlite,createMany,499,26
sdk,sqlite,createMany,500,28
sdk,sqlite,createMany,501,26
sdk,sqlite,createMany,502,36
sdk,sqlite,createMany,503,28
sdk,sqlite,createMany,504,39
sdk,sqlite,createMany,505,27
sdk,sqlite,createMany,506,39
sdk,sqlite,createMany,507,35
sdk,sqlite,createMany,508,41
sdk,sqlite,createMany,509,39
sdk,sqlite,createMany,510,48
sdk,sqlite,createMany,511,72
sdk,sqlite,createMany,512,27
sdk,sqlite,createMany,513,33
sdk,sqlite,createMany,514,27
sdk,sqlite,createMany,515,39
sdk,sqlite,createMany,516,26
sdk,sqlite,createMany,517,36
sdk,sqlite,createMany,518,26
sdk,sqlite,createMany,519,42
sdk,sqlite,createMany,520,27
sdk,sqlite,createMany,521,38
sdk,sqlite,createMany,522,35
sdk,sqlite,createMany,523,53
sdk,sqlite,createMany,524,39
sdk,sqlite,createMany,525,26
sdk,sqlite,createMany,526,38
sdk,sqlite,createMany,527,26
sdk,sqlite,createMany,528,40
sdk,sqlite,createMany,529,35
sdk,sqlite,createMany,530,43
sdk,sqlite,createMany,531,45
sdk,sqlite,createMany,532,52
sdk,sqlite,createMany,533,27
sdk,sqlite,createMany,534,39
sdk,sqlite,createMany,535,48
sdk,sqlite,createMany,536,39
sdk,sqlite,createMany,537,27
sdk,sqlite,createMany,538,39
sdk,sqlite,createMany,539,27
sdk,sqlite,createMany,540,42
sdk,sqlite,createMany,541,31
sdk,sqlite,createMany,542,38
sdk,sqlite,createMany,543,36
sdk,sqlite,createMany,544,40
sdk,sqlite,createMany,545,44
sdk,sqlite,createMany,546,72
sdk,sqlite,createMany,547,27
sdk,sqlite,createMany,548,38
sdk,sqlite,createMany,549,26
sdk,sqlite,createMany,550,28
sdk,sqlite,createMany,551,33
sdk,sqlite,createMany,552,28
sdk,sqlite,createMany,553,26
sdk,sqlite,createMany,554,34
sdk,sqlite,createMany,555,36
sdk,sqlite,createMany,556,28
sdk,sqlite,createMany,557,41
sdk,sqlite,createMany,558,42
sdk,sqlite,createMany,559,46
sdk,sqlite,createMany,560,69
sdk,sqlite,createMany,561,26
sdk,sqlite,createMany,562,28
sdk,sqlite,createMany,563,29
sdk,sqlite,createMany,564,36
sdk,sqlite,createMany,565,26
sdk,sqlite,createMany,566,28
sdk,sqlite,createMany,567,41
sdk,sqlite,createMany,568,51
sdk,sqlite,createMany,569,29
sdk,sqlite,createMany,570,36
sdk,sqlite,createMany,571,36
sdk,sqlite,createMany,572,46
sdk,sqlite,createMany,573,56
sdk,sqlite,createMany,574,50
sdk,sqlite,createMany,575,26
sdk,sqlite,createMany,576,28
sdk,sqlite,createMany,577,33
sdk,sqlite,createMany,578,27
sdk,sqlite,createMany,579,31
sdk,sqlite,createMany,580,31
sdk,sqlite,createMany,581,27
sdk,sqlite,createMany,582,39
sdk,sqlite,createMany,583,35
sdk,sqlite,createMany,584,38
sdk,sqlite,createMany,585,37
sdk,sqlite,createMany,586,54
sdk,sqlite,createMany,587,58
sdk,sqlite,createMany,588,26
sdk,sqlite,createMany,589,29
sdk,sqlite,createMany,590,30
sdk,sqlite,createMany,591,35
sdk,sqlite,createMany,592,26
sdk,sqlite,createMany,593,40
sdk,sqlite,createMany,594,27
sdk,sqlite,createMany,595,42
sdk,sqlite,createMany,596,31
sdk,sqlite,createMany,597,36
sdk,sqlite,createMany,598,50
sdk,sqlite,createMany,599,29
sdk,sqlite,createMany,600,80
sdk,sqlite,createMany,601,29
sdk,sqlite,createMany,602,36
sdk,sqlite,createMany,603,26
sdk,sqlite,createMany,604,39
sdk,sqlite,createMany,605,36
sdk,sqlite,createMany,606,43
sdk,sqlite,createMany,607,51
sdk,sqlite,createMany,608,61
sdk,sqlite,createMany,609,27
sdk,sqlite,createMany,610,39
sdk,sqlite,createMany,611,26
sdk,sqlite,createMany,612,31
sdk,sqlite,createMany,613,35
sdk,sqlite,createMany,614,26
sdk,sqlite,createMany,615,38
sdk,sqlite,createMany,616,26
sdk,sqlite,createMany,617,42
sdk,sqlite,createMany,618,41
sdk,sqlite,createMany,619,40
sdk,sqlite,createMany,620,55
sdk,sqlite,createMany,621,59
sdk,sqlite,createMany,622,71
sdk,sqlite,createMany,623,31
sdk,sqlite,createMany,624,24
sdk,sqlite,createMany,625,28
sdk,sqlite,createMany,626,32
sdk,sqlite,createMany,627,30
sdk,sqlite,createMany,628,37
sdk,sqlite,createMany,629,32
sdk,sqlite,createMany,630,38
sdk,sqlite,createMany,631,43
sdk,sqlite,createMany,632,40
sdk,sqlite,createMany,633,37
sdk,sqlite,createMany,634,53
sdk,sqlite,createMany,635,70
sdk,sqlite,createMany,636,29
sdk,sqlite,createMany,637,26
sdk,sqlite,createMany,638,29
sdk,sqlite,createMany,639,35
sdk,sqlite,createMany,640,31
sdk,sqlite,createMany,641,29
sdk,sqlite,createMany,642,45
sdk,sqlite,createMany,643,41
sdk,sqlite,createMany,644,30
sdk,sqlite,createMany,645,46
sdk,sqlite,createMany,646,45
sdk,sqlite,createMany,647,49
sdk,sqlite,createMany,648,88
sdk,sqlite,createMany,649,44
sdk,sqlite,createMany,650,29
sdk,sqlite,createMany,651,33
sdk,sqlite,createMany,652,37
sdk,sqlite,createMany,653,30
sdk,sqlite,createMany,654,30
sdk,sqlite,createMany,655,39
sdk,sqlite,createMany,656,31
sdk,sqlite,createMany,657,39
sdk,sqlite,createMany,658,37
sdk,sqlite,createMany,659,39
sdk,sqlite,createMany,660,37
sdk,sqlite,createMany,661,49
sdk,sqlite,createMany,662,39
sdk,sqlite,createMany,663,29
sdk,sqlite,createMany,664,42
sdk,sqlite,createMany,665,39
sdk,sqlite,createMany,666,42
sdk,sqlite,createMany,667,46
sdk,sqlite,createMany,668,48
sdk,sqlite,createMany,669,67
sdk,sqlite,createMany,670,29
sdk,sqlite,createMany,671,41
sdk,sqlite,createMany,672,25
sdk,sqlite,createMany,673,44
sdk,sqlite,createMany,674,29
sdk,sqlite,createMany,675,42
sdk,sqlite,createMany,676,30
sdk,sqlite,createMany,677,46
sdk,sqlite,createMany,678,30
sdk,sqlite,createMany,679,44
sdk,sqlite,createMany,680,38
sdk,sqlite,createMany,681,44
sdk,sqlite,createMany,682,42
sdk,sqlite,createMany,683,57
sdk,sqlite,createMany,684,53
sdk,sqlite,createMany,685,27
sdk,sqlite,createMany,686,33
sdk,sqlite,createMany,687,29
sdk,sqlite,createMany,688,30
sdk,sqlite,createMany,689,39
sdk,sqlite,createMany,690,28
sdk,sqlite,createMany,691,35
sdk,sqlite,createMany,692,29
sdk,sqlite,createMany,693,34
sdk,sqlite,createMany,694,41
sdk,sqlite,createMany,695,43
sdk,sqlite,createMany,696,47
sdk,sqlite,createMany,697,62
sdk,sqlite,createMany,698,45
sdk,sqlite,createMany,699,25
sdk,sqlite,createMany,700,31
sdk,sqlite,createMany,701,35
sdk,sqlite,createMany,702,29
sdk,sqlite,createMany,703,30
sdk,sqlite,createMany,704,35
sdk,sqlite,createMany,705,28
sdk,sqlite,createMany,706,47
sdk,sqlite,createMany,707,36
sdk,sqlite,createMany,708,40
sdk,sqlite,createMany,709,43
sdk,sqlite,createMany,710,60
sdk,sqlite,createMany,711,80
sdk,sqlite,createMany,712,29
sdk,sqlite,createMany,713,28
sdk,sqlite,createMany,714,29
sdk,sqlite,createMany,715,29
sdk,sqlite,createMany,716,28
sdk,sqlite,createMany,717,34
sdk,sqlite,createMany,718,27
sdk,sqlite,createMany,719,35
sdk,sqlite,createMany,720,35
sdk,sqlite,createMany,721,38
sdk,sqlite,createMany,722,47
sdk,sqlite,createMany,723,49
sdk,sqlite,createMany,724,63
sdk,sqlite,createMany,725,30
sdk,sqlite,createMany,726,33
sdk,sqlite,createMany,727,28
sdk,sqlite,createMany,728,44
sdk,sqlite,createMany,729,28
sdk,sqlite,createMany,730,24
sdk,sqlite,createMany,731,40
sdk,sqlite,createMany,732,24
sdk,sqlite,createMany,733,261
sdk,sqlite,createMany,734,38
sdk,sqlite,createMany,735,37
sdk,sqlite,createMany,736,44
sdk,sqlite,createMany,737,53
sdk,sqlite,createMany,738,39
sdk,sqlite,createMany,739,29
sdk,sqlite,createMany,740,40
sdk,sqlite,createMany,741,35
sdk,sqlite,createMany,742,36
sdk,sqlite,createMany,743,35
sdk,sqlite,createMany,744,48
sdk,sqlite,createMany,745,66
sdk,sqlite,createMany,746,26
sdk,sqlite,createMany,747,39
sdk,sqlite,createMany,748,28
sdk,sqlite,createMany,749,38
sdk,sqlite,createMany,750,29
sdk,sqlite,createMany,751,35
sdk,sqlite,createMany,752,26
sdk,sqlite,createMany,753,38
sdk,sqlite,createMany,754,28
sdk,sqlite,createMany,755,44
sdk,sqlite,createMany,756,40
sdk,sqlite,createMany,757,43
sdk,sqlite,createMany,758,48
sdk,sqlite,createMany,759,85
sdk,sqlite,createMany,760,26
sdk,sqlite,createMany,761,43
sdk,sqlite,createMany,762,27
sdk,sqlite,createMany,763,28
sdk,sqlite,createMany,764,36
sdk,sqlite,createMany,765,27
sdk,sqlite,createMany,766,33
sdk,sqlite,createMany,767,32
sdk,sqlite,createMany,768,30
sdk,sqlite,createMany,769,40
sdk,sqlite,createMany,770,39
sdk,sqlite,createMany,771,35
sdk,sqlite,createMany,772,43
sdk,sqlite,createMany,773,64
sdk,sqlite,createMany,774,27
sdk,sqlite,createMany,775,34
sdk,sqlite,createMany,776,26
sdk,sqlite,createMany,777,46
sdk,sqlite,createMany,778,27
sdk,sqlite,createMany,779,28
sdk,sqlite,createMany,780,39
sdk,sqlite,createMany,781,26
sdk,sqlite,createMany,782,39
sdk,sqlite,createMany,783,48
sdk,sqlite,createMany,784,39
sdk,sqlite,createMany,785,44
sdk,sqlite,createMany,786,45
sdk,sqlite,createMany,787,53
sdk,sqlite,createMany,788,34
sdk,sqlite,createMany,789,26
sdk,sqlite,createMany,790,28
sdk,sqlite,createMany,791,33
sdk,sqlite,createMany,792,26
sdk,sqlite,createMany,793,35
sdk,sqlite,createMany,794,28
sdk,sqlite,createMany,795,39
sdk,sqlite,createMany,796,35
sdk,sqlite,createMany,797,35
sdk,sqlite,createMany,798,36
sdk,sqlite,createMany,799,53
sdk,sqlite,createMany,800,37
sdk,sqlite,createMany,801,31
sdk,sqlite,createMany,802,40
sdk,sqlite,createMany,803,35
sdk,sqlite,createMany,804,36
sdk,sqlite,createMany,805,38
sdk,sqlite,createMany,806,42
sdk,sqlite,createMany,807,59
sdk,sqlite,createMany,808,55
sdk,sqlite,createMany,809,26
sdk,sqlite,createMany,810,49
sdk,sqlite,createMany,811,38
sdk,sqlite,createMany,812,41
sdk,sqlite,createMany,813,27
sdk,sqlite,createMany,814,36
sdk,sqlite,createMany,815,26
sdk,sqlite,createMany,816,40
sdk,sqlite,createMany,817,28
sdk,sqlite,createMany,818,35
sdk,sqlite,createMany,819,36
sdk,sqlite,createMany,820,43
sdk,sqlite,createMany,821,49
sdk,sqlite,createMany,822,63
sdk,sqlite,createMany,823,27
sdk,sqlite,createMany,824,39
sdk,sqlite,createMany,825,26
sdk,sqlite,createMany,826,40
sdk,sqlite,createMany,827,28
sdk,sqlite,createMany,828,34
sdk,sqlite,createMany,829,27
sdk,sqlite,createMany,830,37
sdk,sqlite,createMany,831,27
sdk,sqlite,createMany,832,45
sdk,sqlite,createMany,833,35
sdk,sqlite,createMany,834,35
sdk,sqlite,createMany,835,43
sdk,sqlite,createMany,836,75
sdk,sqlite,createMany,837,26
sdk,sqlite,createMany,838,277
sdk,sqlite,createMany,839,40
sdk,sqlite,createMany,840,32
sdk,sqlite,createMany,841,47
sdk,sqlite,createMany,842,31
sdk,sqlite,createMany,843,34
sdk,sqlite,createMany,844,38
sdk,sqlite,createMany,845,181
sdk,sqlite,createMany,846,37
sdk,sqlite,createMany,847,39
sdk,sqlite,createMany,848,44
sdk,sqlite,createMany,849,52
sdk,sqlite,createMany,850,74
sdk,sqlite,createMany,851,29
sdk,sqlite,createMany,852,29
sdk,sqlite,createMany,853,29
sdk,sqlite,createMany,854,46
sdk,sqlite,createMany,855,26
sdk,sqlite,createMany,856,29
sdk,sqlite,createMany,857,34
sdk,sqlite,createMany,858,42
sdk,sqlite,createMany,859,26
sdk,sqlite,createMany,860,42
sdk,sqlite,createMany,861,37
sdk,sqlite,createMany,862,45
sdk,sqlite,createMany,863,62
sdk,sqlite,createMany,864,49
sdk,sqlite,createMany,865,34
sdk,sqlite,createMany,866,27
sdk,sqlite,createMany,867,29
sdk,sqlite,createMany,868,37
sdk,sqlite,createMany,869,27
sdk,sqlite,createMany,870,37
sdk,sqlite,createMany,871,34
sdk,sqlite,createMany,872,37
sdk,sqlite,createMany,873,40
sdk,sqlite,createMany,874,36
sdk,sqlite,createMany,875,38
sdk,sqlite,createMany,876,59
sdk,sqlite,createMany,877,64
sdk,sqlite,createMany,878,30
sdk,sqlite,createMany,879,39
sdk,sqlite,createMany,880,27
sdk,sqlite,createMany,881,38
sdk,sqlite,createMany,882,40
sdk,sqlite,createMany,883,36
sdk,sqlite,createMany,884,51
sdk,sqlite,createMany,885,67
sdk,sqlite,createMany,886,26
sdk,sqlite,createMany,887,47
sdk,sqlite,createMany,888,28
sdk,sqlite,createMany,889,29
sdk,sqlite,createMany,890,31
sdk,sqlite,createMany,891,37
sdk,sqlite,createMany,892,27
sdk,sqlite,createMany,893,44
sdk,sqlite,createMany,894,30
sdk,sqlite,createMany,895,39
sdk,sqlite,createMany,896,36
sdk,sqlite,createMany,897,47
sdk,sqlite,createMany,898,49
sdk,sqlite,createMany,899,56
sdk,sqlite,createMany,900,26
sdk,sqlite,createMany,901,28
sdk,sqlite,createMany,902,28
sdk,sqlite,createMany,903,34
sdk,sqlite,createMany,904,29
sdk,sqlite,createMany,905,37
sdk,sqlite,createMany,906,27
sdk,sqlite,createMany,907,39
sdk,sqlite,createMany,908,27
sdk,sqlite,createMany,909,46
sdk,sqlite,createMany,910,42
sdk,sqlite,createMany,911,41
sdk,sqlite,createMany,912,72
sdk,sqlite,createMany,913,27
sdk,sqlite,createMany,914,28
sdk,sqlite,createMany,915,31
sdk,sqlite,createMany,916,42
sdk,sqlite,createMany,917,26
sdk,sqlite,createMany,918,29
sdk,sqlite,createMany,919,44
sdk,sqlite,createMany,920,32
sdk,sqlite,createMany,921,37
sdk,sqlite,createMany,922,40
sdk,sqlite,createMany,923,36
sdk,sqlite,createMany,924,44
sdk,sqlite,createMany,925,53
sdk,sqlite,createMany,926,58
sdk,sqlite,createMany,927,29
sdk,sqlite,createMany,928,28
sdk,sqlite,createMany,929,29
sdk,sqlite,createMany,930,37
sdk,sqlite,createMany,931,28
sdk,sqlite,createMany,932,38
sdk,sqlite,createMany,933,28
sdk,sqlite,createMany,934,40
sdk,sqlite,createMany,935,40
sdk,sqlite,createMany,936,36
sdk,sqlite,createMany,937,39
sdk,sqlite,createMany,938,43
sdk,sqlite,createMany,939,43
sdk,sqlite,createMany,940,26
sdk,sqlite,createMany,941,39
sdk,sqlite,createMany,942,45
sdk,sqlite,createMany,943,27
sdk,sqlite,createMany,944,47
sdk,sqlite,createMany,945,36
sdk,sqlite,createMany,946,64
sdk,sqlite,createMany,947,50
sdk,sqlite,createMany,948,30
sdk,sqlite,createMany,949,41
sdk,sqlite,createMany,950,39
sdk,sqlite,createMany,951,40
sdk,sqlite,createMany,952,40
sdk,sqlite,createMany,953,46
sdk,sqlite,createMany,954,26
sdk,sqlite,createMany,955,40
sdk,sqlite,createMany,956,26
sdk,sqlite,createMany,957,40
sdk,sqlite,createMany,958,35
sdk,sqlite,createMany,959,37
sdk,sqlite,createMany,960,41
sdk,sqlite,createMany,961,60
sdk,sqlite,createMany,962,28
sdk,sqlite,createMany,963,39
sdk,sqlite,createMany,964,32
sdk,sqlite,createMany,965,35
sdk,sqlite,createMany,966,27
sdk,sqlite,createMany,967,35
sdk,sqlite,createMany,968,28
sdk,sqlite,createMany,969,25
sdk,sqlite,createMany,970,48
sdk,sqlite,createMany,971,65
sdk,sqlite,createMany,972,29
sdk,sqlite,createMany,973,37
sdk,sqlite,createMany,974,41
sdk,sqlite,createMany,975,47
sdk,sqlite,createMany,976,43
sdk,sqlite,createMany,977,48
sdk,sqlite,createMany,978,88
sdk,sqlite,createMany,979,26
sdk,sqlite,createMany,980,42
sdk,sqlite,createMany,981,28
sdk,sqlite,createMany,982,39
sdk,sqlite,createMany,983,36
sdk,sqlite,createMany,984,42
sdk,sqlite,createMany,985,49
sdk,sqlite,createMany,986,52
sdk,sqlite,createMany,987,27
sdk,sqlite,createMany,988,33
sdk,sqlite,createMany,989,36
sdk,sqlite,createMany,990,36
sdk,sqlite,createMany,991,44
sdk,sqlite,createMany,992,47
sdk,sqlite,createMany,993,61
sdk,sqlite,createMany,994,27
sdk,sqlite,createMany,995,31
sdk,sqlite,createMany,996,28
sdk,sqlite,createMany,997,39
sdk,sqlite,createMany,998,27
sdk,sqlite,createMany,999,36
sdk,sqlite,upsertMany,0,54
sdk,sqlite,upsertMany,1,57
sdk,sqlite,upsertMany,2,57
sdk,sqlite,upsertMany,3,57
sdk,sqlite,upsertMany,4,56
sdk,sqlite,upsertMany,5,57
sdk,sqlite,upsertMany,6,60
sdk,sqlite,upsertMany,7,57
sdk,sqlite,upsertMany,8,57
sdk,sqlite,upsertMany,9,58
sdk,sqlite,upsertMany,10,57
sdk,sqlite,upsertMany,11,57
sdk,sqlite,upsertMany,12,57
sdk,sqlite,upsertMany,13,57
sdk,sqlite,upsertMany,14,57
sdk,sqlite,upsertMany,15,60
sdk,sqlite,upsertMany,16,57
sdk,sqlite,upsertMany,17,57
sdk,sqlite,upsertMany,18,57
sdk,sqlite,upsertMany,19,57
sdk,sqlite,upsertMany,20,57
sdk,sqlite,upsertMany,21,58
sdk,sqlite,upsertMany,22,61
sdk,sqlite,upsertMany,23,56
sdk,sqlite,upsertMany,24,58
sdk,sqlite,upsertMany,25,58
sdk,sqlite,upsertMany,26,57
sdk,sqlite,upsertMany,27,57
sdk,sqlite,upsertMany,28,57
sdk,sqlite,upsertMany,29,58
sdk,sqlite,upsertMany,30,57
sdk,sqlite,upsertMany,31,60
sdk,sqlite,upsertMany,32,62
sdk,sqlite,upsertMany,33,58
sdk,sqlite,upsertMany,34,57
sdk,sqlite,upsertMany,35,57
sdk,sqlite,upsertMany,36,57
sdk,sqlite,upsertMany,37,58
sdk,sqlite,upsertMany,38,60
sdk,sqlite,upsertMany,39,57
sdk,sqlite,upsertMany,40,57
sdk,sqlite,upsertMany,41,57
sdk,sqlite,upsertMany,42,57
sdk,sqlite,upsertMany,43,56
sdk,sqlite,upsertMany,44,58
sdk,sqlite,upsertMany,45,57
sdk,sqlite,upsertMany,46,59
sdk,sqlite,upsertMany,47,57
sdk,sqlite,upsertMany,48,57
sdk,sqlite,upsertMany,49,57
sdk,sqlite,upsertMany,50,57
sdk,sqlite,upsertMany,51,59
sdk,sqlite,upsertMany,52,57
sdk,sqlite,upsertMany,53,57
sdk,sqlite,upsertMany,54,59
sdk,sqlite,upsertMany,55,57
sdk,sqlite,upsertMany,56,59
sdk,sqlite,upsertMany,57,57
sdk,sqlite,upsertMany,58,62
sdk,sqlite,upsertMany,59,57
sdk,sqlite,upsertMany,60,57
sdk,sqlite,upsertMany,61,57
sdk,sqlite,upsertMany,62,60
sdk,sqlite,upsertMany,63,57
sdk,sqlite,upsertMany,64,57
sdk,sqlite,upsertMany,65,57
sdk,sqlite,upsertMany,66,57
sdk,sqlite,upsertMany,67,56
sdk,sqlite,upsertMany,68,57
sdk,sqlite,upsertMany,69,57
sdk,sqlite,upsertMany,70,57
sdk,sqlite,upsertMany,71,57
sdk,sqlite,upsertMany,72,57
sdk,sqlite,upsertMany,73,64
sdk,sqlite,upsertMany,74,58
sdk,sqlite,upsertMany,75,57
sdk,sqlite,upsertMany,76,57
sdk,sqlite,upsertMany,77,57
sdk,sqlite,upsertMany,78,57
sdk,sqlite,upsertMany,79,57
sdk,sqlite,upsertMany,80,60
sdk,sqlite,upsertMany,81,57
sdk,sqlite,upsertMany,82,57
sdk,sqlite,upsertMany,83,56
sdk,sqlite,upsertMany,84,57
sdk,sqlite,upsertMany,85,57
sdk,sqlite,upsertMany,86,58
sdk,sqlite,upsertMany,87,56
sdk,sqlite,upsertMany,88,61
sdk,sqlite,upsertMany,89,57
sdk,sqlite,upsertMany,90,57
sdk,sqlite,upsertMany,91,56
sdk,sqlite,upsertMany,92,57
sdk,sqlite,upsertMany,93,57
sdk,sqlite,upsertMany,94,57
sdk,sqlite,upsertMany,95,57
sdk,sqlite,upsertMany,96,57
sdk,sqlite,upsertMany,97,57
sdk,sqlite,upsertMany,98,60
sdk,sqlite,upsertMany,99,59
sdk,sqlite,upsertMany,100,57
sdk,sqlite,upsertMany,101,56
sdk,sqlite,upsertMany,102,57
sdk,sqlite,upsertMany,103,57
sdk,sqlite,upsertMany,104,57
sdk,sqlite,upsertMany,105,58
sdk,sqlite,upsertMany,106,58
sdk,sqlite,upsertMany,107,58
sdk,sqlite,upsertMany,108,57
sdk,sqlite,upsertMany,109,57
sdk,sqlite,upsertMany,110,56
sdk,sqlite,upsertMany,111,60
sdk,sqlite,upsertMany,112,57
sdk,sqlite,upsertMany,113,57
sdk,sqlite,upsertMany,114,57
sdk,sqlite,upsertMany,115,57
sdk,sqlite,upsertMany,116,57
sdk,sqlite,upsertMany,117,57
sdk,sqlite,upsertMany,118,56
sdk,sqlite,upsertMany,119,57
sdk,sqlite,upsertMany,120,61
sdk,sqlite,upsertMany,121,57
sdk,sqlite,upsertMany,122,57
sdk,sqlite,upsertMany,123,57
sdk,sqlite,upsertMany,124,57
sdk,sqlite,upsertMany,125,57
sdk,sqlite,upsertMany,126,57
sdk,sqlite,upsertMany,127,56
sdk,sqlite,upsertMany,128,57
sdk,sqlite,upsertMany,129,57
sdk,sqlite,upsertMany,130,57
sdk,sqlite,upsertMany,131,56
sdk,sqlite,upsertMany,132,57
sdk,sqlite,upsertMany,133,57
sdk,sqlite,upsertMany,134,60
sdk,sqlite,upsertMany,135,57
sdk,sqlite,upsertMany,136,57
sdk,sqlite,upsertMany,137,57
sdk,sqlite,upsertMany,138,57
sdk,sqlite,upsertMany,139,57
sdk,sqlite,upsertMany,140,57
sdk,sqlite,upsertMany,141,57
sdk,sqlite,upsertMany,142,57
sdk,sqlite,upsertMany,143,58
sdk,sqlite,upsertMany,144,57
sdk,sqlite,upsertMany,145,60
sdk,sqlite,upsertMany,146,58
sdk,sqlite,upsertMany,147,63
sdk,sqlite,upsertMany,148,58
sdk,sqlite,upsertMany,149,57
sdk,sqlite,upsertMany,150,57
sdk,sqlite,upsertMany,151,58
sdk,sqlite,upsertMany,152,59
sdk,sqlite,upsertMany,153,60
sdk,sqlite,upsertMany,154,63
sdk,sqlite,upsertMany,155,58
sdk,sqlite,upsertMany,156,57
sdk,sqlite,upsertMany,157,57
sdk,sqlite,upsertMany,158,59
sdk,sqlite,upsertMany,159,57
sdk,sqlite,upsertMany,160,57
sdk,sqlite,upsertMany,161,58
sdk,sqlite,upsertMany,162,57
sdk,sqlite,upsertMany,163,57
sdk,sqlite,upsertMany,164,59
sdk,sqlite,upsertMany,165,61
sdk,sqlite,upsertMany,166,57
sdk,sqlite,upsertMany,167,57
sdk,sqlite,upsertMany,168,57
sdk,sqlite,upsertMany,169,60
sdk,sqlite,upsertMany,170,61
sdk,sqlite,upsertMany,171,57
sdk,sqlite,upsertMany,172,58
sdk,sqlite,upsertMany,173,57
sdk,sqlite,upsertMany,174,57
sdk,sqlite,upsertMany,175,57
sdk,sqlite,upsertMany,176,57
sdk,sqlite,upsertMany,177,57
sdk,sqlite,upsertMany,178,57
sdk,sqlite,upsertMany,179,57
sdk,sqlite,upsertMany,180,57
sdk,sqlite,upsertMany,181,57
sdk,sqlite,upsertMany,182,60
sdk,sqlite,upsertMany,183,57
sdk,sqlite,upsertMany,184,58
sdk,sqlite,upsertMany,185,59
sdk,sqlite,upsertMany,186,57
sdk,sqlite,upsertMany,187,58
sdk,sqlite,upsertMany,188,58
sdk,sqlite,upsertMany,189,57
sdk,sqlite,upsertMany,190,57
sdk,sqlite,upsertMany,191,57
sdk,sqlite,upsertMany,192,57
sdk,sqlite,upsertMany,193,56
sdk,sqlite,upsertMany,194,57
sdk,sqlite,upsertMany,195,57
sdk,sqlite,upsertMany,196,58
sdk,sqlite,upsertMany,197,58
sdk,sqlite,upsertMany,198,57
sdk,sqlite,upsertMany,199,57
sdk,sqlite,upsertMany,200,57
sdk,sqlite,upsertMany,201,58
sdk,sqlite,upsertMany,202,60
sdk,sqlite,upsertMany,203,57
sdk,sqlite,upsertMany,204,56
sdk,sqlite,upsertMany,205,57
sdk,sqlite,upsertMany,206,58
sdk,sqlite,upsertMany,207,59
sdk,sqlite,upsertMany,208,57
sdk,sqlite,upsertMany,209,57
sdk,sqlite,upsertMany,210,61
sdk,sqlite,upsertMany,211,57
sdk,sqlite,upsertMany,212,57
sdk,sqlite,upsertMany,213,58
sdk,sqlite,upsertMany,214,57
sdk,sqlite,upsertMany,215,58
sdk,sqlite,upsertMany,216,59
sdk,sqlite,upsertMany,217,58
sdk,sqlite,upsertMany,218,57
sdk,sqlite,upsertMany,219,60
sdk,sqlite,upsertMany,220,57
sdk,sqlite,upsertMany,221,58
sdk,sqlite,upsertMany,222,57
sdk,sqlite,upsertMany,223,58
sdk,sqlite,upsertMany,224,58
sdk,sqlite,upsertMany,225,58
sdk,sqlite,upsertMany,226,57
sdk,sqlite,upsertMany,227,57
sdk,sqlite,upsertMany,228,57
sdk,sqlite,upsertMany,229,57
sdk,sqlite,upsertMany,230,57
sdk,sqlite,upsertMany,231,59
sdk,sqlite,upsertMany,232,57
sdk,sqlite,upsertMany,233,58
sdk,sqlite,upsertMany,234,57
sdk,sqlite,upsertMany,235,57
sdk,sqlite,upsertMany,236,57
sdk,sqlite,upsertMany,237,60
sdk,sqlite,upsertMany,238,57
sdk,sqlite,upsertMany,239,60
sdk,sqlite,upsertMany,240,57
sdk,sqlite,upsertMany,241,60
sdk,sqlite,upsertMany,242,60
sdk,sqlite,upsertMany,243,57
sdk,sqlite,upsertMany,244,57
sdk,sqlite,upsertMany,245,58
sdk,sqlite,upsertMany,246,57
sdk,sqlite,upsertMany,247,57
sdk,sqlite,upsertMany,248,58
sdk,sqlite,upsertMany,249,57
sdk,sqlite,upsertMany,250,57
sdk,sqlite,upsertMany,251,61
sdk,sqlite,upsertMany,252,57
sdk,sqlite,upsertMany,253,58
sdk,sqlite,upsertMany,254,57
sdk,sqlite,upsertMany,255,58
sdk,sqlite,upsertMany,256,57
sdk,sqlite,upsertMany,257,57
sdk,sqlite,upsertMany,258,57
sdk,sqlite,upsertMany,259,62
sdk,sqlite,upsertMany,260,65
sdk,sqlite,upsertMany,261,61
sdk,sqlite,upsertMany,262,57
sdk,sqlite,upsertMany,263,57
sdk,sqlite,upsertMany,264,57
sdk,sqlite,upsertMany,265,57
sdk,sqlite,upsertMany,266,57
sdk,sqlite,upsertMany,267,57
sdk,sqlite,upsertMany,268,57
sdk,sqlite,upsertMany,269,57
sdk,sqlite,upsertMany,270,57
sdk,sqlite,upsertMany,271,57
sdk,sqlite,upsertMany,272,58
sdk,sqlite,upsertMany,273,57
sdk,sqlite,upsertMany,274,57
sdk,sqlite,upsertMany,275,57
sdk,sqlite,upsertMany,276,57
sdk,sqlite,upsertMany,277,57
sdk,sqlite,upsertMany,278,58
sdk,sqlite,upsertMany,279,60
sdk,sqlite,upsertMany,280,58
sdk,sqlite,upsertMany,281,57
sdk,sqlite,upsertMany,282,57
sdk,sqlite,upsertMany,283,61
sdk,sqlite,upsertMany,284,197
sdk,sqlite,upsertMany,285,67
sdk,sqlite,upsertMany,286,63
sdk,sqlite,upsertMany,287,61
sdk,sqlite,upsertMany,288,59
sdk,sqlite,upsertMany,289,62
sdk,sqlite,upsertMany,290,58
sdk,sqlite,upsertMany,291,58
sdk,sqlite,upsertMany,292,58
sdk,sqlite,upsertMany,293,58
sdk,sqlite,upsertMany,294,61
sdk,sqlite,upsertMany,295,60
sdk,sqlite,upsertMany,296,64
sdk,sqlite,upsertMany,297,57
sdk,sqlite,upsertMany,298,62
sdk,sqlite,upsertMany,299,64
sdk,sqlite,upsertMany,300,64
sdk,sqlite,upsertMany,301,57
sdk,sqlite,upsertMany,302,59
sdk,sqlite,upsertMany,303,58
sdk,sqlite,upsertMany,304,59
sdk,sqlite,upsertMany,305,57
sdk,sqlite,upsertMany,306,58
sdk,sqlite,upsertMany,307,57
sdk,sqlite,upsertMany,308,60
sdk,sqlite,upsertMany,309,61
sdk,sqlite,upsertMany,310,58
sdk,sqlite,upsertMany,311,57
sdk,sqlite,upsertMany,312,57
sdk,sqlite,upsertMany,313,57
sdk,sqlite,upsertMany,314,57
sdk,sqlite,upsertMany,315,57
sdk,sqlite,upsertMany,316,57
sdk,sqlite,upsertMany,317,57
sdk,sqlite,upsertMany,318,57
sdk,sqlite,upsertMany,319,57
sdk,sqlite,upsertMany,320,57
sdk,sqlite,upsertMany,321,57
sdk,sqlite,upsertMany,322,57
sdk,sqlite,upsertMany,323,61
sdk,sqlite,upsertMany,324,57
sdk,sqlite,upsertMany,325,60
sdk,sqlite,upsertMany,326,65
sdk,sqlite,upsertMany,327,59
sdk,sqlite,upsertMany,328,59
sdk,sqlite,upsertMany,329,64
sdk,sqlite,upsertMany,330,57
sdk,sqlite,upsertMany,331,57
sdk,sqlite,upsertMany,332,60
sdk,sqlite,upsertMany,333,60
sdk,sqlite,upsertMany,334,59
sdk,sqlite,upsertMany,335,57
sdk,sqlite,upsertMany,336,57
sdk,sqlite,upsertMany,337,58
sdk,sqlite,upsertMany,338,57
sdk,sqlite,upsertMany,339,57
sdk,sqlite,upsertMany,340,57
sdk,sqlite,upsertMany,341,58
sdk,sqlite,upsertMany,342,57
sdk,sqlite,upsertMany,343,57
sdk,sqlite,upsertMany,344,57
sdk,sqlite,upsertMany,345,57
sdk,sqlite,upsertMany,346,57
sdk,sqlite,upsertMany,347,58
sdk,sqlite,upsertMany,348,57
sdk,sqlite,upsertMany,349,57
sdk,sqlite,upsertMany,350,60
sdk,sqlite,upsertMany,351,57
sdk,sqlite,upsertMany,352,57
sdk,sqlite,upsertMany,353,57
sdk,sqlite,upsertMany,354,57
sdk,sqlite,upsertMany,355,57
sdk,sqlite,upsertMany,356,57
sdk,sqlite,upsertMany,357,59
sdk,sqlite,upsertMany,358,57
sdk,sqlite,upsertMany,359,57
sdk,sqlite,upsertMany,360,57
sdk,sqlite,upsertMany,361,60
sdk,sqlite,upsertMany,362,57
sdk,sqlite,upsertMany,363,57
sdk,sqlite,upsertMany,364,57
sdk,sqlite,upsertMany,365,57
sdk,sqlite,upsertMany,366,61
sdk,sqlite,upsertMany,367,57
sdk,sqlite,upsertMany,368,60
sdk,sqlite,upsertMany,369,61
sdk,sqlite,upsertMany,370,57
sdk,sqlite,upsertMany,371,58
sdk,sqlite,upsertMany,372,58
sdk,sqlite,upsertMany,373,57
sdk,sqlite,upsertMany,374,57
sdk,sqlite,upsertMany,375,57
sdk,sqlite,upsertMany,376,56
sdk,sqlite,upsertMany,377,58
sdk,sqlite,upsertMany,378,57
sdk,sqlite,upsertMany,379,57
sdk,sqlite,upsertMany,380,60
sdk,sqlite,upsertMany,381,60
sdk,sqlite,upsertMany,382,57
sdk,sqlite,upsertMany,383,57
sdk,sqlite,upsertMany,384,57
sdk,sqlite,upsertMany,385,57
sdk,sqlite,upsertMany,386,59
sdk,sqlite,upsertMany,387,57
sdk,sqlite,upsertMany,388,57
sdk,sqlite,upsertMany,389,57
sdk,sqlite,upsertMany,390,58
sdk,sqlite,upsertMany,391,57
sdk,sqlite,upsertMany,392,58
sdk,sqlite,upsertMany,393,57
sdk,sqlite,upsertMany,394,57
sdk,sqlite,upsertMany,395,57
sdk,sqlite,upsertMany,396,58
sdk,sqlite,upsertMany,397,57
sdk,sqlite,upsertMany,398,59
sdk,sqlite,upsertMany,399,58
sdk,sqlite,upsertMany,400,62
sdk,sqlite,upsertMany,401,57
sdk,sqlite,upsertMany,402,57
sdk,sqlite,upsertMany,403,58
sdk,sqlite,upsertMany,404,57
sdk,sqlite,upsertMany,405,57
sdk,sqlite,upsertMany,406,57
sdk,sqlite,upsertMany,407,57
sdk,sqlite,upsertMany,408,57
sdk,sqlite,upsertMany,409,57
sdk,sqlite,upsertMany,410,57
sdk,sqlite,upsertMany,411,57
sdk,sqlite,upsertMany,412,57
sdk,sqlite,upsertMany,413,60
sdk,sqlite,upsertMany,414,56
sdk,sqlite,upsertMany,415,57
sdk,sqlite,upsertMany,416,57
sdk,sqlite,upsertMany,417,58
sdk,sqlite,upsertMany,418,57
sdk,sqlite,upsertMany,419,57
sdk,sqlite,upsertMany,420,57
sdk,sqlite,upsertMany,421,57
sdk,sqlite,upsertMany,422,58
sdk,sqlite,upsertMany,423,60
sdk,sqlite,upsertMany,424,58
sdk,sqlite,upsertMany,425,58
sdk,sqlite,upsertMany,426,58
sdk,sqlite,upsertMany,427,58
sdk,sqlite,upsertMany,428,57
sdk,sqlite,upsertMany,429,57
sdk,sqlite,upsertMany,430,59
sdk,sqlite,upsertMany,431,58
sdk,sqlite,upsertMany,432,57
sdk,sqlite,upsertMany,433,57
sdk,sqlite,upsertMany,434,58
sdk,sqlite,upsertMany,435,58
sdk,sqlite,upsertMany,436,1164
sdk,sqlite,upsertMany,437,60
sdk,sqlite,upsertMany,438,57
sdk,sqlite,upsertMany,439,58
sdk,sqlite,upsertMany,440,61
sdk,sqlite,upsertMany,441,57
sdk,sqlite,upsertMany,442,61
sdk,sqlite,upsertMany,443,61
sdk,sqlite,upsertMany,444,60
sdk,sqlite,upsertMany,445,61
sdk,sqlite,upsertMany,446,58
sdk,sqlite,upsertMany,447,57
sdk,sqlite,upsertMany,448,60
sdk,sqlite,upsertMany,449,58
sdk,sqlite,upsertMany,450,57
sdk,sqlite,upsertMany,451,57
sdk,sqlite,upsertMany,452,60
sdk,sqlite,upsertMany,453,57
sdk,sqlite,upsertMany,454,57
sdk,sqlite,upsertMany,455,58
sdk,sqlite,upsertMany,456,60
sdk,sqlite,upsertMany,457,57
sdk,sqlite,upsertMany,458,61
sdk,sqlite,upsertMany,459,57
sdk,sqlite,upsertMany,460,57
sdk,sqlite,upsertMany,461,61
sdk,sqlite,upsertMany,462,58
sdk,sqlite,upsertMany,463,61
sdk,sqlite,upsertMany,464,61
sdk,sqlite,upsertMany,465,58
sdk,sqlite,upsertMany,466,60
sdk,sqlite,upsertMany,467,60
sdk,sqlite,upsertMany,468,57
sdk,sqlite,upsertMany,469,64
sdk,sqlite,upsertMany,470,57
sdk,sqlite,upsertMany,471,57
sdk,sqlite,upsertMany,472,59
sdk,sqlite,upsertMany,473,57
sdk,sqlite,upsertMany,474,57
sdk,sqlite,upsertMany,475,60
sdk,sqlite,upsertMany,476,57
sdk,sqlite,upsertMany,477,59
sdk,sqlite,upsertMany,478,58
sdk,sqlite,upsertMany,479,57
sdk,sqlite,upsertMany,480,56
sdk,sqlite,upsertMany,481,61
sdk,sqlite,upsertMany,482,57
sdk,sqlite,upsertMany,483,60
sdk,sqlite,upsertMany,484,57
sdk,sqlite,upsertMany,485,57
sdk,sqlite,upsertMany,486,57
sdk,sqlite,upsertMany,487,57
sdk,sqlite,upsertMany,488,57
sdk,sqlite,upsertMany,489,59
sdk,sqlite,upsertMany,490,57
sdk,sqlite,upsertMany,491,57
sdk,sqlite,upsertMany,492,58
sdk,sqlite,upsertMany,493,57
sdk,sqlite,upsertMany,494,57
sdk,sqlite,upsertMany,495,60
sdk,sqlite,upsertMany,496,60
sdk,sqlite,upsertMany,497,61
sdk,sqlite,upsertMany,498,58
sdk,sqlite,upsertMany,499,57
sdk,sqlite,upsertMany,500,60
sdk,sqlite,upsertMany,501,57
sdk,sqlite,upsertMany,502,57
sdk,sqlite,upsertMany,503,61
sdk,sqlite,upsertMany,504,60
sdk,sqlite,upsertMany,505,59
sdk,sqlite,upsertMany,506,63
sdk,sqlite,upsertMany,507,57
sdk,sqlite,upsertMany,508,57
sdk,sqlite,upsertMany,509,60
sdk,sqlite,upsertMany,510,58
sdk,sqlite,upsertMany,511,57
sdk,sqlite,upsertMany,512,60
sdk,sqlite,upsertMany,513,57
sdk,sqlite,upsertMany,514,57
sdk,sqlite,upsertMany,515,60
sdk,sqlite,upsertMany,516,57
sdk,sqlite,upsertMany,517,57
sdk,sqlite,upsertMany,518,60
sdk,sqlite,upsertMany,519,57
sdk,sqlite,upsertMany,520,57
sdk,sqlite,upsertMany,521,59
sdk,sqlite,upsertMany,522,58
sdk,sqlite,upsertMany,523,61
sdk,sqlite,upsertMany,524,58
sdk,sqlite,upsertMany,525,59
sdk,sqlite,upsertMany,526,57
sdk,sqlite,upsertMany,527,57
sdk,sqlite,upsertMany,528,59
sdk,sqlite,upsertMany,529,60
sdk,sqlite,upsertMany,530,57
sdk,sqlite,upsertMany,531,57
sdk,sqlite,upsertMany,532,58
sdk,sqlite,upsertMany,533,57
sdk,sqlite,upsertMany,534,64
sdk,sqlite,upsertMany,535,57
sdk,sqlite,upsertMany,536,57
sdk,sqlite,upsertMany,537,57
sdk,sqlite,upsertMany,538,68
sdk,sqlite,upsertMany,539,57
sdk,sqlite,upsertMany,540,57
sdk,sqlite,upsertMany,541,58
sdk,sqlite,upsertMany,542,57
sdk,sqlite,upsertMany,543,61
sdk,sqlite,upsertMany,544,57
sdk,sqlite,upsertMany,545,57
sdk,sqlite,upsertMany,546,59
sdk,sqlite,upsertMany,547,58
sdk,sqlite,upsertMany,548,58
sdk,sqlite,upsertMany,549,60
sdk,sqlite,upsertMany,550,57
sdk,sqlite,upsertMany,551,65
sdk,sqlite,upsertMany,552,69
sdk,sqlite,upsertMany,553,59
sdk,sqlite,upsertMany,554,58
sdk,sqlite,upsertMany,555,61
sdk,sqlite,upsertMany,556,62
sdk,sqlite,upsertMany,557,57
sdk,sqlite,upsertMany,558,57
sdk,sqlite,upsertMany,559,58
sdk,sqlite,upsertMany,560,58
sdk,sqlite,upsertMany,561,57
sdk,sqlite,upsertMany,562,58
sdk,sqlite,upsertMany,563,57
sdk,sqlite,upsertMany,564,62
sdk,sqlite,upsertMany,565,57
sdk,sqlite,upsertMany,566,56
sdk,sqlite,upsertMany,567,59
sdk,sqlite,upsertMany,568,58
sdk,sqlite,upsertMany,569,56
sdk,sqlite,upsertMany,570,57
sdk,sqlite,upsertMany,571,57
sdk,sqlite,upsertMany,572,60
sdk,sqlite,upsertMany,573,57
sdk,sqlite,upsertMany,574,57
sdk,sqlite,upsertMany,575,60
sdk,sqlite,upsertMany,576,57
sdk,sqlite,upsertMany,577,62
sdk,sqlite,upsertMany,578,57
sdk,sqlite,upsertMany,579,57
sdk,sqlite,upsertMany,580,57
sdk,sqlite,upsertMany,581,57
sdk,sqlite,upsertMany,582,57
sdk,sqlite,upsertMany,583,57
sdk,sqlite,upsertMany,584,57
sdk,sqlite,upsertMany,585,57
sdk,sqlite,upsertMany,586,57
sdk,sqlite,upsertMany,587,56
sdk,sqlite,upsertMany,588,56
sdk,sqlite,upsertMany,589,56
sdk,sqlite,upsertMany,590,58
sdk,sqlite,upsertMany,591,58
sdk,sqlite,upsertMany,592,57
sdk,sqlite,upsertMany,593,57
sdk,sqlite,upsertMany,594,60
sdk,sqlite,upsertMany,595,57
sdk,sqlite,upsertMany,596,63
sdk,sqlite,upsertMany,597,58
sdk,sqlite,upsertMany,598,58
sdk,sqlite,upsertMany,599,57
sdk,sqlite,upsertMany,600,57
sdk,sqlite,upsertMany,601,57
sdk,sqlite,upsertMany,602,57
sdk,sqlite,upsertMany,603,57
sdk,sqlite,upsertMany,604,57
sdk,sqlite,upsertMany,605,60
sdk,sqlite,upsertMany,606,59
sdk,sqlite,upsertMany,607,58
sdk,sqlite,upsertMany,608,57
sdk,sqlite,upsertMany,609,58
sdk,sqlite,upsertMany,610,60
sdk,sqlite,upsertMany,611,57
sdk,sqlite,upsertMany,612,58
sdk,sqlite,upsertMany,613,57
sdk,sqlite,upsertMany,614,57
sdk,sqlite,upsertMany,615,57
sdk,sqlite,upsertMany,616,62
sdk,sqlite,upsertMany,617,56
sdk,sqlite,upsertMany,618,61
sdk,sqlite,upsertMany,619,57
sdk,sqlite,upsertMany,620,57
sdk,sqlite,upsertMany,621,57
sdk,sqlite,upsertMany,622,57
sdk,sqlite,upsertMany,623,58
sdk,sqlite,upsertMany,624,58
sdk,sqlite,upsertMany,625,57
sdk,sqlite,upsertMany,626,56
sdk,sqlite,upsertMany,627,60
sdk,sqlite,upsertMany,628,57
sdk,sqlite,upsertMany,629,58
sdk,sqlite,upsertMany,630,57
sdk,sqlite,upsertMany,631,59
sdk,sqlite,upsertMany,632,57
sdk,sqlite,upsertMany,633,57
sdk,sqlite,upsertMany,634,57
sdk,sqlite,upsertMany,635,58
sdk,sqlite,upsertMany,636,58
sdk,sqlite,upsertMany,637,57
sdk,sqlite,upsertMany,638,56
sdk,sqlite,upsertMany,639,58
sdk,sqlite,upsertMany,640,57
sdk,sqlite,upsertMany,641,58
sdk,sqlite,upsertMany,642,56
sdk,sqlite,upsertMany,643,57
sdk,sqlite,upsertMany,644,56
sdk,sqlite,upsertMany,645,58
sdk,sqlite,upsertMany,646,58
sdk,sqlite,upsertMany,647,58
sdk,sqlite,upsertMany,648,57
sdk,sqlite,upsertMany,649,58
sdk,sqlite,upsertMany,650,57
sdk,sqlite,upsertMany,651,58
sdk,sqlite,upsertMany,652,58
sdk,sqlite,upsertMany,653,57
sdk,sqlite,upsertMany,654,57
sdk,sqlite,upsertMany,655,57
sdk,sqlite,upsertMany,656,58
sdk,sqlite,upsertMany,657,56
sdk,sqlite,upsertMany,658,60
sdk,sqlite,upsertMany,659,57
sdk,sqlite,upsertMany,660,57
sdk,sqlite,upsertMany,661,57
sdk,sqlite,upsertMany,662,57
sdk,sqlite,upsertMany,663,58
sdk,sqlite,upsertMany,664,58
sdk,sqlite,upsertMany,665,58
sdk,sqlite,upsertMany,666,57
sdk,sqlite,upsertMany,667,57
sdk,sqlite,upsertMany,668,57
sdk,sqlite,upsertMany,669,57
sdk,sqlite,upsertMany,670,57
sdk,sqlite,upsertMany,671,57
sdk,sqlite,upsertMany,672,58
sdk,sqlite,upsertMany,673,56
sdk,sqlite,upsertMany,674,57
sdk,sqlite,upsertMany,675,57
sdk,sqlite,upsertMany,676,62
sdk,sqlite,upsertMany,677,58
sdk,sqlite,upsertMany,678,57
sdk,sqlite,upsertMany,679,57
sdk,sqlite,upsertMany,680,58
sdk,sqlite,upsertMany,681,65
sdk,sqlite,upsertMany,682,120
sdk,sqlite,upsertMany,683,68
sdk,sqlite,upsertMany,684,68
sdk,sqlite,upsertMany,685,60
sdk,sqlite,upsertMany,686,63
sdk,sqlite,upsertMany,687,60
sdk,sqlite,upsertMany,688,59
sdk,sqlite,upsertMany,689,62
sdk,sqlite,upsertMany,690,62
sdk,sqlite,upsertMany,691,59
sdk,sqlite,upsertMany,692,59
sdk,sqlite,upsertMany,693,58
sdk,sqlite,upsertMany,694,58
sdk,sqlite,upsertMany,695,58
sdk,sqlite,upsertMany,696,58
sdk,sqlite,upsertMany,697,58
sdk,sqlite,upsertMany,698,58
sdk,sqlite,upsertMany,699,59
sdk,sqlite,upsertMany,700,59
sdk,sqlite,upsertMany,701,59
sdk,sqlite,upsertMany,702,61
sdk,sqlite,upsertMany,703,58
sdk,sqlite,upsertMany,704,64
sdk,sqlite,upsertMany,705,58
sdk,sqlite,upsertMany,706,61
sdk,sqlite,upsertMany,707,59
sdk,sqlite,upsertMany,708,58
sdk,sqlite,upsertMany,709,58
sdk,sqlite,upsertMany,710,58
sdk,sqlite,upsertMany,711,57
sdk,sqlite,upsertMany,712,58
sdk,sqlite,upsertMany,713,61
sdk,sqlite,upsertMany,714,58
sdk,sqlite,upsertMany,715,58
sdk,sqlite,upsertMany,716,61
sdk,sqlite,upsertMany,717,57
sdk,sqlite,upsertMany,718,57
sdk,sqlite,upsertMany,719,62
sdk,sqlite,upsertMany,720,60
sdk,sqlite,upsertMany,721,58
sdk,sqlite,upsertMany,722,57
sdk,sqlite,upsertMany,723,61
sdk,sqlite,upsertMany,724,57
sdk,sqlite,upsertMany,725,61
sdk,sqlite,upsertMany,726,58
sdk,sqlite,upsertMany,727,58
sdk,sqlite,upsertMany,728,58
sdk,sqlite,upsertMany,729,57
sdk,sqlite,upsertMany,730,57
sdk,sqlite,upsertMany,731,57
sdk,sqlite,upsertMany,732,58
sdk,sqlite,upsertMany,733,57
sdk,sqlite,upsertMany,734,58
sdk,sqlite,upsertMany,735,58
sdk,sqlite,upsertMany,736,57
sdk,sqlite,upsertMany,737,57
sdk,sqlite,upsertMany,738,57
sdk,sqlite,upsertMany,739,60
sdk,sqlite,upsertMany,740,57
sdk,sqlite,upsertMany,741,62
sdk,sqlite,upsertMany,742,57
sdk,sqlite,upsertMany,743,60
sdk,sqlite,upsertMany,744,61
sdk,sqlite,upsertMany,745,62
sdk,sqlite,upsertMany,746,58
sdk,sqlite,upsertMany,747,57
sdk,sqlite,upsertMany,748,59
sdk,sqlite,upsertMany,749,58
sdk,sqlite,upsertMany,750,58
sdk,sqlite,upsertMany,751,57
sdk,sqlite,upsertMany,752,57
sdk,sqlite,upsertMany,753,58
sdk,sqlite,upsertMany,754,57
sdk,sqlite,upsertMany,755,63
sdk,sqlite,upsertMany,756,58
sdk,sqlite,upsertMany,757,58
sdk,sqlite,upsertMany,758,60
sdk,sqlite,upsertMany,759,58
sdk,sqlite,upsertMany,760,61
sdk,sqlite,upsertMany,761,58
sdk,sqlite,upsertMany,762,60
sdk,sqlite,upsertMany,763,57
sdk,sqlite,upsertMany,764,61
sdk,sqlite,upsertMany,765,57
sdk,sqlite,upsertMany,766,58
sdk,sqlite,upsertMany,767,57
sdk,sqlite,upsertMany,768,57
sdk,sqlite,upsertMany,769,60
sdk,sqlite,upsertMany,770,58
sdk,sqlite,upsertMany,771,57
sdk,sqlite,upsertMany,772,64
sdk,sqlite,upsertMany,773,59
sdk,sqlite,upsertMany,774,58
sdk,sqlite,upsertMany,775,57
sdk,sqlite,upsertMany,776,57
sdk,sqlite,upsertMany,777,60
sdk,sqlite,upsertMany,778,60
sdk,sqlite,upsertMany,779,58
sdk,sqlite,upsertMany,780,60
sdk,sqlite,upsertMany,781,58
sdk,sqlite,upsertMany,782,61
sdk,sqlite,upsertMany,783,58
sdk,sqlite,upsertMany,784,57
sdk,sqlite,upsertMany,785,60
sdk,sqlite,upsertMany,786,58
sdk,sqlite,upsertMany,787,63
sdk,sqlite,upsertMany,788,58
sdk,sqlite,upsertMany,789,57
sdk,sqlite,upsertMany,790,57
sdk,sqlite,upsertMany,791,57
sdk,sqlite,upsertMany,792,57
sdk,sqlite,upsertMany,793,57
sdk,sqlite,upsertMany,794,58
sdk,sqlite,upsertMany,795,57
sdk,sqlite,upsertMany,796,58
sdk,sqlite,upsertMany,797,57
sdk,sqlite,upsertMany,798,58
sdk,sqlite,upsertMany,799,58
sdk,sqlite,upsertMany,800,61
sdk,sqlite,upsertMany,801,57
sdk,sqlite,upsertMany,802,62
sdk,sqlite,upsertMany,803,57
sdk,sqlite,upsertMany,804,68
sdk,sqlite,upsertMany,805,62
sdk,sqlite,upsertMany,806,62
sdk,sqlite,upsertMany,807,59
sdk,sqlite,upsertMany,808,60
sdk,sqlite,upsertMany,809,58
sdk,sqlite,upsertMany,810,60
sdk,sqlite,upsertMany,811,60
sdk,sqlite,upsertMany,812,57
sdk,sqlite,upsertMany,813,60
sdk,sqlite,upsertMany,814,57
sdk,sqlite,upsertMany,815,57
sdk,sqlite,upsertMany,816,58
sdk,sqlite,upsertMany,817,59
sdk,sqlite,upsertMany,818,58
sdk,sqlite,upsertMany,819,60
sdk,sqlite,upsertMany,820,57
sdk,sqlite,upsertMany,821,57
sdk,sqlite,upsertMany,822,58
sdk,sqlite,upsertMany,823,57
sdk,sqlite,upsertMany,824,57
sdk,sqlite,upsertMany,825,58
sdk,sqlite,upsertMany,826,57
sdk,sqlite,upsertMany,827,58
sdk,sqlite,upsertMany,828,57
sdk,sqlite,upsertMany,829,57
sdk,sqlite,upsertMany,830,58
sdk,sqlite,upsertMany,831,59
sdk,sqlite,upsertMany,832,57
sdk,sqlite,upsertMany,833,57
sdk,sqlite,upsertMany,834,57
sdk,sqlite,upsertMany,835,58
sdk,sqlite,upsertMany,836,61
sdk,sqlite,upsertMany,837,59
sdk,sqlite,upsertMany,838,61
sdk,sqlite,upsertMany,839,57
sdk,sqlite,upsertMany,840,57
sdk,sqlite,upsertMany,841,57
sdk,sqlite,upsertMany,842,57
sdk,sqlite,upsertMany,843,57
sdk,sqlite,upsertMany,844,58
sdk,sqlite,upsertMany,845,60
sdk,sqlite,upsertMany,846,61
sdk,sqlite,upsertMany,847,57
sdk,sqlite,upsertMany,848,58
sdk,sqlite,upsertMany,849,57
sdk,sqlite,upsertMany,850,57
sdk,sqlite,upsertMany,851,57
sdk,sqlite,upsertMany,852,61
sdk,sqlite,upsertMany,853,57
sdk,sqlite,upsertMany,854,58
sdk,sqlite,upsertMany,855,57
sdk,sqlite,upsertMany,856,60
sdk,sqlite,upsertMany,857,57
sdk,sqlite,upsertMany,858,57
sdk,sqlite,upsertMany,859,57
sdk,sqlite,upsertMany,860,57
sdk,sqlite,upsertMany,861,57
sdk,sqlite,upsertMany,862,58
sdk,sqlite,upsertMany,863,58
sdk,sqlite,upsertMany,864,63
sdk,sqlite,upsertMany,865,57
sdk,sqlite,upsertMany,866,57
sdk,sqlite,upsertMany,867,60
sdk,sqlite,upsertMany,868,60
sdk,sqlite,upsertMany,869,60
sdk,sqlite,upsertMany,870,60
sdk,sqlite,upsertMany,871,58
sdk,sqlite,upsertMany,872,57
sdk,sqlite,upsertMany,873,57
sdk,sqlite,upsertMany,874,57
sdk,sqlite,upsertMany,875,57
sdk,sqlite,upsertMany,876,58
sdk,sqlite,upsertMany,877,57
sdk,sqlite,upsertMany,878,60
sdk,sqlite,upsertMany,879,58
sdk,sqlite,upsertMany,880,57
sdk,sqlite,upsertMany,881,58
sdk,sqlite,upsertMany,882,60
sdk,sqlite,upsertMany,883,58
sdk,sqlite,upsertMany,884,58
sdk,sqlite,upsertMany,885,61
sdk,sqlite,upsertMany,886,58
sdk,sqlite,upsertMany,887,58
sdk,sqlite,upsertMany,888,60
sdk,sqlite,upsertMany,889,60
sdk,sqlite,upsertMany,890,58
sdk,sqlite,upsertMany,891,57
sdk,sqlite,upsertMany,892,60
sdk,sqlite,upsertMany,893,57
sdk,sqlite,upsertMany,894,57
sdk,sqlite,upsertMany,895,58
sdk,sqlite,upsertMany,896,57
sdk,sqlite,upsertMany,897,57
sdk,sqlite,upsertMany,898,57
sdk,sqlite,upsertMany,899,58
sdk,sqlite,upsertMany,900,60
sdk,sqlite,upsertMany,901,64
sdk,sqlite,upsertMany,902,57
sdk,sqlite,upsertMany,903,60
sdk,sqlite,upsertMany,904,57
sdk,sqlite,upsertMany,905,57
sdk,sqlite,upsertMany,906,57
sdk,sqlite,upsertMany,907,60
sdk,sqlite,upsertMany,908,60
sdk,sqlite,upsertMany,909,57
sdk,sqlite,upsertMany,910,57
sdk,sqlite,upsertMany,911,60
sdk,sqlite,upsertMany,912,57
sdk,sqlite,upsertMany,913,60
sdk,sqlite,upsertMany,914,59
sdk,sqlite,upsertMany,915,61
sdk,sqlite,upsertMany,916,57
sdk,sqlite,upsertMany,917,60
sdk,sqlite,upsertMany,918,57
sdk,sqlite,upsertMany,919,60
sdk,sqlite,upsertMany,920,57
sdk,sqlite,upsertMany,921,57
sdk,sqlite,upsertMany,922,58
sdk,sqlite,upsertMany,923,60
sdk,sqlite,upsertMany,924,64
sdk,sqlite,upsertMany,925,57
sdk,sqlite,upsertMany,926,58
sdk,sqlite,upsertMany,927,63
sdk,sqlite,upsertMany,928,71
sdk,sqlite,upsertMany,929,59
sdk,sqlite,upsertMany,930,61
sdk,sqlite,upsertMany,931,58
sdk,sqlite,upsertMany,932,58
sdk,sqlite,upsertMany,933,64
sdk,sqlite,upsertMany,934,63
sdk,sqlite,upsertMany,935,60
sdk,sqlite,upsertMany,936,60
sdk,sqlite,upsertMany,937,58
sdk,sqlite,upsertMany,938,61
sdk,sqlite,upsertMany,939,57
sdk,sqlite,upsertMany,940,58
sdk,sqlite,upsertMany,941,57
sdk,sqlite,upsertMany,942,57
sdk,sqlite,upsertMany,943,57
sdk,sqlite,upsertMany,944,60
sdk,sqlite,upsertMany,945,57
sdk,sqlite,upsertMany,946,60
sdk,sqlite,upsertMany,947,61
sdk,sqlite,upsertMany,948,60
sdk,sqlite,upsertMany,949,57
sdk,sqlite,upsertMany,950,62
sdk,sqlite,upsertMany,951,57
sdk,sqlite,upsertMany,952,58
sdk,sqlite,upsertMany,953,57
sdk,sqlite,upsertMany,954,58
sdk,sqlite,upsertMany,955,63
sdk,sqlite,upsertMany,956,57
sdk,sqlite,upsertMany,957,58
sdk,sqlite,upsertMany,958,57
sdk,sqlite,upsertMany,959,57
sdk,sqlite,upsertMany,960,57
sdk,sqlite,upsertMany,961,57
sdk,sqlite,upsertMany,962,63
sdk,sqlite,upsertMany,963,61
sdk,sqlite,upsertMany,964,57
sdk,sqlite,upsertMany,965,58
sdk,sqlite,upsertMany,966,57
sdk,sqlite,upsertMany,967,57
sdk,sqlite,upsertMany,968,57
sdk,sqlite,upsertMany,969,57
sdk,sqlite,upsertMany,970,60
sdk,sqlite,upsertMany,971,58
sdk,sqlite,upsertMany,972,58
sdk,sqlite,upsertMany,973,57
sdk,sqlite,upsertMany,974,57
sdk,sqlite,upsertMany,975,57
sdk,sqlite,upsertMany,976,57
sdk,sqlite,upsertMany,977,58
sdk,sqlite,upsertMany,978,57
sdk,sqlite,upsertMany,979,57
sdk,sqlite,upsertMany,980,61
sdk,sqlite,upsertMany,981,57
sdk,sqlite,upsertMany,982,57
sdk,sqlite,upsertMany,983,58
sdk,sqlite,upsertMany,984,57
sdk,sqlite,upsertMany,985,57
sdk,sqlite,upsertMany,986,61
sdk,sqlite,upsertMany,987,58
sdk,sqlite,upsertMany,988,57
sdk,sqlite,upsertMany,989,57
sdk,sqlite,upsertMany,990,57
sdk,sqlite,upsertMany,991,57
sdk,sqlite,upsertMany,992,58
sdk,sqlite,upsertMany,993,59
sdk,sqlite,upsertMany,994,57
sdk,sqlite,upsertMany,995,57
sdk,sqlite,upsertMany,996,57
sdk,sqlite,upsertMany,997,62
sdk,sqlite,upsertMany,998,57
sdk,sqlite,upsertMany,999,57
sdk,sqlite,updateMany,0,24
sdk,sqlite,updateMany,1,31
sdk,sqlite,updateMany,2,28
sdk,sqlite,updateMany,3,30
sdk,sqlite,updateMany,4,30
sdk,sqlite,updateMany,5,31
sdk,sqlite,updateMany,6,30
sdk,sqlite,updateMany,7,30
sdk,sqlite,updateMany,8,30
sdk,sqlite,updateMany,9,27
sdk,sqlite,updateMany,10,30
sdk,sqlite,updateMany,11,30
sdk,sqlite,updateMany,12,30
sdk,sqlite,updateMany,13,30
sdk,sqlite,updateMany,14,30
sdk,sqlite,updateMany,15,29
sdk,sqlite,updateMany,16,30
sdk,sqlite,updateMany,17,30
sdk,sqlite,updateMany,18,29
sdk,sqlite,updateMany,19,29
sdk,sqlite,updateMany,20,29
sdk,sqlite,updateMany,21,29
sdk,sqlite,updateMany,22,29
sdk,sqlite,updateMany,23,30
sdk,sqlite,updateMany,24,30
sdk,sqlite,updateMany,25,29
sdk,sqlite,updateMany,26,32
sdk,sqlite,updateMany,27,27
sdk,sqlite,updateMany,28,30
sdk,sqlite,updateMany,29,30
sdk,sqlite,updateMany,30,29
sdk,sqlite,updateMany,31,30
sdk,sqlite,updateMany,32,30
sdk,sqlite,updateMany,33,30
sdk,sqlite,updateMany,34,29
sdk,sqlite,updateMany,35,30
sdk,sqlite,updateMany,36,29
sdk,sqlite,updateMany,37,29
sdk,sqlite,updateMany,38,30
sdk,sqlite,updateMany,39,32
sdk,sqlite,updateMany,40,30
sdk,sqlite,updateMany,41,28
sdk,sqlite,updateMany,42,30
sdk,sqlite,updateMany,43,29
sdk,sqlite,updateMany,44,30
sdk,sqlite,updateMany,45,29
sdk,sqlite,updateMany,46,29
sdk,sqlite,updateMany,47,30
sdk,sqlite,updateMany,48,29
sdk,sqlite,updateMany,49,29
sdk,sqlite,updateMany,50,30
sdk,sqlite,updateMany,51,30
sdk,sqlite,updateMany,52,30
sdk,sqlite,updateMany,53,31
sdk,sqlite,updateMany,54,30
sdk,sqlite,updateMany,55,29
sdk,sqlite,updateMany,56,28
sdk,sqlite,updateMany,57,29
sdk,sqlite,updateMany,58,30
sdk,sqlite,updateMany,59,33
sdk,sqlite,updateMany,60,28
sdk,sqlite,updateMany,61,31
sdk,sqlite,updateMany,62,31
sdk,sqlite,updateMany,63,28
sdk,sqlite,updateMany,64,31
sdk,sqlite,updateMany,65,34
sdk,sqlite,updateMany,66,27
sdk,sqlite,updateMany,67,29
sdk,sqlite,updateMany,68,30
sdk,sqlite,updateMany,69,29
sdk,sqlite,updateMany,70,29
sdk,sqlite,updateMany,71,30
sdk,sqlite,updateMany,72,29
sdk,sqlite,updateMany,73,29
sdk,sqlite,updateMany,74,30
sdk,sqlite,updateMany,75,30
sdk,sqlite,updateMany,76,27
sdk,sqlite,updateMany,77,30
sdk,sqlite,updateMany,78,29
sdk,sqlite,updateMany,79,25
sdk,sqlite,updateMany,80,30
sdk,sqlite,updateMany,81,27
sdk,sqlite,updateMany,82,33
sdk,sqlite,updateMany,83,27
sdk,sqlite,updateMany,84,29
sdk,sqlite,updateMany,85,29
sdk,sqlite,updateMany,86,27
sdk,sqlite,updateMany,87,30
sdk,sqlite,updateMany,88,27
sdk,sqlite,updateMany,89,30
sdk,sqlite,updateMany,90,27
sdk,sqlite,updateMany,91,30
sdk,sqlite,updateMany,92,30
sdk,sqlite,updateMany,93,28
sdk,sqlite,updateMany,94,29
sdk,sqlite,updateMany,95,34
sdk,sqlite,updateMany,96,27
sdk,sqlite,updateMany,97,29
sdk,sqlite,updateMany,98,30
sdk,sqlite,updateMany,99,29
sdk,sqlite,updateMany,100,30
sdk,sqlite,updateMany,101,30
sdk,sqlite,updateMany,102,29
sdk,sqlite,updateMany,103,29
sdk,sqlite,updateMany,104,30
sdk,sqlite,updateMany,105,30
sdk,sqlite,updateMany,106,29
sdk,sqlite,updateMany,107,28
sdk,sqlite,updateMany,108,29
sdk,sqlite,updateMany,109,29
sdk,sqlite,updateMany,110,29
sdk,sqlite,updateMany,111,29
sdk,sqlite,updateMany,112,29
sdk,sqlite,updateMany,113,31
sdk,sqlite,updateMany,114,27
sdk,sqlite,updateMany,115,29
sdk,sqlite,updateMany,116,30
sdk,sqlite,updateMany,117,29
sdk,sqlite,updateMany,118,27
sdk,sqlite,updateMany,119,32
sdk,sqlite,updateMany,120,27
sdk,sqlite,updateMany,121,30
sdk,sqlite,updateMany,122,32
sdk,sqlite,updateMany,123,27
sdk,sqlite,updateMany,124,30
sdk,sqlite,updateMany,125,30
sdk,sqlite,updateMany,126,27
sdk,sqlite,updateMany,127,30
sdk,sqlite,updateMany,128,30
sdk,sqlite,updateMany,129,27
sdk,sqlite,updateMany,130,29
sdk,sqlite,updateMany,131,30
sdk,sqlite,updateMany,132,30
sdk,sqlite,updateMany,133,27
sdk,sqlite,updateMany,134,30
sdk,sqlite,updateMany,135,30
sdk,sqlite,updateMany,136,30
sdk,sqlite,updateMany,137,28
sdk,sqlite,updateMany,138,30
sdk,sqlite,updateMany,139,27
sdk,sqlite,updateMany,140,30
sdk,sqlite,updateMany,141,27
sdk,sqlite,updateMany,142,29
sdk,sqlite,updateMany,143,28
sdk,sqlite,updateMany,144,32
sdk,sqlite,updateMany,145,27
sdk,sqlite,updateMany,146,33
sdk,sqlite,updateMany,147,27
sdk,sqlite,updateMany,148,33
sdk,sqlite,updateMany,149,27
sdk,sqlite,updateMany,150,27
sdk,sqlite,updateMany,151,28
sdk,sqlite,updateMany,152,29
sdk,sqlite,updateMany,153,30
sdk,sqlite,updateMany,154,29
sdk,sqlite,updateMany,155,30
sdk,sqlite,updateMany,156,27
sdk,sqlite,updateMany,157,29
sdk,sqlite,updateMany,158,30
sdk,sqlite,updateMany,159,27
sdk,sqlite,updateMany,160,30
sdk,sqlite,updateMany,161,28
sdk,sqlite,updateMany,162,30
sdk,sqlite,updateMany,163,27
sdk,sqlite,updateMany,164,30
sdk,sqlite,updateMany,165,27
sdk,sqlite,updateMany,166,29
sdk,sqlite,updateMany,167,28
sdk,sqlite,updateMany,168,30
sdk,sqlite,updateMany,169,27
sdk,sqlite,updateMany,170,30
sdk,sqlite,updateMany,171,27
sdk,sqlite,updateMany,172,31
sdk,sqlite,updateMany,173,28
sdk,sqlite,updateMany,174,27
sdk,sqlite,updateMany,175,29
sdk,sqlite,updateMany,176,30
sdk,sqlite,updateMany,177,27
sdk,sqlite,updateMany,178,30
sdk,sqlite,updateMany,179,32
sdk,sqlite,updateMany,180,27
sdk,sqlite,updateMany,181,29
sdk,sqlite,updateMany,182,27
sdk,sqlite,updateMany,183,30
sdk,sqlite,updateMany,184,32
sdk,sqlite,updateMany,185,29
sdk,sqlite,updateMany,186,28
sdk,sqlite,updateMany,187,30
sdk,sqlite,updateMany,188,27
sdk,sqlite,updateMany,189,29
sdk,sqlite,updateMany,190,27
sdk,sqlite,updateMany,191,30
sdk,sqlite,updateMany,192,27
sdk,sqlite,updateMany,193,29
sdk,sqlite,updateMany,194,27
sdk,sqlite,updateMany,195,29
sdk,sqlite,updateMany,196,27
sdk,sqlite,updateMany,197,30
sdk,sqlite,updateMany,198,27
sdk,sqlite,updateMany,199,30
sdk,sqlite,updateMany,200,27
sdk,sqlite,updateMany,201,29
sdk,sqlite,updateMany,202,27
sdk,sqlite,updateMany,203,30
sdk,sqlite,updateMany,204,27
sdk,sqlite,updateMany,205,27
sdk,sqlite,updateMany,206,30
sdk,sqlite,updateMany,207,27
sdk,sqlite,updateMany,208,29
sdk,sqlite,updateMany,209,27
sdk,sqlite,updateMany,210,29
sdk,sqlite,updateMany,211,28
sdk,sqlite,updateMany,212,28
sdk,sqlite,updateMany,213,28
sdk,sqlite,updateMany,214,33
sdk,sqlite,updateMany,215,30
sdk,sqlite,updateMany,216,27
sdk,sqlite,updateMany,217,30
sdk,sqlite,updateMany,218,27
sdk,sqlite,updateMany,219,27
sdk,sqlite,updateMany,220,29
sdk,sqlite,updateMany,221,28
sdk,sqlite,updateMany,222,31
sdk,sqlite,updateMany,223,27
sdk,sqlite,updateMany,224,29
sdk,sqlite,updateMany,225,29
sdk,sqlite,updateMany,226,28
sdk,sqlite,updateMany,227,30
sdk,sqlite,updateMany,228,29
sdk,sqlite,updateMany,229,29
sdk,sqlite,updateMany,230,32
sdk,sqlite,updateMany,231,27
sdk,sqlite,updateMany,232,30
sdk,sqlite,updateMany,233,28
sdk,sqlite,updateMany,234,30
sdk,sqlite,updateMany,235,27
sdk,sqlite,updateMany,236,30
sdk,sqlite,updateMany,237,27
sdk,sqlite,updateMany,238,29
sdk,sqlite,updateMany,239,28
sdk,sqlite,updateMany,240,29
sdk,sqlite,updateMany,241,28
sdk,sqlite,updateMany,242,31
sdk,sqlite,updateMany,243,30
sdk,sqlite,updateMany,244,27
sdk,sqlite,updateMany,245,33
sdk,sqlite,updateMany,246,27
sdk,sqlite,updateMany,247,29
sdk,sqlite,updateMany,248,28
sdk,sqlite,updateMany,249,27
sdk,sqlite,updateMany,250,30
sdk,sqlite,updateMany,251,27
sdk,sqlite,updateMany,252,29
sdk,sqlite,updateMany,253,27
sdk,sqlite,updateMany,254,28
sdk,sqlite,updateMany,255,28
sdk,sqlite,updateMany,256,29
sdk,sqlite,updateMany,257,28
sdk,sqlite,updateMany,258,27
sdk,sqlite,updateMany,259,29
sdk,sqlite,updateMany,260,28
sdk,sqlite,updateMany,261,28
sdk,sqlite,updateMany,262,31
sdk,sqlite,updateMany,263,27
sdk,sqlite,updateMany,264,29
sdk,sqlite,updateMany,265,29
sdk,sqlite,updateMany,266,30
sdk,sqlite,updateMany,267,27
sdk,sqlite,updateMany,268,29
sdk,sqlite,updateMany,269,27
sdk,sqlite,updateMany,270,29
sdk,sqlite,updateMany,271,27
sdk,sqlite,updateMany,272,29
sdk,sqlite,updateMany,273,27
sdk,sqlite,updateMany,274,29
sdk,sqlite,updateMany,275,28
sdk,sqlite,updateMany,276,27
sdk,sqlite,updateMany,277,30
sdk,sqlite,updateMany,278,28
sdk,sqlite,updateMany,279,28
sdk,sqlite,updateMany,280,29
sdk,sqlite,updateMany,281,30
sdk,sqlite,updateMany,282,29
sdk,sqlite,updateMany,283,29
sdk,sqlite,updateMany,284,32
sdk,sqlite,updateMany,285,30
sdk,sqlite,updateMany,286,27
sdk,sqlite,updateMany,287,30
sdk,sqlite,updateMany,288,27
sdk,sqlite,updateMany,289,27
sdk,sqlite,updateMany,290,30
sdk,sqlite,updateMany,291,29
sdk,sqlite,updateMany,292,29
sdk,sqlite,updateMany,293,28
sdk,sqlite,updateMany,294,29
sdk,sqlite,updateMany,295,31
sdk,sqlite,updateMany,296,31
sdk,sqlite,updateMany,297,31
sdk,sqlite,updateMany,298,31
sdk,sqlite,updateMany,299,31
sdk,sqlite,updateMany,300,31
sdk,sqlite,updateMany,301,30
sdk,sqlite,updateMany,302,31
sdk,sqlite,updateMany,303,31
sdk,sqlite,updateMany,304,31
sdk,sqlite,updateMany,305,31
sdk,sqlite,updateMany,306,29
sdk,sqlite,updateMany,307,25
sdk,sqlite,updateMany,308,30
sdk,sqlite,updateMany,309,25
sdk,sqlite,updateMany,310,25
sdk,sqlite,updateMany,311,30
sdk,sqlite,updateMany,312,26
sdk,sqlite,updateMany,313,25
sdk,sqlite,updateMany,314,25
sdk,sqlite,updateMany,315,28
sdk,sqlite,updateMany,316,28
sdk,sqlite,updateMany,317,26
sdk,sqlite,updateMany,318,28
sdk,sqlite,updateMany,319,30
sdk,sqlite,updateMany,320,31
sdk,sqlite,updateMany,321,31
sdk,sqlite,updateMany,322,31
sdk,sqlite,updateMany,323,31
sdk,sqlite,updateMany,324,30
sdk,sqlite,updateMany,325,31
sdk,sqlite,updateMany,326,28
sdk,sqlite,updateMany,327,30
sdk,sqlite,updateMany,328,28
sdk,sqlite,updateMany,329,31
sdk,sqlite,updateMany,330,30
sdk,sqlite,updateMany,331,30
sdk,sqlite,updateMany,332,31
sdk,sqlite,updateMany,333,31
sdk,sqlite,updateMany,334,31
sdk,sqlite,updateMany,335,31
sdk,sqlite,updateMany,336,31
sdk,sqlite,updateMany,337,31
sdk,sqlite,updateMany,338,31
sdk,sqlite,updateMany,339,31
sdk,sqlite,updateMany,340,31
sdk,sqlite,updateMany,341,31
sdk,sqlite,updateMany,342,29
sdk,sqlite,updateMany,343,30
sdk,sqlite,updateMany,344,31
sdk,sqlite,updateMany,345,31
sdk,sqlite,updateMany,346,32
sdk,sqlite,updateMany,347,32
sdk,sqlite,updateMany,348,27
sdk,sqlite,updateMany,349,29
sdk,sqlite,updateMany,350,29
sdk,sqlite,updateMany,351,29
sdk,sqlite,updateMany,352,29
sdk,sqlite,updateMany,353,31
sdk,sqlite,updateMany,354,29
sdk,sqlite,updateMany,355,29
sdk,sqlite,updateMany,356,30
sdk,sqlite,updateMany,357,28
sdk,sqlite,updateMany,358,31
sdk,sqlite,updateMany,359,31
sdk,sqlite,updateMany,360,29
sdk,sqlite,updateMany,361,29
sdk,sqlite,updateMany,362,29
sdk,sqlite,updateMany,363,29
sdk,sqlite,updateMany,364,29
sdk,sqlite,updateMany,365,30
sdk,sqlite,updateMany,366,27
sdk,sqlite,updateMany,367,30
sdk,sqlite,updateMany,368,29
sdk,sqlite,updateMany,369,27
sdk,sqlite,updateMany,370,29
sdk,sqlite,updateMany,371,30
sdk,sqlite,updateMany,372,30
sdk,sqlite,updateMany,373,29
sdk,sqlite,updateMany,374,29
sdk,sqlite,updateMany,375,30
sdk,sqlite,updateMany,376,30
sdk,sqlite,updateMany,377,30
sdk,sqlite,updateMany,378,29
sdk,sqlite,updateMany,379,30
sdk,sqlite,updateMany,380,30
sdk,sqlite,updateMany,381,29
sdk,sqlite,updateMany,382,29
sdk,sqlite,updateMany,383,30
sdk,sqlite,updateMany,384,29
sdk,sqlite,updateMany,385,28
sdk,sqlite,updateMany,386,29
sdk,sqlite,updateMany,387,29
sdk,sqlite,updateMany,388,30
sdk,sqlite,updateMany,389,29
sdk,sqlite,updateMany,390,30
sdk,sqlite,updateMany,391,29
sdk,sqlite,updateMany,392,30
sdk,sqlite,updateMany,393,29
sdk,sqlite,updateMany,394,29
sdk,sqlite,updateMany,395,30
sdk,sqlite,updateMany,396,29
sdk,sqlite,updateMany,397,30
sdk,sqlite,updateMany,398,30
sdk,sqlite,updateMany,399,29
sdk,sqlite,updateMany,400,29
sdk,sqlite,updateMany,401,30
sdk,sqlite,updateMany,402,32
sdk,sqlite,updateMany,403,31
sdk,sqlite,updateMany,404,27
sdk,sqlite,updateMany,405,29
sdk,sqlite,updateMany,406,29
sdk,sqlite,updateMany,407,30
sdk,sqlite,updateMany,408,27
sdk,sqlite,updateMany,409,31
sdk,sqlite,updateMany,410,28
sdk,sqlite,updateMany,411,29
sdk,sqlite,updateMany,412,27
sdk,sqlite,updateMany,413,30
sdk,sqlite,updateMany,414,29
sdk,sqlite,updateMany,415,29
sdk,sqlite,updateMany,416,30
sdk,sqlite,updateMany,417,27
sdk,sqlite,updateMany,418,29
sdk,sqlite,updateMany,419,31
sdk,sqlite,updateMany,420,30
sdk,sqlite,updateMany,421,29
sdk,sqlite,updateMany,422,29
sdk,sqlite,updateMany,423,27
sdk,sqlite,updateMany,424,29
sdk,sqlite,updateMany,425,30
sdk,sqlite,updateMany,426,29
sdk,sqlite,updateMany,427,29
sdk,sqlite,updateMany,428,30
sdk,sqlite,updateMany,429,27
sdk,sqlite,updateMany,430,27
sdk,sqlite,updateMany,431,30
sdk,sqlite,updateMany,432,30
sdk,sqlite,updateMany,433,29
sdk,sqlite,updateMany,434,30
sdk,sqlite,updateMany,435,29
sdk,sqlite,updateMany,436,29
sdk,sqlite,updateMany,437,28
sdk,sqlite,updateMany,438,27
sdk,sqlite,updateMany,439,29
sdk,sqlite,updateMany,440,33
sdk,sqlite,updateMany,441,27
sdk,sqlite,updateMany,442,30
sdk,sqlite,updateMany,443,30
sdk,sqlite,updateMany,444,27
sdk,sqlite,updateMany,445,29
sdk,sqlite,updateMany,446,29
sdk,sqlite,updateMany,447,30
sdk,sqlite,updateMany,448,27
sdk,sqlite,updateMany,449,30
sdk,sqlite,updateMany,450,27
sdk,sqlite,updateMany,451,29
sdk,sqlite,updateMany,452,27
sdk,sqlite,updateMany,453,29
sdk,sqlite,updateMany,454,29
sdk,sqlite,updateMany,455,24
sdk,sqlite,updateMany,456,33
sdk,sqlite,updateMany,457,29
sdk,sqlite,updateMany,458,30
sdk,sqlite,updateMany,459,27
sdk,sqlite,updateMany,460,30
sdk,sqlite,updateMany,461,30
sdk,sqlite,updateMany,462,29
sdk,sqlite,updateMany,463,27
sdk,sqlite,updateMany,464,28
sdk,sqlite,updateMany,465,30
sdk,sqlite,updateMany,466,32
sdk,sqlite,updateMany,467,33
sdk,sqlite,updateMany,468,30
sdk,sqlite,updateMany,469,29
sdk,sqlite,updateMany,470,30
sdk,sqlite,updateMany,471,30
sdk,sqlite,updateMany,472,29
sdk,sqlite,updateMany,473,30
sdk,sqlite,updateMany,474,29
sdk,sqlite,updateMany,475,29
sdk,sqlite,updateMany,476,25
sdk,sqlite,updateMany,477,29
sdk,sqlite,updateMany,478,29
sdk,sqlite,updateMany,479,30
sdk,sqlite,updateMany,480,29
sdk,sqlite,updateMany,481,30
sdk,sqlite,updateMany,482,30
sdk,sqlite,updateMany,483,29
sdk,sqlite,updateMany,484,29
sdk,sqlite,updateMany,485,30
sdk,sqlite,updateMany,486,29
sdk,sqlite,updateMany,487,29
sdk,sqlite,updateMany,488,29
sdk,sqlite,updateMany,489,30
sdk,sqlite,updateMany,490,29
sdk,sqlite,updateMany,491,29
sdk,sqlite,updateMany,492,29
sdk,sqlite,updateMany,493,28
sdk,sqlite,updateMany,494,30
sdk,sqlite,updateMany,495,29
sdk,sqlite,updateMany,496,32
sdk,sqlite,updateMany,497,30
sdk,sqlite,updateMany,498,29
sdk,sqlite,updateMany,499,29
sdk,sqlite,updateMany,500,27
sdk,sqlite,updateMany,501,29
sdk,sqlite,updateMany,502,29
sdk,sqlite,updateMany,503,29
sdk,sqlite,updateMany,504,29
sdk,sqlite,updateMany,505,30
sdk,sqlite,updateMany,506,30
sdk,sqlite,updateMany,507,29
sdk,sqlite,updateMany,508,30
sdk,sqlite,updateMany,509,30
sdk,sqlite,updateMany,510,29
sdk,sqlite,updateMany,511,29
sdk,sqlite,updateMany,512,30
sdk,sqlite,updateMany,513,29
sdk,sqlite,updateMany,514,29
sdk,sqlite,updateMany,515,31
sdk,sqlite,updateMany,516,29
sdk,sqlite,updateMany,517,28
sdk,sqlite,updateMany,518,25
sdk,sqlite,updateMany,519,29
sdk,sqlite,updateMany,520,25
sdk,sqlite,updateMany,521,30
sdk,sqlite,updateMany,522,29
sdk,sqlite,updateMany,523,29
sdk,sqlite,updateMany,524,29
sdk,sqlite,updateMany,525,29
sdk,sqlite,updateMany,526,29
sdk,sqlite,updateMany,527,33
sdk,sqlite,updateMany,528,30
sdk,sqlite,updateMany,529,27
sdk,sqlite,updateMany,530,30
sdk,sqlite,updateMany,531,27
sdk,sqlite,updateMany,532,29
sdk,sqlite,updateMany,533,33
sdk,sqlite,updateMany,534,29
sdk,sqlite,updateMany,535,29
sdk,sqlite,updateMany,536,30
sdk,sqlite,updateMany,537,29
sdk,sqlite,updateMany,538,29
sdk,sqlite,updateMany,539,29
sdk,sqlite,updateMany,540,29
sdk,sqlite,updateMany,541,30
sdk,sqlite,updateMany,542,27
sdk,sqlite,updateMany,543,27
sdk,sqlite,updateMany,544,28
sdk,sqlite,updateMany,545,31
sdk,sqlite,updateMany,546,29
sdk,sqlite,updateMany,547,29
sdk,sqlite,updateMany,548,29
sdk,sqlite,updateMany,549,29
sdk,sqlite,updateMany,550,30
sdk,sqlite,updateMany,551,27
sdk,sqlite,updateMany,552,29
sdk,sqlite,updateMany,553,27
sdk,sqlite,updateMany,554,30
sdk,sqlite,updateMany,555,28
sdk,sqlite,updateMany,556,29
sdk,sqlite,updateMany,557,30
sdk,sqlite,updateMany,558,30
sdk,sqlite,updateMany,559,27
sdk,sqlite,updateMany,560,29
sdk,sqlite,updateMany,561,27
sdk,sqlite,updateMany,562,30
sdk,sqlite,updateMany,563,27
sdk,sqlite,updateMany,564,29
sdk,sqlite,updateMany,565,27
sdk,sqlite,updateMany,566,30
sdk,sqlite,updateMany,567,28
sdk,sqlite,updateMany,568,30
sdk,sqlite,updateMany,569,27
sdk,sqlite,updateMany,570,29
sdk,sqlite,updateMany,571,27
sdk,sqlite,updateMany,572,30
sdk,sqlite,updateMany,573,27
sdk,sqlite,updateMany,574,30
sdk,sqlite,updateMany,575,27
sdk,sqlite,updateMany,576,29
sdk,sqlite,updateMany,577,28
sdk,sqlite,updateMany,578,30
sdk,sqlite,updateMany,579,27
sdk,sqlite,updateMany,580,30
sdk,sqlite,updateMany,581,28
sdk,sqlite,updateMany,582,29
sdk,sqlite,updateMany,583,27
sdk,sqlite,updateMany,584,30
sdk,sqlite,updateMany,585,27
sdk,sqlite,updateMany,586,29
sdk,sqlite,updateMany,587,27
sdk,sqlite,updateMany,588,29
sdk,sqlite,updateMany,589,30
sdk,sqlite,updateMany,590,27
sdk,sqlite,updateMany,591,30
sdk,sqlite,updateMany,592,28
sdk,sqlite,updateMany,593,28
sdk,sqlite,updateMany,594,27
sdk,sqlite,updateMany,595,27
sdk,sqlite,updateMany,596,30
sdk,sqlite,updateMany,597,29
sdk,sqlite,updateMany,598,27
sdk,sqlite,updateMany,599,33
sdk,sqlite,updateMany,600,27
sdk,sqlite,updateMany,601,30
sdk,sqlite,updateMany,602,33
sdk,sqlite,updateMany,603,30
sdk,sqlite,updateMany,604,27
sdk,sqlite,updateMany,605,30
sdk,sqlite,updateMany,606,28
sdk,sqlite,updateMany,607,29
sdk,sqlite,updateMany,608,27
sdk,sqlite,updateMany,609,27
sdk,sqlite,updateMany,610,29
sdk,sqlite,updateMany,611,29
sdk,sqlite,updateMany,612,29
sdk,sqlite,updateMany,613,30
sdk,sqlite,updateMany,614,27
sdk,sqlite,updateMany,615,29
sdk,sqlite,updateMany,616,27
sdk,sqlite,updateMany,617,31
sdk,sqlite,updateMany,618,27
sdk,sqlite,updateMany,619,29
sdk,sqlite,updateMany,620,32
sdk,sqlite,updateMany,621,27
sdk,sqlite,updateMany,622,29
sdk,sqlite,updateMany,623,80
sdk,sqlite,updateMany,624,35
sdk,sqlite,updateMany,625,30
sdk,sqlite,updateMany,626,35
sdk,sqlite,updateMany,627,34
sdk,sqlite,updateMany,628,628
sdk,sqlite,updateMany,629,37
sdk,sqlite,updateMany,630,27
sdk,sqlite,updateMany,631,29
sdk,sqlite,updateMany,632,31
sdk,sqlite,updateMany,633,29
sdk,sqlite,updateMany,634,32
sdk,sqlite,updateMany,635,28
sdk,sqlite,updateMany,636,30
sdk,sqlite,updateMany,637,28
sdk,sqlite,updateMany,638,30
sdk,sqlite,updateMany,639,30
sdk,sqlite,updateMany,640,31
sdk,sqlite,updateMany,641,30
sdk,sqlite,updateMany,642,28
sdk,sqlite,updateMany,643,30
sdk,sqlite,updateMany,644,30
sdk,sqlite,updateMany,645,27
sdk,sqlite,updateMany,646,28
sdk,sqlite,updateMany,647,30
sdk,sqlite,updateMany,648,30
sdk,sqlite,updateMany,649,30
sdk,sqlite,updateMany,650,28
sdk,sqlite,updateMany,651,30
sdk,sqlite,updateMany,652,33
sdk,sqlite,updateMany,653,33
sdk,sqlite,updateMany,654,29
sdk,sqlite,updateMany,655,31
sdk,sqlite,updateMany,656,27
sdk,sqlite,updateMany,657,30
sdk,sqlite,updateMany,658,31
sdk,sqlite,updateMany,659,35
sdk,sqlite,updateMany,660,27
sdk,sqlite,updateMany,661,28
sdk,sqlite,updateMany,662,29
sdk,sqlite,updateMany,663,29
sdk,sqlite,updateMany,664,31
sdk,sqlite,updateMany,665,28
sdk,sqlite,updateMany,666,30
sdk,sqlite,updateMany,667,30
sdk,sqlite,updateMany,668,30
sdk,sqlite,updateMany,669,29
sdk,sqlite,updateMany,670,30
sdk,sqlite,updateMany,671,29
sdk,sqlite,updateMany,672,25
sdk,sqlite,updateMany,673,30
sdk,sqlite,updateMany,674,30
sdk,sqlite,updateMany,675,28
sdk,sqlite,updateMany,676,31
sdk,sqlite,updateMany,677,27
sdk,sqlite,updateMany,678,29
sdk,sqlite,updateMany,679,30
sdk,sqlite,updateMany,680,27
sdk,sqlite,updateMany,681,30
sdk,sqlite,updateMany,682,31
sdk,sqlite,updateMany,683,27
sdk,sqlite,updateMany,684,31
sdk,sqlite,updateMany,685,32
sdk,sqlite,updateMany,686,27
sdk,sqlite,updateMany,687,30
sdk,sqlite,updateMany,688,30
sdk,sqlite,updateMany,689,29
sdk,sqlite,updateMany,690,30
sdk,sqlite,updateMany,691,30
sdk,sqlite,updateMany,692,27
sdk,sqlite,updateMany,693,34
sdk,sqlite,updateMany,694,31
sdk,sqlite,updateMany,695,27
sdk,sqlite,updateMany,696,30
sdk,sqlite,updateMany,697,28
sdk,sqlite,updateMany,698,29
sdk,sqlite,updateMany,699,29
sdk,sqlite,updateMany,700,28
sdk,sqlite,updateMany,701,30
sdk,sqlite,updateMany,702,29
sdk,sqlite,updateMany,703,28
sdk,sqlite,updateMany,704,30
sdk,sqlite,updateMany,705,32
sdk,sqlite,updateMany,706,34
sdk,sqlite,updateMany,707,27
sdk,sqlite,updateMany,708,28
sdk,sqlite,updateMany,709,30
sdk,sqlite,updateMany,710,30
sdk,sqlite,updateMany,711,29
sdk,sqlite,updateMany,712,30
sdk,sqlite,updateMany,713,27
sdk,sqlite,updateMany,714,30
sdk,sqlite,updateMany,715,30
sdk,sqlite,updateMany,716,30
sdk,sqlite,updateMany,717,31
sdk,sqlite,updateMany,718,28
sdk,sqlite,updateMany,719,27
sdk,sqlite,updateMany,720,30
sdk,sqlite,updateMany,721,29
sdk,sqlite,updateMany,722,30
sdk,sqlite,updateMany,723,29
sdk,sqlite,updateMany,724,31
sdk,sqlite,updateMany,725,23
sdk,sqlite,updateMany,726,23
sdk,sqlite,updateMany,727,24
sdk,sqlite,updateMany,728,23
sdk,sqlite,updateMany,729,24
sdk,sqlite,updateMany,730,25
sdk,sqlite,updateMany,731,27
sdk,sqlite,updateMany,732,30
sdk,sqlite,updateMany,733,26
sdk,sqlite,updateMany,734,27
sdk,sqlite,updateMany,735,24
sdk,sqlite,updateMany,736,28
sdk,sqlite,updateMany,737,30
sdk,sqlite,updateMany,738,29
sdk,sqlite,updateMany,739,30
sdk,sqlite,updateMany,740,30
sdk,sqlite,updateMany,741,30
sdk,sqlite,updateMany,742,28
sdk,sqlite,updateMany,743,29
sdk,sqlite,updateMany,744,29
sdk,sqlite,updateMany,745,31
sdk,sqlite,updateMany,746,27
sdk,sqlite,updateMany,747,31
sdk,sqlite,updateMany,748,28
sdk,sqlite,updateMany,749,27
sdk,sqlite,updateMany,750,27
sdk,sqlite,updateMany,751,30
sdk,sqlite,updateMany,752,28
sdk,sqlite,updateMany,753,30
sdk,sqlite,updateMany,754,28
sdk,sqlite,updateMany,755,28
sdk,sqlite,updateMany,756,29
sdk,sqlite,updateMany,757,30
sdk,sqlite,updateMany,758,29
sdk,sqlite,updateMany,759,29
sdk,sqlite,updateMany,760,28
sdk,sqlite,updateMany,761,30
sdk,sqlite,updateMany,762,30
sdk,sqlite,updateMany,763,29
sdk,sqlite,updateMany,764,30
sdk,sqlite,updateMany,765,30
sdk,sqlite,updateMany,766,31
sdk,sqlite,updateMany,767,27
sdk,sqlite,updateMany,768,30
sdk,sqlite,updateMany,769,27
sdk,sqlite,updateMany,770,29
sdk,sqlite,updateMany,771,27
sdk,sqlite,updateMany,772,30
sdk,sqlite,updateMany,773,29
sdk,sqlite,updateMany,774,27
sdk,sqlite,updateMany,775,31
sdk,sqlite,updateMany,776,30
sdk,sqlite,updateMany,777,29
sdk,sqlite,updateMany,778,33
sdk,sqlite,updateMany,779,30
sdk,sqlite,updateMany,780,27
sdk,sqlite,updateMany,781,30
sdk,sqlite,updateMany,782,28
sdk,sqlite,updateMany,783,27
sdk,sqlite,updateMany,784,30
sdk,sqlite,updateMany,785,29
sdk,sqlite,updateMany,786,27
sdk,sqlite,updateMany,787,30
sdk,sqlite,updateMany,788,27
sdk,sqlite,updateMany,789,29
sdk,sqlite,updateMany,790,28
sdk,sqlite,updateMany,791,31
sdk,sqlite,updateMany,792,32
sdk,sqlite,updateMany,793,30
sdk,sqlite,updateMany,794,27
sdk,sqlite,updateMany,795,29
sdk,sqlite,updateMany,796,30
sdk,sqlite,updateMany,797,29
sdk,sqlite,updateMany,798,29
sdk,sqlite,updateMany,799,30
sdk,sqlite,updateMany,800,29
sdk,sqlite,updateMany,801,29
sdk,sqlite,updateMany,802,31
sdk,sqlite,updateMany,803,29
sdk,sqlite,updateMany,804,30
sdk,sqlite,updateMany,805,30
sdk,sqlite,updateMany,806,28
sdk,sqlite,updateMany,807,29
sdk,sqlite,updateMany,808,33
sdk,sqlite,updateMany,809,27
sdk,sqlite,updateMany,810,32
sdk,sqlite,updateMany,811,31
sdk,sqlite,updateMany,812,27
sdk,sqlite,updateMany,813,32
sdk,sqlite,updateMany,814,32
sdk,sqlite,updateMany,815,27
sdk,sqlite,updateMany,816,29
sdk,sqlite,updateMany,817,28
sdk,sqlite,updateMany,818,28
sdk,sqlite,updateMany,819,30
sdk,sqlite,updateMany,820,33
sdk,sqlite,updateMany,821,27
sdk,sqlite,updateMany,822,29
sdk,sqlite,updateMany,823,29
sdk,sqlite,updateMany,824,27
sdk,sqlite,updateMany,825,29
sdk,sqlite,updateMany,826,28
sdk,sqlite,updateMany,827,29
sdk,sqlite,updateMany,828,27
sdk,sqlite,updateMany,829,29
sdk,sqlite,updateMany,830,27
sdk,sqlite,updateMany,831,29
sdk,sqlite,updateMany,832,28
sdk,sqlite,updateMany,833,28
sdk,sqlite,updateMany,834,30
sdk,sqlite,updateMany,835,30
sdk,sqlite,updateMany,836,30
sdk,sqlite,updateMany,837,29
sdk,sqlite,updateMany,838,28
sdk,sqlite,updateMany,839,27
sdk,sqlite,updateMany,840,30
sdk,sqlite,updateMany,841,27
sdk,sqlite,updateMany,842,27
sdk,sqlite,updateMany,843,30
sdk,sqlite,updateMany,844,27
sdk,sqlite,updateMany,845,29
sdk,sqlite,updateMany,846,27
sdk,sqlite,updateMany,847,29
sdk,sqlite,updateMany,848,27
sdk,sqlite,updateMany,849,29
sdk,sqlite,updateMany,850,27
sdk,sqlite,updateMany,851,29
sdk,sqlite,updateMany,852,27
sdk,sqlite,updateMany,853,30
sdk,sqlite,updateMany,854,27
sdk,sqlite,updateMany,855,29
sdk,sqlite,updateMany,856,30
sdk,sqlite,updateMany,857,27
sdk,sqlite,updateMany,858,29
sdk,sqlite,updateMany,859,27
sdk,sqlite,updateMany,860,29
sdk,sqlite,updateMany,861,27
sdk,sqlite,updateMany,862,33
sdk,sqlite,updateMany,863,29
sdk,sqlite,updateMany,864,27
sdk,sqlite,updateMany,865,29
sdk,sqlite,updateMany,866,27
sdk,sqlite,updateMany,867,31
sdk,sqlite,updateMany,868,28
sdk,sqlite,updateMany,869,30
sdk,sqlite,updateMany,870,28
sdk,sqlite,updateMany,871,32
sdk,sqlite,updateMany,872,30
sdk,sqlite,updateMany,873,32
sdk,sqlite,updateMany,874,28
sdk,sqlite,updateMany,875,27
sdk,sqlite,updateMany,876,29
sdk,sqlite,updateMany,877,30
sdk,sqlite,updateMany,878,33
sdk,sqlite,updateMany,879,27
sdk,sqlite,updateMany,880,30
sdk,sqlite,updateMany,881,32
sdk,sqlite,updateMany,882,27
sdk,sqlite,updateMany,883,30
sdk,sqlite,updateMany,884,29
sdk,sqlite,updateMany,885,27
sdk,sqlite,updateMany,886,30
sdk,sqlite,updateMany,887,27
sdk,sqlite,updateMany,888,29
sdk,sqlite,updateMany,889,30
sdk,sqlite,updateMany,890,27
sdk,sqlite,updateMany,891,32
sdk,sqlite,updateMany,892,27
sdk,sqlite,updateMany,893,29
sdk,sqlite,updateMany,894,27
sdk,sqlite,updateMany,895,30
sdk,sqlite,updateMany,896,29
sdk,sqlite,updateMany,897,27
sdk,sqlite,updateMany,898,34
sdk,sqlite,updateMany,899,29
sdk,sqlite,updateMany,900,27
sdk,sqlite,updateMany,901,30
sdk,sqlite,updateMany,902,27
sdk,sqlite,updateMany,903,29
sdk,sqlite,updateMany,904,27
sdk,sqlite,updateMany,905,30
sdk,sqlite,updateMany,906,27
sdk,sqlite,updateMany,907,30
sdk,sqlite,updateMany,908,27
sdk,sqlite,updateMany,909,29
sdk,sqlite,updateMany,910,28
sdk,sqlite,updateMany,911,28
sdk,sqlite,updateMany,912,28
sdk,sqlite,updateMany,913,30
sdk,sqlite,updateMany,914,29
sdk,sqlite,updateMany,915,27
sdk,sqlite,updateMany,916,33
sdk,sqlite,updateMany,917,27
sdk,sqlite,updateMany,918,29
sdk,sqlite,updateMany,919,28
sdk,sqlite,updateMany,920,29
sdk,sqlite,updateMany,921,27
sdk,sqlite,updateMany,922,29
sdk,sqlite,updateMany,923,27
sdk,sqlite,updateMany,924,30
sdk,sqlite,updateMany,925,27
sdk,sqlite,updateMany,926,29
sdk,sqlite,updateMany,927,30
sdk,sqlite,updateMany,928,30
sdk,sqlite,updateMany,929,27
sdk,sqlite,updateMany,930,30
sdk,sqlite,updateMany,931,27
sdk,sqlite,updateMany,932,29
sdk,sqlite,updateMany,933,30
sdk,sqlite,updateMany,934,28
sdk,sqlite,updateMany,935,29
sdk,sqlite,updateMany,936,27
sdk,sqlite,updateMany,937,31
sdk,sqlite,updateMany,938,27
sdk,sqlite,updateMany,939,27
sdk,sqlite,updateMany,940,28
sdk,sqlite,updateMany,941,29
sdk,sqlite,updateMany,942,27
sdk,sqlite,updateMany,943,30
sdk,sqlite,updateMany,944,27
sdk,sqlite,updateMany,945,27
sdk,sqlite,updateMany,946,32
sdk,sqlite,updateMany,947,28
sdk,sqlite,updateMany,948,29
sdk,sqlite,updateMany,949,30
sdk,sqlite,updateMany,950,28
sdk,sqlite,updateMany,951,28
sdk,sqlite,updateMany,952,31
sdk,sqlite,updateMany,953,28
sdk,sqlite,updateMany,954,30
sdk,sqlite,updateMany,955,27
sdk,sqlite,updateMany,956,27
sdk,sqlite,updateMany,957,29
sdk,sqlite,updateMany,958,27
sdk,sqlite,updateMany,959,33
sdk,sqlite,updateMany,960,27
sdk,sqlite,updateMany,961,30
sdk,sqlite,updateMany,962,30
sdk,sqlite,updateMany,963,27
sdk,sqlite,updateMany,964,30
sdk,sqlite,updateMany,965,27
sdk,sqlite,updateMany,966,29
sdk,sqlite,updateMany,967,27
sdk,sqlite,updateMany,968,27
sdk,sqlite,updateMany,969,30
sdk,sqlite,updateMany,970,27
sdk,sqlite,updateMany,971,29
sdk,sqlite,updateMany,972,30
sdk,sqlite,updateMany,973,27
sdk,sqlite,updateMany,974,29
sdk,sqlite,updateMany,975,27
sdk,sqlite,updateMany,976,30
sdk,sqlite,updateMany,977,27
sdk,sqlite,updateMany,978,29
sdk,sqlite,updateMany,979,27
sdk,sqlite,updateMany,980,29
sdk,sqlite,updateMany,981,27
sdk,sqlite,updateMany,982,30
sdk,sqlite,updateMany,983,27
sdk,sqlite,updateMany,984,30
sdk,sqlite,updateMany,985,27
sdk,sqlite,updateMany,986,29
sdk,sqlite,updateMany,987,27
sdk,sqlite,updateMany,988,30
sdk,sqlite,updateMany,989,29
sdk,sqlite,updateMany,990,30
sdk,sqlite,updateMany,991,27
sdk,sqlite,updateMany,992,29
sdk,sqlite,updateMany,993,30
sdk,sqlite,updateMany,994,28
sdk,sqlite,updateMany,995,30
sdk,sqlite,updateMany,996,28
sdk,sqlite,updateMany,997,29
sdk,sqlite,updateMany,998,27
sdk,sqlite,updateMany,999,30
sdk,sqlite,nestedCreate,0,30
sdk,sqlite,nestedCreate,1,24
sdk,sqlite,nestedCreate,2,19
sdk,sqlite,nestedCreate,3,19
sdk,sqlite,nestedCreate,4,16
sdk,sqlite,nestedCreate,5,21
sdk,sqlite,nestedCreate,6,16
sdk,sqlite,nestedCreate,7,18
sdk,sqlite,nestedCreate,8,16
sdk,sqlite,nestedCreate,9,20
sdk,sqlite,nestedCreate,10,16
sdk,sqlite,nestedCreate,11,18
sdk,sqlite,nestedCreate,12,16
sdk,sqlite,nestedCreate,13,18
sdk,sqlite,nestedCreate,14,16
sdk,sqlite,nestedCreate,15,19
sdk,sqlite,nestedCreate,16,27
sdk,sqlite,nestedCreate,17,19
sdk,sqlite,nestedCreate,18,18
sdk,sqlite,nestedCreate,19,17
sdk,sqlite,nestedCreate,20,18
sdk,sqlite,nestedCreate,21,16
sdk,sqlite,nestedCreate,22,18
sdk,sqlite,nestedCreate,23,16
sdk,sqlite,nestedCreate,24,19
sdk,sqlite,nestedCreate,25,17
sdk,sqlite,nestedCreate,26,19
sdk,sqlite,nestedCreate,27,29
sdk,sqlite,nestedCreate,28,22
sdk,sqlite,nestedCreate,29,22
sdk,sqlite,nestedCreate,30,22
sdk,sqlite,nestedCreate,31,16
sdk,sqlite,nestedCreate,32,19
sdk,sqlite,nestedCreate,33,20
sdk,sqlite,nestedCreate,34,23
sdk,sqlite,nestedCreate,35,27
sdk,sqlite,nestedCreate,36,18
sdk,sqlite,nestedCreate,37,18
sdk,sqlite,nestedCreate,38,16
sdk,sqlite,nestedCreate,39,23
sdk,sqlite,nestedCreate,40,16
sdk,sqlite,nestedCreate,41,19
sdk,sqlite,nestedCreate,42,27
sdk,sqlite,nestedCreate,43,19
sdk,sqlite,nestedCreate,44,18
sdk,sqlite,nestedCreate,45,16
sdk,sqlite,nestedCreate,46,30
sdk,sqlite,nestedCreate,47,19
sdk,sqlite,nestedCreate,48,19
sdk,sqlite,nestedCreate,49,19
sdk,sqlite,nestedCreate,50,32
sdk,sqlite,nestedCreate,51,25
sdk,sqlite,nestedCreate,52,22
sdk,sqlite,nestedCreate,53,33
sdk,sqlite,nestedCreate,54,35
sdk,sqlite,nestedCreate,55,30
sdk,sqlite,nestedCreate,56,41
sdk,sqlite,nestedCreate,57,19
sdk,sqlite,nestedCreate,58,20
sdk,sqlite,nestedCreate,59,19
sdk,sqlite,nestedCreate,60,21
sdk,sqlite,nestedCreate,61,16
sdk,sqlite,nestedCreate,62,19
sdk,sqlite,nestedCreate,63,20
sdk,sqlite,nestedCreate,64,19
sdk,sqlite,nestedCreate,65,19
sdk,sqlite,nestedCreate,66,22
sdk,sqlite,nestedCreate,67,22
sdk,sqlite,nestedCreate,68,17
sdk,sqlite,nestedCreate,69,22
sdk,sqlite,nestedCreate,70,19
sdk,sqlite,nestedCreate,71,18
sdk,sqlite,nestedCreate,72,17
sdk,sqlite,nestedCreate,73,15
sdk,sqlite,nestedCreate,74,19
sdk,sqlite,nestedCreate,75,16
sdk,sqlite,nestedCreate,76,18
sdk,sqlite,nestedCreate,77,17
sdk,sqlite,nestedCreate,78,19
sdk,sqlite,nestedCreate,79,17
sdk,sqlite,nestedCreate,80,19
sdk,sqlite,nestedCreate,81,17
sdk,sqlite,nestedCreate,82,19
sdk,sqlite,nestedCreate,83,19
sdk,sqlite,nestedCreate,84,19
sdk,sqlite,nestedCreate,85,19
sdk,sqlite,nestedCreate,86,19
sdk,sqlite,nestedCreate,87,17
sdk,sqlite,nestedCreate,88,20
sdk,sqlite,nestedCreate,89,24
sdk,sqlite,nestedCreate,90,19
sdk,sqlite,nestedCreate,91,20
sdk,sqlite,nestedCreate,92,27
sdk,sqlite,nestedCreate,93,18
sdk,sqlite,nestedCreate,94,18
sdk,sqlite,nestedCreate,95,16
sdk,sqlite,nestedCreate,96,18
sdk,sqlite,nestedCreate,97,16
sdk,sqlite,nestedCreate,98,18
sdk,sqlite,nestedCreate,99,18
sdk,sqlite,nestedCreate,100,16
sdk,sqlite,nestedCreate,101,18
sdk,sqlite,nestedCreate,102,17
sdk,sqlite,nestedCreate,103,22
sdk,sqlite,nestedCreate,104,17
sdk,sqlite,nestedCreate,105,17
sdk,sqlite,nestedCreate,106,27
sdk,sqlite,nestedCreate,107,18
sdk,sqlite,nestedCreate,108,19
sdk,sqlite,nestedCreate,109,17
sdk,sqlite,nestedCreate,110,19
sdk,sqlite,nestedCreate,111,19
sdk,sqlite,nestedCreate,112,21
sdk,sqlite,nestedCreate,113,15
sdk,sqlite,nestedCreate,114,18
sdk,sqlite,nestedCreate,115,16
sdk,sqlite,nestedCreate,116,18
sdk,sqlite,nestedCreate,117,17
sdk,sqlite,nestedCreate,118,31
sdk,sqlite,nestedCreate,119,20
sdk,sqlite,nestedCreate,120,16
sdk,sqlite,nestedCreate,121,18
sdk,sqlite,nestedCreate,122,17
sdk,sqlite,nestedCreate,123,18
sdk,sqlite,nestedCreate,124,17
sdk,sqlite,nestedCreate,125,19
sdk,sqlite,nestedCreate,126,34
sdk,sqlite,nestedCreate,127,18
sdk,sqlite,nestedCreate,128,18
sdk,sqlite,nestedCreate,129,16
sdk,sqlite,nestedCreate,130,18
sdk,sqlite,nestedCreate,131,17
sdk,sqlite,nestedCreate,132,35
sdk,sqlite,nestedCreate,133,18
sdk,sqlite,nestedCreate,134,19
sdk,sqlite,nestedCreate,135,17
sdk,sqlite,nestedCreate,136,19
sdk,sqlite,nestedCreate,137,32
sdk,sqlite,nestedCreate,138,18
sdk,sqlite,nestedCreate,139,19
sdk,sqlite,nestedCreate,140,31
sdk,sqlite,nestedCreate,141,18
sdk,sqlite,nestedCreate,142,19
sdk,sqlite,nestedCreate,143,33
sdk,sqlite,nestedCreate,144,34
sdk,sqlite,nestedCreate,145,36
sdk,sqlite,nestedCreate,146,42
sdk,sqlite,nestedCreate,147,19
sdk,sqlite,nestedCreate,148,19
sdk,sqlite,nestedCreate,149,16
sdk,sqlite,nestedCreate,150,19
sdk,sqlite,nestedCreate,151,17
sdk,sqlite,nestedCreate,152,18
sdk,sqlite,nestedCreate,153,16
sdk,sqlite,nestedCreate,154,16
sdk,sqlite,nestedCreate,155,16
sdk,sqlite,nestedCreate,156,22
sdk,sqlite,nestedCreate,157,16
sdk,sqlite,nestedCreate,158,19
sdk,sqlite,nestedCreate,159,16
sdk,sqlite,nestedCreate,160,19
sdk,sqlite,nestedCreate,161,16
sdk,sqlite,nestedCreate,162,19
sdk,sqlite,nestedCreate,163,18
sdk,sqlite,nestedCreate,164,16
sdk,sqlite,nestedCreate,165,18
sdk,sqlite,nestedCreate,166,17
sdk,sqlite,nestedCreate,167,18
sdk,sqlite,nestedCreate,168,16
sdk,sqlite,nestedCreate,169,18
sdk,sqlite,nestedCreate,170,16
sdk,sqlite,nestedCreate,171,18
sdk,sqlite,nestedCreate,172,17
sdk,sqlite,nestedCreate,173,18
sdk,sqlite,nestedCreate,174,17
sdk,sqlite,nestedCreate,175,18
sdk,sqlite,nestedCreate,176,17
sdk,sqlite,nestedCreate,177,18
sdk,sqlite,nestedCreate,178,17
sdk,sqlite,nestedCreate,179,19
sdk,sqlite,nestedCreate,180,21
sdk,sqlite,nestedCreate,181,18
sdk,sqlite,nestedCreate,182,16
sdk,sqlite,nestedCreate,183,18
sdk,sqlite,nestedCreate,184,16
sdk,sqlite,nestedCreate,185,19
sdk,sqlite,nestedCreate,186,17
sdk,sqlite,nestedCreate,187,18
sdk,sqlite,nestedCreate,188,16
sdk,sqlite,nestedCreate,189,19
sdk,sqlite,nestedCreate,190,16
sdk,sqlite,nestedCreate,191,18
sdk,sqlite,nestedCreate,192,29
sdk,sqlite,nestedCreate,193,18
sdk,sqlite,nestedCreate,194,18
sdk,sqlite,nestedCreate,195,17
sdk,sqlite,nestedCreate,196,18
sdk,sqlite,nestedCreate,197,16
sdk,sqlite,nestedCreate,198,18
sdk,sqlite,nestedCreate,199,16
sdk,sqlite,nestedCreate,200,19
sdk,sqlite,nestedCreate,201,16
sdk,sqlite,nestedCreate,202,21
sdk,sqlite,nestedCreate,203,16
sdk,sqlite,nestedCreate,204,21
sdk,sqlite,nestedCreate,205,20
sdk,sqlite,nestedCreate,206,19
sdk,sqlite,nestedCreate,207,23
sdk,sqlite,nestedCreate,208,19
sdk,sqlite,nestedCreate,209,15
sdk,sqlite,nestedCreate,210,21
sdk,sqlite,nestedCreate,211,17
sdk,sqlite,nestedCreate,212,18
sdk,sqlite,nestedCreate,213,16
sdk,sqlite,nestedCreate,214,18
sdk,sqlite,nestedCreate,215,16
sdk,sqlite,nestedCreate,216,21
sdk,sqlite,nestedCreate,217,16
sdk,sqlite,nestedCreate,218,21
sdk,sqlite,nestedCreate,219,19
sdk,sqlite,nestedCreate,220,21
sdk,sqlite,nestedCreate,221,32
sdk,sqlite,nestedCreate,222,21
sdk,sqlite,nestedCreate,223,18
sdk,sqlite,nestedCreate,224,16
sdk,sqlite,nestedCreate,225,18
sdk,sqlite,nestedCreate,226,17
sdk,sqlite,nestedCreate,227,19
sdk,sqlite,nestedCreate,228,20
sdk,sqlite,nestedCreate,229,18
sdk,sqlite,nestedCreate,230,16
sdk,sqlite,nestedCreate,231,19
sdk,sqlite,nestedCreate,232,21
sdk,sqlite,nestedCreate,233,18
sdk,sqlite,nestedCreate,234,17
sdk,sqlite,nestedCreate,235,19
sdk,sqlite,nestedCreate,236,17
sdk,sqlite,nestedCreate,237,19
sdk,sqlite,nestedCreate,238,16
sdk,sqlite,nestedCreate,239,19
sdk,sqlite,nestedCreate,240,17
sdk,sqlite,nestedCreate,241,23
sdk,sqlite,nestedCreate,242,16
sdk,sqlite,nestedCreate,243,32
sdk,sqlite,nestedCreate,244,19
sdk,sqlite,nestedCreate,245,16
sdk,sqlite,nestedCreate,246,26
sdk,sqlite,nestedCreate,247,18
sdk,sqlite,nestedCreate,248,17
sdk,sqlite,nestedCreate,249,18
sdk,sqlite,nestedCreate,250,16
sdk,sqlite,nestedCreate,251,18
sdk,sqlite,nestedCreate,252,16
sdk,sqlite,nestedCreate,253,18
sdk,sqlite,nestedCreate,254,17
sdk,sqlite,nestedCreate,255,21
sdk,sqlite,nestedCreate,256,18
sdk,sqlite,nestedCreate,257,18
sdk,sqlite,nestedCreate,258,16
sdk,sqlite,nestedCreate,259,80
sdk,sqlite,nestedCreate,260,18
sdk,sqlite,nestedCreate,261,19
sdk,sqlite,nestedCreate,262,16
sdk,sqlite,nestedCreate,263,18
sdk,sqlite,nestedCreate,264,16
sdk,sqlite,nestedCreate,265,18
sdk,sqlite,nestedCreate,266,21
sdk,sqlite,nestedCreate,267,18
sdk,sqlite,nestedCreate,268,16
sdk,sqlite,nestedCreate,269,22
sdk,sqlite,nestedCreate,270,16
sdk,sqlite,nestedCreate,271,32
sdk,sqlite,nestedCreate,272,19
sdk,sqlite,nestedCreate,273,16
sdk,sqlite,nestedCreate,274,18
sdk,sqlite,nestedCreate,275,16
sdk,sqlite,nestedCreate,276,19
sdk,sqlite,nestedCreate,277,16
sdk,sqlite,nestedCreate,278,18
sdk,sqlite,nestedCreate,279,17
sdk,sqlite,nestedCreate,280,31
sdk,sqlite,nestedCreate,281,18
sdk,sqlite,nestedCreate,282,16
sdk,sqlite,nestedCreate,283,18
sdk,sqlite,nestedCreate,284,16
sdk,sqlite,nestedCreate,285,18
sdk,sqlite,nestedCreate,286,17
sdk,sqlite,nestedCreate,287,30
sdk,sqlite,nestedCreate,288,18
sdk,sqlite,nestedCreate,289,16
sdk,sqlite,nestedCreate,290,19
sdk,sqlite,nestedCreate,291,16
sdk,sqlite,nestedCreate,292,30
sdk,sqlite,nestedCreate,293,19
sdk,sqlite,nestedCreate,294,16
sdk,sqlite,nestedCreate,295,32
sdk,sqlite,nestedCreate,296,19
sdk,sqlite,nestedCreate,297,19
sdk,sqlite,nestedCreate,298,33
sdk,sqlite,nestedCreate,299,19
sdk,sqlite,nestedCreate,300,29
sdk,sqlite,nestedCreate,301,26
sdk,sqlite,nestedCreate,302,39
sdk,sqlite,nestedCreate,303,40
sdk,sqlite,nestedCreate,304,19
sdk,sqlite,nestedCreate,305,20
sdk,sqlite,nestedCreate,306,20
sdk,sqlite,nestedCreate,307,25
sdk,sqlite,nestedCreate,308,23
sdk,sqlite,nestedCreate,309,17
sdk,sqlite,nestedCreate,310,20
sdk,sqlite,nestedCreate,311,17
sdk,sqlite,nestedCreate,312,19
sdk,sqlite,nestedCreate,313,19
sdk,sqlite,nestedCreate,314,17
sdk,sqlite,nestedCreate,315,20
sdk,sqlite,nestedCreate,316,16
sdk,sqlite,nestedCreate,317,20
sdk,sqlite,nestedCreate,318,19
sdk,sqlite,nestedCreate,319,20
sdk,sqlite,nestedCreate,320,17
sdk,sqlite,nestedCreate,321,19
sdk,sqlite,nestedCreate,322,17
sdk,sqlite,nestedCreate,323,20
sdk,sqlite,nestedCreate,324,17
sdk,sqlite,nestedCreate,325,16
sdk,sqlite,nestedCreate,326,16
sdk,sqlite,nestedCreate,327,19
sdk,sqlite,nestedCreate,328,16
sdk,sqlite,nestedCreate,329,20
sdk,sqlite,nestedCreate,330,17
sdk,sqlite,nestedCreate,331,20
sdk,sqlite,nestedCreate,332,17
sdk,sqlite,nestedCreate,333,20
sdk,sqlite,nestedCreate,334,21
sdk,sqlite,nestedCreate,335,24
sdk,sqlite,nestedCreate,336,20
sdk,sqlite,nestedCreate,337,19
sdk,sqlite,nestedCreate,338,39
sdk,sqlite,nestedCreate,339,27
sdk,sqlite,nestedCreate,340,25
sdk,sqlite,nestedCreate,341,25
sdk,sqlite,nestedCreate,342,24
sdk,sqlite,nestedCreate,343,25
sdk,sqlite,nestedCreate,344,20
sdk,sqlite,nestedCreate,345,21
sdk,sqlite,nestedCreate,346,17
sdk,sqlite,nestedCreate,347,20
sdk,sqlite,nestedCreate,348,42
sdk,sqlite,nestedCreate,349,21
sdk,sqlite,nestedCreate,350,20
sdk,sqlite,nestedCreate,351,16
sdk,sqlite,nestedCreate,352,19
sdk,sqlite,nestedCreate,353,17
sdk,sqlite,nestedCreate,354,19
sdk,sqlite,nestedCreate,355,17
sdk,sqlite,nestedCreate,356,19
sdk,sqlite,nestedCreate,357,19
sdk,sqlite,nestedCreate,358,19
sdk,sqlite,nestedCreate,359,16
sdk,sqlite,nestedCreate,360,20
sdk,sqlite,nestedCreate,361,20
sdk,sqlite,nestedCreate,362,19
sdk,sqlite,nestedCreate,363,26
sdk,sqlite,nestedCreate,364,19
sdk,sqlite,nestedCreate,365,21
sdk,sqlite,nestedCreate,366,16
sdk,sqlite,nestedCreate,367,21
sdk,sqlite,nestedCreate,368,19
sdk,sqlite,nestedCreate,369,23
sdk,sqlite,nestedCreate,370,19
sdk,sqlite,nestedCreate,371,17
sdk,sqlite,nestedCreate,372,19
sdk,sqlite,nestedCreate,373,19
sdk,sqlite,nestedCreate,374,18
sdk,sqlite,nestedCreate,375,16
sdk,sqlite,nestedCreate,376,19
sdk,sqlite,nestedCreate,377,29
sdk,sqlite,nestedCreate,378,18
sdk,sqlite,nestedCreate,379,19
sdk,sqlite,nestedCreate,380,17
sdk,sqlite,nestedCreate,381,18
sdk,sqlite,nestedCreate,382,16
sdk,sqlite,nestedCreate,383,19
sdk,sqlite,nestedCreate,384,17
sdk,sqlite,nestedCreate,385,19
sdk,sqlite,nestedCreate,386,17
sdk,sqlite,nestedCreate,387,18
sdk,sqlite,nestedCreate,388,17
sdk,sqlite,nestedCreate,389,18
sdk,sqlite,nestedCreate,390,16
sdk,sqlite,nestedCreate,391,19
sdk,sqlite,nestedCreate,392,17
sdk,sqlite,nestedCreate,393,19
sdk,sqlite,nestedCreate,394,17
sdk,sqlite,nestedCreate,395,18
sdk,sqlite,nestedCreate,396,16
sdk,sqlite,nestedCreate,397,19
sdk,sqlite,nestedCreate,398,29
sdk,sqlite,nestedCreate,399,18
sdk,sqlite,nestedCreate,400,19
sdk,sqlite,nestedCreate,401,16
sdk,sqlite,nestedCreate,402,19
sdk,sqlite,nestedCreate,403,17
sdk,sqlite,nestedCreate,404,18
sdk,sqlite,nestedCreate,405,17
sdk,sqlite,nestedCreate,406,18
sdk,sqlite,nestedCreate,407,17
sdk,sqlite,nestedCreate,408,18
sdk,sqlite,nestedCreate,409,21
sdk,sqlite,nestedCreate,410,19
sdk,sqlite,nestedCreate,411,15
sdk,sqlite,nestedCreate,412,19
sdk,sqlite,nestedCreate,413,17
sdk,sqlite,nestedCreate,414,19
sdk,sqlite,nestedCreate,415,29
sdk,sqlite,nestedCreate,416,19
sdk,sqlite,nestedCreate,417,21
sdk,sqlite,nestedCreate,418,16
sdk,sqlite,nestedCreate,419,22
sdk,sqlite,nestedCreate,420,19
sdk,sqlite,nestedCreate,421,21
sdk,sqlite,nestedCreate,422,22
sdk,sqlite,nestedCreate,423,20
sdk,sqlite,nestedCreate,424,26
sdk,sqlite,nestedCreate,425,21
sdk,sqlite,nestedCreate,426,19
sdk,sqlite,nestedCreate,427,36
sdk,sqlite,nestedCreate,428,21
sdk,sqlite,nestedCreate,429,22
sdk,sqlite,nestedCreate,430,22
sdk,sqlite,nestedCreate,431,19
sdk,sqlite,nestedCreate,432,23
sdk,sqlite,nestedCreate,433,19
sdk,sqlite,nestedCreate,434,23
sdk,sqlite,nestedCreate,435,19
sdk,sqlite,nestedCreate,436,22
sdk,sqlite,nestedCreate,437,30
sdk,sqlite,nestedCreate,438,18
sdk,sqlite,nestedCreate,439,18
sdk,sqlite,nestedCreate,440,20
sdk,sqlite,nestedCreate,441,19
sdk,sqlite,nestedCreate,442,16
sdk,sqlite,nestedCreate,443,21
sdk,sqlite,nestedCreate,444,29
sdk,sqlite,nestedCreate,445,18
sdk,sqlite,nestedCreate,446,20
sdk,sqlite,nestedCreate,447,16
sdk,sqlite,nestedCreate,448,22
sdk,sqlite,nestedCreate,449,26
sdk,sqlite,nestedCreate,450,20
sdk,sqlite,nestedCreate,451,18
sdk,sqlite,nestedCreate,452,26
sdk,sqlite,nestedCreate,453,19
sdk,sqlite,nestedCreate,454,18
sdk,sqlite,nestedCreate,455,26
sdk,sqlite,nestedCreate,456,19
sdk,sqlite,nestedCreate,457,34
sdk,sqlite,nestedCreate,458,33
sdk,sqlite,nestedCreate,459,30
sdk,sqlite,nestedCreate,460,38
sdk,sqlite,nestedCreate,461,19
sdk,sqlite,nestedCreate,462,18
sdk,sqlite,nestedCreate,463,16
sdk,sqlite,nestedCreate,464,18
sdk,sqlite,nestedCreate,465,16
sdk,sqlite,nestedCreate,466,18
sdk,sqlite,nestedCreate,467,16
sdk,sqlite,nestedCreate,468,18
sdk,sqlite,nestedCreate,469,17
sdk,sqlite,nestedCreate,470,18
sdk,sqlite,nestedCreate,471,16
sdk,sqlite,nestedCreate,472,18
sdk,sqlite,nestedCreate,473,17
sdk,sqlite,nestedCreate,474,18
sdk,sqlite,nestedCreate,475,16
sdk,sqlite,nestedCreate,476,18
sdk,sqlite,nestedCreate,477,20
sdk,sqlite,nestedCreate,478,19
sdk,sqlite,nestedCreate,479,19
sdk,sqlite,nestedCreate,480,22
sdk,sqlite,nestedCreate,481,18
sdk,sqlite,nestedCreate,482,20
sdk,sqlite,nestedCreate,483,22
sdk,sqlite,nestedCreate,484,22
sdk,sqlite,nestedCreate,485,21
sdk,sqlite,nestedCreate,486,26
sdk,sqlite,nestedCreate,487,22
sdk,sqlite,nestedCreate,488,21
sdk,sqlite,nestedCreate,489,20
sdk,sqlite,nestedCreate,490,21
sdk,sqlite,nestedCreate,491,22
sdk,sqlite,nestedCreate,492,19
sdk,sqlite,nestedCreate,493,21
sdk,sqlite,nestedCreate,494,22
sdk,sqlite,nestedCreate,495,18
sdk,sqlite,nestedCreate,496,22
sdk,sqlite,nestedCreate,497,19
sdk,sqlite,nestedCreate,498,21
sdk,sqlite,nestedCreate,499,22
sdk,sqlite,nestedCreate,500,20
sdk,sqlite,nestedCreate,501,22
sdk,sqlite,nestedCreate,502,22
sdk,sqlite,nestedCreate,503,20
sdk,sqlite,nestedCreate,504,22
sdk,sqlite,nestedCreate,505,35
sdk,sqlite,nestedCreate,506,21
sdk,sqlite,nestedCreate,507,22
sdk,sqlite,nestedCreate,508,19
sdk,sqlite,nestedCreate,509,22
sdk,sqlite,nestedCreate,510,22
sdk,sqlite,nestedCreate,511,19
sdk,sqlite,nestedCreate,512,22
sdk,sqlite,nestedCreate,513,20
sdk,sqlite,nestedCreate,514,18
sdk,sqlite,nestedCreate,515,16
sdk,sqlite,nestedCreate,516,22
sdk,sqlite,nestedCreate,517,19
sdk,sqlite,nestedCreate,518,19
sdk,sqlite,nestedCreate,519,16
sdk,sqlite,nestedCreate,520,19
sdk,sqlite,nestedCreate,521,19
sdk,sqlite,nestedCreate,522,21
sdk,sqlite,nestedCreate,523,18
sdk,sqlite,nestedCreate,524,21
sdk,sqlite,nestedCreate,525,23
sdk,sqlite,nestedCreate,526,20
sdk,sqlite,nestedCreate,527,22
sdk,sqlite,nestedCreate,528,21
sdk,sqlite,nestedCreate,529,16
sdk,sqlite,nestedCreate,530,21
sdk,sqlite,nestedCreate,531,19
sdk,sqlite,nestedCreate,532,18
sdk,sqlite,nestedCreate,533,19
sdk,sqlite,nestedCreate,534,33
sdk,sqlite,nestedCreate,535,22
sdk,sqlite,nestedCreate,536,23
sdk,sqlite,nestedCreate,537,22
sdk,sqlite,nestedCreate,538,20
sdk,sqlite,nestedCreate,539,22
sdk,sqlite,nestedCreate,540,22
sdk,sqlite,nestedCreate,541,20
sdk,sqlite,nestedCreate,542,20
sdk,sqlite,nestedCreate,543,22
sdk,sqlite,nestedCreate,544,20
sdk,sqlite,nestedCreate,545,21
sdk,sqlite,nestedCreate,546,25
sdk,sqlite,nestedCreate,547,19
sdk,sqlite,nestedCreate,548,21
sdk,sqlite,nestedCreate,549,21
sdk,sqlite,nestedCreate,550,20
sdk,sqlite,nestedCreate,551,22
sdk,sqlite,nestedCreate,552,22
sdk,sqlite,nestedCreate,553,20
sdk,sqlite,nestedCreate,554,22
sdk,sqlite,nestedCreate,555,22
sdk,sqlite,nestedCreate,556,37
sdk,sqlite,nestedCreate,557,21
sdk,sqlite,nestedCreate,558,22
sdk,sqlite,nestedCreate,559,18
sdk,sqlite,nestedCreate,560,17
sdk,sqlite,nestedCreate,561,18
sdk,sqlite,nestedCreate,562,16
sdk,sqlite,nestedCreate,563,22
sdk,sqlite,nestedCreate,564,19
sdk,sqlite,nestedCreate,565,22
sdk,sqlite,nestedCreate,566,18
sdk,sqlite,nestedCreate,567,17
sdk,sqlite,nestedCreate,568,18
sdk,sqlite,nestedCreate,569,20
sdk,sqlite,nestedCreate,570,21
sdk,sqlite,nestedCreate,571,18
sdk,sqlite,nestedCreate,572,32
sdk,sqlite,nestedCreate,573,18
sdk,sqlite,nestedCreate,574,22
sdk,sqlite,nestedCreate,575,22
sdk,sqlite,nestedCreate,576,22
sdk,sqlite,nestedCreate,577,21
sdk,sqlite,nestedCreate,578,19
sdk,sqlite,nestedCreate,579,21
sdk,sqlite,nestedCreate,580,22
sdk,sqlite,nestedCreate,581,17
sdk,sqlite,nestedCreate,582,21
sdk,sqlite,nestedCreate,583,20
sdk,sqlite,nestedCreate,584,22
sdk,sqlite,nestedCreate,585,42
sdk,sqlite,nestedCreate,586,18
sdk,sqlite,nestedCreate,587,21
sdk,sqlite,nestedCreate,588,19
sdk,sqlite,nestedCreate,589,23
sdk,sqlite,nestedCreate,590,19
sdk,sqlite,nestedCreate,591,16
sdk,sqlite,nestedCreate,592,19
sdk,sqlite,nestedCreate,593,16
sdk,sqlite,nestedCreate,594,39
sdk,sqlite,nestedCreate,595,18
sdk,sqlite,nestedCreate,596,22
sdk,sqlite,nestedCreate,597,19
sdk,sqlite,nestedCreate,598,18
sdk,sqlite,nestedCreate,599,16
sdk,sqlite,nestedCreate,600,18
sdk,sqlite,nestedCreate,601,19
sdk,sqlite,nestedCreate,602,18
sdk,sqlite,nestedCreate,603,16
sdk,sqlite,nestedCreate,604,24
sdk,sqlite,nestedCreate,605,18
sdk,sqlite,nestedCreate,606,50
sdk,sqlite,nestedCreate,607,27
sdk,sqlite,nestedCreate,608,19
sdk,sqlite,nestedCreate,609,18
sdk,sqlite,nestedCreate,610,16
sdk,sqlite,nestedCreate,611,21
sdk,sqlite,nestedCreate,612,19
sdk,sqlite,nestedCreate,613,25
sdk,sqlite,nestedCreate,614,18
sdk,sqlite,nestedCreate,615,16
sdk,sqlite,nestedCreate,616,24
sdk,sqlite,nestedCreate,617,19
sdk,sqlite,nestedCreate,618,18
sdk,sqlite,nestedCreate,619,16
sdk,sqlite,nestedCreate,620,25
sdk,sqlite,nestedCreate,621,18
sdk,sqlite,nestedCreate,622,17
sdk,sqlite,nestedCreate,623,18
sdk,sqlite,nestedCreate,624,16
sdk,sqlite,nestedCreate,625,18
sdk,sqlite,nestedCreate,626,20
sdk,sqlite,nestedCreate,627,21
sdk,sqlite,nestedCreate,628,18
sdk,sqlite,nestedCreate,629,17
sdk,sqlite,nestedCreate,630,19
sdk,sqlite,nestedCreate,631,29
sdk,sqlite,nestedCreate,632,18
sdk,sqlite,nestedCreate,633,18
sdk,sqlite,nestedCreate,634,19
sdk,sqlite,nestedCreate,635,18
sdk,sqlite,nestedCreate,636,20
sdk,sqlite,nestedCreate,637,21
sdk,sqlite,nestedCreate,638,22
sdk,sqlite,nestedCreate,639,21
sdk,sqlite,nestedCreate,640,21
sdk,sqlite,nestedCreate,641,22
sdk,sqlite,nestedCreate,642,19
sdk,sqlite,nestedCreate,643,21
sdk,sqlite,nestedCreate,644,22
sdk,sqlite,nestedCreate,645,20
sdk,sqlite,nestedCreate,646,21
sdk,sqlite,nestedCreate,647,22
sdk,sqlite,nestedCreate,648,20
sdk,sqlite,nestedCreate,649,36
sdk,sqlite,nestedCreate,650,21
sdk,sqlite,nestedCreate,651,21
sdk,sqlite,nestedCreate,652,22
sdk,sqlite,nestedCreate,653,19
sdk,sqlite,nestedCreate,654,18
sdk,sqlite,nestedCreate,655,16
sdk,sqlite,nestedCreate,656,18
sdk,sqlite,nestedCreate,657,20
sdk,sqlite,nestedCreate,658,18
sdk,sqlite,nestedCreate,659,19
sdk,sqlite,nestedCreate,660,18
sdk,sqlite,nestedCreate,661,15
sdk,sqlite,nestedCreate,662,18
sdk,sqlite,nestedCreate,663,17
sdk,sqlite,nestedCreate,664,32
sdk,sqlite,nestedCreate,665,21
sdk,sqlite,nestedCreate,666,21
sdk,sqlite,nestedCreate,667,16
sdk,sqlite,nestedCreate,668,26
sdk,sqlite,nestedCreate,669,18
sdk,sqlite,nestedCreate,670,19
sdk,sqlite,nestedCreate,671,18
sdk,sqlite,nestedCreate,672,17
sdk,sqlite,nestedCreate,673,15
sdk,sqlite,nestedCreate,674,18
sdk,sqlite,nestedCreate,675,29
sdk,sqlite,nestedCreate,676,18
sdk,sqlite,nestedCreate,677,18
sdk,sqlite,nestedCreate,678,20
sdk,sqlite,nestedCreate,679,18
sdk,sqlite,nestedCreate,680,16
sdk,sqlite,nestedCreate,681,18
sdk,sqlite,nestedCreate,682,19
sdk,sqlite,nestedCreate,683,34
sdk,sqlite,nestedCreate,684,19
sdk,sqlite,nestedCreate,685,19
sdk,sqlite,nestedCreate,686,17
sdk,sqlite,nestedCreate,687,18
sdk,sqlite,nestedCreate,688,27
sdk,sqlite,nestedCreate,689,18
sdk,sqlite,nestedCreate,690,18
sdk,sqlite,nestedCreate,691,16
sdk,sqlite,nestedCreate,692,30
sdk,sqlite,nestedCreate,693,18
sdk,sqlite,nestedCreate,694,18
sdk,sqlite,nestedCreate,695,30
sdk,sqlite,nestedCreate,696,18
sdk,sqlite,nestedCreate,697,28
sdk,sqlite,nestedCreate,698,18
sdk,sqlite,nestedCreate,699,30
sdk,sqlite,nestedCreate,700,33
sdk,sqlite,nestedCreate,701,20
sdk,sqlite,nestedCreate,702,43
sdk,sqlite,nestedCreate,703,19
sdk,sqlite,nestedCreate,704,21
sdk,sqlite,nestedCreate,705,19
sdk,sqlite,nestedCreate,706,23
sdk,sqlite,nestedCreate,707,21
sdk,sqlite,nestedCreate,708,16
sdk,sqlite,nestedCreate,709,21
sdk,sqlite,nestedCreate,710,16
sdk,sqlite,nestedCreate,711,24
sdk,sqlite,nestedCreate,712,18
sdk,sqlite,nestedCreate,713,15
sdk,sqlite,nestedCreate,714,21
sdk,sqlite,nestedCreate,715,21
sdk,sqlite,nestedCreate,716,22
sdk,sqlite,nestedCreate,717,21
sdk,sqlite,nestedCreate,718,16
sdk,sqlite,nestedCreate,719,21
sdk,sqlite,nestedCreate,720,22
sdk,sqlite,nestedCreate,721,22
sdk,sqlite,nestedCreate,722,23
sdk,sqlite,nestedCreate,723,19
sdk,sqlite,nestedCreate,724,18
sdk,sqlite,nestedCreate,725,26
sdk,sqlite,nestedCreate,726,21
sdk,sqlite,nestedCreate,727,21
sdk,sqlite,nestedCreate,728,23
sdk,sqlite,nestedCreate,729,22
sdk,sqlite,nestedCreate,730,22
sdk,sqlite,nestedCreate,731,21
sdk,sqlite,nestedCreate,732,20
sdk,sqlite,nestedCreate,733,21
sdk,sqlite,nestedCreate,734,19
sdk,sqlite,nestedCreate,735,22
sdk,sqlite,nestedCreate,736,18
sdk,sqlite,nestedCreate,737,21
sdk,sqlite,nestedCreate,738,18
sdk,sqlite,nestedCreate,739,21
sdk,sqlite,nestedCreate,740,19
sdk,sqlite,nestedCreate,741,22
sdk,sqlite,nestedCreate,742,31
sdk,sqlite,nestedCreate,743,19
sdk,sqlite,nestedCreate,744,16
sdk,sqlite,nestedCreate,745,18
sdk,sqlite,nestedCreate,746,22
sdk,sqlite,nestedCreate,747,21
sdk,sqlite,nestedCreate,748,21
sdk,sqlite,nestedCreate,749,19
sdk,sqlite,nestedCreate,750,23
sdk,sqlite,nestedCreate,751,18
sdk,sqlite,nestedCreate,752,16
sdk,sqlite,nestedCreate,753,15
sdk,sqlite,nestedCreate,754,18
sdk,sqlite,nestedCreate,755,16
sdk,sqlite,nestedCreate,756,19
sdk,sqlite,nestedCreate,757,16
sdk,sqlite,nestedCreate,758,18
sdk,sqlite,nestedCreate,759,17
sdk,sqlite,nestedCreate,760,22
sdk,sqlite,nestedCreate,761,16
sdk,sqlite,nestedCreate,762,18
sdk,sqlite,nestedCreate,763,20
sdk,sqlite,nestedCreate,764,18
sdk,sqlite,nestedCreate,765,16
sdk,sqlite,nestedCreate,766,18
sdk,sqlite,nestedCreate,767,27
sdk,sqlite,nestedCreate,768,19
sdk,sqlite,nestedCreate,769,18
sdk,sqlite,nestedCreate,770,20
sdk,sqlite,nestedCreate,771,142
sdk,sqlite,nestedCreate,772,19
sdk,sqlite,nestedCreate,773,19
sdk,sqlite,nestedCreate,774,16
sdk,sqlite,nestedCreate,775,18
sdk,sqlite,nestedCreate,776,16
sdk,sqlite,nestedCreate,777,18
sdk,sqlite,nestedCreate,778,16
sdk,sqlite,nestedCreate,779,18
sdk,sqlite,nestedCreate,780,16
sdk,sqlite,nestedCreate,781,18
sdk,sqlite,nestedCreate,782,20
sdk,sqlite,nestedCreate,783,18
sdk,sqlite,nestedCreate,784,16
sdk,sqlite,nestedCreate,785,18
sdk,sqlite,nestedCreate,786,17
sdk,sqlite,nestedCreate,787,18
sdk,sqlite,nestedCreate,788,16
sdk,sqlite,nestedCreate,789,18
sdk,sqlite,nestedCreate,790,20
sdk,sqlite,nestedCreate,791,19
sdk,sqlite,nestedCreate,792,16
sdk,sqlite,nestedCreate,793,15
sdk,sqlite,nestedCreate,794,39
sdk,sqlite,nestedCreate,795,18
sdk,sqlite,nestedCreate,796,19
sdk,sqlite,nestedCreate,797,17
sdk,sqlite,nestedCreate,798,18
sdk,sqlite,nestedCreate,799,16
sdk,sqlite,nestedCreate,800,22
sdk,sqlite,nestedCreate,801,20
sdk,sqlite,nestedCreate,802,23
sdk,sqlite,nestedCreate,803,18
sdk,sqlite,nestedCreate,804,22
sdk,sqlite,nestedCreate,805,22
sdk,sqlite,nestedCreate,806,25
sdk,sqlite,nestedCreate,807,23
sdk,sqlite,nestedCreate,808,19
sdk,sqlite,nestedCreate,809,22
sdk,sqlite,nestedCreate,810,18
sdk,sqlite,nestedCreate,811,20
sdk,sqlite,nestedCreate,812,21
sdk,sqlite,nestedCreate,813,39
sdk,sqlite,nestedCreate,814,22
sdk,sqlite,nestedCreate,815,22
sdk,sqlite,nestedCreate,816,21
sdk,sqlite,nestedCreate,817,25
sdk,sqlite,nestedCreate,818,19
sdk,sqlite,nestedCreate,819,21
sdk,sqlite,nestedCreate,820,19
sdk,sqlite,nestedCreate,821,21
sdk,sqlite,nestedCreate,822,18
sdk,sqlite,nestedCreate,823,20
sdk,sqlite,nestedCreate,824,21
sdk,sqlite,nestedCreate,825,23
sdk,sqlite,nestedCreate,826,18
sdk,sqlite,nestedCreate,827,18
sdk,sqlite,nestedCreate,828,31
sdk,sqlite,nestedCreate,829,18
sdk,sqlite,nestedCreate,830,19
sdk,sqlite,nestedCreate,831,16
sdk,sqlite,nestedCreate,832,18
sdk,sqlite,nestedCreate,833,17
sdk,sqlite,nestedCreate,834,21
sdk,sqlite,nestedCreate,835,18
sdk,sqlite,nestedCreate,836,20
sdk,sqlite,nestedCreate,837,22
sdk,sqlite,nestedCreate,838,18
sdk,sqlite,nestedCreate,839,34
sdk,sqlite,nestedCreate,840,18
sdk,sqlite,nestedCreate,841,24
sdk,sqlite,nestedCreate,842,18
sdk,sqlite,nestedCreate,843,18
sdk,sqlite,nestedCreate,844,21
sdk,sqlite,nestedCreate,845,19
sdk,sqlite,nestedCreate,846,21
sdk,sqlite,nestedCreate,847,35
sdk,sqlite,nestedCreate,848,22
sdk,sqlite,nestedCreate,849,21
sdk,sqlite,nestedCreate,850,19
sdk,sqlite,nestedCreate,851,26
sdk,sqlite,nestedCreate,852,19
sdk,sqlite,nestedCreate,853,33
sdk,sqlite,nestedCreate,854,18
sdk,sqlite,nestedCreate,855,22
sdk,sqlite,nestedCreate,856,17
sdk,sqlite,nestedCreate,857,35
sdk,sqlite,nestedCreate,858,19
sdk,sqlite,nestedCreate,859,18
sdk,sqlite,nestedCreate,860,26
sdk,sqlite,nestedCreate,861,19
sdk,sqlite,nestedCreate,862,18
sdk,sqlite,nestedCreate,863,18
sdk,sqlite,nestedCreate,864,35
sdk,sqlite,nestedCreate,865,19
sdk,sqlite,nestedCreate,866,18
sdk,sqlite,nestedCreate,867,29
sdk,sqlite,nestedCreate,868,33
sdk,sqlite,nestedCreate,869,44
sdk,sqlite,nestedCreate,870,19
sdk,sqlite,nestedCreate,871,21
sdk,sqlite,nestedCreate,872,16
sdk,sqlite,nestedCreate,873,15
sdk,sqlite,nestedCreate,874,18
sdk,sqlite,nestedCreate,875,16
sdk,sqlite,nestedCreate,876,18
sdk,sqlite,nestedCreate,877,20
sdk,sqlite,nestedCreate,878,22
sdk,sqlite,nestedCreate,879,18
sdk,sqlite,nestedCreate,880,20
sdk,sqlite,nestedCreate,881,21
sdk,sqlite,nestedCreate,882,21
sdk,sqlite,nestedCreate,883,20
sdk,sqlite,nestedCreate,884,21
sdk,sqlite,nestedCreate,885,18
sdk,sqlite,nestedCreate,886,17
sdk,sqlite,nestedCreate,887,18
sdk,sqlite,nestedCreate,888,16
sdk,sqlite,nestedCreate,889,19
sdk,sqlite,nestedCreate,890,21
sdk,sqlite,nestedCreate,891,21
sdk,sqlite,nestedCreate,892,37
sdk,sqlite,nestedCreate,893,19
sdk,sqlite,nestedCreate,894,19
sdk,sqlite,nestedCreate,895,22
sdk,sqlite,nestedCreate,896,22
sdk,sqlite,nestedCreate,897,19
sdk,sqlite,nestedCreate,898,20
sdk,sqlite,nestedCreate,899,18
sdk,sqlite,nestedCreate,900,21
sdk,sqlite,nestedCreate,901,21
sdk,sqlite,nestedCreate,902,23
sdk,sqlite,nestedCreate,903,15
sdk,sqlite,nestedCreate,904,22
sdk,sqlite,nestedCreate,905,19
sdk,sqlite,nestedCreate,906,18
sdk,sqlite,nestedCreate,907,16
sdk,sqlite,nestedCreate,908,18
sdk,sqlite,nestedCreate,909,19
sdk,sqlite,nestedCreate,910,21
sdk,sqlite,nestedCreate,911,18
sdk,sqlite,nestedCreate,912,22
sdk,sqlite,nestedCreate,913,21
sdk,sqlite,nestedCreate,914,19
sdk,sqlite,nestedCreate,915,19
sdk,sqlite,nestedCreate,916,22
sdk,sqlite,nestedCreate,917,21
sdk,sqlite,nestedCreate,918,18
sdk,sqlite,nestedCreate,919,20
sdk,sqlite,nestedCreate,920,19
sdk,sqlite,nestedCreate,921,19
sdk,sqlite,nestedCreate,922,21
sdk,sqlite,nestedCreate,923,18
sdk,sqlite,nestedCreate,924,20
sdk,sqlite,nestedCreate,925,22
sdk,sqlite,nestedCreate,926,35
sdk,sqlite,nestedCreate,927,18
sdk,sqlite,nestedCreate,928,19
sdk,sqlite,nestedCreate,929,21
sdk,sqlite,nestedCreate,930,21
sdk,sqlite,nestedCreate,931,21
sdk,sqlite,nestedCreate,932,19
sdk,sqlite,nestedCreate,933,16
sdk,sqlite,nestedCreate,934,18
sdk,sqlite,nestedCreate,935,20
sdk,sqlite,nestedCreate,936,23
sdk,sqlite,nestedCreate,937,19
sdk,sqlite,nestedCreate,938,18
sdk,sqlite,nestedCreate,939,16
sdk,sqlite,nestedCreate,940,22
sdk,sqlite,nestedCreate,941,19
sdk,sqlite,nestedCreate,942,22
sdk,sqlite,nestedCreate,943,18
sdk,sqlite,nestedCreate,944,19
sdk,sqlite,nestedCreate,945,24
sdk,sqlite,nestedCreate,946,21
sdk,sqlite,nestedCreate,947,16
sdk,sqlite,nestedCreate,948,18
sdk,sqlite,nestedCreate,949,22
sdk,sqlite,nestedCreate,950,18
sdk,sqlite,nestedCreate,951,15
sdk,sqlite,nestedCreate,952,25
sdk,sqlite,nestedCreate,953,34
sdk,sqlite,nestedCreate,954,22
sdk,sqlite,nestedCreate,955,21
sdk,sqlite,nestedCreate,956,19
sdk,sqlite,nestedCreate,957,22
sdk,sqlite,nestedCreate,958,21
sdk,sqlite,nestedCreate,959,20
sdk,sqlite,nestedCreate,960,21
sdk,sqlite,nestedCreate,961,22
sdk,sqlite,nestedCreate,962,20
sdk,sqlite,nestedCreate,963,18
sdk,sqlite,nestedCreate,964,19
sdk,sqlite,nestedCreate,965,18
sdk,sqlite,nestedCreate,966,18
sdk,sqlite,nestedCreate,967,18
sdk,sqlite,nestedCreate,968,20
sdk,sqlite,nestedCreate,969,27
sdk,sqlite,nestedCreate,970,18
sdk,sqlite,nestedCreate,971,18
sdk,sqlite,nestedCreate,972,24
sdk,sqlite,nestedCreate,973,18
sdk,sqlite,nestedCreate,974,22
sdk,sqlite,nestedCreate,975,20
sdk,sqlite,nestedCreate,976,21
sdk,sqlite,nestedCreate,977,21
sdk,sqlite,nestedCreate,978,19
sdk,sqlite,nestedCreate,979,22
sdk,sqlite,nestedCreate,980,22
sdk,sqlite,nestedCreate,981,21
sdk,sqlite,nestedCreate,982,21
sdk,sqlite,nestedCreate,983,21
sdk,sqlite,nestedCreate,984,19
sdk,sqlite,nestedCreate,985,22
sdk,sqlite,nestedCreate,986,21
sdk,sqlite,nestedCreate,987,16
sdk,sqlite,nestedCreate,988,24
sdk,sqlite,nestedCreate,989,29
sdk,sqlite,nestedCreate,990,21
sdk,sqlite,nestedCreate,991,21
sdk,sqlite,nestedCreate,992,19
sdk,sqlite,nestedCreate,993,21
sdk,sqlite,nestedCreate,994,20
sdk,sqlite,nestedCreate,995,21
sdk,sqlite,nestedCreate,996,22
sdk,sqlite,nestedCreate,997,21
sdk,sqlite,nestedCreate,998,21
sdk,sqlite,nestedCreate,999,19
sdk,sqlite,nestedUpsert,0,27
sdk,sqlite,nestedUpsert,1,28
sdk,sqlite,nestedUpsert,2,31
sdk,sqlite,nestedUpsert,3,36
sdk,sqlite,nestedUpsert,4,34
sdk,sqlite,nestedUpsert,5,30
sdk,sqlite,nestedUpsert,6,31
sdk,sqlite,nestedUpsert,7,29
sdk,sqlite,nestedUpsert,8,36
sdk,sqlite,nestedUpsert,9,31
sdk,sqlite,nestedUpsert,10,31
sdk,sqlite,nestedUpsert,11,31
sdk,sqlite,nestedUpsert,12,34
sdk,sqlite,nestedUpsert,13,28
sdk,sqlite,nestedUpsert,14,31
sdk,sqlite,nestedUpsert,15,28
sdk,sqlite,nestedUpsert,16,28
sdk,sqlite,nestedUpsert,17,31
sdk,sqlite,nestedUpsert,18,28
sdk,sqlite,nestedUpsert,19,31
sdk,sqlite,nestedUpsert,20,34
sdk,sqlite,nestedUpsert,21,31
sdk,sqlite,nestedUpsert,22,28
sdk,sqlite,nestedUpsert,23,33
sdk,sqlite,nestedUpsert,24,28
sdk,sqlite,nestedUpsert,25,34
sdk,sqlite,nestedUpsert,26,31
sdk,sqlite,nestedUpsert,27,31
sdk,sqlite,nestedUpsert,28,31
sdk,sqlite,nestedUpsert,29,34
sdk,sqlite,nestedUpsert,30,31
sdk,sqlite,nestedUpsert,31,28
sdk,sqlite,nestedUpsert,32,29
sdk,sqlite,nestedUpsert,33,37
sdk,sqlite,nestedUpsert,34,29
sdk,sqlite,nestedUpsert,35,29
sdk,sqlite,nestedUpsert,36,29
sdk,sqlite,nestedUpsert,37,31
sdk,sqlite,nestedUpsert,38,34
sdk,sqlite,nestedUpsert,39,28
sdk,sqlite,nestedUpsert,40,34
sdk,sqlite,nestedUpsert,41,28
sdk,sqlite,nestedUpsert,42,29
sdk,sqlite,nestedUpsert,43,30
sdk,sqlite,nestedUpsert,44,31
sdk,sqlite,nestedUpsert,45,28
sdk,sqlite,nestedUpsert,46,29
sdk,sqlite,nestedUpsert,47,30
sdk,sqlite,nestedUpsert,48,29
sdk,sqlite,nestedUpsert,49,31
sdk,sqlite,nestedUpsert,50,31
sdk,sqlite,nestedUpsert,51,28
sdk,sqlite,nestedUpsert,52,34
sdk,sqlite,nestedUpsert,53,32
sdk,sqlite,nestedUpsert,54,28
sdk,sqlite,nestedUpsert,55,34
sdk,sqlite,nestedUpsert,56,31
sdk,sqlite,nestedUpsert,57,32
sdk,sqlite,nestedUpsert,58,29
sdk,sqlite,nestedUpsert,59,31
sdk,sqlite,nestedUpsert,60,28
sdk,sqlite,nestedUpsert,61,31
sdk,sqlite,nestedUpsert,62,28
sdk,sqlite,nestedUpsert,63,28
sdk,sqlite,nestedUpsert,64,30
sdk,sqlite,nestedUpsert,65,31
sdk,sqlite,nestedUpsert,66,28
sdk,sqlite,nestedUpsert,67,33
sdk,sqlite,nestedUpsert,68,34
sdk,sqlite,nestedUpsert,69,31
sdk,sqlite,nestedUpsert,70,31
sdk,sqlite,nestedUpsert,71,29
sdk,sqlite,nestedUpsert,72,29
sdk,sqlite,nestedUpsert,73,31
sdk,sqlite,nestedUpsert,74,28
sdk,sqlite,nestedUpsert,75,31
sdk,sqlite,nestedUpsert,76,28
sdk,sqlite,nestedUpsert,77,33
sdk,sqlite,nestedUpsert,78,31
sdk,sqlite,nestedUpsert,79,31
sdk,sqlite,nestedUpsert,80,27
sdk,sqlite,nestedUpsert,81,30
sdk,sqlite,nestedUpsert,82,28
sdk,sqlite,nestedUpsert,83,33
sdk,sqlite,nestedUpsert,84,28
sdk,sqlite,nestedUpsert,85,28
sdk,sqlite,nestedUpsert,86,30
sdk,sqlite,nestedUpsert,87,28
sdk,sqlite,nestedUpsert,88,30
sdk,sqlite,nestedUpsert,89,28
sdk,sqlite,nestedUpsert,90,30
sdk,sqlite,nestedUpsert,91,32
sdk,sqlite,nestedUpsert,92,31
sdk,sqlite,nestedUpsert,93,32
sdk,sqlite,nestedUpsert,94,35
sdk,sqlite,nestedUpsert,95,35
sdk,sqlite,nestedUpsert,96,31
sdk,sqlite,nestedUpsert,97,34
sdk,sqlite,nestedUpsert,98,33
sdk,sqlite,nestedUpsert,99,31
sdk,sqlite,nestedUpsert,100,31
sdk,sqlite,nestedUpsert,101,28
sdk,sqlite,nestedUpsert,102,33
sdk,sqlite,nestedUpsert,103,28
sdk,sqlite,nestedUpsert,104,35
sdk,sqlite,nestedUpsert,105,31
sdk,sqlite,nestedUpsert,106,30
sdk,sqlite,nestedUpsert,107,28
sdk,sqlite,nestedUpsert,108,30
sdk,sqlite,nestedUpsert,109,28
sdk,sqlite,nestedUpsert,110,28
sdk,sqlite,nestedUpsert,111,29
sdk,sqlite,nestedUpsert,112,32
sdk,sqlite,nestedUpsert,113,30
sdk,sqlite,nestedUpsert,114,28
sdk,sqlite,nestedUpsert,115,30
sdk,sqlite,nestedUpsert,116,28
sdk,sqlite,nestedUpsert,117,31
sdk,sqlite,nestedUpsert,118,38
sdk,sqlite,nestedUpsert,119,35
sdk,sqlite,nestedUpsert,120,30
sdk,sqlite,nestedUpsert,121,30
sdk,sqlite,nestedUpsert,122,33
sdk,sqlite,nestedUpsert,123,32
sdk,sqlite,nestedUpsert,124,29
sdk,sqlite,nestedUpsert,125,29
sdk,sqlite,nestedUpsert,126,29
sdk,sqlite,nestedUpsert,127,29
sdk,sqlite,nestedUpsert,128,28
sdk,sqlite,nestedUpsert,129,32
sdk,sqlite,nestedUpsert,130,30
sdk,sqlite,nestedUpsert,131,32
sdk,sqlite,nestedUpsert,132,31
sdk,sqlite,nestedUpsert,133,31
sdk,sqlite,nestedUpsert,134,32
sdk,sqlite,nestedUpsert,135,31
sdk,sqlite,nestedUpsert,136,28
sdk,sqlite,nestedUpsert,137,35
sdk,sqlite,nestedUpsert,138,35
sdk,sqlite,nestedUpsert,139,31
sdk,sqlite,nestedUpsert,140,32
sdk,sqlite,nestedUpsert,141,32
sdk,sqlite,nestedUpsert,142,34
sdk,sqlite,nestedUpsert,143,34
sdk,sqlite,nestedUpsert,144,31
sdk,sqlite,nestedUpsert,145,31
sdk,sqlite,nestedUpsert,146,28
sdk,sqlite,nestedUpsert,147,32
sdk,sqlite,nestedUpsert,148,31
sdk,sqlite,nestedUpsert,149,31
sdk,sqlite,nestedUpsert,150,29
sdk,sqlite,nestedUpsert,151,31
sdk,sqlite,nestedUpsert,152,29
sdk,sqlite,nestedUpsert,153,29
sdk,sqlite,nestedUpsert,154,31
sdk,sqlite,nestedUpsert,155,32
sdk,sqlite,nestedUpsert,156,28
sdk,sqlite,nestedUpsert,157,28
sdk,sqlite,nestedUpsert,158,29
sdk,sqlite,nestedUpsert,159,28
sdk,sqlite,nestedUpsert,160,34
sdk,sqlite,nestedUpsert,161,31
sdk,sqlite,nestedUpsert,162,31
sdk,sqlite,nestedUpsert,163,28
sdk,sqlite,nestedUpsert,164,34
sdk,sqlite,nestedUpsert,165,28
sdk,sqlite,nestedUpsert,166,28
sdk,sqlite,nestedUpsert,167,30
sdk,sqlite,nestedUpsert,168,28
sdk,sqlite,nestedUpsert,169,31
sdk,sqlite,nestedUpsert,170,28
sdk,sqlite,nestedUpsert,171,28
sdk,sqlite,nestedUpsert,172,28
sdk,sqlite,nestedUpsert,173,28
sdk,sqlite,nestedUpsert,174,30
sdk,sqlite,nestedUpsert,175,28
sdk,sqlite,nestedUpsert,176,28
sdk,sqlite,nestedUpsert,177,30
sdk,sqlite,nestedUpsert,178,28
sdk,sqlite,nestedUpsert,179,28
sdk,sqlite,nestedUpsert,180,30
sdk,sqlite,nestedUpsert,181,28
sdk,sqlite,nestedUpsert,182,28
sdk,sqlite,nestedUpsert,183,30
sdk,sqlite,nestedUpsert,184,28
sdk,sqlite,nestedUpsert,185,30
sdk,sqlite,nestedUpsert,186,28
sdk,sqlite,nestedUpsert,187,31
sdk,sqlite,nestedUpsert,188,28
sdk,sqlite,nestedUpsert,189,29
sdk,sqlite,nestedUpsert,190,28
sdk,sqlite,nestedUpsert,191,29
sdk,sqlite,nestedUpsert,192,29
sdk,sqlite,nestedUpsert,193,31
sdk,sqlite,nestedUpsert,194,31
sdk,sqlite,nestedUpsert,195,28
sdk,sqlite,nestedUpsert,196,28
sdk,sqlite,nestedUpsert,197,28
sdk,sqlite,nestedUpsert,198,28
sdk,sqlite,nestedUpsert,199,32
sdk,sqlite,nestedUpsert,200,28
sdk,sqlite,nestedUpsert,201,31
sdk,sqlite,nestedUpsert,202,28
sdk,sqlite,nestedUpsert,203,29
sdk,sqlite,nestedUpsert,204,28
sdk,sqlite,nestedUpsert,205,28
sdk,sqlite,nestedUpsert,206,28
sdk,sqlite,nestedUpsert,207,28
sdk,sqlite,nestedUpsert,208,28
sdk,sqlite,nestedUpsert,209,28
sdk,sqlite,nestedUpsert,210,31
sdk,sqlite,nestedUpsert,211,28
sdk,sqlite,nestedUpsert,212,28
sdk,sqlite,nestedUpsert,213,31
sdk,sqlite,nestedUpsert,214,28
sdk,sqlite,nestedUpsert,215,28
sdk,sqlite,nestedUpsert,216,28
sdk,sqlite,nestedUpsert,217,31
sdk,sqlite,nestedUpsert,218,28
sdk,sqlite,nestedUpsert,219,30
sdk,sqlite,nestedUpsert,220,28
sdk,sqlite,nestedUpsert,221,28
sdk,sqlite,nestedUpsert,222,30
sdk,sqlite,nestedUpsert,223,28
sdk,sqlite,nestedUpsert,224,28
sdk,sqlite,nestedUpsert,225,28
sdk,sqlite,nestedUpsert,226,28
sdk,sqlite,nestedUpsert,227,28
sdk,sqlite,nestedUpsert,228,30
sdk,sqlite,nestedUpsert,229,28
sdk,sqlite,nestedUpsert,230,28
sdk,sqlite,nestedUpsert,231,29
sdk,sqlite,nestedUpsert,232,29
sdk,sqlite,nestedUpsert,233,31
sdk,sqlite,nestedUpsert,234,30
sdk,sqlite,nestedUpsert,235,32
sdk,sqlite,nestedUpsert,236,29
sdk,sqlite,nestedUpsert,237,28
sdk,sqlite,nestedUpsert,238,29
sdk,sqlite,nestedUpsert,239,28
sdk,sqlite,nestedUpsert,240,28
sdk,sqlite,nestedUpsert,241,31
sdk,sqlite,nestedUpsert,242,28
sdk,sqlite,nestedUpsert,243,30
sdk,sqlite,nestedUpsert,244,28
sdk,sqlite,nestedUpsert,245,30
sdk,sqlite,nestedUpsert,246,28
sdk,sqlite,nestedUpsert,247,31
sdk,sqlite,nestedUpsert,248,28
sdk,sqlite,nestedUpsert,249,28
sdk,sqlite,nestedUpsert,250,30
sdk,sqlite,nestedUpsert,251,28
sdk,sqlite,nestedUpsert,252,30
sdk,sqlite,nestedUpsert,253,28
sdk,sqlite,nestedUpsert,254,28
sdk,sqlite,nestedUpsert,255,28
sdk,sqlite,nestedUpsert,256,31
sdk,sqlite,nestedUpsert,257,28
sdk,sqlite,nestedUpsert,258,28
sdk,sqlite,nestedUpsert,259,28
sdk,sqlite,nestedUpsert,260,28
sdk,sqlite,nestedUpsert,261,28
sdk,sqlite,nestedUpsert,262,28
sdk,sqlite,nestedUpsert,263,28
sdk,sqlite,nestedUpsert,264,31
sdk,sqlite,nestedUpsert,265,28
sdk,sqlite,nestedUpsert,266,28
sdk,sqlite,nestedUpsert,267,31
sdk,sqlite,nestedUpsert,268,28
sdk,sqlite,nestedUpsert,269,31
sdk,sqlite,nestedUpsert,270,31
sdk,sqlite,nestedUpsert,271,28
sdk,sqlite,nestedUpsert,272,29
sdk,sqlite,nestedUpsert,273,31
sdk,sqlite,nestedUpsert,274,28
sdk,sqlite,nestedUpsert,275,25
sdk,sqlite,nestedUpsert,276,30
sdk,sqlite,nestedUpsert,277,31
sdk,sqlite,nestedUpsert,278,30
sdk,sqlite,nestedUpsert,279,29
sdk,sqlite,nestedUpsert,280,30
sdk,sqlite,nestedUpsert,281,28
sdk,sqlite,nestedUpsert,282,30
sdk,sqlite,nestedUpsert,283,28
sdk,sqlite,nestedUpsert,284,28
sdk,sqlite,nestedUpsert,285,28
sdk,sqlite,nestedUpsert,286,28
sdk,sqlite,nestedUpsert,287,29
sdk,sqlite,nestedUpsert,288,28
sdk,sqlite,nestedUpsert,289,29
sdk,sqlite,nestedUpsert,290,31
sdk,sqlite,nestedUpsert,291,28
sdk,sqlite,nestedUpsert,292,82
sdk,sqlite,nestedUpsert,293,32
sdk,sqlite,nestedUpsert,294,26
sdk,sqlite,nestedUpsert,295,28
sdk,sqlite,nestedUpsert,296,30
sdk,sqlite,nestedUpsert,297,155
sdk,sqlite,nestedUpsert,298,34
sdk,sqlite,nestedUpsert,299,38
sdk,sqlite,nestedUpsert,300,36
sdk,sqlite,nestedUpsert,301,33
sdk,sqlite,nestedUpsert,302,32
sdk,sqlite,nestedUpsert,303,43
sdk,sqlite,nestedUpsert,304,33
sdk,sqlite,nestedUpsert,305,35
sdk,sqlite,nestedUpsert,306,226
sdk,sqlite,nestedUpsert,307,38
sdk,sqlite,nestedUpsert,308,33
sdk,sqlite,nestedUpsert,309,34
sdk,sqlite,nestedUpsert,310,33
sdk,sqlite,nestedUpsert,311,33
sdk,sqlite,nestedUpsert,312,30
sdk,sqlite,nestedUpsert,313,35
sdk,sqlite,nestedUpsert,314,32
sdk,sqlite,nestedUpsert,315,29
sdk,sqlite,nestedUpsert,316,29
sdk,sqlite,nestedUpsert,317,29
sdk,sqlite,nestedUpsert,318,34
sdk,sqlite,nestedUpsert,319,28
sdk,sqlite,nestedUpsert,320,31
sdk,sqlite,nestedUpsert,321,29
sdk,sqlite,nestedUpsert,322,31
sdk,sqlite,nestedUpsert,323,31
sdk,sqlite,nestedUpsert,324,31
sdk,sqlite,nestedUpsert,325,31
sdk,sqlite,nestedUpsert,326,31
sdk,sqlite,nestedUpsert,327,29
sdk,sqlite,nestedUpsert,328,34
sdk,sqlite,nestedUpsert,329,31
sdk,sqlite,nestedUpsert,330,28
sdk,sqlite,nestedUpsert,331,31
sdk,sqlite,nestedUpsert,332,32
sdk,sqlite,nestedUpsert,333,28
sdk,sqlite,nestedUpsert,334,31
sdk,sqlite,nestedUpsert,335,28
sdk,sqlite,nestedUpsert,336,31
sdk,sqlite,nestedUpsert,337,28
sdk,sqlite,nestedUpsert,338,28
sdk,sqlite,nestedUpsert,339,28
sdk,sqlite,nestedUpsert,340,31
sdk,sqlite,nestedUpsert,341,31
sdk,sqlite,nestedUpsert,342,28
sdk,sqlite,nestedUpsert,343,28
sdk,sqlite,nestedUpsert,344,32
sdk,sqlite,nestedUpsert,345,30
sdk,sqlite,nestedUpsert,346,28
sdk,sqlite,nestedUpsert,347,33
sdk,sqlite,nestedUpsert,348,28
sdk,sqlite,nestedUpsert,349,28
sdk,sqlite,nestedUpsert,350,28
sdk,sqlite,nestedUpsert,351,31
sdk,sqlite,nestedUpsert,352,29
sdk,sqlite,nestedUpsert,353,31
sdk,sqlite,nestedUpsert,354,29
sdk,sqlite,nestedUpsert,355,30
sdk,sqlite,nestedUpsert,356,31
sdk,sqlite,nestedUpsert,357,29
sdk,sqlite,nestedUpsert,358,33
sdk,sqlite,nestedUpsert,359,28
sdk,sqlite,nestedUpsert,360,31
sdk,sqlite,nestedUpsert,361,28
sdk,sqlite,nestedUpsert,362,31
sdk,sqlite,nestedUpsert,363,30
sdk,sqlite,nestedUpsert,364,31
sdk,sqlite,nestedUpsert,365,28
sdk,sqlite,nestedUpsert,366,28
sdk,sqlite,nestedUpsert,367,28
sdk,sqlite,nestedUpsert,368,30
sdk,sqlite,nestedUpsert,369,31
sdk,sqlite,nestedUpsert,370,28
sdk,sqlite,nestedUpsert,371,31
sdk,sqlite,nestedUpsert,372,31
sdk,sqlite,nestedUpsert,373,30
sdk,sqlite,nestedUpsert,374,28
sdk,sqlite,nestedUpsert,375,30
sdk,sqlite,nestedUpsert,376,31
sdk,sqlite,nestedUpsert,377,28
sdk,sqlite,nestedUpsert,378,30
sdk,sqlite,nestedUpsert,379,28
sdk,sqlite,nestedUpsert,380,30
sdk,sqlite,nestedUpsert,381,30
sdk,sqlite,nestedUpsert,382,31
sdk,sqlite,nestedUpsert,383,30
sdk,sqlite,nestedUpsert,384,30
sdk,sqlite,nestedUpsert,385,28
sdk,sqlite,nestedUpsert,386,30
sdk,sqlite,nestedUpsert,387,28
sdk,sqlite,nestedUpsert,388,31
sdk,sqlite,nestedUpsert,389,30
sdk,sqlite,nestedUpsert,390,29
sdk,sqlite,nestedUpsert,391,29
sdk,sqlite,nestedUpsert,392,29
sdk,sqlite,nestedUpsert,393,30
sdk,sqlite,nestedUpsert,394,31
sdk,sqlite,nestedUpsert,395,31
sdk,sqlite,nestedUpsert,396,28
sdk,sqlite,nestedUpsert,397,30
sdk,sqlite,nestedUpsert,398,31
sdk,sqlite,nestedUpsert,399,28
sdk,sqlite,nestedUpsert,400,31
sdk,sqlite,nestedUpsert,401,31
sdk,sqlite,nestedUpsert,402,28
sdk,sqlite,nestedUpsert,403,30
sdk,sqlite,nestedUpsert,404,34
sdk,sqlite,nestedUpsert,405,28
sdk,sqlite,nestedUpsert,406,30
sdk,sqlite,nestedUpsert,407,35
sdk,sqlite,nestedUpsert,408,28
sdk,sqlite,nestedUpsert,409,30
sdk,sqlite,nestedUpsert,410,31
sdk,sqlite,nestedUpsert,411,28
sdk,sqlite,nestedUpsert,412,31
sdk,sqlite,nestedUpsert,413,29
sdk,sqlite,nestedUpsert,414,30
sdk,sqlite,nestedUpsert,415,28
sdk,sqlite,nestedUpsert,416,30
sdk,sqlite,nestedUpsert,417,30
sdk,sqlite,nestedUpsert,418,30
sdk,sqlite,nestedUpsert,419,30
sdk,sqlite,nestedUpsert,420,28
sdk,sqlite,nestedUpsert,421,30
sdk,sqlite,nestedUpsert,422,31
sdk,sqlite,nestedUpsert,423,28
sdk,sqlite,nestedUpsert,424,31
sdk,sqlite,nestedUpsert,425,30
sdk,sqlite,nestedUpsert,426,31
sdk,sqlite,nestedUpsert,427,28
sdk,sqlite,nestedUpsert,428,30
sdk,sqlite,nestedUpsert,429,30
sdk,sqlite,nestedUpsert,430,28
sdk,sqlite,nestedUpsert,431,29
sdk,sqlite,nestedUpsert,432,29
sdk,sqlite,nestedUpsert,433,31
sdk,sqlite,nestedUpsert,434,30
sdk,sqlite,nestedUpsert,435,31
sdk,sqlite,nestedUpsert,436,28
sdk,sqlite,nestedUpsert,437,31
sdk,sqlite,nestedUpsert,438,28
sdk,sqlite,nestedUpsert,439,31
sdk,sqlite,nestedUpsert,440,28
sdk,sqlite,nestedUpsert,441,30
sdk,sqlite,nestedUpsert,442,31
sdk,sqlite,nestedUpsert,443,28
sdk,sqlite,nestedUpsert,444,30
sdk,sqlite,nestedUpsert,445,30
sdk,sqlite,nestedUpsert,446,30
sdk,sqlite,nestedUpsert,447,28
sdk,sqlite,nestedUpsert,448,31
sdk,sqlite,nestedUpsert,449,28
sdk,sqlite,nestedUpsert,450,30
sdk,sqlite,nestedUpsert,451,30
sdk,sqlite,nestedUpsert,452,30
sdk,sqlite,nestedUpsert,453,31
sdk,sqlite,nestedUpsert,454,28
sdk,sqlite,nestedUpsert,455,30
sdk,sqlite,nestedUpsert,456,30
sdk,sqlite,nestedUpsert,457,30
sdk,sqlite,nestedUpsert,458,28
sdk,sqlite,nestedUpsert,459,30
sdk,sqlite,nestedUpsert,460,28
sdk,sqlite,nestedUpsert,461,33
sdk,sqlite,nestedUpsert,462,28
sdk,sqlite,nestedUpsert,463,30
sdk,sqlite,nestedUpsert,464,30
sdk,sqlite,nestedUpsert,465,28
sdk,sqlite,nestedUpsert,466,28
sdk,sqlite,nestedUpsert,467,30
sdk,sqlite,nestedUpsert,468,28
sdk,sqlite,nestedUpsert,469,30
sdk,sqlite,nestedUpsert,470,30
sdk,sqlite,nestedUpsert,471,28
sdk,sqlite,nestedUpsert,472,33
sdk,sqlite,nestedUpsert,473,29
sdk,sqlite,nestedUpsert,474,31
sdk,sqlite,nestedUpsert,475,30
sdk,sqlite,nestedUpsert,476,30
sdk,sqlite,nestedUpsert,477,28
sdk,sqlite,nestedUpsert,478,31
sdk,sqlite,nestedUpsert,479,31
sdk,sqlite,nestedUpsert,480,30
sdk,sqlite,nestedUpsert,481,30
sdk,sqlite,nestedUpsert,482,28
sdk,sqlite,nestedUpsert,483,30
sdk,sqlite,nestedUpsert,484,31
sdk,sqlite,nestedUpsert,485,28
sdk,sqlite,nestedUpsert,486,31
sdk,sqlite,nestedUpsert,487,30
sdk,sqlite,nestedUpsert,488,28
sdk,sqlite,nestedUpsert,489,30
sdk,sqlite,nestedUpsert,490,28
sdk,sqlite,nestedUpsert,491,30
sdk,sqlite,nestedUpsert,492,30
sdk,sqlite,nestedUpsert,493,30
sdk,sqlite,nestedUpsert,494,30
sdk,sqlite,nestedUpsert,495,28
sdk,sqlite,nestedUpsert,496,30
sdk,sqlite,nestedUpsert,497,30
sdk,sqlite,nestedUpsert,498,28
sdk,sqlite,nestedUpsert,499,30
sdk,sqlite,nestedUpsert,500,30
sdk,sqlite,nestedUpsert,501,30
sdk,sqlite,nestedUpsert,502,27
sdk,sqlite,nestedUpsert,503,30
sdk,sqlite,nestedUpsert,504,30
sdk,sqlite,nestedUpsert,505,28
sdk,sqlite,nestedUpsert,506,30
sdk,sqlite,nestedUpsert,507,30
sdk,sqlite,nestedUpsert,508,28
sdk,sqlite,nestedUpsert,509,30
sdk,sqlite,nestedUpsert,510,28
sdk,sqlite,nestedUpsert,511,35
sdk,sqlite,nestedUpsert,512,29
sdk,sqlite,nestedUpsert,513,31
sdk,sqlite,nestedUpsert,514,35
sdk,sqlite,nestedUpsert,515,33
sdk,sqlite,nestedUpsert,516,32
sdk,sqlite,nestedUpsert,517,28
sdk,sqlite,nestedUpsert,518,30
sdk,sqlite,nestedUpsert,519,31
sdk,sqlite,nestedUpsert,520,28
sdk,sqlite,nestedUpsert,521,30
sdk,sqlite,nestedUpsert,522,30
sdk,sqlite,nestedUpsert,523,28
sdk,sqlite,nestedUpsert,524,30
sdk,sqlite,nestedUpsert,525,30
sdk,sqlite,nestedUpsert,526,30
sdk,sqlite,nestedUpsert,527,30
sdk,sqlite,nestedUpsert,528,28
sdk,sqlite,nestedUpsert,529,28
sdk,sqlite,nestedUpsert,530,30
sdk,sqlite,nestedUpsert,531,28
sdk,sqlite,nestedUpsert,532,33
sdk,sqlite,nestedUpsert,533,28
sdk,sqlite,nestedUpsert,534,30
sdk,sqlite,nestedUpsert,535,30
sdk,sqlite,nestedUpsert,536,28
sdk,sqlite,nestedUpsert,537,30
sdk,sqlite,nestedUpsert,538,31
sdk,sqlite,nestedUpsert,539,32
sdk,sqlite,nestedUpsert,540,32
sdk,sqlite,nestedUpsert,541,32
sdk,sqlite,nestedUpsert,542,32
sdk,sqlite,nestedUpsert,543,30
sdk,sqlite,nestedUpsert,544,31
sdk,sqlite,nestedUpsert,545,30
sdk,sqlite,nestedUpsert,546,28
sdk,sqlite,nestedUpsert,547,30
sdk,sqlite,nestedUpsert,548,30
sdk,sqlite,nestedUpsert,549,30
sdk,sqlite,nestedUpsert,550,30
sdk,sqlite,nestedUpsert,551,28
sdk,sqlite,nestedUpsert,552,29
sdk,sqlite,nestedUpsert,553,30
sdk,sqlite,nestedUpsert,554,31
sdk,sqlite,nestedUpsert,555,28
sdk,sqlite,nestedUpsert,556,28
sdk,sqlite,nestedUpsert,557,33
sdk,sqlite,nestedUpsert,558,29
sdk,sqlite,nestedUpsert,559,31
sdk,sqlite,nestedUpsert,560,28
sdk,sqlite,nestedUpsert,561,31
sdk,sqlite,nestedUpsert,562,30
sdk,sqlite,nestedUpsert,563,26
sdk,sqlite,nestedUpsert,564,28
sdk,sqlite,nestedUpsert,565,28
sdk,sqlite,nestedUpsert,566,30
sdk,sqlite,nestedUpsert,567,27
sdk,sqlite,nestedUpsert,568,30
sdk,sqlite,nestedUpsert,569,30
sdk,sqlite,nestedUpsert,570,30
sdk,sqlite,nestedUpsert,571,30
sdk,sqlite,nestedUpsert,572,30
sdk,sqlite,nestedUpsert,573,30
sdk,sqlite,nestedUpsert,574,28
sdk,sqlite,nestedUpsert,575,30
sdk,sqlite,nestedUpsert,576,28
sdk,sqlite,nestedUpsert,577,31
sdk,sqlite,nestedUpsert,578,28
sdk,sqlite,nestedUpsert,579,30
sdk,sqlite,nestedUpsert,580,28
sdk,sqlite,nestedUpsert,581,30
sdk,sqlite,nestedUpsert,582,30
sdk,sqlite,nestedUpsert,583,28
sdk,sqlite,nestedUpsert,584,30
sdk,sqlite,nestedUpsert,585,28
sdk,sqlite,nestedUpsert,586,30
sdk,sqlite,nestedUpsert,587,28
sdk,sqlite,nestedUpsert,588,30
sdk,sqlite,nestedUpsert,589,28
sdk,sqlite,nestedUpsert,590,28
sdk,sqlite,nestedUpsert,591,29
sdk,sqlite,nestedUpsert,592,29
sdk,sqlite,nestedUpsert,593,30
sdk,sqlite,nestedUpsert,594,30
sdk,sqlite,nestedUpsert,595,28
sdk,sqlite,nestedUpsert,596,30
sdk,sqlite,nestedUpsert,597,30
sdk,sqlite,nestedUpsert,598,28
sdk,sqlite,nestedUpsert,599,30
sdk,sqlite,nestedUpsert,600,30
sdk,sqlite,nestedUpsert,601,28
sdk,sqlite,nestedUpsert,602,30
sdk,sqlite,nestedUpsert,603,26
sdk,sqlite,nestedUpsert,604,30
sdk,sqlite,nestedUpsert,605,28
sdk,sqlite,nestedUpsert,606,33
sdk,sqlite,nestedUpsert,607,31
sdk,sqlite,nestedUpsert,608,31
sdk,sqlite,nestedUpsert,609,28
sdk,sqlite,nestedUpsert,610,30
sdk,sqlite,nestedUpsert,611,30
sdk,sqlite,nestedUpsert,612,28
sdk,sqlite,nestedUpsert,613,30
sdk,sqlite,nestedUpsert,614,28
sdk,sqlite,nestedUpsert,615,32
sdk,sqlite,nestedUpsert,616,30
sdk,sqlite,nestedUpsert,617,28
sdk,sqlite,nestedUpsert,618,31
sdk,sqlite,nestedUpsert,619,28
sdk,sqlite,nestedUpsert,620,31
sdk,sqlite,nestedUpsert,621,30
sdk,sqlite,nestedUpsert,622,28
sdk,sqlite,nestedUpsert,623,30
sdk,sqlite,nestedUpsert,624,30
sdk,sqlite,nestedUpsert,625,28
sdk,sqlite,nestedUpsert,626,28
sdk,sqlite,nestedUpsert,627,30
sdk,sqlite,nestedUpsert,628,28
sdk,sqlite,nestedUpsert,629,31
sdk,sqlite,nestedUpsert,630,28
sdk,sqlite,nestedUpsert,631,28
sdk,sqlite,nestedUpsert,632,31
sdk,sqlite,nestedUpsert,633,30
sdk,sqlite,nestedUpsert,634,30
sdk,sqlite,nestedUpsert,635,28
sdk,sqlite,nestedUpsert,636,28
sdk,sqlite,nestedUpsert,637,28
sdk,sqlite,nestedUpsert,638,28
sdk,sqlite,nestedUpsert,639,30
sdk,sqlite,nestedUpsert,640,30
sdk,sqlite,nestedUpsert,641,31
sdk,sqlite,nestedUpsert,642,33
sdk,sqlite,nestedUpsert,643,30
sdk,sqlite,nestedUpsert,644,32
sdk,sqlite,nestedUpsert,645,34
sdk,sqlite,nestedUpsert,646,31
sdk,sqlite,nestedUpsert,647,28
sdk,sqlite,nestedUpsert,648,36
sdk,sqlite,nestedUpsert,649,31
sdk,sqlite,nestedUpsert,650,31
sdk,sqlite,nestedUpsert,651,34
sdk,sqlite,nestedUpsert,652,28
sdk,sqlite,nestedUpsert,653,30
sdk,sqlite,nestedUpsert,654,28
sdk,sqlite,nestedUpsert,655,30
sdk,sqlite,nestedUpsert,656,29
sdk,sqlite,nestedUpsert,657,31
sdk,sqlite,nestedUpsert,658,30
sdk,sqlite,nestedUpsert,659,30
sdk,sqlite,nestedUpsert,660,31
sdk,sqlite,nestedUpsert,661,28
sdk,sqlite,nestedUpsert,662,36
sdk,sqlite,nestedUpsert,663,30
sdk,sqlite,nestedUpsert,664,31
sdk,sqlite,nestedUpsert,665,31
sdk,sqlite,nestedUpsert,666,28
sdk,sqlite,nestedUpsert,667,30
sdk,sqlite,nestedUpsert,668,30
sdk,sqlite,nestedUpsert,669,31
sdk,sqlite,nestedUpsert,670,30
sdk,sqlite,nestedUpsert,671,28
sdk,sqlite,nestedUpsert,672,29
sdk,sqlite,nestedUpsert,673,30
sdk,sqlite,nestedUpsert,674,30
sdk,sqlite,nestedUpsert,675,29
sdk,sqlite,nestedUpsert,676,28
sdk,sqlite,nestedUpsert,677,30
sdk,sqlite,nestedUpsert,678,28
sdk,sqlite,nestedUpsert,679,30
sdk,sqlite,nestedUpsert,680,28
sdk,sqlite,nestedUpsert,681,28
sdk,sqlite,nestedUpsert,682,30
sdk,sqlite,nestedUpsert,683,28
sdk,sqlite,nestedUpsert,684,30
sdk,sqlite,nestedUpsert,685,28
sdk,sqlite,nestedUpsert,686,30
sdk,sqlite,nestedUpsert,687,28
sdk,sqlite,nestedUpsert,688,28
sdk,sqlite,nestedUpsert,689,33
sdk,sqlite,nestedUpsert,690,30
sdk,sqlite,nestedUpsert,691,29
sdk,sqlite,nestedUpsert,692,28
sdk,sqlite,nestedUpsert,693,30
sdk,sqlite,nestedUpsert,694,28
sdk,sqlite,nestedUpsert,695,30
sdk,sqlite,nestedUpsert,696,28
sdk,sqlite,nestedUpsert,697,30
sdk,sqlite,nestedUpsert,698,28
sdk,sqlite,nestedUpsert,699,30
sdk,sqlite,nestedUpsert,700,31
sdk,sqlite,nestedUpsert,701,34
sdk,sqlite,nestedUpsert,702,28
sdk,sqlite,nestedUpsert,703,28
sdk,sqlite,nestedUpsert,704,31
sdk,sqlite,nestedUpsert,705,31
sdk,sqlite,nestedUpsert,706,34
sdk,sqlite,nestedUpsert,707,31
sdk,sqlite,nestedUpsert,708,30
sdk,sqlite,nestedUpsert,709,30
sdk,sqlite,nestedUpsert,710,31
sdk,sqlite,nestedUpsert,711,31
sdk,sqlite,nestedUpsert,712,28
sdk,sqlite,nestedUpsert,713,30
sdk,sqlite,nestedUpsert,714,33
sdk,sqlite,nestedUpsert,715,31
sdk,sqlite,nestedUpsert,716,31
sdk,sqlite,nestedUpsert,717,28
sdk,sqlite,nestedUpsert,718,28
sdk,sqlite,nestedUpsert,719,35
sdk,sqlite,nestedUpsert,720,28
sdk,sqlite,nestedUpsert,721,34
sdk,sqlite,nestedUpsert,722,31
sdk,sqlite,nestedUpsert,723,31
sdk,sqlite,nestedUpsert,724,31
sdk,sqlite,nestedUpsert,725,28
sdk,sqlite,nestedUpsert,726,30
sdk,sqlite,nestedUpsert,727,27
sdk,sqlite,nestedUpsert,728,30
sdk,sqlite,nestedUpsert,729,28
sdk,sqlite,nestedUpsert,730,30
sdk,sqlite,nestedUpsert,731,32
sdk,sqlite,nestedUpsert,732,31
sdk,sqlite,nestedUpsert,733,30
sdk,sqlite,nestedUpsert,734,31
sdk,sqlite,nestedUpsert,735,27
sdk,sqlite,nestedUpsert,736,34
sdk,sqlite,nestedUpsert,737,28
sdk,sqlite,nestedUpsert,738,28
sdk,sqlite,nestedUpsert,739,28
sdk,sqlite,nestedUpsert,740,30
sdk,sqlite,nestedUpsert,741,28
sdk,sqlite,nestedUpsert,742,30
sdk,sqlite,nestedUpsert,743,28
sdk,sqlite,nestedUpsert,744,31
sdk,sqlite,nestedUpsert,745,28
sdk,sqlite,nestedUpsert,746,30
sdk,sqlite,nestedUpsert,747,28
sdk,sqlite,nestedUpsert,748,30
sdk,sqlite,nestedUpsert,749,28
sdk,sqlite,nestedUpsert,750,31
sdk,sqlite,nestedUpsert,751,28
sdk,sqlite,nestedUpsert,752,29
sdk,sqlite,nestedUpsert,753,30
sdk,sqlite,nestedUpsert,754,30
sdk,sqlite,nestedUpsert,755,28
sdk,sqlite,nestedUpsert,756,28
sdk,sqlite,nestedUpsert,757,28
sdk,sqlite,nestedUpsert,758,28
sdk,sqlite,nestedUpsert,759,30
sdk,sqlite,nestedUpsert,760,28
sdk,sqlite,nestedUpsert,761,28
sdk,sqlite,nestedUpsert,762,28
sdk,sqlite,nestedUpsert,763,30
sdk,sqlite,nestedUpsert,764,27
sdk,sqlite,nestedUpsert,765,30
sdk,sqlite,nestedUpsert,766,28
sdk,sqlite,nestedUpsert,767,33
sdk,sqlite,nestedUpsert,768,28
sdk,sqlite,nestedUpsert,769,30
sdk,sqlite,nestedUpsert,770,30
sdk,sqlite,nestedUpsert,771,28
sdk,sqlite,nestedUpsert,772,28
sdk,sqlite,nestedUpsert,773,31
sdk,sqlite,nestedUpsert,774,27
sdk,sqlite,nestedUpsert,775,30
sdk,sqlite,nestedUpsert,776,28
sdk,sqlite,nestedUpsert,777,28
sdk,sqlite,nestedUpsert,778,28
sdk,sqlite,nestedUpsert,779,30
sdk,sqlite,nestedUpsert,780,28
sdk,sqlite,nestedUpsert,781,33
sdk,sqlite,nestedUpsert,782,28
sdk,sqlite,nestedUpsert,783,31
sdk,sqlite,nestedUpsert,784,28
sdk,sqlite,nestedUpsert,785,30
sdk,sqlite,nestedUpsert,786,28
sdk,sqlite,nestedUpsert,787,31
sdk,sqlite,nestedUpsert,788,28
sdk,sqlite,nestedUpsert,789,30
sdk,sqlite,nestedUpsert,790,28
sdk,sqlite,nestedUpsert,791,28
sdk,sqlite,nestedUpsert,792,29
sdk,sqlite,nestedUpsert,793,30
sdk,sqlite,nestedUpsert,794,30
sdk,sqlite,nestedUpsert,795,30
sdk,sqlite,nestedUpsert,796,27
sdk,sqlite,nestedUpsert,797,30
sdk,sqlite,nestedUpsert,798,28
sdk,sqlite,nestedUpsert,799,28
sdk,sqlite,nestedUpsert,800,28
sdk,sqlite,nestedUpsert,801,30
sdk,sqlite,nestedUpsert,802,30
sdk,sqlite,nestedUpsert,803,27
sdk,sqlite,nestedUpsert,804,30
sdk,sqlite,nestedUpsert,805,27
sdk,sqlite,nestedUpsert,806,30
sdk,sqlite,nestedUpsert,807,27
sdk,sqlite,nestedUpsert,808,30
sdk,sqlite,nestedUpsert,809,28
sdk,sqlite,nestedUpsert,810,30
sdk,sqlite,nestedUpsert,811,28
sdk,sqlite,nestedUpsert,812,28
sdk,sqlite,nestedUpsert,813,30
sdk,sqlite,nestedUpsert,814,27
sdk,sqlite,nestedUpsert,815,30
sdk,sqlite,nestedUpsert,816,31
sdk,sqlite,nestedUpsert,817,28
sdk,sqlite,nestedUpsert,818,30
sdk,sqlite,nestedUpsert,819,30
sdk,sqlite,nestedUpsert,820,28
sdk,sqlite,nestedUpsert,821,36
sdk,sqlite,nestedUpsert,822,28
sdk,sqlite,nestedUpsert,823,40
sdk,sqlite,nestedUpsert,824,28
sdk,sqlite,nestedUpsert,825,29
sdk,sqlite,nestedUpsert,826,31
sdk,sqlite,nestedUpsert,827,28
sdk,sqlite,nestedUpsert,828,30
sdk,sqlite,nestedUpsert,829,28
sdk,sqlite,nestedUpsert,830,28
sdk,sqlite,nestedUpsert,831,30
sdk,sqlite,nestedUpsert,832,28
sdk,sqlite,nestedUpsert,833,30
sdk,sqlite,nestedUpsert,834,30
sdk,sqlite,nestedUpsert,835,30
sdk,sqlite,nestedUpsert,836,26
sdk,sqlite,nestedUpsert,837,30
sdk,sqlite,nestedUpsert,838,27
sdk,sqlite,nestedUpsert,839,28
sdk,sqlite,nestedUpsert,840,28
sdk,sqlite,nestedUpsert,841,28
sdk,sqlite,nestedUpsert,842,30
sdk,sqlite,nestedUpsert,843,28
sdk,sqlite,nestedUpsert,844,30
sdk,sqlite,nestedUpsert,845,31
sdk,sqlite,nestedUpsert,846,28
sdk,sqlite,nestedUpsert,847,28
sdk,sqlite,nestedUpsert,848,28
sdk,sqlite,nestedUpsert,849,31
sdk,sqlite,nestedUpsert,850,28
sdk,sqlite,nestedUpsert,851,28
sdk,sqlite,nestedUpsert,852,28
sdk,sqlite,nestedUpsert,853,28
sdk,sqlite,nestedUpsert,854,28
sdk,sqlite,nestedUpsert,855,30
sdk,sqlite,nestedUpsert,856,28
sdk,sqlite,nestedUpsert,857,30
sdk,sqlite,nestedUpsert,858,27
sdk,sqlite,nestedUpsert,859,30
sdk,sqlite,nestedUpsert,860,28
sdk,sqlite,nestedUpsert,861,30
sdk,sqlite,nestedUpsert,862,30
sdk,sqlite,nestedUpsert,863,30
sdk,sqlite,nestedUpsert,864,27
sdk,sqlite,nestedUpsert,865,30
sdk,sqlite,nestedUpsert,866,27
sdk,sqlite,nestedUpsert,867,30
sdk,sqlite,nestedUpsert,868,28
sdk,sqlite,nestedUpsert,869,28
sdk,sqlite,nestedUpsert,870,28
sdk,sqlite,nestedUpsert,871,32
sdk,sqlite,nestedUpsert,872,31
sdk,sqlite,nestedUpsert,873,30
sdk,sqlite,nestedUpsert,874,28
sdk,sqlite,nestedUpsert,875,28
sdk,sqlite,nestedUpsert,876,28
sdk,sqlite,nestedUpsert,877,28
sdk,sqlite,nestedUpsert,878,30
sdk,sqlite,nestedUpsert,879,28
sdk,sqlite,nestedUpsert,880,30
sdk,sqlite,nestedUpsert,881,28
sdk,sqlite,nestedUpsert,882,31
sdk,sqlite,nestedUpsert,883,27
sdk,sqlite,nestedUpsert,884,31
sdk,sqlite,nestedUpsert,885,28
sdk,sqlite,nestedUpsert,886,30
sdk,sqlite,nestedUpsert,887,28
sdk,sqlite,nestedUpsert,888,30
sdk,sqlite,nestedUpsert,889,28
sdk,sqlite,nestedUpsert,890,30
sdk,sqlite,nestedUpsert,891,28
sdk,sqlite,nestedUpsert,892,28
sdk,sqlite,nestedUpsert,893,28
sdk,sqlite,nestedUpsert,894,30
sdk,sqlite,nestedUpsert,895,31
sdk,sqlite,nestedUpsert,896,33
sdk,sqlite,nestedUpsert,897,28
sdk,sqlite,nestedUpsert,898,35
sdk,sqlite,nestedUpsert,899,36
sdk,sqlite,nestedUpsert,900,31
sdk,sqlite,nestedUpsert,901,37
sdk,sqlite,nestedUpsert,902,29
sdk,sqlite,nestedUpsert,903,36
sdk,sqlite,nestedUpsert,904,32
sdk,sqlite,nestedUpsert,905,36
sdk,sqlite,nestedUpsert,906,31
sdk,sqlite,nestedUpsert,907,34
sdk,sqlite,nestedUpsert,908,31
sdk,sqlite,nestedUpsert,909,30
sdk,sqlite,nestedUpsert,910,31
sdk,sqlite,nestedUpsert,911,28
sdk,sqlite,nestedUpsert,912,30
sdk,sqlite,nestedUpsert,913,34
sdk,sqlite,nestedUpsert,914,35
sdk,sqlite,nestedUpsert,915,29
sdk,sqlite,nestedUpsert,916,31
sdk,sqlite,nestedUpsert,917,31
sdk,sqlite,nestedUpsert,918,36
sdk,sqlite,nestedUpsert,919,31
sdk,sqlite,nestedUpsert,920,29
sdk,sqlite,nestedUpsert,921,32
sdk,sqlite,nestedUpsert,922,31
sdk,sqlite,nestedUpsert,923,33
sdk,sqlite,nestedUpsert,924,31
sdk,sqlite,nestedUpsert,925,31
sdk,sqlite,nestedUpsert,926,31
sdk,sqlite,nestedUpsert,927,34
sdk,sqlite,nestedUpsert,928,32
sdk,sqlite,nestedUpsert,929,41
sdk,sqlite,nestedUpsert,930,31
sdk,sqlite,nestedUpsert,931,31
sdk,sqlite,nestedUpsert,932,28
sdk,sqlite,nestedUpsert,933,30
sdk,sqlite,nestedUpsert,934,28
sdk,sqlite,nestedUpsert,935,30
sdk,sqlite,nestedUpsert,936,28
sdk,sqlite,nestedUpsert,937,30
sdk,sqlite,nestedUpsert,938,28
sdk,sqlite,nestedUpsert,939,28
sdk,sqlite,nestedUpsert,940,30
sdk,sqlite,nestedUpsert,941,28
sdk,sqlite,nestedUpsert,942,30
sdk,sqlite,nestedUpsert,943,28
sdk,sqlite,nestedUpsert,944,30
sdk,sqlite,nestedUpsert,945,28
sdk,sqlite,nestedUpsert,946,32
sdk,sqlite,nestedUpsert,947,28
sdk,sqlite,nestedUpsert,948,34
sdk,sqlite,nestedUpsert,949,31
sdk,sqlite,nestedUpsert,950,27
sdk,sqlite,nestedUpsert,951,31
sdk,sqlite,nestedUpsert,952,28
sdk,sqlite,nestedUpsert,953,30
sdk,sqlite,nestedUpsert,954,30
sdk,sqlite,nestedUpsert,955,31
sdk,sqlite,nestedUpsert,956,28
sdk,sqlite,nestedUpsert,957,30
sdk,sqlite,nestedUpsert,958,30
sdk,sqlite,nestedUpsert,959,31
sdk,sqlite,nestedUpsert,960,30
sdk,sqlite,nestedUpsert,961,30
sdk,sqlite,nestedUpsert,962,33
sdk,sqlite,nestedUpsert,963,28
sdk,sqlite,nestedUpsert,964,30
sdk,sqlite,nestedUpsert,965,28
sdk,sqlite,nestedUpsert,966,28
sdk,sqlite,nestedUpsert,967,30
sdk,sqlite,nestedUpsert,968,28
sdk,sqlite,nestedUpsert,969,31
sdk,sqlite,nestedUpsert,970,28
sdk,sqlite,nestedUpsert,971,31
sdk,sqlite,nestedUpsert,972,31
sdk,sqlite,nestedUpsert,973,28
sdk,sqlite,nestedUpsert,974,28
sdk,sqlite,nestedUpsert,975,31
sdk,sqlite,nestedUpsert,976,28
sdk,sqlite,nestedUpsert,977,30
sdk,sqlite,nestedUpsert,978,28
sdk,sqlite,nestedUpsert,979,30
sdk,sqlite,nestedUpsert,980,28
sdk,sqlite,nestedUpsert,981,31
sdk,sqlite,nestedUpsert,982,28
sdk,sqlite,nestedUpsert,983,30
sdk,sqlite,nestedUpsert,984,28
sdk,sqlite,nestedUpsert,985,30
sdk,sqlite,nestedUpsert,986,27
sdk,sqlite,nestedUpsert,987,30
sdk,sqlite,nestedUpsert,988,28
sdk,sqlite,nestedUpsert,989,30
sdk,sqlite,nestedUpsert,990,28
sdk,sqlite,nestedUpsert,991,30
sdk,sqlite,nestedUpsert,992,28
sdk,sqlite,nestedUpsert,993,30
sdk,sqlite,nestedUpsert,994,30
sdk,sqlite,nestedUpsert,995,30
sdk,sqlite,nestedUpsert,996,28
sdk,sqlite,nestedUpsert,997,28
sdk,sqlite,nestedUpsert,998,28
sdk,sqlite,nestedUpsert,999,30
sdk,sqlite,nestedUpdate,0,280
sdk,sqlite,nestedUpdate,1,284
sdk,sqlite,nestedUpdate,2,286
sdk,sqlite,nestedUpdate,3,286
sdk,sqlite,nestedUpdate,4,284
sdk,sqlite,nestedUpdate,5,288
sdk,sqlite,nestedUpdate,6,285
sdk,sqlite,nestedUpdate,7,287
sdk,sqlite,nestedUpdate,8,284
sdk,sqlite,nestedUpdate,9,286
sdk,sqlite,nestedUpdate,10,285
sdk,sqlite,nestedUpdate,11,286
sdk,sqlite,nestedUpdate,12,284
sdk,sqlite,nestedUpdate,13,286
sdk,sqlite,nestedUpdate,14,284
sdk,sqlite,nestedUpdate,15,286
sdk,sqlite,nestedUpdate,16,284
sdk,sqlite,nestedUpdate,17,286
sdk,sqlite,nestedUpdate,18,285
sdk,sqlite,nestedUpdate,19,286
sdk,sqlite,nestedUpdate,20,285
sdk,sqlite,nestedUpdate,21,285
sdk,sqlite,nestedUpdate,22,284
sdk,sqlite,nestedUpdate,23,286
sdk,sqlite,nestedUpdate,24,284
sdk,sqlite,nestedUpdate,25,284
sdk,sqlite,nestedUpdate,26,285
sdk,sqlite,nestedUpdate,27,287
sdk,sqlite,nestedUpdate,28,286
sdk,sqlite,nestedUpdate,29,289
sdk,sqlite,nestedUpdate,30,284
sdk,sqlite,nestedUpdate,31,285
sdk,sqlite,nestedUpdate,32,284
sdk,sqlite,nestedUpdate,33,286
sdk,sqlite,nestedUpdate,34,285
sdk,sqlite,nestedUpdate,35,286
sdk,sqlite,nestedUpdate,36,284
sdk,sqlite,nestedUpdate,37,284
sdk,sqlite,nestedUpdate,38,284
sdk,sqlite,nestedUpdate,39,285
sdk,sqlite,nestedUpdate,40,285
sdk,sqlite,nestedUpdate,41,286
sdk,sqlite,nestedUpdate,42,285
sdk,sqlite,nestedUpdate,43,284
sdk,sqlite,nestedUpdate,44,296
sdk,sqlite,nestedUpdate,45,286
sdk,sqlite,nestedUpdate,46,284
sdk,sqlite,nestedUpdate,47,286
sdk,sqlite,nestedUpdate,48,284
sdk,sqlite,nestedUpdate,49,285
sdk,sqlite,nestedUpdate,50,283
sdk,sqlite,nestedUpdate,51,287
sdk,sqlite,nestedUpdate,52,284
sdk,sqlite,nestedUpdate,53,285
sdk,sqlite,nestedUpdate,54,285
sdk,sqlite,nestedUpdate,55,284
sdk,sqlite,nestedUpdate,56,310
sdk,sqlite,nestedUpdate,57,293
sdk,sqlite,nestedUpdate,58,285
sdk,sqlite,nestedUpdate,59,285
sdk,sqlite,nestedUpdate,60,290
sdk,sqlite,nestedUpdate,61,284
sdk,sqlite,nestedUpdate,62,285
sdk,sqlite,nestedUpdate,63,286
sdk,sqlite,nestedUpdate,64,286
sdk,sqlite,nestedUpdate,65,286
sdk,sqlite,nestedUpdate,66,284
sdk,sqlite,nestedUpdate,67,285
sdk,sqlite,nestedUpdate,68,284
sdk,sqlite,nestedUpdate,69,287
sdk,sqlite,nestedUpdate,70,284
sdk,sqlite,nestedUpdate,71,286
sdk,sqlite,nestedUpdate,72,284
sdk,sqlite,nestedUpdate,73,285
sdk,sqlite,nestedUpdate,74,285
sdk,sqlite,nestedUpdate,75,287
sdk,sqlite,nestedUpdate,76,284
sdk,sqlite,nestedUpdate,77,286
sdk,sqlite,nestedUpdate,78,285
sdk,sqlite,nestedUpdate,79,283
sdk,sqlite,nestedUpdate,80,285
sdk,sqlite,nestedUpdate,81,286
sdk,sqlite,nestedUpdate,82,283
sdk,sqlite,nestedUpdate,83,285
sdk,sqlite,nestedUpdate,84,285
sdk,sqlite,nestedUpdate,85,285
sdk,sqlite,nestedUpdate,86,289
sdk,sqlite,nestedUpdate,87,287
sdk,sqlite,nestedUpdate,88,285
sdk,sqlite,nestedUpdate,89,291
sdk,sqlite,nestedUpdate,90,288
sdk,sqlite,nestedUpdate,91,284
sdk,sqlite,nestedUpdate,92,284
sdk,sqlite,nestedUpdate,93,285
sdk,sqlite,nestedUpdate,94,285
sdk,sqlite,nestedUpdate,95,286
sdk,sqlite,nestedUpdate,96,313
sdk,sqlite,nestedUpdate,97,285
sdk,sqlite,nestedUpdate,98,285
sdk,sqlite,nestedUpdate,99,286
sdk,sqlite,nestedUpdate,100,285
sdk,sqlite,nestedUpdate,101,286
sdk,sqlite,nestedUpdate,102,284
sdk,sqlite,nestedUpdate,103,284
sdk,sqlite,nestedUpdate,104,284
sdk,sqlite,nestedUpdate,105,286
sdk,sqlite,nestedUpdate,106,283
sdk,sqlite,nestedUpdate,107,286
sdk,sqlite,nestedUpdate,108,285
sdk,sqlite,nestedUpdate,109,284
sdk,sqlite,nestedUpdate,110,285
sdk,sqlite,nestedUpdate,111,287
sdk,sqlite,nestedUpdate,112,285
sdk,sqlite,nestedUpdate,113,287
sdk,sqlite,nestedUpdate,114,285
sdk,sqlite,nestedUpdate,115,285
sdk,sqlite,nestedUpdate,116,284
sdk,sqlite,nestedUpdate,117,286
sdk,sqlite,nestedUpdate,118,284
sdk,sqlite,nestedUpdate,119,285
sdk,sqlite,nestedUpdate,120,284
sdk,sqlite,nestedUpdate,121,285
sdk,sqlite,nestedUpdate,122,284
sdk,sqlite,nestedUpdate,123,286
sdk,sqlite,nestedUpdate,124,285
sdk,sqlite,nestedUpdate,125,286
sdk,sqlite,nestedUpdate,126,285
sdk,sqlite,nestedUpdate,127,286
sdk,sqlite,nestedUpdate,128,284
sdk,sqlite,nestedUpdate,129,287
sdk,sqlite,nestedUpdate,130,284
sdk,sqlite,nestedUpdate,131,291
sdk,sqlite,nestedUpdate,132,285
sdk,sqlite,nestedUpdate,133,284
sdk,sqlite,nestedUpdate,134,289
sdk,sqlite,nestedUpdate,135,286
sdk,sqlite,nestedUpdate,136,285
sdk,sqlite,nestedUpdate,137,287
sdk,sqlite,nestedUpdate,138,284
sdk,sqlite,nestedUpdate,139,285
sdk,sqlite,nestedUpdate,140,291
sdk,sqlite,nestedUpdate,141,286
sdk,sqlite,nestedUpdate,142,286
sdk,sqlite,nestedUpdate,143,287
sdk,sqlite,nestedUpdate,144,285
sdk,sqlite,nestedUpdate,145,285
sdk,sqlite,nestedUpdate,146,285
sdk,sqlite,nestedUpdate,147,285
sdk,sqlite,nestedUpdate,148,297
sdk,sqlite,nestedUpdate,149,286
sdk,sqlite,nestedUpdate,150,284
sdk,sqlite,nestedUpdate,151,284
sdk,sqlite,nestedUpdate,152,283
sdk,sqlite,nestedUpdate,153,286
sdk,sqlite,nestedUpdate,154,284
sdk,sqlite,nestedUpdate,155,287
sdk,sqlite,nestedUpdate,156,284
sdk,sqlite,nestedUpdate,157,283
sdk,sqlite,nestedUpdate,158,283
sdk,sqlite,nestedUpdate,159,286
sdk,sqlite,nestedUpdate,160,284
sdk,sqlite,nestedUpdate,161,286
sdk,sqlite,nestedUpdate,162,284
sdk,sqlite,nestedUpdate,163,285
sdk,sqlite,nestedUpdate,164,284
sdk,sqlite,nestedUpdate,165,287
sdk,sqlite,nestedUpdate,166,285
sdk,sqlite,nestedUpdate,167,286
sdk,sqlite,nestedUpdate,168,285
sdk,sqlite,nestedUpdate,169,284
sdk,sqlite,nestedUpdate,170,284
sdk,sqlite,nestedUpdate,171,286
sdk,sqlite,nestedUpdate,172,284
sdk,sqlite,nestedUpdate,173,287
sdk,sqlite,nestedUpdate,174,289
sdk,sqlite,nestedUpdate,175,285
sdk,sqlite,nestedUpdate,176,285
sdk,sqlite,nestedUpdate,177,287
sdk,sqlite,nestedUpdate,178,285
sdk,sqlite,nestedUpdate,179,286
sdk,sqlite,nestedUpdate,180,284
sdk,sqlite,nestedUpdate,181,284
sdk,sqlite,nestedUpdate,182,284
sdk,sqlite,nestedUpdate,183,287
sdk,sqlite,nestedUpdate,184,285
sdk,sqlite,nestedUpdate,185,287
sdk,sqlite,nestedUpdate,186,285
sdk,sqlite,nestedUpdate,187,305
sdk,sqlite,nestedUpdate,188,284
sdk,sqlite,nestedUpdate,189,286
sdk,sqlite,nestedUpdate,190,284
sdk,sqlite,nestedUpdate,191,286
sdk,sqlite,nestedUpdate,192,284
sdk,sqlite,nestedUpdate,193,285
sdk,sqlite,nestedUpdate,194,286
sdk,sqlite,nestedUpdate,195,288
sdk,sqlite,nestedUpdate,196,284
sdk,sqlite,nestedUpdate,197,286
sdk,sqlite,nestedUpdate,198,284
sdk,sqlite,nestedUpdate,199,288
sdk,sqlite,nestedUpdate,200,288
sdk,sqlite,nestedUpdate,201,316
sdk,sqlite,nestedUpdate,202,288
sdk,sqlite,nestedUpdate,203,286
sdk,sqlite,nestedUpdate,204,284
sdk,sqlite,nestedUpdate,205,284
sdk,sqlite,nestedUpdate,206,284
sdk,sqlite,nestedUpdate,207,286
sdk,sqlite,nestedUpdate,208,284
sdk,sqlite,nestedUpdate,209,286
sdk,sqlite,nestedUpdate,210,284
sdk,sqlite,nestedUpdate,211,286
sdk,sqlite,nestedUpdate,212,284
sdk,sqlite,nestedUpdate,213,286
sdk,sqlite,nestedUpdate,214,284
sdk,sqlite,nestedUpdate,215,289
sdk,sqlite,nestedUpdate,216,284
sdk,sqlite,nestedUpdate,217,284
sdk,sqlite,nestedUpdate,218,284
sdk,sqlite,nestedUpdate,219,287
sdk,sqlite,nestedUpdate,220,285
sdk,sqlite,nestedUpdate,221,285
sdk,sqlite,nestedUpdate,222,296
sdk,sqlite,nestedUpdate,223,285
sdk,sqlite,nestedUpdate,224,284
sdk,sqlite,nestedUpdate,225,286
sdk,sqlite,nestedUpdate,226,284
sdk,sqlite,nestedUpdate,227,286
sdk,sqlite,nestedUpdate,228,297
sdk,sqlite,nestedUpdate,229,302
sdk,sqlite,nestedUpdate,230,292
sdk,sqlite,nestedUpdate,231,286
sdk,sqlite,nestedUpdate,232,283
sdk,sqlite,nestedUpdate,233,288
sdk,sqlite,nestedUpdate,234,286
sdk,sqlite,nestedUpdate,235,288
sdk,sqlite,nestedUpdate,236,284
sdk,sqlite,nestedUpdate,237,286
sdk,sqlite,nestedUpdate,238,285
sdk,sqlite,nestedUpdate,239,289
sdk,sqlite,nestedUpdate,240,285
sdk,sqlite,nestedUpdate,241,284
sdk,sqlite,nestedUpdate,242,284
sdk,sqlite,nestedUpdate,243,286
sdk,sqlite,nestedUpdate,244,284
sdk,sqlite,nestedUpdate,245,288
sdk,sqlite,nestedUpdate,246,284
sdk,sqlite,nestedUpdate,247,285
sdk,sqlite,nestedUpdate,248,285
sdk,sqlite,nestedUpdate,249,286
sdk,sqlite,nestedUpdate,250,284
sdk,sqlite,nestedUpdate,251,285
sdk,sqlite,nestedUpdate,252,291
sdk,sqlite,nestedUpdate,253,300
sdk,sqlite,nestedUpdate,254,309
sdk,sqlite,nestedUpdate,255,290
sdk,sqlite,nestedUpdate,256,283
sdk,sqlite,nestedUpdate,257,292
sdk,sqlite,nestedUpdate,258,282
sdk,sqlite,nestedUpdate,259,283
sdk,sqlite,nestedUpdate,260,282
sdk,sqlite,nestedUpdate,261,286
sdk,sqlite,nestedUpdate,262,283
sdk,sqlite,nestedUpdate,263,286
sdk,sqlite,nestedUpdate,264,283
sdk,sqlite,nestedUpdate,265,284
sdk,sqlite,nestedUpdate,266,284
sdk,sqlite,nestedUpdate,267,286
sdk,sqlite,nestedUpdate,268,291
sdk,sqlite,nestedUpdate,269,294
sdk,sqlite,nestedUpdate,270,286
sdk,sqlite,nestedUpdate,271,285
sdk,sqlite,nestedUpdate,272,284
sdk,sqlite,nestedUpdate,273,287
sdk,sqlite,nestedUpdate,274,284
sdk,sqlite,nestedUpdate,275,286
sdk,sqlite,nestedUpdate,276,288
sdk,sqlite,nestedUpdate,277,284
sdk,sqlite,nestedUpdate,278,284
sdk,sqlite,nestedUpdate,279,288
sdk,sqlite,nestedUpdate,280,284
sdk,sqlite,nestedUpdate,281,286
sdk,sqlite,nestedUpdate,282,286
sdk,sqlite,nestedUpdate,283,285
sdk,sqlite,nestedUpdate,284,284
sdk,sqlite,nestedUpdate,285,287
sdk,sqlite,nestedUpdate,286,288
sdk,sqlite,nestedUpdate,287,286
sdk,sqlite,nestedUpdate,288,284
sdk,sqlite,nestedUpdate,289,284
sdk,sqlite,nestedUpdate,290,284
sdk,sqlite,nestedUpdate,291,285
sdk,sqlite,nestedUpdate,292,284
sdk,sqlite,nestedUpdate,293,291
sdk,sqlite,nestedUpdate,294,286
sdk,sqlite,nestedUpdate,295,284
sdk,sqlite,nestedUpdate,296,284
sdk,sqlite,nestedUpdate,297,285
sdk,sqlite,nestedUpdate,298,284
sdk,sqlite,nestedUpdate,299,287
sdk,sqlite,nestedUpdate,300,284
sdk,sqlite,nestedUpdate,301,284
sdk,sqlite,nestedUpdate,302,284
sdk,sqlite,nestedUpdate,303,285
sdk,sqlite,nestedUpdate,304,314
sdk,sqlite,nestedUpdate,305,287
sdk,sqlite,nestedUpdate,306,283
sdk,sqlite,nestedUpdate,307,284
sdk,sqlite,nestedUpdate,308,285
sdk,sqlite,nestedUpdate,309,287
sdk,sqlite,nestedUpdate,310,285
sdk,sqlite,nestedUpdate,311,286
sdk,sqlite,nestedUpdate,312,288
sdk,sqlite,nestedUpdate,313,284
sdk,sqlite,nestedUpdate,314,284
sdk,sqlite,nestedUpdate,315,286
sdk,sqlite,nestedUpdate,316,284
sdk,sqlite,nestedUpdate,317,289
sdk,sqlite,nestedUpdate,318,284
sdk,sqlite,nestedUpdate,319,289
sdk,sqlite,nestedUpdate,320,287
sdk,sqlite,nestedUpdate,321,287
sdk,sqlite,nestedUpdate,322,284
sdk,sqlite,nestedUpdate,323,285
sdk,sqlite,nestedUpdate,324,284
sdk,sqlite,nestedUpdate,325,283
sdk,sqlite,nestedUpdate,326,285
sdk,sqlite,nestedUpdate,327,287
sdk,sqlite,nestedUpdate,328,285
sdk,sqlite,nestedUpdate,329,286
sdk,sqlite,nestedUpdate,330,284
sdk,sqlite,nestedUpdate,331,284
sdk,sqlite,nestedUpdate,332,285
sdk,sqlite,nestedUpdate,333,286
sdk,sqlite,nestedUpdate,334,286
sdk,sqlite,nestedUpdate,335,285
sdk,sqlite,nestedUpdate,336,283
sdk,sqlite,nestedUpdate,337,285
sdk,sqlite,nestedUpdate,338,307
sdk,sqlite,nestedUpdate,339,332
sdk,sqlite,nestedUpdate,340,298
sdk,sqlite,nestedUpdate,341,293
sdk,sqlite,nestedUpdate,342,303
sdk,sqlite,nestedUpdate,343,294
sdk,sqlite,nestedUpdate,344,284
sdk,sqlite,nestedUpdate,345,287
sdk,sqlite,nestedUpdate,346,284
sdk,sqlite,nestedUpdate,347,287
sdk,sqlite,nestedUpdate,348,285
sdk,sqlite,nestedUpdate,349,284
sdk,sqlite,nestedUpdate,350,285
sdk,sqlite,nestedUpdate,351,287
sdk,sqlite,nestedUpdate,352,284
sdk,sqlite,nestedUpdate,353,286
sdk,sqlite,nestedUpdate,354,285
sdk,sqlite,nestedUpdate,355,285
sdk,sqlite,nestedUpdate,356,295
sdk,sqlite,nestedUpdate,357,286
sdk,sqlite,nestedUpdate,358,284
sdk,sqlite,nestedUpdate,359,286
sdk,sqlite,nestedUpdate,360,285
sdk,sqlite,nestedUpdate,361,300
sdk,sqlite,nestedUpdate,362,301
sdk,sqlite,nestedUpdate,363,292
sdk,sqlite,nestedUpdate,364,284
sdk,sqlite,nestedUpdate,365,286
sdk,sqlite,nestedUpdate,366,295
sdk,sqlite,nestedUpdate,367,285
sdk,sqlite,nestedUpdate,368,288
sdk,sqlite,nestedUpdate,369,287
sdk,sqlite,nestedUpdate,370,286
sdk,sqlite,nestedUpdate,371,285
sdk,sqlite,nestedUpdate,372,284
sdk,sqlite,nestedUpdate,373,285
sdk,sqlite,nestedUpdate,374,285
sdk,sqlite,nestedUpdate,375,284
sdk,sqlite,nestedUpdate,376,289
sdk,sqlite,nestedUpdate,377,290
sdk,sqlite,nestedUpdate,378,284
sdk,sqlite,nestedUpdate,379,286
sdk,sqlite,nestedUpdate,380,285
sdk,sqlite,nestedUpdate,381,286
sdk,sqlite,nestedUpdate,382,285
sdk,sqlite,nestedUpdate,383,287
sdk,sqlite,nestedUpdate,384,286
sdk,sqlite,nestedUpdate,385,285
sdk,sqlite,nestedUpdate,386,285
sdk,sqlite,nestedUpdate,387,287
sdk,sqlite,nestedUpdate,388,284
sdk,sqlite,nestedUpdate,389,287
sdk,sqlite,nestedUpdate,390,283
sdk,sqlite,nestedUpdate,391,285
sdk,sqlite,nestedUpdate,392,283
sdk,sqlite,nestedUpdate,393,287
sdk,sqlite,nestedUpdate,394,286
sdk,sqlite,nestedUpdate,395,286
sdk,sqlite,nestedUpdate,396,284
sdk,sqlite,nestedUpdate,397,283
sdk,sqlite,nestedUpdate,398,284
sdk,sqlite,nestedUpdate,399,285
sdk,sqlite,nestedUpdate,400,285
sdk,sqlite,nestedUpdate,401,286
sdk,sqlite,nestedUpdate,402,284
sdk,sqlite,nestedUpdate,403,285
sdk,sqlite,nestedUpdate,404,284
sdk,sqlite,nestedUpdate,405,287
sdk,sqlite,nestedUpdate,406,284
sdk,sqlite,nestedUpdate,407,287
sdk,sqlite,nestedUpdate,408,523
sdk,sqlite,nestedUpdate,409,284
sdk,sqlite,nestedUpdate,410,285
sdk,sqlite,nestedUpdate,411,285
sdk,sqlite,nestedUpdate,412,286
sdk,sqlite,nestedUpdate,413,285
sdk,sqlite,nestedUpdate,414,284
sdk,sqlite,nestedUpdate,415,284
sdk,sqlite,nestedUpdate,416,284
sdk,sqlite,nestedUpdate,417,287
sdk,sqlite,nestedUpdate,418,286
sdk,sqlite,nestedUpdate,419,285
sdk,sqlite,nestedUpdate,420,284
sdk,sqlite,nestedUpdate,421,285
sdk,sqlite,nestedUpdate,422,284
sdk,sqlite,nestedUpdate,423,286
sdk,sqlite,nestedUpdate,424,284
sdk,sqlite,nestedUpdate,425,285
sdk,sqlite,nestedUpdate,426,284
sdk,sqlite,nestedUpdate,427,285
sdk,sqlite,nestedUpdate,428,284
sdk,sqlite,nestedUpdate,429,285
sdk,sqlite,nestedUpdate,430,285
sdk,sqlite,nestedUpdate,431,286
sdk,sqlite,nestedUpdate,432,288
sdk,sqlite,nestedUpdate,433,284
sdk,sqlite,nestedUpdate,434,289
sdk,sqlite,nestedUpdate,435,286
sdk,sqlite,nestedUpdate,436,283
sdk,sqlite,nestedUpdate,437,288
sdk,sqlite,nestedUpdate,438,284
sdk,sqlite,nestedUpdate,439,284
sdk,sqlite,nestedUpdate,440,284
sdk,sqlite,nestedUpdate,441,286
sdk,sqlite,nestedUpdate,442,285
sdk,sqlite,nestedUpdate,443,290
sdk,sqlite,nestedUpdate,444,284
sdk,sqlite,nestedUpdate,445,289
sdk,sqlite,nestedUpdate,446,284
sdk,sqlite,nestedUpdate,447,286
sdk,sqlite,nestedUpdate,448,284
sdk,sqlite,nestedUpdate,449,286
sdk,sqlite,nestedUpdate,450,284
sdk,sqlite,nestedUpdate,451,283
sdk,sqlite,nestedUpdate,452,284
sdk,sqlite,nestedUpdate,453,286
sdk,sqlite,nestedUpdate,454,284
sdk,sqlite,nestedUpdate,455,285
sdk,sqlite,nestedUpdate,456,286
sdk,sqlite,nestedUpdate,457,283
sdk,sqlite,nestedUpdate,458,285
sdk,sqlite,nestedUpdate,459,294
sdk,sqlite,nestedUpdate,460,284
sdk,sqlite,nestedUpdate,461,285
sdk,sqlite,nestedUpdate,462,285
sdk,sqlite,nestedUpdate,463,295
sdk,sqlite,nestedUpdate,464,313
sdk,sqlite,nestedUpdate,465,292
sdk,sqlite,nestedUpdate,466,290
sdk,sqlite,nestedUpdate,467,302
sdk,sqlite,nestedUpdate,468,284
sdk,sqlite,nestedUpdate,469,285
sdk,sqlite,nestedUpdate,470,285
sdk,sqlite,nestedUpdate,471,287
sdk,sqlite,nestedUpdate,472,284
sdk,sqlite,nestedUpdate,473,287
sdk,sqlite,nestedUpdate,474,285
sdk,sqlite,nestedUpdate,475,285
sdk,sqlite,nestedUpdate,476,286
sdk,sqlite,nestedUpdate,477,290
sdk,sqlite,nestedUpdate,478,285
sdk,sqlite,nestedUpdate,479,286
sdk,sqlite,nestedUpdate,480,285
sdk,sqlite,nestedUpdate,481,285
sdk,sqlite,nestedUpdate,482,285
sdk,sqlite,nestedUpdate,483,285
sdk,sqlite,nestedUpdate,484,284
sdk,sqlite,nestedUpdate,485,284
sdk,sqlite,nestedUpdate,486,284
sdk,sqlite,nestedUpdate,487,284
sdk,sqlite,nestedUpdate,488,285
sdk,sqlite,nestedUpdate,489,286
sdk,sqlite,nestedUpdate,490,284
sdk,sqlite,nestedUpdate,491,286
sdk,sqlite,nestedUpdate,492,285
sdk,sqlite,nestedUpdate,493,285
sdk,sqlite,nestedUpdate,494,283
sdk,sqlite,nestedUpdate,495,286
sdk,sqlite,nestedUpdate,496,285
sdk,sqlite,nestedUpdate,497,287
sdk,sqlite,nestedUpdate,498,284
sdk,sqlite,nestedUpdate,499,285
sdk,sqlite,nestedUpdate,500,285
sdk,sqlite,nestedUpdate,501,286
sdk,sqlite,nestedUpdate,502,283
sdk,sqlite,nestedUpdate,503,285
sdk,sqlite,nestedUpdate,504,285
sdk,sqlite,nestedUpdate,505,284
sdk,sqlite,nestedUpdate,506,284
sdk,sqlite,nestedUpdate,507,288
sdk,sqlite,nestedUpdate,508,285
sdk,sqlite,nestedUpdate,509,285
sdk,sqlite,nestedUpdate,510,284
sdk,sqlite,nestedUpdate,511,323
sdk,sqlite,nestedUpdate,512,285
sdk,sqlite,nestedUpdate,513,287
sdk,sqlite,nestedUpdate,514,284
sdk,sqlite,nestedUpdate,515,286
sdk,sqlite,nestedUpdate,516,285
sdk,sqlite,nestedUpdate,517,284
sdk,sqlite,nestedUpdate,518,285
sdk,sqlite,nestedUpdate,519,286
sdk,sqlite,nestedUpdate,520,285
sdk,sqlite,nestedUpdate,521,285
sdk,sqlite,nestedUpdate,522,285
sdk,sqlite,nestedUpdate,523,284
sdk,sqlite,nestedUpdate,524,284
sdk,sqlite,nestedUpdate,525,287
sdk,sqlite,nestedUpdate,526,295
sdk,sqlite,nestedUpdate,527,298
sdk,sqlite,nestedUpdate,528,284
sdk,sqlite,nestedUpdate,529,284
sdk,sqlite,nestedUpdate,530,284
sdk,sqlite,nestedUpdate,531,286
sdk,sqlite,nestedUpdate,532,283
sdk,sqlite,nestedUpdate,533,286
sdk,sqlite,nestedUpdate,534,283
sdk,sqlite,nestedUpdate,535,288
sdk,sqlite,nestedUpdate,536,285
sdk,sqlite,nestedUpdate,537,287
sdk,sqlite,nestedUpdate,538,290
sdk,sqlite,nestedUpdate,539,297
sdk,sqlite,nestedUpdate,540,283
sdk,sqlite,nestedUpdate,541,285
sdk,sqlite,nestedUpdate,542,289
sdk,sqlite,nestedUpdate,543,285
sdk,sqlite,nestedUpdate,544,284
sdk,sqlite,nestedUpdate,545,287
sdk,sqlite,nestedUpdate,546,286
sdk,sqlite,nestedUpdate,547,288
sdk,sqlite,nestedUpdate,548,289
sdk,sqlite,nestedUpdate,549,288
sdk,sqlite,nestedUpdate,550,285
sdk,sqlite,nestedUpdate,551,286
sdk,sqlite,nestedUpdate,552,284
sdk,sqlite,nestedUpdate,553,284
sdk,sqlite,nestedUpdate,554,285
sdk,sqlite,nestedUpdate,555,286
sdk,sqlite,nestedUpdate,556,285
sdk,sqlite,nestedUpdate,557,286
sdk,sqlite,nestedUpdate,558,284
sdk,sqlite,nestedUpdate,559,283
sdk,sqlite,nestedUpdate,560,284
sdk,sqlite,nestedUpdate,561,287
sdk,sqlite,nestedUpdate,562,284
sdk,sqlite,nestedUpdate,563,298
sdk,sqlite,nestedUpdate,564,285
sdk,sqlite,nestedUpdate,565,284
sdk,sqlite,nestedUpdate,566,284
sdk,sqlite,nestedUpdate,567,287
sdk,sqlite,nestedUpdate,568,284
sdk,sqlite,nestedUpdate,569,286
sdk,sqlite,nestedUpdate,570,285
sdk,sqlite,nestedUpdate,571,285
sdk,sqlite,nestedUpdate,572,284
sdk,sqlite,nestedUpdate,573,286
sdk,sqlite,nestedUpdate,574,284
sdk,sqlite,nestedUpdate,575,287
sdk,sqlite,nestedUpdate,576,283
sdk,sqlite,nestedUpdate,577,284
sdk,sqlite,nestedUpdate,578,283
sdk,sqlite,nestedUpdate,579,299
sdk,sqlite,nestedUpdate,580,284
sdk,sqlite,nestedUpdate,581,288
sdk,sqlite,nestedUpdate,582,285
sdk,sqlite,nestedUpdate,583,285
sdk,sqlite,nestedUpdate,584,284
sdk,sqlite,nestedUpdate,585,288
sdk,sqlite,nestedUpdate,586,289
sdk,sqlite,nestedUpdate,587,287
sdk,sqlite,nestedUpdate,588,284
sdk,sqlite,nestedUpdate,589,291
sdk,sqlite,nestedUpdate,590,305
sdk,sqlite,nestedUpdate,591,293
sdk,sqlite,nestedUpdate,592,290
sdk,sqlite,nestedUpdate,593,293
sdk,sqlite,nestedUpdate,594,295
sdk,sqlite,nestedUpdate,595,284
sdk,sqlite,nestedUpdate,596,285
sdk,sqlite,nestedUpdate,597,292
sdk,sqlite,nestedUpdate,598,285
sdk,sqlite,nestedUpdate,599,287
sdk,sqlite,nestedUpdate,600,284
sdk,sqlite,nestedUpdate,601,285
sdk,sqlite,nestedUpdate,602,285
sdk,sqlite,nestedUpdate,603,286
sdk,sqlite,nestedUpdate,604,287
sdk,sqlite,nestedUpdate,605,323
sdk,sqlite,nestedUpdate,606,284
sdk,sqlite,nestedUpdate,607,284
sdk,sqlite,nestedUpdate,608,285
sdk,sqlite,nestedUpdate,609,288
sdk,sqlite,nestedUpdate,610,287
sdk,sqlite,nestedUpdate,611,287
sdk,sqlite,nestedUpdate,612,285
sdk,sqlite,nestedUpdate,613,284
sdk,sqlite,nestedUpdate,614,285
sdk,sqlite,nestedUpdate,615,288
sdk,sqlite,nestedUpdate,616,284
sdk,sqlite,nestedUpdate,617,287
sdk,sqlite,nestedUpdate,618,289
sdk,sqlite,nestedUpdate,619,284
sdk,sqlite,nestedUpdate,620,283
sdk,sqlite,nestedUpdate,621,287
sdk,sqlite,nestedUpdate,622,283
sdk,sqlite,nestedUpdate,623,286
sdk,sqlite,nestedUpdate,624,290
sdk,sqlite,nestedUpdate,625,303
sdk,sqlite,nestedUpdate,626,287
sdk,sqlite,nestedUpdate,627,286
sdk,sqlite,nestedUpdate,628,284
sdk,sqlite,nestedUpdate,629,287
sdk,sqlite,nestedUpdate,630,284
sdk,sqlite,nestedUpdate,631,284
sdk,sqlite,nestedUpdate,632,285
sdk,sqlite,nestedUpdate,633,287
sdk,sqlite,nestedUpdate,634,285
sdk,sqlite,nestedUpdate,635,287
sdk,sqlite,nestedUpdate,636,286
sdk,sqlite,nestedUpdate,637,285
sdk,sqlite,nestedUpdate,638,283
sdk,sqlite,nestedUpdate,639,287
sdk,sqlite,nestedUpdate,640,285
sdk,sqlite,nestedUpdate,641,286
sdk,sqlite,nestedUpdate,642,284
sdk,sqlite,nestedUpdate,643,284
sdk,sqlite,nestedUpdate,644,285
sdk,sqlite,nestedUpdate,645,288
sdk,sqlite,nestedUpdate,646,285
sdk,sqlite,nestedUpdate,647,286
sdk,sqlite,nestedUpdate,648,285
sdk,sqlite,nestedUpdate,649,290
sdk,sqlite,nestedUpdate,650,303
sdk,sqlite,nestedUpdate,651,292
sdk,sqlite,nestedUpdate,652,290
sdk,sqlite,nestedUpdate,653,300
sdk,sqlite,nestedUpdate,654,286
sdk,sqlite,nestedUpdate,655,285
sdk,sqlite,nestedUpdate,656,285
sdk,sqlite,nestedUpdate,657,287
sdk,sqlite,nestedUpdate,658,288
sdk,sqlite,nestedUpdate,659,289
sdk,sqlite,nestedUpdate,660,284
sdk,sqlite,nestedUpdate,661,285
sdk,sqlite,nestedUpdate,662,284
sdk,sqlite,nestedUpdate,663,286
sdk,sqlite,nestedUpdate,664,284
sdk,sqlite,nestedUpdate,665,286
sdk,sqlite,nestedUpdate,666,285
sdk,sqlite,nestedUpdate,667,286
sdk,sqlite,nestedUpdate,668,285
sdk,sqlite,nestedUpdate,669,287
sdk,sqlite,nestedUpdate,670,284
sdk,sqlite,nestedUpdate,671,287
sdk,sqlite,nestedUpdate,672,285
sdk,sqlite,nestedUpdate,673,295
sdk,sqlite,nestedUpdate,674,300
sdk,sqlite,nestedUpdate,675,362
sdk,sqlite,nestedUpdate,676,314
sdk,sqlite,nestedUpdate,677,304
sdk,sqlite,nestedUpdate,678,304
sdk,sqlite,nestedUpdate,679,344
sdk,sqlite,nestedUpdate,680,302
sdk,sqlite,nestedUpdate,681,275
sdk,sqlite,nestedUpdate,682,285
sdk,sqlite,nestedUpdate,683,281
sdk,sqlite,nestedUpdate,684,272
sdk,sqlite,nestedUpdate,685,283
sdk,sqlite,nestedUpdate,686,290
sdk,sqlite,nestedUpdate,687,285
sdk,sqlite,nestedUpdate,688,284
sdk,sqlite,nestedUpdate,689,291
sdk,sqlite,nestedUpdate,690,352
sdk,sqlite,nestedUpdate,691,296
sdk,sqlite,nestedUpdate,692,289
sdk,sqlite,nestedUpdate,693,334
sdk,sqlite,nestedUpdate,694,300
sdk,sqlite,nestedUpdate,695,301
sdk,sqlite,nestedUpdate,696,319
sdk,sqlite,nestedUpdate,697,288
sdk,sqlite,nestedUpdate,698,295
sdk,sqlite,nestedUpdate,699,301
sdk,sqlite,nestedUpdate,700,283
sdk,sqlite,nestedUpdate,701,290
sdk,sqlite,nestedUpdate,702,296
sdk,sqlite,nestedUpdate,703,299
sdk,sqlite,nestedUpdate,704,283
sdk,sqlite,nestedUpdate,705,301
sdk,sqlite,nestedUpdate,706,287
sdk,sqlite,nestedUpdate,707,316
sdk,sqlite,nestedUpdate,708,351
sdk,sqlite,nestedUpdate,709,337
sdk,sqlite,nestedUpdate,710,303
sdk,sqlite,nestedUpdate,711,304
sdk,sqlite,nestedUpdate,712,302
sdk,sqlite,nestedUpdate,713,290
sdk,sqlite,nestedUpdate,714,298
sdk,sqlite,nestedUpdate,715,299
sdk,sqlite,nestedUpdate,716,302
sdk,sqlite,nestedUpdate,717,301
sdk,sqlite,nestedUpdate,718,297
sdk,sqlite,nestedUpdate,719,298
sdk,sqlite,nestedUpdate,720,301
sdk,sqlite,nestedUpdate,721,302
sdk,sqlite,nestedUpdate,722,294
sdk,sqlite,nestedUpdate,723,288
sdk,sqlite,nestedUpdate,724,304
sdk,sqlite,nestedUpdate,725,292
sdk,sqlite,nestedUpdate,726,361
sdk,sqlite,nestedUpdate,727,348
sdk,sqlite,nestedUpdate,728,315
sdk,sqlite,nestedUpdate,729,301
sdk,sqlite,nestedUpdate,730,303
sdk,sqlite,nestedUpdate,731,293
sdk,sqlite,nestedUpdate,732,300
sdk,sqlite,nestedUpdate,733,294
sdk,sqlite,nestedUpdate,734,310
sdk,sqlite,nestedUpdate,735,302
sdk,sqlite,nestedUpdate,736,295
sdk,sqlite,nestedUpdate,737,288
sdk,sqlite,nestedUpdate,738,295
sdk,sqlite,nestedUpdate,739,294
sdk,sqlite,nestedUpdate,740,288
sdk,sqlite,nestedUpdate,741,289
sdk,sqlite,nestedUpdate,742,300
sdk,sqlite,nestedUpdate,743,296
sdk,sqlite,nestedUpdate,744,285
sdk,sqlite,nestedUpdate,745,295
sdk,sqlite,nestedUpdate,746,303
sdk,sqlite,nestedUpdate,747,286
sdk,sqlite,nestedUpdate,748,297
sdk,sqlite,nestedUpdate,749,287
sdk,sqlite,nestedUpdate,750,287
sdk,sqlite,nestedUpdate,751,290
sdk,sqlite,nestedUpdate,752,301
sdk,sqlite,nestedUpdate,753,286
sdk,sqlite,nestedUpdate,754,284
sdk,sqlite,nestedUpdate,755,355
sdk,sqlite,nestedUpdate,756,291
sdk,sqlite,nestedUpdate,757,270
sdk,sqlite,nestedUpdate,758,270
sdk,sqlite,nestedUpdate,759,317
sdk,sqlite,nestedUpdate,760,306
sdk,sqlite,nestedUpdate,761,291
sdk,sqlite,nestedUpdate,762,303
sdk,sqlite,nestedUpdate,763,288
sdk,sqlite,nestedUpdate,764,285
sdk,sqlite,nestedUpdate,765,297
sdk,sqlite,nestedUpdate,766,284
sdk,sqlite,nestedUpdate,767,287
sdk,sqlite,nestedUpdate,768,285
sdk,sqlite,nestedUpdate,769,336
sdk,sqlite,nestedUpdate,770,296
sdk,sqlite,nestedUpdate,771,291
sdk,sqlite,nestedUpdate,772,439
sdk,sqlite,nestedUpdate,773,291
sdk,sqlite,nestedUpdate,774,285
sdk,sqlite,nestedUpdate,775,295
sdk,sqlite,nestedUpdate,776,289
sdk,sqlite,nestedUpdate,777,286
sdk,sqlite,nestedUpdate,778,294
sdk,sqlite,nestedUpdate,779,286
sdk,sqlite,nestedUpdate,780,285
sdk,sqlite,nestedUpdate,781,288
sdk,sqlite,nestedUpdate,782,299
sdk,sqlite,nestedUpdate,783,287
sdk,sqlite,nestedUpdate,784,285
sdk,sqlite,nestedUpdate,785,299
sdk,sqlite,nestedUpdate,786,285
sdk,sqlite,nestedUpdate,787,285
sdk,sqlite,nestedUpdate,788,284
sdk,sqlite,nestedUpdate,789,293
sdk,sqlite,nestedUpdate,790,284
sdk,sqlite,nestedUpdate,791,286
sdk,sqlite,nestedUpdate,792,285
sdk,sqlite,nestedUpdate,793,285
sdk,sqlite,nestedUpdate,794,284
sdk,sqlite,nestedUpdate,795,286
sdk,sqlite,nestedUpdate,796,284
sdk,sqlite,nestedUpdate,797,287
sdk,sqlite,nestedUpdate,798,301
sdk,sqlite,nestedUpdate,799,291
sdk,sqlite,nestedUpdate,800,289
sdk,sqlite,nestedUpdate,801,294
sdk,sqlite,nestedUpdate,802,291
sdk,sqlite,nestedUpdate,803,297
sdk,sqlite,nestedUpdate,804,302
sdk,sqlite,nestedUpdate,805,293
sdk,sqlite,nestedUpdate,806,315
sdk,sqlite,nestedUpdate,807,304
sdk,sqlite,nestedUpdate,808,313
sdk,sqlite,nestedUpdate,809,297
sdk,sqlite,nestedUpdate,810,296
sdk,sqlite,nestedUpdate,811,295
sdk,sqlite,nestedUpdate,812,293
sdk,sqlite,nestedUpdate,813,299
sdk,sqlite,nestedUpdate,814,295
sdk,sqlite,nestedUpdate,815,298
sdk,sqlite,nestedUpdate,816,294
sdk,sqlite,nestedUpdate,817,292
sdk,sqlite,nestedUpdate,818,296
sdk,sqlite,nestedUpdate,819,299
sdk,sqlite,nestedUpdate,820,290
sdk,sqlite,nestedUpdate,821,293
sdk,sqlite,nestedUpdate,822,290
sdk,sqlite,nestedUpdate,823,316
sdk,sqlite,nestedUpdate,824,297
sdk,sqlite,nestedUpdate,825,302
sdk,sqlite,nestedUpdate,826,299
sdk,sqlite,nestedUpdate,827,305
sdk,sqlite,nestedUpdate,828,298
sdk,sqlite,nestedUpdate,829,296
sdk,sqlite,nestedUpdate,830,289
sdk,sqlite,nestedUpdate,831,316
sdk,sqlite,nestedUpdate,832,314
sdk,sqlite,nestedUpdate,833,304
sdk,sqlite,nestedUpdate,834,295
sdk,sqlite,nestedUpdate,835,300
sdk,sqlite,nestedUpdate,836,301
sdk,sqlite,nestedUpdate,837,288
sdk,sqlite,nestedUpdate,838,285
sdk,sqlite,nestedUpdate,839,295
sdk,sqlite,nestedUpdate,840,285
sdk,sqlite,nestedUpdate,841,285
sdk,sqlite,nestedUpdate,842,284
sdk,sqlite,nestedUpdate,843,287
sdk,sqlite,nestedUpdate,844,286
sdk,sqlite,nestedUpdate,845,287
sdk,sqlite,nestedUpdate,846,284
sdk,sqlite,nestedUpdate,847,285
sdk,sqlite,nestedUpdate,848,285
sdk,sqlite,nestedUpdate,849,287
sdk,sqlite,nestedUpdate,850,285
sdk,sqlite,nestedUpdate,851,291
sdk,sqlite,nestedUpdate,852,291
sdk,sqlite,nestedUpdate,853,288
sdk,sqlite,nestedUpdate,854,286
sdk,sqlite,nestedUpdate,855,293
sdk,sqlite,nestedUpdate,856,289
sdk,sqlite,nestedUpdate,857,287
sdk,sqlite,nestedUpdate,858,293
sdk,sqlite,nestedUpdate,859,289
sdk,sqlite,nestedUpdate,860,290
sdk,sqlite,nestedUpdate,861,286
sdk,sqlite,nestedUpdate,862,288
sdk,sqlite,nestedUpdate,863,289
sdk,sqlite,nestedUpdate,864,288
sdk,sqlite,nestedUpdate,865,289
sdk,sqlite,nestedUpdate,866,294
sdk,sqlite,nestedUpdate,867,299
sdk,sqlite,nestedUpdate,868,284
sdk,sqlite,nestedUpdate,869,297
sdk,sqlite,nestedUpdate,870,293
sdk,sqlite,nestedUpdate,871,288
sdk,sqlite,nestedUpdate,872,289
sdk,sqlite,nestedUpdate,873,340
sdk,sqlite,nestedUpdate,874,289
sdk,sqlite,nestedUpdate,875,291
sdk,sqlite,nestedUpdate,876,288
sdk,sqlite,nestedUpdate,877,290
sdk,sqlite,nestedUpdate,878,290
sdk,sqlite,nestedUpdate,879,291
sdk,sqlite,nestedUpdate,880,288
sdk,sqlite,nestedUpdate,881,290
sdk,sqlite,nestedUpdate,882,288
sdk,sqlite,nestedUpdate,883,289
sdk,sqlite,nestedUpdate,884,290
sdk,sqlite,nestedUpdate,885,289
sdk,sqlite,nestedUpdate,886,289
sdk,sqlite,nestedUpdate,887,296
sdk,sqlite,nestedUpdate,888,290
sdk,sqlite,nestedUpdate,889,299
sdk,sqlite,nestedUpdate,890,292
sdk,sqlite,nestedUpdate,891,290
sdk,sqlite,nestedUpdate,892,288
sdk,sqlite,nestedUpdate,893,301
sdk,sqlite,nestedUpdate,894,288
sdk,sqlite,nestedUpdate,895,288
sdk,sqlite,nestedUpdate,896,288
sdk,sqlite,nestedUpdate,897,294
sdk,sqlite,nestedUpdate,898,288
sdk,sqlite,nestedUpdate,899,290
sdk,sqlite,nestedUpdate,900,287
sdk,sqlite,nestedUpdate,901,293
sdk,sqlite,nestedUpdate,902,291
sdk,sqlite,nestedUpdate,903,290
sdk,sqlite,nestedUpdate,904,293
sdk,sqlite,nestedUpdate,905,290
sdk,sqlite,nestedUpdate,906,294
sdk,sqlite,nestedUpdate,907,289
sdk,sqlite,nestedUpdate,908,289
sdk,sqlite,nestedUpdate,909,295
sdk,sqlite,nestedUpdate,910,289
sdk,sqlite,nestedUpdate,911,294
sdk,sqlite,nestedUpdate,912,294
sdk,sqlite,nestedUpdate,913,289
sdk,sqlite,nestedUpdate,914,288
sdk,sqlite,nestedUpdate,915,294
sdk,sqlite,nestedUpdate,916,294
sdk,sqlite,nestedUpdate,917,293
sdk,sqlite,nestedUpdate,918,295
sdk,sqlite,nestedUpdate,919,288
sdk,sqlite,nestedUpdate,920,290
sdk,sqlite,nestedUpdate,921,291
sdk,sqlite,nestedUpdate,922,281
sdk,sqlite,nestedUpdate,923,309
sdk,sqlite,nestedUpdate,924,303
sdk,sqlite,nestedUpdate,925,286
sdk,sqlite,nestedUpdate,926,295
sdk,sqlite,nestedUpdate,927,290
sdk,sqlite,nestedUpdate,928,289
sdk,sqlite,nestedUpdate,929,291
sdk,sqlite,nestedUpdate,930,289
sdk,sqlite,nestedUpdate,931,288
sdk,sqlite,nestedUpdate,932,289
sdk,sqlite,nestedUpdate,933,298
sdk,sqlite,nestedUpdate,934,289
sdk,sqlite,nestedUpdate,935,290
sdk,sqlite,nestedUpdate,936,285
sdk,sqlite,nestedUpdate,937,289
sdk,sqlite,nestedUpdate,938,289
sdk,sqlite,nestedUpdate,939,289
sdk,sqlite,nestedUpdate,940,288
sdk,sqlite,nestedUpdate,941,297
sdk,sqlite,nestedUpdate,942,295
sdk,sqlite,nestedUpdate,943,289
sdk,sqlite,nestedUpdate,944,289
sdk,sqlite,nestedUpdate,945,291
sdk,sqlite,nestedUpdate,946,291
sdk,sqlite,nestedUpdate,947,290
sdk,sqlite,nestedUpdate,948,289
sdk,sqlite,nestedUpdate,949,294
sdk,sqlite,nestedUpdate,950,293
sdk,sqlite,nestedUpdate,951,294
sdk,sqlite,nestedUpdate,952,289
sdk,sqlite,nestedUpdate,953,290
sdk,sqlite,nestedUpdate,954,288
sdk,sqlite,nestedUpdate,955,302
sdk,sqlite,nestedUpdate,956,285
sdk,sqlite,nestedUpdate,957,293
sdk,sqlite,nestedUpdate,958,288
sdk,sqlite,nestedUpdate,959,290
sdk,sqlite,nestedUpdate,960,288
sdk,sqlite,nestedUpdate,961,289
sdk,sqlite,nestedUpdate,962,298
sdk,sqlite,nestedUpdate,963,294
sdk,sqlite,nestedUpdate,964,295
sdk,sqlite,nestedUpdate,965,291
sdk,sqlite,nestedUpdate,966,288
sdk,sqlite,nestedUpdate,967,294
sdk,sqlite,nestedUpdate,968,287
sdk,sqlite,nestedUpdate,969,290
sdk,sqlite,nestedUpdate,970,289
sdk,sqlite,nestedUpdate,971,290
sdk,sqlite,nestedUpdate,972,287
sdk,sqlite,nestedUpdate,973,303
sdk,sqlite,nestedUpdate,974,299
sdk,sqlite,nestedUpdate,975,406
sdk,sqlite,nestedUpdate,976,295
sdk,sqlite,nestedUpdate,977,290
sdk,sqlite,nestedUpdate,978,289
sdk,sqlite,nestedUpdate,979,287
sdk,sqlite,nestedUpdate,980,289
sdk,sqlite,nestedUpdate,981,290
sdk,sqlite,nestedUpdate,982,288
sdk,sqlite,nestedUpdate,983,293
sdk,sqlite,nestedUpdate,984,289
sdk,sqlite,nestedUpdate,985,289
sdk,sqlite,nestedUpdate,986,291
sdk,sqlite,nestedUpdate,987,292
sdk,sqlite,nestedUpdate,988,297
sdk,sqlite,nestedUpdate,989,291
sdk,sqlite,nestedUpdate,990,288
sdk,sqlite,nestedUpdate,991,308
sdk,sqlite,nestedUpdate,992,341
sdk,sqlite,nestedUpdate,993,274
sdk,sqlite,nestedUpdate,994,260
sdk,sqlite,nestedUpdate,995,262
sdk,sqlite,nestedUpdate,996,260
sdk,sqlite,nestedUpdate,997,276
sdk,sqlite,nestedUpdate,998,280
sdk,sqlite,nestedUpdate,999,284
sdk,sqlite,delete,0,13
sdk,sqlite,delete,1,14
sdk,sqlite,delete,2,13
sdk,sqlite,delete,3,16
sdk,sqlite,delete,4,14
sdk,sqlite,delete,5,14
sdk,sqlite,delete,6,14
sdk,sqlite,delete,7,13
sdk,sqlite,delete,8,13
sdk,sqlite,delete,9,13
sdk,sqlite,delete,10,13
sdk,sqlite,delete,11,13
sdk,sqlite,delete,12,14
sdk,sqlite,delete,13,13
sdk,sqlite,delete,14,13
sdk,sqlite,delete,15,14
sdk,sqlite,delete,16,13
sdk,sqlite,delete,17,13
sdk,sqlite,delete,18,13
sdk,sqlite,delete,19,14
sdk,sqlite,delete,20,13
sdk,sqlite,delete,21,13
sdk,sqlite,delete,22,13
sdk,sqlite,delete,23,13
sdk,sqlite,delete,24,13
sdk,sqlite,delete,25,13
sdk,sqlite,delete,26,13
sdk,sqlite,delete,27,13
sdk,sqlite,delete,28,13
sdk,sqlite,delete,29,13
sdk,sqlite,delete,30,13
sdk,sqlite,delete,31,13
sdk,sqlite,delete,32,14
sdk,sqlite,delete,33,13
sdk,sqlite,delete,34,13
sdk,sqlite,delete,35,13
sdk,sqlite,delete,36,13
sdk,sqlite,delete,37,13
sdk,sqlite,delete,38,13
sdk,sqlite,delete,39,14
sdk,sqlite,delete,40,13
sdk,sqlite,delete,41,13
sdk,sqlite,delete,42,13
sdk,sqlite,delete,43,13
sdk,sqlite,delete,44,14
sdk,sqlite,delete,45,13
sdk,sqlite,delete,46,13
sdk,sqlite,delete,47,13
sdk,sqlite,delete,48,13
sdk,sqlite,delete,49,13
sdk,sqlite,delete,50,13
sdk,sqlite,delete,51,13
sdk,sqlite,delete,52,13
sdk,sqlite,delete,53,13
sdk,sqlite,delete,54,13
sdk,sqlite,delete,55,13
sdk,sqlite,delete,56,13
sdk,sqlite,delete,57,13
sdk,sqlite,delete,58,13
sdk,sqlite,delete,59,13
sdk,sqlite,delete,60,14
sdk,sqlite,delete,61,13
sdk,sqlite,delete,62,13
sdk,sqlite,delete,63,13
sdk,sqlite,delete,64,13
sdk,sqlite,delete,65,13
sdk,sqlite,delete,66,13
sdk,sqlite,delete,67,13
sdk,sqlite,delete,68,13
sdk,sqlite,delete,69,13
sdk,sqlite,delete,70,13
sdk,sqlite,delete,71,13
sdk,sqlite,delete,72,13
sdk,sqlite,delete,73,13
sdk,sqlite,delete,74,13
sdk,sqlite,delete,75,13
sdk,sqlite,delete,76,13
sdk,sqlite,delete,77,13
sdk,sqlite,delete,78,13
sdk,sqlite,delete,79,13
sdk,sqlite,delete,80,13
sdk,sqlite,delete,81,13
sdk,sqlite,delete,82,14
sdk,sqlite,delete,83,13
sdk,sqlite,delete,84,13
sdk,sqlite,delete,85,13
sdk,sqlite,delete,86,13
sdk,sqlite,delete,87,13
sdk,sqlite,delete,88,13
sdk,sqlite,delete,89,13
sdk,sqlite,delete,90,13
sdk,sqlite,delete,91,13
sdk,sqlite,delete,92,13
sdk,sqlite,delete,93,13
sdk,sqlite,delete,94,13
sdk,sqlite,delete,95,13
sdk,sqlite,delete,96,13
sdk,sqlite,delete,97,13
sdk,sqlite,delete,98,13
sdk,sqlite,delete,99,13
sdk,sqlite,delete,100,13
sdk,sqlite,delete,101,13
sdk,sqlite,delete,102,13
sdk,sqlite,delete,103,13
sdk,sqlite,delete,104,13
sdk,sqlite,delete,105,13
sdk,sqlite,delete,106,13
sdk,sqlite,delete,107,14
sdk,sqlite,delete,108,13
sdk,sqlite,delete,109,13
sdk,sqlite,delete,110,13
sdk,sqlite,delete,111,13
sdk,sqlite,delete,112,13
sdk,sqlite,delete,113,13
sdk,sqlite,delete,114,13
sdk,sqlite,delete,115,13
sdk,sqlite,delete,116,13
sdk,sqlite,delete,117,13
sdk,sqlite,delete,118,13
sdk,sqlite,delete,119,13
sdk,sqlite,delete,120,13
sdk,sqlite,delete,121,13
sdk,sqlite,delete,122,14
sdk,sqlite,delete,123,13
sdk,sqlite,delete,124,13
sdk,sqlite,delete,125,13
sdk,sqlite,delete,126,13
sdk,sqlite,delete,127,13
sdk,sqlite,delete,128,13
sdk,sqlite,delete,129,13
sdk,sqlite,delete,130,13
sdk,sqlite,delete,131,14
sdk,sqlite,delete,132,13
sdk,sqlite,delete,133,13
sdk,sqlite,delete,134,14
sdk,sqlite,delete,135,13
sdk,sqlite,delete,136,13
sdk,sqlite,delete,137,15
sdk,sqlite,delete,138,14
sdk,sqlite,delete,139,14
sdk,sqlite,delete,140,13
sdk,sqlite,delete,141,13
sdk,sqlite,delete,142,14
sdk,sqlite,delete,143,13
sdk,sqlite,delete,144,13
sdk,sqlite,delete,145,13
sdk,sqlite,delete,146,13
sdk,sqlite,delete,147,13
sdk,sqlite,delete,148,13
sdk,sqlite,delete,149,61
sdk,sqlite,delete,150,26
sdk,sqlite,delete,151,18
sdk,sqlite,delete,152,15
sdk,sqlite,delete,153,15
sdk,sqlite,delete,154,14
sdk,sqlite,delete,155,14
sdk,sqlite,delete,156,18
sdk,sqlite,delete,157,16
sdk,sqlite,delete,158,14
sdk,sqlite,delete,159,14
sdk,sqlite,delete,160,14
sdk,sqlite,delete,161,14
sdk,sqlite,delete,162,14
sdk,sqlite,delete,163,17
sdk,sqlite,delete,164,15
sdk,sqlite,delete,165,14
sdk,sqlite,delete,166,14
sdk,sqlite,delete,167,14
sdk,sqlite,delete,168,18
sdk,sqlite,delete,169,16
sdk,sqlite,delete,170,18
sdk,sqlite,delete,171,15
sdk,sqlite,delete,172,14
sdk,sqlite,delete,173,14
sdk,sqlite,delete,174,17
sdk,sqlite,delete,175,17
sdk,sqlite,delete,176,17
sdk,sqlite,delete,177,15
sdk,sqlite,delete,178,13
sdk,sqlite,delete,179,15
sdk,sqlite,delete,180,14
sdk,sqlite,delete,181,17
sdk,sqlite,delete,182,16
sdk,sqlite,delete,183,17
sdk,sqlite,delete,184,16
sdk,sqlite,delete,185,13
sdk,sqlite,delete,186,13
sdk,sqlite,delete,187,14
sdk,sqlite,delete,188,17
sdk,sqlite,delete,189,16
sdk,sqlite,delete,190,14
sdk,sqlite,delete,191,13
sdk,sqlite,delete,192,14
sdk,sqlite,delete,193,13
sdk,sqlite,delete,194,14
sdk,sqlite,delete,195,17
sdk,sqlite,delete,196,22
sdk,sqlite,delete,197,14
sdk,sqlite,delete,198,13
sdk,sqlite,delete,199,13
sdk,sqlite,delete,200,14
sdk,sqlite,delete,201,14
sdk,sqlite,delete,202,17
sdk,sqlite,delete,203,15
sdk,sqlite,delete,204,18
sdk,sqlite,delete,205,15
sdk,sqlite,delete,206,14
sdk,sqlite,delete,207,14
sdk,sqlite,delete,208,17
sdk,sqlite,delete,209,15
sdk,sqlite,delete,210,17
sdk,sqlite,delete,211,15
sdk,sqlite,delete,212,14
sdk,sqlite,delete,213,13
sdk,sqlite,delete,214,14
sdk,sqlite,delete,215,17
sdk,sqlite,delete,216,16
sdk,sqlite,delete,217,17
sdk,sqlite,delete,218,16
sdk,sqlite,delete,219,13
sdk,sqlite,delete,220,14
sdk,sqlite,delete,221,14
sdk,sqlite,delete,222,17
sdk,sqlite,delete,223,15
sdk,sqlite,delete,224,13
sdk,sqlite,delete,225,13
sdk,sqlite,delete,226,18
sdk,sqlite,delete,227,14
sdk,sqlite,delete,228,17
sdk,sqlite,delete,229,16
sdk,sqlite,delete,230,22
sdk,sqlite,delete,231,14
sdk,sqlite,delete,232,15
sdk,sqlite,delete,233,14
sdk,sqlite,delete,234,13
sdk,sqlite,delete,235,14
sdk,sqlite,delete,236,14
sdk,sqlite,delete,237,14
sdk,sqlite,delete,238,13
sdk,sqlite,delete,239,14
sdk,sqlite,delete,240,14
sdk,sqlite,delete,241,13
sdk,sqlite,delete,242,14
sdk,sqlite,delete,243,17
sdk,sqlite,delete,244,16
sdk,sqlite,delete,245,13
sdk,sqlite,delete,246,14
sdk,sqlite,delete,247,13
sdk,sqlite,delete,248,13
sdk,sqlite,delete,249,13
sdk,sqlite,delete,250,13
sdk,sqlite,delete,251,17
sdk,sqlite,delete,252,15
sdk,sqlite,delete,253,13
sdk,sqlite,delete,254,13
sdk,sqlite,delete,255,14
sdk,sqlite,delete,256,17
sdk,sqlite,delete,257,15
sdk,sqlite,delete,258,14
sdk,sqlite,delete,259,14
sdk,sqlite,delete,260,14
sdk,sqlite,delete,261,14
sdk,sqlite,delete,262,14
sdk,sqlite,delete,263,13
sdk,sqlite,delete,264,17
sdk,sqlite,delete,265,17
sdk,sqlite,delete,266,16
sdk,sqlite,delete,267,14
sdk,sqlite,delete,268,14
sdk,sqlite,delete,269,13
sdk,sqlite,delete,270,17
sdk,sqlite,delete,271,17
sdk,sqlite,delete,272,17
sdk,sqlite,delete,273,14
sdk,sqlite,delete,274,14
sdk,sqlite,delete,275,14
sdk,sqlite,delete,276,14
sdk,sqlite,delete,277,17
sdk,sqlite,delete,278,15
sdk,sqlite,delete,279,14
sdk,sqlite,delete,280,13
sdk,sqlite,delete,281,13
sdk,sqlite,delete,282,13
sdk,sqlite,delete,283,13
sdk,sqlite,delete,284,17
sdk,sqlite,delete,285,16
sdk,sqlite,delete,286,17
sdk,sqlite,delete,287,16
sdk,sqlite,delete,288,13
sdk,sqlite,delete,289,13
sdk,sqlite,delete,290,17
sdk,sqlite,delete,291,17
sdk,sqlite,delete,292,14
sdk,sqlite,delete,293,14
sdk,sqlite,delete,294,14
sdk,sqlite,delete,295,14
sdk,sqlite,delete,296,14
sdk,sqlite,delete,297,17
sdk,sqlite,delete,298,17
sdk,sqlite,delete,299,17
sdk,sqlite,delete,300,14
sdk,sqlite,delete,301,13
sdk,sqlite,delete,302,14
sdk,sqlite,delete,303,14
sdk,sqlite,delete,304,17
sdk,sqlite,delete,305,15
sdk,sqlite,delete,306,17
sdk,sqlite,delete,307,16
sdk,sqlite,delete,308,14
sdk,sqlite,delete,309,13
sdk,sqlite,delete,310,14
sdk,sqlite,delete,311,17
sdk,sqlite,delete,312,16
sdk,sqlite,delete,313,13
sdk,sqlite,delete,314,13
sdk,sqlite,delete,315,14
sdk,sqlite,delete,316,14
sdk,sqlite,delete,317,17
sdk,sqlite,delete,318,15
sdk,sqlite,delete,319,13
sdk,sqlite,delete,320,14
sdk,sqlite,delete,321,13
sdk,sqlite,delete,322,14
sdk,sqlite,delete,323,13
sdk,sqlite,delete,324,16
sdk,sqlite,delete,325,17
sdk,sqlite,delete,326,14
sdk,sqlite,delete,327,14
sdk,sqlite,delete,328,13
sdk,sqlite,delete,329,15
sdk,sqlite,delete,330,14
sdk,sqlite,delete,331,16
sdk,sqlite,delete,332,17
sdk,sqlite,delete,333,16
sdk,sqlite,delete,334,13
sdk,sqlite,delete,335,13
sdk,sqlite,delete,336,14
sdk,sqlite,delete,337,13
sdk,sqlite,delete,338,13
sdk,sqlite,delete,339,13
sdk,sqlite,delete,340,14
sdk,sqlite,delete,341,13
sdk,sqlite,delete,342,14
sdk,sqlite,delete,343,13
sdk,sqlite,delete,344,13
sdk,sqlite,delete,345,13
sdk,sqlite,delete,346,17
sdk,sqlite,delete,347,14
sdk,sqlite,delete,348,13
sdk,sqlite,delete,349,13
sdk,sqlite,delete,350,14
sdk,sqlite,delete,351,13
sdk,sqlite,delete,352,13
sdk,sqlite,delete,353,14
sdk,sqlite,delete,354,17
sdk,sqlite,delete,355,15
sdk,sqlite,delete,356,14
sdk,sqlite,delete,357,14
sdk,sqlite,delete,358,13
sdk,sqlite,delete,359,17
sdk,sqlite,delete,360,17
sdk,sqlite,delete,361,17
sdk,sqlite,delete,362,16
sdk,sqlite,delete,363,13
sdk,sqlite,delete,364,14
sdk,sqlite,delete,365,17
sdk,sqlite,delete,366,17
sdk,sqlite,delete,367,17
sdk,sqlite,delete,368,17
sdk,sqlite,delete,369,17
sdk,sqlite,delete,370,17
sdk,sqlite,delete,371,15
sdk,sqlite,delete,372,17
sdk,sqlite,delete,373,17
sdk,sqlite,delete,374,15
sdk,sqlite,delete,375,17
sdk,sqlite,delete,376,16
sdk,sqlite,delete,377,17
sdk,sqlite,delete,378,16
sdk,sqlite,delete,379,17
sdk,sqlite,delete,380,16
sdk,sqlite,delete,381,17
sdk,sqlite,delete,382,16
sdk,sqlite,delete,383,13
sdk,sqlite,delete,384,14
sdk,sqlite,delete,385,14
sdk,sqlite,delete,386,17
sdk,sqlite,delete,387,16
sdk,sqlite,delete,388,17
sdk,sqlite,delete,389,17
sdk,sqlite,delete,390,17
sdk,sqlite,delete,391,16
sdk,sqlite,delete,392,17
sdk,sqlite,delete,393,17
sdk,sqlite,delete,394,17
sdk,sqlite,delete,395,16
sdk,sqlite,delete,396,17
sdk,sqlite,delete,397,16
sdk,sqlite,delete,398,17
sdk,sqlite,delete,399,16
sdk,sqlite,delete,400,13
sdk,sqlite,delete,401,13
sdk,sqlite,delete,402,14
sdk,sqlite,delete,403,17
sdk,sqlite,delete,404,16
sdk,sqlite,delete,405,17
sdk,sqlite,delete,406,15
sdk,sqlite,delete,407,15
sdk,sqlite,delete,408,16
sdk,sqlite,delete,409,13
sdk,sqlite,delete,410,14
sdk,sqlite,delete,411,13
sdk,sqlite,delete,412,13
sdk,sqlite,delete,413,14
sdk,sqlite,delete,414,13
sdk,sqlite,delete,415,14
sdk,sqlite,delete,416,14
sdk,sqlite,delete,417,13
sdk,sqlite,delete,418,13
sdk,sqlite,delete,419,13
sdk,sqlite,delete,420,14
sdk,sqlite,delete,421,13
sdk,sqlite,delete,422,235
sdk,sqlite,delete,423,24
sdk,sqlite,delete,424,18
sdk,sqlite,delete,425,17
sdk,sqlite,delete,426,16
sdk,sqlite,delete,427,16
sdk,sqlite,delete,428,18
sdk,sqlite,delete,429,15
sdk,sqlite,delete,430,15
sdk,sqlite,delete,431,14
sdk,sqlite,delete,432,15
sdk,sqlite,delete,433,14
sdk,sqlite,delete,434,14
sdk,sqlite,delete,435,14
sdk,sqlite,delete,436,14
sdk,sqlite,delete,437,14
sdk,sqlite,delete,438,14
sdk,sqlite,delete,439,14
sdk,sqlite,delete,440,14
sdk,sqlite,delete,441,14
sdk,sqlite,delete,442,14
sdk,sqlite,delete,443,14
sdk,sqlite,delete,444,14
sdk,sqlite,delete,445,14
sdk,sqlite,delete,446,15
sdk,sqlite,delete,447,14
sdk,sqlite,delete,448,14
sdk,sqlite,delete,449,14
sdk,sqlite,delete,450,14
sdk,sqlite,delete,451,14
sdk,sqlite,delete,452,15
sdk,sqlite,delete,453,14
sdk,sqlite,delete,454,14
sdk,sqlite,delete,455,14
sdk,sqlite,delete,456,14
sdk,sqlite,delete,457,14
sdk,sqlite,delete,458,14
sdk,sqlite,delete,459,14
sdk,sqlite,delete,460,14
sdk,sqlite,delete,461,14
sdk,sqlite,delete,462,14
sdk,sqlite,delete,463,14
sdk,sqlite,delete,464,14
sdk,sqlite,delete,465,14
sdk,sqlite,delete,466,14
sdk,sqlite,delete,467,14
sdk,sqlite,delete,468,14
sdk,sqlite,delete,469,13
sdk,sqlite,delete,470,14
sdk,sqlite,delete,471,14
sdk,sqlite,delete,472,14
sdk,sqlite,delete,473,14
sdk,sqlite,delete,474,14
sdk,sqlite,delete,475,14
sdk,sqlite,delete,476,14
sdk,sqlite,delete,477,14
sdk,sqlite,delete,478,14
sdk,sqlite,delete,479,14
sdk,sqlite,delete,480,14
sdk,sqlite,delete,481,14
sdk,sqlite,delete,482,14
sdk,sqlite,delete,483,14
sdk,sqlite,delete,484,14
sdk,sqlite,delete,485,14
sdk,sqlite,delete,486,14
sdk,sqlite,delete,487,14
sdk,sqlite,delete,488,14
sdk,sqlite,delete,489,13
sdk,sqlite,delete,490,14
sdk,sqlite,delete,491,14
sdk,sqlite,delete,492,14
sdk,sqlite,delete,493,14
sdk,sqlite,delete,494,14
sdk,sqlite,delete,495,14
sdk,sqlite,delete,496,15
sdk,sqlite,delete,497,14
sdk,sqlite,delete,498,14
sdk,sqlite,delete,499,14
sdk,sqlite,delete,500,14
sdk,sqlite,delete,501,14
sdk,sqlite,delete,502,14
sdk,sqlite,delete,503,13
sdk,sqlite,delete,504,13
sdk,sqlite,delete,505,14
sdk,sqlite,delete,506,14
sdk,sqlite,delete,507,13
sdk,sqlite,delete,508,14
sdk,sqlite,delete,509,14
sdk,sqlite,delete,510,14
sdk,sqlite,delete,511,13
sdk,sqlite,delete,512,14
sdk,sqlite,delete,513,13
sdk,sqlite,delete,514,14
sdk,sqlite,delete,515,14
sdk,sqlite,delete,516,14
sdk,sqlite,delete,517,14
sdk,sqlite,delete,518,14
sdk,sqlite,delete,519,14
sdk,sqlite,delete,520,14
sdk,sqlite,delete,521,13
sdk,sqlite,delete,522,13
sdk,sqlite,delete,523,14
sdk,sqlite,delete,524,14
sdk,sqlite,delete,525,14
sdk,sqlite,delete,526,13
sdk,sqlite,delete,527,14
sdk,sqlite,delete,528,13
sdk,sqlite,delete,529,13
sdk,sqlite,delete,530,13
sdk,sqlite,delete,531,13
sdk,sqlite,delete,532,14
sdk,sqlite,delete,533,13
sdk,sqlite,delete,534,14
sdk,sqlite,delete,535,17
sdk,sqlite,delete,536,13
sdk,sqlite,delete,537,14
sdk,sqlite,delete,538,14
sdk,sqlite,delete,539,14
sdk,sqlite,delete,540,14
sdk,sqlite,delete,541,13
sdk,sqlite,delete,542,14
sdk,sqlite,delete,543,14
sdk,sqlite,delete,544,13
sdk,sqlite,delete,545,14
sdk,sqlite,delete,546,14
sdk,sqlite,delete,547,14
sdk,sqlite,delete,548,13
sdk,sqlite,delete,549,14
sdk,sqlite,delete,550,14
sdk,sqlite,delete,551,13
sdk,sqlite,delete,552,14
sdk,sqlite,delete,553,14
sdk,sqlite,delete,554,14
sdk,sqlite,delete,555,14
sdk,sqlite,delete,556,14
sdk,sqlite,delete,557,13
sdk,sqlite,delete,558,14
sdk,sqlite,delete,559,14
sdk,sqlite,delete,560,14
sdk,sqlite,delete,561,14
sdk,sqlite,delete,562,14
sdk,sqlite,delete,563,14
sdk,sqlite,delete,564,13
sdk,sqlite,delete,565,14
sdk,sqlite,delete,566,14
sdk,sqlite,delete,567,13
sdk,sqlite,delete,568,14
sdk,sqlite,delete,569,14
sdk,sqlite,delete,570,14
sdk,sqlite,delete,571,14
sdk,sqlite,delete,572,13
sdk,sqlite,delete,573,14
sdk,sqlite,delete,574,13
sdk,sqlite,delete,575,14
sdk,sqlite,delete,576,14
sdk,sqlite,delete,577,13
sdk,sqlite,delete,578,14
sdk,sqlite,delete,579,14
sdk,sqlite,delete,580,14
sdk,sqlite,delete,581,14
sdk,sqlite,delete,582,14
sdk,sqlite,delete,583,14
sdk,sqlite,delete,584,14
sdk,sqlite,delete,585,14
sdk,sqlite,delete,586,13
sdk,sqlite,delete,587,14
sdk,sqlite,delete,588,14
sdk,sqlite,delete,589,14
sdk,sqlite,delete,590,13
sdk,sqlite,delete,591,14
sdk,sqlite,delete,592,14
sdk,sqlite,delete,593,13
sdk,sqlite,delete,594,13
sdk,sqlite,delete,595,14
sdk,sqlite,delete,596,13
sdk,sqlite,delete,597,14
sdk,sqlite,delete,598,14
sdk,sqlite,delete,599,14
sdk,sqlite,delete,600,14
sdk,sqlite,delete,601,14
sdk,sqlite,delete,602,14
sdk,sqlite,delete,603,13
sdk,sqlite,delete,604,15
sdk,sqlite,delete,605,15
sdk,sqlite,delete,606,14
sdk,sqlite,delete,607,154
sdk,sqlite,delete,608,26
sdk,sqlite,delete,609,18
sdk,sqlite,delete,610,16
sdk,sqlite,delete,611,15
sdk,sqlite,delete,612,16
sdk,sqlite,delete,613,15
sdk,sqlite,delete,614,15
sdk,sqlite,delete,615,15
sdk,sqlite,delete,616,15
sdk,sqlite,delete,617,15
sdk,sqlite,delete,618,15
sdk,sqlite,delete,619,14
sdk,sqlite,delete,620,14
sdk,sqlite,delete,621,14
sdk,sqlite,delete,622,14
sdk,sqlite,delete,623,14
sdk,sqlite,delete,624,14
sdk,sqlite,delete,625,14
sdk,sqlite,delete,626,15
sdk,sqlite,delete,627,14
sdk,sqlite,delete,628,14
sdk,sqlite,delete,629,14
sdk,sqlite,delete,630,14
sdk,sqlite,delete,631,79
sdk,sqlite,delete,632,32
sdk,sqlite,delete,633,16
sdk,sqlite,delete,634,15
sdk,sqlite,delete,635,14
sdk,sqlite,delete,636,14
sdk,sqlite,delete,637,14
sdk,sqlite,delete,638,14
sdk,sqlite,delete,639,14
sdk,sqlite,delete,640,14
sdk,sqlite,delete,641,14
sdk,sqlite,delete,642,14
sdk,sqlite,delete,643,14
sdk,sqlite,delete,644,14
sdk,sqlite,delete,645,14
sdk,sqlite,delete,646,14
sdk,sqlite,delete,647,14
sdk,sqlite,delete,648,14
sdk,sqlite,delete,649,14
sdk,sqlite,delete,650,14
sdk,sqlite,delete,651,14
sdk,sqlite,delete,652,13
sdk,sqlite,delete,653,14
sdk,sqlite,delete,654,14
sdk,sqlite,delete,655,14
sdk,sqlite,delete,656,13
sdk,sqlite,delete,657,14
sdk,sqlite,delete,658,15
sdk,sqlite,delete,659,13
sdk,sqlite,delete,660,13
sdk,sqlite,delete,661,14
sdk,sqlite,delete,662,14
sdk,sqlite,delete,663,13
sdk,sqlite,delete,664,13
sdk,sqlite,delete,665,13
sdk,sqlite,delete,666,13
sdk,sqlite,delete,667,13
sdk,sqlite,delete,668,13
sdk,sqlite,delete,669,14
sdk,sqlite,delete,670,13
sdk,sqlite,delete,671,13
sdk,sqlite,delete,672,13
sdk,sqlite,delete,673,13
sdk,sqlite,delete,674,14
sdk,sqlite,delete,675,13
sdk,sqlite,delete,676,13
sdk,sqlite,delete,677,14
sdk,sqlite,delete,678,14
sdk,sqlite,delete,679,13
sdk,sqlite,delete,680,13
sdk,sqlite,delete,681,13
sdk,sqlite,delete,682,13
sdk,sqlite,delete,683,14
sdk,sqlite,delete,684,13
sdk,sqlite,delete,685,13
sdk,sqlite,delete,686,13
sdk,sqlite,delete,687,114
sdk,sqlite,delete,688,19
sdk,sqlite,delete,689,66
sdk,sqlite,delete,690,15
sdk,sqlite,delete,691,14
sdk,sqlite,delete,692,15
sdk,sqlite,delete,693,14
sdk,sqlite,delete,694,16
sdk,sqlite,delete,695,14
sdk,sqlite,delete,696,14
sdk,sqlite,delete,697,18
sdk,sqlite,delete,698,15
sdk,sqlite,delete,699,14
sdk,sqlite,delete,700,15
sdk,sqlite,delete,701,16
sdk,sqlite,delete,702,14
sdk,sqlite,delete,703,14
sdk,sqlite,delete,704,14
sdk,sqlite,delete,705,14
sdk,sqlite,delete,706,14
sdk,sqlite,delete,707,30
sdk,sqlite,delete,708,15
sdk,sqlite,delete,709,16
sdk,sqlite,delete,710,14
sdk,sqlite,delete,711,15
sdk,sqlite,delete,712,14
sdk,sqlite,delete,713,16
sdk,sqlite,delete,714,14
sdk,sqlite,delete,715,14
sdk,sqlite,delete,716,14
sdk,sqlite,delete,717,14
sdk,sqlite,delete,718,14
sdk,sqlite,delete,719,14
sdk,sqlite,delete,720,14
sdk,sqlite,delete,721,13
sdk,sqlite,delete,722,13
sdk,sqlite,delete,723,24
sdk,sqlite,delete,724,14
sdk,sqlite,delete,725,15
sdk,sqlite,delete,726,45
sdk,sqlite,delete,727,31
sdk,sqlite,delete,728,18
sdk,sqlite,delete,729,16
sdk,sqlite,delete,730,16
sdk,sqlite,delete,731,15
sdk,sqlite,delete,732,15
sdk,sqlite,delete,733,15
sdk,sqlite,delete,734,15
sdk,sqlite,delete,735,14
sdk,sqlite,delete,736,16
sdk,sqlite,delete,737,15
sdk,sqlite,delete,738,15
sdk,sqlite,delete,739,15
sdk,sqlite,delete,740,14
sdk,sqlite,delete,741,14
sdk,sqlite,delete,742,14
sdk,sqlite,delete,743,14
sdk,sqlite,delete,744,17
sdk,sqlite,delete,745,15
sdk,sqlite,delete,746,14
sdk,sqlite,delete,747,14
sdk,sqlite,delete,748,14
sdk,sqlite,delete,749,15
sdk,sqlite,delete,750,14
sdk,sqlite,delete,751,14
sdk,sqlite,delete,752,14
sdk,sqlite,delete,753,14
sdk,sqlite,delete,754,14
sdk,sqlite,delete,755,14
sdk,sqlite,delete,756,14
sdk,sqlite,delete,757,14
sdk,sqlite,delete,758,14
sdk,sqlite,delete,759,14
sdk,sqlite,delete,760,14
sdk,sqlite,delete,761,445
sdk,sqlite,delete,762,17
sdk,sqlite,delete,763,14
sdk,sqlite,delete,764,15
sdk,sqlite,delete,765,14
sdk,sqlite,delete,766,48
sdk,sqlite,delete,767,21
sdk,sqlite,delete,768,17
sdk,sqlite,delete,769,16
sdk,sqlite,delete,770,15
sdk,sqlite,delete,771,15
sdk,sqlite,delete,772,15
sdk,sqlite,delete,773,15
sdk,sqlite,delete,774,15
sdk,sqlite,delete,775,15
sdk,sqlite,delete,776,15
sdk,sqlite,delete,777,15
sdk,sqlite,delete,778,15
sdk,sqlite,delete,779,14
sdk,sqlite,delete,780,15
sdk,sqlite,delete,781,14
sdk,sqlite,delete,782,15
sdk,sqlite,delete,783,15
sdk,sqlite,delete,784,14
sdk,sqlite,delete,785,14
sdk,sqlite,delete,786,14
sdk,sqlite,delete,787,15
sdk,sqlite,delete,788,14
sdk,sqlite,delete,789,14
sdk,sqlite,delete,790,14
sdk,sqlite,delete,791,15
sdk,sqlite,delete,792,14
sdk,sqlite,delete,793,14
sdk,sqlite,delete,794,14
sdk,sqlite,delete,795,14
sdk,sqlite,delete,796,14
sdk,sqlite,delete,797,14
sdk,sqlite,delete,798,14
sdk,sqlite,delete,799,15
sdk,sqlite,delete,800,14
sdk,sqlite,delete,801,15
sdk,sqlite,delete,802,14
sdk,sqlite,delete,803,14
sdk,sqlite,delete,804,14
sdk,sqlite,delete,805,47
sdk,sqlite,delete,806,15
sdk,sqlite,delete,807,14
sdk,sqlite,delete,808,14
sdk,sqlite,delete,809,14
sdk,sqlite,delete,810,14
sdk,sqlite,delete,811,14
sdk,sqlite,delete,812,14
sdk,sqlite,delete,813,14
sdk,sqlite,delete,814,15
sdk,sqlite,delete,815,14
sdk,sqlite,delete,816,14
sdk,sqlite,delete,817,15
sdk,sqlite,delete,818,14
sdk,sqlite,delete,819,14
sdk,sqlite,delete,820,14
sdk,sqlite,delete,821,14
sdk,sqlite,delete,822,14
sdk,sqlite,delete,823,14
sdk,sqlite,delete,824,16
sdk,sqlite,delete,825,14
sdk,sqlite,delete,826,14
sdk,sqlite,delete,827,14
sdk,sqlite,delete,828,14
sdk,sqlite,delete,829,14
sdk,sqlite,delete,830,14
sdk,sqlite,delete,831,14
sdk,sqlite,delete,832,14
sdk,sqlite,delete,833,63
sdk,sqlite,delete,834,34
sdk,sqlite,delete,835,19
sdk,sqlite,delete,836,37
sdk,sqlite,delete,837,20
sdk,sqlite,delete,838,14
sdk,sqlite,delete,839,14
sdk,sqlite,delete,840,14
sdk,sqlite,delete,841,14
sdk,sqlite,delete,842,14
sdk,sqlite,delete,843,14
sdk,sqlite,delete,844,14
sdk,sqlite,delete,845,14
sdk,sqlite,delete,846,14
sdk,sqlite,delete,847,13
sdk,sqlite,delete,848,14
sdk,sqlite,delete,849,14
sdk,sqlite,delete,850,14
sdk,sqlite,delete,851,14
sdk,sqlite,delete,852,14
sdk,sqlite,delete,853,13
sdk,sqlite,delete,854,13
sdk,sqlite,delete,855,14
sdk,sqlite,delete,856,13
sdk,sqlite,delete,857,14
sdk,sqlite,delete,858,13
sdk,sqlite,delete,859,14
sdk,sqlite,delete,860,13
sdk,sqlite,delete,861,13
sdk,sqlite,delete,862,13
sdk,sqlite,delete,863,13
sdk,sqlite,delete,864,13
sdk,sqlite,delete,865,14
sdk,sqlite,delete,866,15
sdk,sqlite,delete,867,14
sdk,sqlite,delete,868,14
sdk,sqlite,delete,869,14
sdk,sqlite,delete,870,16
sdk,sqlite,delete,871,14
sdk,sqlite,delete,872,39
sdk,sqlite,delete,873,15
sdk,sqlite,delete,874,14
sdk,sqlite,delete,875,29
sdk,sqlite,delete,876,18
sdk,sqlite,delete,877,15
sdk,sqlite,delete,878,14
sdk,sqlite,delete,879,16
sdk,sqlite,delete,880,40
sdk,sqlite,delete,881,15
sdk,sqlite,delete,882,14
sdk,sqlite,delete,883,13
sdk,sqlite,delete,884,14
sdk,sqlite,delete,885,14
sdk,sqlite,delete,886,13
sdk,sqlite,delete,887,14
sdk,sqlite,delete,888,14
sdk,sqlite,delete,889,14
sdk,sqlite,delete,890,13
sdk,sqlite,delete,891,14
sdk,sqlite,delete,892,14
sdk,sqlite,delete,893,13
sdk,sqlite,delete,894,14
sdk,sqlite,delete,895,15
sdk,sqlite,delete,896,14
sdk,sqlite,delete,897,13
sdk,sqlite,delete,898,13
sdk,sqlite,delete,899,34
sdk,sqlite,delete,900,28
sdk,sqlite,delete,901,16
sdk,sqlite,delete,902,19
sdk,sqlite,delete,903,33
sdk,sqlite,delete,904,16
sdk,sqlite,delete,905,15
sdk,sqlite,delete,906,15
sdk,sqlite,delete,907,15
sdk,sqlite,delete,908,15
sdk,sqlite,delete,909,41
sdk,sqlite,delete,910,15
sdk,sqlite,delete,911,14
sdk,sqlite,delete,912,15
sdk,sqlite,delete,913,24
sdk,sqlite,delete,914,17
sdk,sqlite,delete,915,14
sdk,sqlite,delete,916,14
sdk,sqlite,delete,917,14
sdk,sqlite,delete,918,13
sdk,sqlite,delete,919,14
sdk,sqlite,delete,920,14
sdk,sqlite,delete,921,13
sdk,sqlite,delete,922,14
sdk,sqlite,delete,923,15
sdk,sqlite,delete,924,13
sdk,sqlite,delete,925,13
sdk,sqlite,delete,926,13
sdk,sqlite,delete,927,14
sdk,sqlite,delete,928,33
sdk,sqlite,delete,929,16
sdk,sqlite,delete,930,14
sdk,sqlite,delete,931,14
sdk,sqlite,delete,932,14
sdk,sqlite,delete,933,14
sdk,sqlite,delete,934,14
sdk,sqlite,delete,935,14
sdk,sqlite,delete,936,14
sdk,sqlite,delete,937,14
sdk,sqlite,delete,938,14
sdk,sqlite,delete,939,14
sdk,sqlite,delete,940,14
sdk,sqlite,delete,941,14
sdk,sqlite,delete,942,14
sdk,sqlite,delete,943,14
sdk,sqlite,delete,944,14
sdk,sqlite,delete,945,13
sdk,sqlite,delete,946,14
sdk,sqlite,delete,947,14
sdk,sqlite,delete,948,14
sdk,sqlite,delete,949,14
sdk,sqlite,delete,950,14
sdk,sqlite,delete,951,14
sdk,sqlite,delete,952,13
sdk,sqlite,delete,953,34
sdk,sqlite,delete,954,22
sdk,sqlite,delete,955,14
sdk,sqlite,delete,956,14
sdk,sqlite,delete,957,14
sdk,sqlite,delete,958,14
sdk,sqlite,delete,959,14
sdk,sqlite,delete,960,13
sdk,sqlite,delete,961,14
sdk,sqlite,delete,962,14
sdk,sqlite,delete,963,13
sdk,sqlite,delete,964,14
sdk,sqlite,delete,965,14
sdk,sqlite,delete,966,13
sdk,sqlite,delete,967,13
sdk,sqlite,delete,968,13
sdk,sqlite,delete,969,14
sdk,sqlite,delete,970,14
sdk,sqlite,delete,971,13
sdk,sqlite,delete,972,14
sdk,sqlite,delete,973,13
sdk,sqlite,delete,974,14
sdk,sqlite,delete,975,14
sdk,sqlite,delete,976,13
sdk,sqlite,delete,977,14
sdk,sqlite,delete,978,13
sdk,sqlite,delete,979,14
sdk,sqlite,delete,980,13
sdk,sqlite,delete,981,13
sdk,sqlite,delete,982,13
sdk,sqlite,delete,983,13
sdk,sqlite,delete,984,13
sdk,sqlite,delete,985,13
sdk,sqlite,delete,986,13
sdk,sqlite,delete,987,13
sdk,sqlite,delete,988,13
sdk,sqlite,delete,989,13
sdk,sqlite,delete,990,14
sdk,sqlite,delete,991,14
sdk,sqlite,delete,992,14
sdk,sqlite,delete,993,13
sdk,sqlite,delete,994,13
sdk,sqlite,delete,995,13
sdk,sqlite,delete,996,14
sdk,sqlite,delete,997,14
sdk,sqlite,delete,998,13
sdk,sqlite,delete,999,14
