cell,dialect,op,iter,us
sdk,sqlite,findAll,0,41
sdk,sqlite,findAll,1,40
sdk,sqlite,findAll,2,36
sdk,sqlite,findAll,3,37
sdk,sqlite,findAll,4,41
sdk,sqlite,findAll,5,39
sdk,sqlite,findAll,6,39
sdk,sqlite,findAll,7,39
sdk,sqlite,findAll,8,39
sdk,sqlite,findAll,9,39
sdk,sqlite,findAll,10,39
sdk,sqlite,findAll,11,39
sdk,sqlite,findAll,12,39
sdk,sqlite,findAll,13,39
sdk,sqlite,findAll,14,39
sdk,sqlite,findAll,15,39
sdk,sqlite,findAll,16,39
sdk,sqlite,findAll,17,40
sdk,sqlite,findAll,18,41
sdk,sqlite,findAll,19,40
sdk,sqlite,findAll,20,44
sdk,sqlite,findAll,21,40
sdk,sqlite,findAll,22,39
sdk,sqlite,findAll,23,40
sdk,sqlite,findAll,24,39
sdk,sqlite,findAll,25,39
sdk,sqlite,findAll,26,40
sdk,sqlite,findAll,27,42
sdk,sqlite,findAll,28,38
sdk,sqlite,findAll,29,38
sdk,sqlite,findAll,30,38
sdk,sqlite,findAll,31,38
sdk,sqlite,findAll,32,38
sdk,sqlite,findAll,33,38
sdk,sqlite,findAll,34,37
sdk,sqlite,findAll,35,38
sdk,sqlite,findAll,36,38
sdk,sqlite,findAll,37,37
sdk,sqlite,findAll,38,38
sdk,sqlite,findAll,39,38
sdk,sqlite,findAll,40,38
sdk,sqlite,findAll,41,41
sdk,sqlite,findAll,42,36
sdk,sqlite,findAll,43,38
sdk,sqlite,findAll,44,39
sdk,sqlite,findAll,45,38
sdk,sqlite,findAll,46,38
sdk,sqlite,findAll,47,38
sdk,sqlite,findAll,48,38
sdk,sqlite,findAll,49,38
sdk,sqlite,findAll,50,38
sdk,sqlite,findAll,51,38
sdk,sqlite,findAll,52,38
sdk,sqlite,findAll,53,38
sdk,sqlite,findAll,54,38
sdk,sqlite,findAll,55,38
sdk,sqlite,findAll,56,38
sdk,sqlite,findAll,57,38
sdk,sqlite,findAll,58,38
sdk,sqlite,findAll,59,38
sdk,sqlite,findAll,60,38
sdk,sqlite,findAll,61,38
sdk,sqlite,findAll,62,38
sdk,sqlite,findAll,63,38
sdk,sqlite,findAll,64,38
sdk,sqlite,findAll,65,38
sdk,sqlite,findAll,66,38
sdk,sqlite,findAll,67,38
sdk,sqlite,findAll,68,38
sdk,sqlite,findAll,69,38
sdk,sqlite,findAll,70,37
sdk,sqlite,findAll,71,38
sdk,sqlite,findAll,72,38
sdk,sqlite,findAll,73,38
sdk,sqlite,findAll,74,38
sdk,sqlite,findAll,75,38
sdk,sqlite,findAll,76,38
sdk,sqlite,findAll,77,38
sdk,sqlite,findAll,78,38
sdk,sqlite,findAll,79,38
sdk,sqlite,findAll,80,38
sdk,sqlite,findAll,81,38
sdk,sqlite,findAll,82,38
sdk,sqlite,findAll,83,38
sdk,sqlite,findAll,84,38
sdk,sqlite,findAll,85,38
sdk,sqlite,findAll,86,38
sdk,sqlite,findAll,87,38
sdk,sqlite,findAll,88,38
sdk,sqlite,findAll,89,38
sdk,sqlite,findAll,90,38
sdk,sqlite,findAll,91,38
sdk,sqlite,findAll,92,38
sdk,sqlite,findAll,93,38
sdk,sqlite,findAll,94,38
sdk,sqlite,findAll,95,38
sdk,sqlite,findAll,96,38
sdk,sqlite,findAll,97,37
sdk,sqlite,findAll,98,38
sdk,sqlite,findAll,99,38
sdk,sqlite,findAll,100,38
sdk,sqlite,findAll,101,38
sdk,sqlite,findAll,102,38
sdk,sqlite,findAll,103,38
sdk,sqlite,findAll,104,38
sdk,sqlite,findAll,105,38
sdk,sqlite,findAll,106,38
sdk,sqlite,findAll,107,38
sdk,sqlite,findAll,108,38
sdk,sqlite,findAll,109,38
sdk,sqlite,findAll,110,38
sdk,sqlite,findAll,111,38
sdk,sqlite,findAll,112,38
sdk,sqlite,findAll,113,38
sdk,sqlite,findAll,114,38
sdk,sqlite,findAll,115,38
sdk,sqlite,findAll,116,38
sdk,sqlite,findAll,117,38
sdk,sqlite,findAll,118,38
sdk,sqlite,findAll,119,37
sdk,sqlite,findAll,120,38
sdk,sqlite,findAll,121,38
sdk,sqlite,findAll,122,41
sdk,sqlite,findAll,123,38
sdk,sqlite,findAll,124,38
sdk,sqlite,findAll,125,38
sdk,sqlite,findAll,126,38
sdk,sqlite,findAll,127,38
sdk,sqlite,findAll,128,38
sdk,sqlite,findAll,129,38
sdk,sqlite,findAll,130,38
sdk,sqlite,findAll,131,38
sdk,sqlite,findAll,132,38
sdk,sqlite,findAll,133,38
sdk,sqlite,findAll,134,38
sdk,sqlite,findAll,135,38
sdk,sqlite,findAll,136,38
sdk,sqlite,findAll,137,38
sdk,sqlite,findAll,138,38
sdk,sqlite,findAll,139,38
sdk,sqlite,findAll,140,38
sdk,sqlite,findAll,141,38
sdk,sqlite,findAll,142,38
sdk,sqlite,findAll,143,38
sdk,sqlite,findAll,144,38
sdk,sqlite,findAll,145,38
sdk,sqlite,findAll,146,38
sdk,sqlite,findAll,147,38
sdk,sqlite,findAll,148,38
sdk,sqlite,findAll,149,37
sdk,sqlite,findAll,150,37
sdk,sqlite,findAll,151,38
sdk,sqlite,findAll,152,37
sdk,sqlite,findAll,153,38
sdk,sqlite,findAll,154,37
sdk,sqlite,findAll,155,38
sdk,sqlite,findAll,156,38
sdk,sqlite,findAll,157,37
sdk,sqlite,findAll,158,38
sdk,sqlite,findAll,159,38
sdk,sqlite,findAll,160,38
sdk,sqlite,findAll,161,38
sdk,sqlite,findAll,162,38
sdk,sqlite,findAll,163,38
sdk,sqlite,findAll,164,38
sdk,sqlite,findAll,165,38
sdk,sqlite,findAll,166,38
sdk,sqlite,findAll,167,37
sdk,sqlite,findAll,168,38
sdk,sqlite,findAll,169,38
sdk,sqlite,findAll,170,38
sdk,sqlite,findAll,171,37
sdk,sqlite,findAll,172,38
sdk,sqlite,findAll,173,38
sdk,sqlite,findAll,174,38
sdk,sqlite,findAll,175,38
sdk,sqlite,findAll,176,38
sdk,sqlite,findAll,177,38
sdk,sqlite,findAll,178,38
sdk,sqlite,findAll,179,38
sdk,sqlite,findAll,180,37
sdk,sqlite,findAll,181,38
sdk,sqlite,findAll,182,38
sdk,sqlite,findAll,183,38
sdk,sqlite,findAll,184,38
sdk,sqlite,findAll,185,38
sdk,sqlite,findAll,186,38
sdk,sqlite,findAll,187,38
sdk,sqlite,findAll,188,38
sdk,sqlite,findAll,189,38
sdk,sqlite,findAll,190,38
sdk,sqlite,findAll,191,38
sdk,sqlite,findAll,192,38
sdk,sqlite,findAll,193,38
sdk,sqlite,findAll,194,38
sdk,sqlite,findAll,195,37
sdk,sqlite,findAll,196,37
sdk,sqlite,findAll,197,38
sdk,sqlite,findAll,198,38
sdk,sqlite,findAll,199,37
sdk,sqlite,findAll,200,38
sdk,sqlite,findAll,201,38
sdk,sqlite,findAll,202,38
sdk,sqlite,findAll,203,38
sdk,sqlite,findAll,204,38
sdk,sqlite,findAll,205,38
sdk,sqlite,findAll,206,38
sdk,sqlite,findAll,207,38
sdk,sqlite,findAll,208,38
sdk,sqlite,findAll,209,38
sdk,sqlite,findAll,210,38
sdk,sqlite,findAll,211,37
sdk,sqlite,findAll,212,38
sdk,sqlite,findAll,213,38
sdk,sqlite,findAll,214,38
sdk,sqlite,findAll,215,38
sdk,sqlite,findAll,216,38
sdk,sqlite,findAll,217,38
sdk,sqlite,findAll,218,38
sdk,sqlite,findAll,219,38
sdk,sqlite,findAll,220,38
sdk,sqlite,findAll,221,38
sdk,sqlite,findAll,222,38
sdk,sqlite,findAll,223,37
sdk,sqlite,findAll,224,38
sdk,sqlite,findAll,225,38
sdk,sqlite,findAll,226,37
sdk,sqlite,findAll,227,38
sdk,sqlite,findAll,228,38
sdk,sqlite,findAll,229,38
sdk,sqlite,findAll,230,38
sdk,sqlite,findAll,231,38
sdk,sqlite,findAll,232,38
sdk,sqlite,findAll,233,38
sdk,sqlite,findAll,234,38
sdk,sqlite,findAll,235,37
sdk,sqlite,findAll,236,38
sdk,sqlite,findAll,237,37
sdk,sqlite,findAll,238,38
sdk,sqlite,findAll,239,37
sdk,sqlite,findAll,240,38
sdk,sqlite,findAll,241,37
sdk,sqlite,findAll,242,38
sdk,sqlite,findAll,243,38
sdk,sqlite,findAll,244,38
sdk,sqlite,findAll,245,38
sdk,sqlite,findAll,246,38
sdk,sqlite,findAll,247,38
sdk,sqlite,findAll,248,38
sdk,sqlite,findAll,249,38
sdk,sqlite,findAll,250,38
sdk,sqlite,findAll,251,38
sdk,sqlite,findAll,252,38
sdk,sqlite,findAll,253,38
sdk,sqlite,findAll,254,38
sdk,sqlite,findAll,255,37
sdk,sqlite,findAll,256,38
sdk,sqlite,findAll,257,37
sdk,sqlite,findAll,258,38
sdk,sqlite,findAll,259,38
sdk,sqlite,findAll,260,38
sdk,sqlite,findAll,261,38
sdk,sqlite,findAll,262,38
sdk,sqlite,findAll,263,37
sdk,sqlite,findAll,264,38
sdk,sqlite,findAll,265,37
sdk,sqlite,findAll,266,38
sdk,sqlite,findAll,267,37
sdk,sqlite,findAll,268,38
sdk,sqlite,findAll,269,38
sdk,sqlite,findAll,270,37
sdk,sqlite,findAll,271,38
sdk,sqlite,findAll,272,38
sdk,sqlite,findAll,273,37
sdk,sqlite,findAll,274,38
sdk,sqlite,findAll,275,38
sdk,sqlite,findAll,276,38
sdk,sqlite,findAll,277,38
sdk,sqlite,findAll,278,41
sdk,sqlite,findAll,279,41
sdk,sqlite,findAll,280,38
sdk,sqlite,findAll,281,38
sdk,sqlite,findAll,282,37
sdk,sqlite,findAll,283,37
sdk,sqlite,findAll,284,38
sdk,sqlite,findAll,285,38
sdk,sqlite,findAll,286,38
sdk,sqlite,findAll,287,38
sdk,sqlite,findAll,288,38
sdk,sqlite,findAll,289,38
sdk,sqlite,findAll,290,38
sdk,sqlite,findAll,291,38
sdk,sqlite,findAll,292,38
sdk,sqlite,findAll,293,37
sdk,sqlite,findAll,294,38
sdk,sqlite,findAll,295,38
sdk,sqlite,findAll,296,38
sdk,sqlite,findAll,297,37
sdk,sqlite,findAll,298,38
sdk,sqlite,findAll,299,38
sdk,sqlite,findAll,300,38
sdk,sqlite,findAll,301,37
sdk,sqlite,findAll,302,38
sdk,sqlite,findAll,303,38
sdk,sqlite,findAll,304,38
sdk,sqlite,findAll,305,38
sdk,sqlite,findAll,306,38
sdk,sqlite,findAll,307,38
sdk,sqlite,findAll,308,38
sdk,sqlite,findAll,309,37
sdk,sqlite,findAll,310,37
sdk,sqlite,findAll,311,38
sdk,sqlite,findAll,312,38
sdk,sqlite,findAll,313,38
sdk,sqlite,findAll,314,38
sdk,sqlite,findAll,315,38
sdk,sqlite,findAll,316,38
sdk,sqlite,findAll,317,38
sdk,sqlite,findAll,318,38
sdk,sqlite,findAll,319,38
sdk,sqlite,findAll,320,38
sdk,sqlite,findAll,321,38
sdk,sqlite,findAll,322,38
sdk,sqlite,findAll,323,38
sdk,sqlite,findAll,324,38
sdk,sqlite,findAll,325,38
sdk,sqlite,findAll,326,38
sdk,sqlite,findAll,327,37
sdk,sqlite,findAll,328,38
sdk,sqlite,findAll,329,38
sdk,sqlite,findAll,330,38
sdk,sqlite,findAll,331,42
sdk,sqlite,findAll,332,41
sdk,sqlite,findAll,333,37
sdk,sqlite,findAll,334,38
sdk,sqlite,findAll,335,44
sdk,sqlite,findAll,336,39
sdk,sqlite,findAll,337,42
sdk,sqlite,findAll,338,38
sdk,sqlite,findAll,339,38
sdk,sqlite,findAll,340,44
sdk,sqlite,findAll,341,39
sdk,sqlite,findAll,342,35
sdk,sqlite,findAll,343,45
sdk,sqlite,findAll,344,44
sdk,sqlite,findAll,345,41
sdk,sqlite,findAll,346,40
sdk,sqlite,findAll,347,41
sdk,sqlite,findAll,348,38
sdk,sqlite,findAll,349,41
sdk,sqlite,findAll,350,38
sdk,sqlite,findAll,351,38
sdk,sqlite,findAll,352,38
sdk,sqlite,findAll,353,38
sdk,sqlite,findAll,354,38
sdk,sqlite,findAll,355,37
sdk,sqlite,findAll,356,38
sdk,sqlite,findAll,357,38
sdk,sqlite,findAll,358,38
sdk,sqlite,findAll,359,38
sdk,sqlite,findAll,360,38
sdk,sqlite,findAll,361,38
sdk,sqlite,findAll,362,38
sdk,sqlite,findAll,363,38
sdk,sqlite,findAll,364,38
sdk,sqlite,findAll,365,38
sdk,sqlite,findAll,366,38
sdk,sqlite,findAll,367,38
sdk,sqlite,findAll,368,41
sdk,sqlite,findAll,369,38
sdk,sqlite,findAll,370,38
sdk,sqlite,findAll,371,38
sdk,sqlite,findAll,372,37
sdk,sqlite,findAll,373,38
sdk,sqlite,findAll,374,43
sdk,sqlite,findAll,375,38
sdk,sqlite,findAll,376,41
sdk,sqlite,findAll,377,42
sdk,sqlite,findAll,378,38
sdk,sqlite,findAll,379,38
sdk,sqlite,findAll,380,38
sdk,sqlite,findAll,381,38
sdk,sqlite,findAll,382,37
sdk,sqlite,findAll,383,38
sdk,sqlite,findAll,384,38
sdk,sqlite,findAll,385,41
sdk,sqlite,findAll,386,38
sdk,sqlite,findAll,387,41
sdk,sqlite,findAll,388,38
sdk,sqlite,findAll,389,38
sdk,sqlite,findAll,390,38
sdk,sqlite,findAll,391,38
sdk,sqlite,findAll,392,38
sdk,sqlite,findAll,393,38
sdk,sqlite,findAll,394,38
sdk,sqlite,findAll,395,38
sdk,sqlite,findAll,396,38
sdk,sqlite,findAll,397,37
sdk,sqlite,findAll,398,38
sdk,sqlite,findAll,399,38
sdk,sqlite,findAll,400,38
sdk,sqlite,findAll,401,38
sdk,sqlite,findAll,402,38
sdk,sqlite,findAll,403,38
sdk,sqlite,findAll,404,38
sdk,sqlite,findAll,405,38
sdk,sqlite,findAll,406,38
sdk,sqlite,findAll,407,38
sdk,sqlite,findAll,408,38
sdk,sqlite,findAll,409,37
sdk,sqlite,findAll,410,37
sdk,sqlite,findAll,411,37
sdk,sqlite,findAll,412,38
sdk,sqlite,findAll,413,38
sdk,sqlite,findAll,414,38
sdk,sqlite,findAll,415,38
sdk,sqlite,findAll,416,38
sdk,sqlite,findAll,417,41
sdk,sqlite,findAll,418,38
sdk,sqlite,findAll,419,38
sdk,sqlite,findAll,420,38
sdk,sqlite,findAll,421,38
sdk,sqlite,findAll,422,38
sdk,sqlite,findAll,423,38
sdk,sqlite,findAll,424,41
sdk,sqlite,findAll,425,38
sdk,sqlite,findAll,426,37
sdk,sqlite,findAll,427,37
sdk,sqlite,findAll,428,38
sdk,sqlite,findAll,429,38
sdk,sqlite,findAll,430,38
sdk,sqlite,findAll,431,37
sdk,sqlite,findAll,432,38
sdk,sqlite,findAll,433,38
sdk,sqlite,findAll,434,38
sdk,sqlite,findAll,435,37
sdk,sqlite,findAll,436,38
sdk,sqlite,findAll,437,38
sdk,sqlite,findAll,438,38
sdk,sqlite,findAll,439,37
sdk,sqlite,findAll,440,38
sdk,sqlite,findAll,441,38
sdk,sqlite,findAll,442,38
sdk,sqlite,findAll,443,38
sdk,sqlite,findAll,444,38
sdk,sqlite,findAll,445,38
sdk,sqlite,findAll,446,38
sdk,sqlite,findAll,447,38
sdk,sqlite,findAll,448,38
sdk,sqlite,findAll,449,38
sdk,sqlite,findAll,450,38
sdk,sqlite,findAll,451,38
sdk,sqlite,findAll,452,38
sdk,sqlite,findAll,453,38
sdk,sqlite,findAll,454,37
sdk,sqlite,findAll,455,38
sdk,sqlite,findAll,456,37
sdk,sqlite,findAll,457,42
sdk,sqlite,findAll,458,41
sdk,sqlite,findAll,459,37
sdk,sqlite,findAll,460,38
sdk,sqlite,findAll,461,42
sdk,sqlite,findAll,462,38
sdk,sqlite,findAll,463,37
sdk,sqlite,findAll,464,38
sdk,sqlite,findAll,465,38
sdk,sqlite,findAll,466,40
sdk,sqlite,findAll,467,38
sdk,sqlite,findAll,468,38
sdk,sqlite,findAll,469,38
sdk,sqlite,findAll,470,38
sdk,sqlite,findAll,471,38
sdk,sqlite,findAll,472,37
sdk,sqlite,findAll,473,41
sdk,sqlite,findAll,474,43
sdk,sqlite,findAll,475,37
sdk,sqlite,findAll,476,36
sdk,sqlite,findAll,477,36
sdk,sqlite,findAll,478,36
sdk,sqlite,findAll,479,36
sdk,sqlite,findAll,480,41
sdk,sqlite,findAll,481,38
sdk,sqlite,findAll,482,38
sdk,sqlite,findAll,483,38
sdk,sqlite,findAll,484,38
sdk,sqlite,findAll,485,38
sdk,sqlite,findAll,486,38
sdk,sqlite,findAll,487,38
sdk,sqlite,findAll,488,38
sdk,sqlite,findAll,489,38
sdk,sqlite,findAll,490,38
sdk,sqlite,findAll,491,42
sdk,sqlite,findAll,492,42
sdk,sqlite,findAll,493,38
sdk,sqlite,findAll,494,38
sdk,sqlite,findAll,495,38
sdk,sqlite,findAll,496,38
sdk,sqlite,findAll,497,38
sdk,sqlite,findAll,498,38
sdk,sqlite,findAll,499,38
sdk,sqlite,findAll,500,44
sdk,sqlite,findAll,501,38
sdk,sqlite,findAll,502,41
sdk,sqlite,findAll,503,38
sdk,sqlite,findAll,504,42
sdk,sqlite,findAll,505,38
sdk,sqlite,findAll,506,38
sdk,sqlite,findAll,507,38
sdk,sqlite,findAll,508,38
sdk,sqlite,findAll,509,38
sdk,sqlite,findAll,510,38
sdk,sqlite,findAll,511,38
sdk,sqlite,findAll,512,38
sdk,sqlite,findAll,513,38
sdk,sqlite,findAll,514,38
sdk,sqlite,findAll,515,38
sdk,sqlite,findAll,516,38
sdk,sqlite,findAll,517,38
sdk,sqlite,findAll,518,38
sdk,sqlite,findAll,519,37
sdk,sqlite,findAll,520,38
sdk,sqlite,findAll,521,37
sdk,sqlite,findAll,522,38
sdk,sqlite,findAll,523,38
sdk,sqlite,findAll,524,38
sdk,sqlite,findAll,525,38
sdk,sqlite,findAll,526,37
sdk,sqlite,findAll,527,41
sdk,sqlite,findAll,528,38
sdk,sqlite,findAll,529,38
sdk,sqlite,findAll,530,38
sdk,sqlite,findAll,531,38
sdk,sqlite,findAll,532,38
sdk,sqlite,findAll,533,38
sdk,sqlite,findAll,534,38
sdk,sqlite,findAll,535,38
sdk,sqlite,findAll,536,38
sdk,sqlite,findAll,537,38
sdk,sqlite,findAll,538,38
sdk,sqlite,findAll,539,38
sdk,sqlite,findAll,540,38
sdk,sqlite,findAll,541,38
sdk,sqlite,findAll,542,38
sdk,sqlite,findAll,543,41
sdk,sqlite,findAll,544,38
sdk,sqlite,findAll,545,38
sdk,sqlite,findAll,546,38
sdk,sqlite,findAll,547,41
sdk,sqlite,findAll,548,38
sdk,sqlite,findAll,549,41
sdk,sqlite,findAll,550,38
sdk,sqlite,findAll,551,38
sdk,sqlite,findAll,552,38
sdk,sqlite,findAll,553,38
sdk,sqlite,findAll,554,38
sdk,sqlite,findAll,555,37
sdk,sqlite,findAll,556,38
sdk,sqlite,findAll,557,37
sdk,sqlite,findAll,558,37
sdk,sqlite,findAll,559,37
sdk,sqlite,findAll,560,38
sdk,sqlite,findAll,561,38
sdk,sqlite,findAll,562,38
sdk,sqlite,findAll,563,38
sdk,sqlite,findAll,564,38
sdk,sqlite,findAll,565,37
sdk,sqlite,findAll,566,38
sdk,sqlite,findAll,567,38
sdk,sqlite,findAll,568,44
sdk,sqlite,findAll,569,39
sdk,sqlite,findAll,570,39
sdk,sqlite,findAll,571,43
sdk,sqlite,findAll,572,38
sdk,sqlite,findAll,573,44
sdk,sqlite,findAll,574,39
sdk,sqlite,findAll,575,44
sdk,sqlite,findAll,576,39
sdk,sqlite,findAll,577,42
sdk,sqlite,findAll,578,39
sdk,sqlite,findAll,579,45
sdk,sqlite,findAll,580,39
sdk,sqlite,findAll,581,39
sdk,sqlite,findAll,582,42
sdk,sqlite,findAll,583,38
sdk,sqlite,findAll,584,38
sdk,sqlite,findAll,585,44
sdk,sqlite,findAll,586,58
sdk,sqlite,findAll,587,69
sdk,sqlite,findAll,588,40
sdk,sqlite,findAll,589,38
sdk,sqlite,findAll,590,37
sdk,sqlite,findAll,591,37
sdk,sqlite,findAll,592,35
sdk,sqlite,findAll,593,37
sdk,sqlite,findAll,594,37
sdk,sqlite,findAll,595,43
sdk,sqlite,findAll,596,43
sdk,sqlite,findAll,597,43
sdk,sqlite,findAll,598,36
sdk,sqlite,findAll,599,43
sdk,sqlite,findAll,600,37
sdk,sqlite,findAll,601,37
sdk,sqlite,findAll,602,37
sdk,sqlite,findAll,603,38
sdk,sqlite,findAll,604,38
sdk,sqlite,findAll,605,37
sdk,sqlite,findAll,606,37
sdk,sqlite,findAll,607,37
sdk,sqlite,findAll,608,40
sdk,sqlite,findAll,609,38
sdk,sqlite,findAll,610,38
sdk,sqlite,findAll,611,37
sdk,sqlite,findAll,612,37
sdk,sqlite,findAll,613,40
sdk,sqlite,findAll,614,37
sdk,sqlite,findAll,615,37
sdk,sqlite,findAll,616,37
sdk,sqlite,findAll,617,37
sdk,sqlite,findAll,618,37
sdk,sqlite,findAll,619,37
sdk,sqlite,findAll,620,37
sdk,sqlite,findAll,621,37
sdk,sqlite,findAll,622,37
sdk,sqlite,findAll,623,38
sdk,sqlite,findAll,624,37
sdk,sqlite,findAll,625,38
sdk,sqlite,findAll,626,41
sdk,sqlite,findAll,627,37
sdk,sqlite,findAll,628,37
sdk,sqlite,findAll,629,37
sdk,sqlite,findAll,630,37
sdk,sqlite,findAll,631,38
sdk,sqlite,findAll,632,37
sdk,sqlite,findAll,633,37
sdk,sqlite,findAll,634,37
sdk,sqlite,findAll,635,38
sdk,sqlite,findAll,636,41
sdk,sqlite,findAll,637,37
sdk,sqlite,findAll,638,37
sdk,sqlite,findAll,639,37
sdk,sqlite,findAll,640,37
sdk,sqlite,findAll,641,37
sdk,sqlite,findAll,642,37
sdk,sqlite,findAll,643,37
sdk,sqlite,findAll,644,37
sdk,sqlite,findAll,645,38
sdk,sqlite,findAll,646,38
sdk,sqlite,findAll,647,37
sdk,sqlite,findAll,648,37
sdk,sqlite,findAll,649,37
sdk,sqlite,findAll,650,37
sdk,sqlite,findAll,651,38
sdk,sqlite,findAll,652,37
sdk,sqlite,findAll,653,37
sdk,sqlite,findAll,654,37
sdk,sqlite,findAll,655,37
sdk,sqlite,findAll,656,37
sdk,sqlite,findAll,657,37
sdk,sqlite,findAll,658,37
sdk,sqlite,findAll,659,38
sdk,sqlite,findAll,660,37
sdk,sqlite,findAll,661,38
sdk,sqlite,findAll,662,37
sdk,sqlite,findAll,663,37
sdk,sqlite,findAll,664,37
sdk,sqlite,findAll,665,37
sdk,sqlite,findAll,666,38
sdk,sqlite,findAll,667,37
sdk,sqlite,findAll,668,37
sdk,sqlite,findAll,669,37
sdk,sqlite,findAll,670,37
sdk,sqlite,findAll,671,37
sdk,sqlite,findAll,672,37
sdk,sqlite,findAll,673,37
sdk,sqlite,findAll,674,37
sdk,sqlite,findAll,675,37
sdk,sqlite,findAll,676,37
sdk,sqlite,findAll,677,37
sdk,sqlite,findAll,678,37
sdk,sqlite,findAll,679,37
sdk,sqlite,findAll,680,37
sdk,sqlite,findAll,681,38
sdk,sqlite,findAll,682,37
sdk,sqlite,findAll,683,38
sdk,sqlite,findAll,684,38
sdk,sqlite,findAll,685,37
sdk,sqlite,findAll,686,41
sdk,sqlite,findAll,687,37
sdk,sqlite,findAll,688,37
sdk,sqlite,findAll,689,37
sdk,sqlite,findAll,690,37
sdk,sqlite,findAll,691,37
sdk,sqlite,findAll,692,37
sdk,sqlite,findAll,693,37
sdk,sqlite,findAll,694,37
sdk,sqlite,findAll,695,37
sdk,sqlite,findAll,696,37
sdk,sqlite,findAll,697,37
sdk,sqlite,findAll,698,37
sdk,sqlite,findAll,699,37
sdk,sqlite,findAll,700,37
sdk,sqlite,findAll,701,37
sdk,sqlite,findAll,702,37
sdk,sqlite,findAll,703,37
sdk,sqlite,findAll,704,37
sdk,sqlite,findAll,705,37
sdk,sqlite,findAll,706,37
sdk,sqlite,findAll,707,37
sdk,sqlite,findAll,708,37
sdk,sqlite,findAll,709,37
sdk,sqlite,findAll,710,37
sdk,sqlite,findAll,711,37
sdk,sqlite,findAll,712,37
sdk,sqlite,findAll,713,37
sdk,sqlite,findAll,714,37
sdk,sqlite,findAll,715,37
sdk,sqlite,findAll,716,37
sdk,sqlite,findAll,717,37
sdk,sqlite,findAll,718,37
sdk,sqlite,findAll,719,37
sdk,sqlite,findAll,720,37
sdk,sqlite,findAll,721,37
sdk,sqlite,findAll,722,37
sdk,sqlite,findAll,723,38
sdk,sqlite,findAll,724,41
sdk,sqlite,findAll,725,41
sdk,sqlite,findAll,726,37
sdk,sqlite,findAll,727,37
sdk,sqlite,findAll,728,37
sdk,sqlite,findAll,729,37
sdk,sqlite,findAll,730,37
sdk,sqlite,findAll,731,37
sdk,sqlite,findAll,732,37
sdk,sqlite,findAll,733,37
sdk,sqlite,findAll,734,37
sdk,sqlite,findAll,735,37
sdk,sqlite,findAll,736,37
sdk,sqlite,findAll,737,37
sdk,sqlite,findAll,738,37
sdk,sqlite,findAll,739,37
sdk,sqlite,findAll,740,37
sdk,sqlite,findAll,741,37
sdk,sqlite,findAll,742,37
sdk,sqlite,findAll,743,37
sdk,sqlite,findAll,744,37
sdk,sqlite,findAll,745,37
sdk,sqlite,findAll,746,37
sdk,sqlite,findAll,747,37
sdk,sqlite,findAll,748,37
sdk,sqlite,findAll,749,37
sdk,sqlite,findAll,750,37
sdk,sqlite,findAll,751,37
sdk,sqlite,findAll,752,37
sdk,sqlite,findAll,753,37
sdk,sqlite,findAll,754,36
sdk,sqlite,findAll,755,37
sdk,sqlite,findAll,756,37
sdk,sqlite,findAll,757,37
sdk,sqlite,findAll,758,37
sdk,sqlite,findAll,759,37
sdk,sqlite,findAll,760,37
sdk,sqlite,findAll,761,37
sdk,sqlite,findAll,762,37
sdk,sqlite,findAll,763,37
sdk,sqlite,findAll,764,37
sdk,sqlite,findAll,765,37
sdk,sqlite,findAll,766,37
sdk,sqlite,findAll,767,37
sdk,sqlite,findAll,768,37
sdk,sqlite,findAll,769,37
sdk,sqlite,findAll,770,37
sdk,sqlite,findAll,771,37
sdk,sqlite,findAll,772,37
sdk,sqlite,findAll,773,37
sdk,sqlite,findAll,774,37
sdk,sqlite,findAll,775,37
sdk,sqlite,findAll,776,37
sdk,sqlite,findAll,777,37
sdk,sqlite,findAll,778,37
sdk,sqlite,findAll,779,37
sdk,sqlite,findAll,780,37
sdk,sqlite,findAll,781,37
sdk,sqlite,findAll,782,37
sdk,sqlite,findAll,783,37
sdk,sqlite,findAll,784,37
sdk,sqlite,findAll,785,37
sdk,sqlite,findAll,786,37
sdk,sqlite,findAll,787,37
sdk,sqlite,findAll,788,37
sdk,sqlite,findAll,789,37
sdk,sqlite,findAll,790,37
sdk,sqlite,findAll,791,37
sdk,sqlite,findAll,792,37
sdk,sqlite,findAll,793,37
sdk,sqlite,findAll,794,37
sdk,sqlite,findAll,795,37
sdk,sqlite,findAll,796,37
sdk,sqlite,findAll,797,37
sdk,sqlite,findAll,798,37
sdk,sqlite,findAll,799,36
sdk,sqlite,findAll,800,37
sdk,sqlite,findAll,801,37
sdk,sqlite,findAll,802,37
sdk,sqlite,findAll,803,37
sdk,sqlite,findAll,804,37
sdk,sqlite,findAll,805,37
sdk,sqlite,findAll,806,37
sdk,sqlite,findAll,807,37
sdk,sqlite,findAll,808,37
sdk,sqlite,findAll,809,37
sdk,sqlite,findAll,810,37
sdk,sqlite,findAll,811,37
sdk,sqlite,findAll,812,37
sdk,sqlite,findAll,813,37
sdk,sqlite,findAll,814,37
sdk,sqlite,findAll,815,37
sdk,sqlite,findAll,816,37
sdk,sqlite,findAll,817,37
sdk,sqlite,findAll,818,37
sdk,sqlite,findAll,819,37
sdk,sqlite,findAll,820,37
sdk,sqlite,findAll,821,37
sdk,sqlite,findAll,822,37
sdk,sqlite,findAll,823,37
sdk,sqlite,findAll,824,37
sdk,sqlite,findAll,825,37
sdk,sqlite,findAll,826,37
sdk,sqlite,findAll,827,37
sdk,sqlite,findAll,828,37
sdk,sqlite,findAll,829,37
sdk,sqlite,findAll,830,37
sdk,sqlite,findAll,831,37
sdk,sqlite,findAll,832,37
sdk,sqlite,findAll,833,37
sdk,sqlite,findAll,834,37
sdk,sqlite,findAll,835,37
sdk,sqlite,findAll,836,37
sdk,sqlite,findAll,837,37
sdk,sqlite,findAll,838,37
sdk,sqlite,findAll,839,37
sdk,sqlite,findAll,840,37
sdk,sqlite,findAll,841,37
sdk,sqlite,findAll,842,37
sdk,sqlite,findAll,843,39
sdk,sqlite,findAll,844,37
sdk,sqlite,findAll,845,37
sdk,sqlite,findAll,846,37
sdk,sqlite,findAll,847,37
sdk,sqlite,findAll,848,37
sdk,sqlite,findAll,849,37
sdk,sqlite,findAll,850,37
sdk,sqlite,findAll,851,37
sdk,sqlite,findAll,852,37
sdk,sqlite,findAll,853,37
sdk,sqlite,findAll,854,37
sdk,sqlite,findAll,855,37
sdk,sqlite,findAll,856,37
sdk,sqlite,findAll,857,37
sdk,sqlite,findAll,858,37
sdk,sqlite,findAll,859,37
sdk,sqlite,findAll,860,37
sdk,sqlite,findAll,861,37
sdk,sqlite,findAll,862,37
sdk,sqlite,findAll,863,37
sdk,sqlite,findAll,864,37
sdk,sqlite,findAll,865,37
sdk,sqlite,findAll,866,37
sdk,sqlite,findAll,867,37
sdk,sqlite,findAll,868,36
sdk,sqlite,findAll,869,37
sdk,sqlite,findAll,870,37
sdk,sqlite,findAll,871,37
sdk,sqlite,findAll,872,37
sdk,sqlite,findAll,873,37
sdk,sqlite,findAll,874,37
sdk,sqlite,findAll,875,37
sdk,sqlite,findAll,876,37
sdk,sqlite,findAll,877,37
sdk,sqlite,findAll,878,37
sdk,sqlite,findAll,879,37
sdk,sqlite,findAll,880,37
sdk,sqlite,findAll,881,37
sdk,sqlite,findAll,882,37
sdk,sqlite,findAll,883,37
sdk,sqlite,findAll,884,37
sdk,sqlite,findAll,885,37
sdk,sqlite,findAll,886,37
sdk,sqlite,findAll,887,37
sdk,sqlite,findAll,888,37
sdk,sqlite,findAll,889,37
sdk,sqlite,findAll,890,37
sdk,sqlite,findAll,891,37
sdk,sqlite,findAll,892,37
sdk,sqlite,findAll,893,37
sdk,sqlite,findAll,894,37
sdk,sqlite,findAll,895,37
sdk,sqlite,findAll,896,37
sdk,sqlite,findAll,897,37
sdk,sqlite,findAll,898,37
sdk,sqlite,findAll,899,37
sdk,sqlite,findAll,900,37
sdk,sqlite,findAll,901,37
sdk,sqlite,findAll,902,37
sdk,sqlite,findAll,903,37
sdk,sqlite,findAll,904,37
sdk,sqlite,findAll,905,37
sdk,sqlite,findAll,906,37
sdk,sqlite,findAll,907,37
sdk,sqlite,findAll,908,37
sdk,sqlite,findAll,909,37
sdk,sqlite,findAll,910,37
sdk,sqlite,findAll,911,37
sdk,sqlite,findAll,912,37
sdk,sqlite,findAll,913,37
sdk,sqlite,findAll,914,37
sdk,sqlite,findAll,915,37
sdk,sqlite,findAll,916,37
sdk,sqlite,findAll,917,37
sdk,sqlite,findAll,918,37
sdk,sqlite,findAll,919,37
sdk,sqlite,findAll,920,37
sdk,sqlite,findAll,921,37
sdk,sqlite,findAll,922,37
sdk,sqlite,findAll,923,37
sdk,sqlite,findAll,924,37
sdk,sqlite,findAll,925,37
sdk,sqlite,findAll,926,37
sdk,sqlite,findAll,927,37
sdk,sqlite,findAll,928,37
sdk,sqlite,findAll,929,37
sdk,sqlite,findAll,930,37
sdk,sqlite,findAll,931,37
sdk,sqlite,findAll,932,37
sdk,sqlite,findAll,933,37
sdk,sqlite,findAll,934,37
sdk,sqlite,findAll,935,37
sdk,sqlite,findAll,936,37
sdk,sqlite,findAll,937,37
sdk,sqlite,findAll,938,37
sdk,sqlite,findAll,939,37
sdk,sqlite,findAll,940,37
sdk,sqlite,findAll,941,37
sdk,sqlite,findAll,942,37
sdk,sqlite,findAll,943,37
sdk,sqlite,findAll,944,37
sdk,sqlite,findAll,945,37
sdk,sqlite,findAll,946,37
sdk,sqlite,findAll,947,37
sdk,sqlite,findAll,948,37
sdk,sqlite,findAll,949,37
sdk,sqlite,findAll,950,37
sdk,sqlite,findAll,951,37
sdk,sqlite,findAll,952,37
sdk,sqlite,findAll,953,37
sdk,sqlite,findAll,954,37
sdk,sqlite,findAll,955,37
sdk,sqlite,findAll,956,37
sdk,sqlite,findAll,957,37
sdk,sqlite,findAll,958,37
sdk,sqlite,findAll,959,37
sdk,sqlite,findAll,960,37
sdk,sqlite,findAll,961,37
sdk,sqlite,findAll,962,37
sdk,sqlite,findAll,963,37
sdk,sqlite,findAll,964,37
sdk,sqlite,findAll,965,37
sdk,sqlite,findAll,966,41
sdk,sqlite,findAll,967,41
sdk,sqlite,findAll,968,37
sdk,sqlite,findAll,969,37
sdk,sqlite,findAll,970,41
sdk,sqlite,findAll,971,41
sdk,sqlite,findAll,972,37
sdk,sqlite,findAll,973,40
sdk,sqlite,findAll,974,37
sdk,sqlite,findAll,975,37
sdk,sqlite,findAll,976,37
sdk,sqlite,findAll,977,37
sdk,sqlite,findAll,978,37
sdk,sqlite,findAll,979,37
sdk,sqlite,findAll,980,37
sdk,sqlite,findAll,981,37
sdk,sqlite,findAll,982,37
sdk,sqlite,findAll,983,37
sdk,sqlite,findAll,984,37
sdk,sqlite,findAll,985,37
sdk,sqlite,findAll,986,37
sdk,sqlite,findAll,987,37
sdk,sqlite,findAll,988,37
sdk,sqlite,findAll,989,37
sdk,sqlite,findAll,990,37
sdk,sqlite,findAll,991,37
sdk,sqlite,findAll,992,37
sdk,sqlite,findAll,993,37
sdk,sqlite,findAll,994,37
sdk,sqlite,findAll,995,37
sdk,sqlite,findAll,996,37
sdk,sqlite,findAll,997,37
sdk,sqlite,findAll,998,37
sdk,sqlite,findAll,999,37
sdk,sqlite,filterPaginateSort,0,40
sdk,sqlite,filterPaginateSort,1,45
sdk,sqlite,filterPaginateSort,2,44
sdk,sqlite,filterPaginateSort,3,44
sdk,sqlite,filterPaginateSort,4,44
sdk,sqlite,filterPaginateSort,5,44
sdk,sqlite,filterPaginateSort,6,44
sdk,sqlite,filterPaginateSort,7,44
sdk,sqlite,filterPaginateSort,8,44
sdk,sqlite,filterPaginateSort,9,44
sdk,sqlite,filterPaginateSort,10,44
sdk,sqlite,filterPaginateSort,11,44
sdk,sqlite,filterPaginateSort,12,44
sdk,sqlite,filterPaginateSort,13,44
sdk,sqlite,filterPaginateSort,14,44
sdk,sqlite,filterPaginateSort,15,44
sdk,sqlite,filterPaginateSort,16,51
sdk,sqlite,filterPaginateSort,17,47
sdk,sqlite,filterPaginateSort,18,45
sdk,sqlite,filterPaginateSort,19,46
sdk,sqlite,filterPaginateSort,20,46
sdk,sqlite,filterPaginateSort,21,46
sdk,sqlite,filterPaginateSort,22,51
sdk,sqlite,filterPaginateSort,23,44
sdk,sqlite,filterPaginateSort,24,44
sdk,sqlite,filterPaginateSort,25,44
sdk,sqlite,filterPaginateSort,26,44
sdk,sqlite,filterPaginateSort,27,44
sdk,sqlite,filterPaginateSort,28,44
sdk,sqlite,filterPaginateSort,29,44
sdk,sqlite,filterPaginateSort,30,44
sdk,sqlite,filterPaginateSort,31,44
sdk,sqlite,filterPaginateSort,32,44
sdk,sqlite,filterPaginateSort,33,44
sdk,sqlite,filterPaginateSort,34,44
sdk,sqlite,filterPaginateSort,35,44
sdk,sqlite,filterPaginateSort,36,44
sdk,sqlite,filterPaginateSort,37,51
sdk,sqlite,filterPaginateSort,38,46
sdk,sqlite,filterPaginateSort,39,50
sdk,sqlite,filterPaginateSort,40,48
sdk,sqlite,filterPaginateSort,41,44
sdk,sqlite,filterPaginateSort,42,44
sdk,sqlite,filterPaginateSort,43,44
sdk,sqlite,filterPaginateSort,44,44
sdk,sqlite,filterPaginateSort,45,44
sdk,sqlite,filterPaginateSort,46,44
sdk,sqlite,filterPaginateSort,47,44
sdk,sqlite,filterPaginateSort,48,44
sdk,sqlite,filterPaginateSort,49,44
sdk,sqlite,filterPaginateSort,50,44
sdk,sqlite,filterPaginateSort,51,44
sdk,sqlite,filterPaginateSort,52,44
sdk,sqlite,filterPaginateSort,53,44
sdk,sqlite,filterPaginateSort,54,44
sdk,sqlite,filterPaginateSort,55,44
sdk,sqlite,filterPaginateSort,56,48
sdk,sqlite,filterPaginateSort,57,44
sdk,sqlite,filterPaginateSort,58,44
sdk,sqlite,filterPaginateSort,59,44
sdk,sqlite,filterPaginateSort,60,44
sdk,sqlite,filterPaginateSort,61,44
sdk,sqlite,filterPaginateSort,62,44
sdk,sqlite,filterPaginateSort,63,44
sdk,sqlite,filterPaginateSort,64,44
sdk,sqlite,filterPaginateSort,65,44
sdk,sqlite,filterPaginateSort,66,44
sdk,sqlite,filterPaginateSort,67,44
sdk,sqlite,filterPaginateSort,68,44
sdk,sqlite,filterPaginateSort,69,44
sdk,sqlite,filterPaginateSort,70,44
sdk,sqlite,filterPaginateSort,71,44
sdk,sqlite,filterPaginateSort,72,44
sdk,sqlite,filterPaginateSort,73,44
sdk,sqlite,filterPaginateSort,74,44
sdk,sqlite,filterPaginateSort,75,44
sdk,sqlite,filterPaginateSort,76,44
sdk,sqlite,filterPaginateSort,77,44
sdk,sqlite,filterPaginateSort,78,44
sdk,sqlite,filterPaginateSort,79,44
sdk,sqlite,filterPaginateSort,80,48
sdk,sqlite,filterPaginateSort,81,47
sdk,sqlite,filterPaginateSort,82,44
sdk,sqlite,filterPaginateSort,83,44
sdk,sqlite,filterPaginateSort,84,44
sdk,sqlite,filterPaginateSort,85,44
sdk,sqlite,filterPaginateSort,86,44
sdk,sqlite,filterPaginateSort,87,44
sdk,sqlite,filterPaginateSort,88,44
sdk,sqlite,filterPaginateSort,89,44
sdk,sqlite,filterPaginateSort,90,44
sdk,sqlite,filterPaginateSort,91,44
sdk,sqlite,filterPaginateSort,92,44
sdk,sqlite,filterPaginateSort,93,44
sdk,sqlite,filterPaginateSort,94,44
sdk,sqlite,filterPaginateSort,95,44
sdk,sqlite,filterPaginateSort,96,44
sdk,sqlite,filterPaginateSort,97,44
sdk,sqlite,filterPaginateSort,98,44
sdk,sqlite,filterPaginateSort,99,44
sdk,sqlite,filterPaginateSort,100,44
sdk,sqlite,filterPaginateSort,101,44
sdk,sqlite,filterPaginateSort,102,44
sdk,sqlite,filterPaginateSort,103,44
sdk,sqlite,filterPaginateSort,104,44
sdk,sqlite,filterPaginateSort,105,44
sdk,sqlite,filterPaginateSort,106,44
sdk,sqlite,filterPaginateSort,107,44
sdk,sqlite,filterPaginateSort,108,44
sdk,sqlite,filterPaginateSort,109,44
sdk,sqlite,filterPaginateSort,110,44
sdk,sqlite,filterPaginateSort,111,44
sdk,sqlite,filterPaginateSort,112,44
sdk,sqlite,filterPaginateSort,113,44
sdk,sqlite,filterPaginateSort,114,44
sdk,sqlite,filterPaginateSort,115,44
sdk,sqlite,filterPaginateSort,116,44
sdk,sqlite,filterPaginateSort,117,44
sdk,sqlite,filterPaginateSort,118,44
sdk,sqlite,filterPaginateSort,119,44
sdk,sqlite,filterPaginateSort,120,45
sdk,sqlite,filterPaginateSort,121,45
sdk,sqlite,filterPaginateSort,122,44
sdk,sqlite,filterPaginateSort,123,44
sdk,sqlite,filterPaginateSort,124,52
sdk,sqlite,filterPaginateSort,125,46
sdk,sqlite,filterPaginateSort,126,45
sdk,sqlite,filterPaginateSort,127,51
sdk,sqlite,filterPaginateSort,128,44
sdk,sqlite,filterPaginateSort,129,44
sdk,sqlite,filterPaginateSort,130,44
sdk,sqlite,filterPaginateSort,131,44
sdk,sqlite,filterPaginateSort,132,44
sdk,sqlite,filterPaginateSort,133,44
sdk,sqlite,filterPaginateSort,134,44
sdk,sqlite,filterPaginateSort,135,45
sdk,sqlite,filterPaginateSort,136,44
sdk,sqlite,filterPaginateSort,137,44
sdk,sqlite,filterPaginateSort,138,44
sdk,sqlite,filterPaginateSort,139,44
sdk,sqlite,filterPaginateSort,140,44
sdk,sqlite,filterPaginateSort,141,44
sdk,sqlite,filterPaginateSort,142,44
sdk,sqlite,filterPaginateSort,143,44
sdk,sqlite,filterPaginateSort,144,44
sdk,sqlite,filterPaginateSort,145,45
sdk,sqlite,filterPaginateSort,146,44
sdk,sqlite,filterPaginateSort,147,44
sdk,sqlite,filterPaginateSort,148,44
sdk,sqlite,filterPaginateSort,149,44
sdk,sqlite,filterPaginateSort,150,44
sdk,sqlite,filterPaginateSort,151,44
sdk,sqlite,filterPaginateSort,152,44
sdk,sqlite,filterPaginateSort,153,44
sdk,sqlite,filterPaginateSort,154,44
sdk,sqlite,filterPaginateSort,155,44
sdk,sqlite,filterPaginateSort,156,44
sdk,sqlite,filterPaginateSort,157,44
sdk,sqlite,filterPaginateSort,158,44
sdk,sqlite,filterPaginateSort,159,44
sdk,sqlite,filterPaginateSort,160,44
sdk,sqlite,filterPaginateSort,161,44
sdk,sqlite,filterPaginateSort,162,44
sdk,sqlite,filterPaginateSort,163,44
sdk,sqlite,filterPaginateSort,164,44
sdk,sqlite,filterPaginateSort,165,44
sdk,sqlite,filterPaginateSort,166,44
sdk,sqlite,filterPaginateSort,167,45
sdk,sqlite,filterPaginateSort,168,44
sdk,sqlite,filterPaginateSort,169,44
sdk,sqlite,filterPaginateSort,170,44
sdk,sqlite,filterPaginateSort,171,44
sdk,sqlite,filterPaginateSort,172,44
sdk,sqlite,filterPaginateSort,173,44
sdk,sqlite,filterPaginateSort,174,44
sdk,sqlite,filterPaginateSort,175,44
sdk,sqlite,filterPaginateSort,176,44
sdk,sqlite,filterPaginateSort,177,44
sdk,sqlite,filterPaginateSort,178,44
sdk,sqlite,filterPaginateSort,179,44
sdk,sqlite,filterPaginateSort,180,44
sdk,sqlite,filterPaginateSort,181,44
sdk,sqlite,filterPaginateSort,182,44
sdk,sqlite,filterPaginateSort,183,44
sdk,sqlite,filterPaginateSort,184,44
sdk,sqlite,filterPaginateSort,185,44
sdk,sqlite,filterPaginateSort,186,44
sdk,sqlite,filterPaginateSort,187,44
sdk,sqlite,filterPaginateSort,188,48
sdk,sqlite,filterPaginateSort,189,42
sdk,sqlite,filterPaginateSort,190,42
sdk,sqlite,filterPaginateSort,191,43
sdk,sqlite,filterPaginateSort,192,46
sdk,sqlite,filterPaginateSort,193,50
sdk,sqlite,filterPaginateSort,194,72
sdk,sqlite,filterPaginateSort,195,114
sdk,sqlite,filterPaginateSort,196,43
sdk,sqlite,filterPaginateSort,197,39
sdk,sqlite,filterPaginateSort,198,38
sdk,sqlite,filterPaginateSort,199,38
sdk,sqlite,filterPaginateSort,200,38
sdk,sqlite,filterPaginateSort,201,37
sdk,sqlite,filterPaginateSort,202,38
sdk,sqlite,filterPaginateSort,203,37
sdk,sqlite,filterPaginateSort,204,37
sdk,sqlite,filterPaginateSort,205,37
sdk,sqlite,filterPaginateSort,206,37
sdk,sqlite,filterPaginateSort,207,37
sdk,sqlite,filterPaginateSort,208,37
sdk,sqlite,filterPaginateSort,209,37
sdk,sqlite,filterPaginateSort,210,37
sdk,sqlite,filterPaginateSort,211,37
sdk,sqlite,filterPaginateSort,212,38
sdk,sqlite,filterPaginateSort,213,38
sdk,sqlite,filterPaginateSort,214,38
sdk,sqlite,filterPaginateSort,215,37
sdk,sqlite,filterPaginateSort,216,39
sdk,sqlite,filterPaginateSort,217,40
sdk,sqlite,filterPaginateSort,218,41
sdk,sqlite,filterPaginateSort,219,40
sdk,sqlite,filterPaginateSort,220,40
sdk,sqlite,filterPaginateSort,221,40
sdk,sqlite,filterPaginateSort,222,41
sdk,sqlite,filterPaginateSort,223,40
sdk,sqlite,filterPaginateSort,224,40
sdk,sqlite,filterPaginateSort,225,41
sdk,sqlite,filterPaginateSort,226,40
sdk,sqlite,filterPaginateSort,227,40
sdk,sqlite,filterPaginateSort,228,41
sdk,sqlite,filterPaginateSort,229,40
sdk,sqlite,filterPaginateSort,230,40
sdk,sqlite,filterPaginateSort,231,40
sdk,sqlite,filterPaginateSort,232,40
sdk,sqlite,filterPaginateSort,233,40
sdk,sqlite,filterPaginateSort,234,40
sdk,sqlite,filterPaginateSort,235,40
sdk,sqlite,filterPaginateSort,236,40
sdk,sqlite,filterPaginateSort,237,40
sdk,sqlite,filterPaginateSort,238,40
sdk,sqlite,filterPaginateSort,239,40
sdk,sqlite,filterPaginateSort,240,40
sdk,sqlite,filterPaginateSort,241,40
sdk,sqlite,filterPaginateSort,242,40
sdk,sqlite,filterPaginateSort,243,40
sdk,sqlite,filterPaginateSort,244,40
sdk,sqlite,filterPaginateSort,245,40
sdk,sqlite,filterPaginateSort,246,40
sdk,sqlite,filterPaginateSort,247,40
sdk,sqlite,filterPaginateSort,248,40
sdk,sqlite,filterPaginateSort,249,40
sdk,sqlite,filterPaginateSort,250,40
sdk,sqlite,filterPaginateSort,251,40
sdk,sqlite,filterPaginateSort,252,40
sdk,sqlite,filterPaginateSort,253,40
sdk,sqlite,filterPaginateSort,254,40
sdk,sqlite,filterPaginateSort,255,40
sdk,sqlite,filterPaginateSort,256,40
sdk,sqlite,filterPaginateSort,257,40
sdk,sqlite,filterPaginateSort,258,40
sdk,sqlite,filterPaginateSort,259,40
sdk,sqlite,filterPaginateSort,260,40
sdk,sqlite,filterPaginateSort,261,40
sdk,sqlite,filterPaginateSort,262,40
sdk,sqlite,filterPaginateSort,263,40
sdk,sqlite,filterPaginateSort,264,40
sdk,sqlite,filterPaginateSort,265,40
sdk,sqlite,filterPaginateSort,266,40
sdk,sqlite,filterPaginateSort,267,40
sdk,sqlite,filterPaginateSort,268,40
sdk,sqlite,filterPaginateSort,269,40
sdk,sqlite,filterPaginateSort,270,40
sdk,sqlite,filterPaginateSort,271,40
sdk,sqlite,filterPaginateSort,272,40
sdk,sqlite,filterPaginateSort,273,40
sdk,sqlite,filterPaginateSort,274,40
sdk,sqlite,filterPaginateSort,275,40
sdk,sqlite,filterPaginateSort,276,40
sdk,sqlite,filterPaginateSort,277,40
sdk,sqlite,filterPaginateSort,278,40
sdk,sqlite,filterPaginateSort,279,40
sdk,sqlite,filterPaginateSort,280,40
sdk,sqlite,filterPaginateSort,281,40
sdk,sqlite,filterPaginateSort,282,40
sdk,sqlite,filterPaginateSort,283,40
sdk,sqlite,filterPaginateSort,284,40
sdk,sqlite,filterPaginateSort,285,40
sdk,sqlite,filterPaginateSort,286,40
sdk,sqlite,filterPaginateSort,287,40
sdk,sqlite,filterPaginateSort,288,40
sdk,sqlite,filterPaginateSort,289,40
sdk,sqlite,filterPaginateSort,290,40
sdk,sqlite,filterPaginateSort,291,40
sdk,sqlite,filterPaginateSort,292,40
sdk,sqlite,filterPaginateSort,293,40
sdk,sqlite,filterPaginateSort,294,42
sdk,sqlite,filterPaginateSort,295,40
sdk,sqlite,filterPaginateSort,296,40
sdk,sqlite,filterPaginateSort,297,40
sdk,sqlite,filterPaginateSort,298,40
sdk,sqlite,filterPaginateSort,299,40
sdk,sqlite,filterPaginateSort,300,40
sdk,sqlite,filterPaginateSort,301,40
sdk,sqlite,filterPaginateSort,302,40
sdk,sqlite,filterPaginateSort,303,40
sdk,sqlite,filterPaginateSort,304,40
sdk,sqlite,filterPaginateSort,305,40
sdk,sqlite,filterPaginateSort,306,40
sdk,sqlite,filterPaginateSort,307,40
sdk,sqlite,filterPaginateSort,308,40
sdk,sqlite,filterPaginateSort,309,40
sdk,sqlite,filterPaginateSort,310,40
sdk,sqlite,filterPaginateSort,311,40
sdk,sqlite,filterPaginateSort,312,40
sdk,sqlite,filterPaginateSort,313,40
sdk,sqlite,filterPaginateSort,314,40
sdk,sqlite,filterPaginateSort,315,40
sdk,sqlite,filterPaginateSort,316,40
sdk,sqlite,filterPaginateSort,317,40
sdk,sqlite,filterPaginateSort,318,40
sdk,sqlite,filterPaginateSort,319,40
sdk,sqlite,filterPaginateSort,320,41
sdk,sqlite,filterPaginateSort,321,40
sdk,sqlite,filterPaginateSort,322,40
sdk,sqlite,filterPaginateSort,323,40
sdk,sqlite,filterPaginateSort,324,40
sdk,sqlite,filterPaginateSort,325,40
sdk,sqlite,filterPaginateSort,326,40
sdk,sqlite,filterPaginateSort,327,40
sdk,sqlite,filterPaginateSort,328,40
sdk,sqlite,filterPaginateSort,329,40
sdk,sqlite,filterPaginateSort,330,40
sdk,sqlite,filterPaginateSort,331,40
sdk,sqlite,filterPaginateSort,332,40
sdk,sqlite,filterPaginateSort,333,40
sdk,sqlite,filterPaginateSort,334,40
sdk,sqlite,filterPaginateSort,335,40
sdk,sqlite,filterPaginateSort,336,40
sdk,sqlite,filterPaginateSort,337,40
sdk,sqlite,filterPaginateSort,338,40
sdk,sqlite,filterPaginateSort,339,40
sdk,sqlite,filterPaginateSort,340,40
sdk,sqlite,filterPaginateSort,341,40
sdk,sqlite,filterPaginateSort,342,40
sdk,sqlite,filterPaginateSort,343,40
sdk,sqlite,filterPaginateSort,344,40
sdk,sqlite,filterPaginateSort,345,40
sdk,sqlite,filterPaginateSort,346,40
sdk,sqlite,filterPaginateSort,347,40
sdk,sqlite,filterPaginateSort,348,40
sdk,sqlite,filterPaginateSort,349,40
sdk,sqlite,filterPaginateSort,350,40
sdk,sqlite,filterPaginateSort,351,40
sdk,sqlite,filterPaginateSort,352,41
sdk,sqlite,filterPaginateSort,353,40
sdk,sqlite,filterPaginateSort,354,40
sdk,sqlite,filterPaginateSort,355,40
sdk,sqlite,filterPaginateSort,356,40
sdk,sqlite,filterPaginateSort,357,40
sdk,sqlite,filterPaginateSort,358,40
sdk,sqlite,filterPaginateSort,359,40
sdk,sqlite,filterPaginateSort,360,40
sdk,sqlite,filterPaginateSort,361,40
sdk,sqlite,filterPaginateSort,362,40
sdk,sqlite,filterPaginateSort,363,40
sdk,sqlite,filterPaginateSort,364,40
sdk,sqlite,filterPaginateSort,365,40
sdk,sqlite,filterPaginateSort,366,40
sdk,sqlite,filterPaginateSort,367,40
sdk,sqlite,filterPaginateSort,368,40
sdk,sqlite,filterPaginateSort,369,40
sdk,sqlite,filterPaginateSort,370,40
sdk,sqlite,filterPaginateSort,371,40
sdk,sqlite,filterPaginateSort,372,40
sdk,sqlite,filterPaginateSort,373,40
sdk,sqlite,filterPaginateSort,374,40
sdk,sqlite,filterPaginateSort,375,40
sdk,sqlite,filterPaginateSort,376,40
sdk,sqlite,filterPaginateSort,377,40
sdk,sqlite,filterPaginateSort,378,40
sdk,sqlite,filterPaginateSort,379,40
sdk,sqlite,filterPaginateSort,380,40
sdk,sqlite,filterPaginateSort,381,40
sdk,sqlite,filterPaginateSort,382,40
sdk,sqlite,filterPaginateSort,383,40
sdk,sqlite,filterPaginateSort,384,40
sdk,sqlite,filterPaginateSort,385,40
sdk,sqlite,filterPaginateSort,386,40
sdk,sqlite,filterPaginateSort,387,40
sdk,sqlite,filterPaginateSort,388,40
sdk,sqlite,filterPaginateSort,389,40
sdk,sqlite,filterPaginateSort,390,40
sdk,sqlite,filterPaginateSort,391,40
sdk,sqlite,filterPaginateSort,392,40
sdk,sqlite,filterPaginateSort,393,40
sdk,sqlite,filterPaginateSort,394,40
sdk,sqlite,filterPaginateSort,395,40
sdk,sqlite,filterPaginateSort,396,41
sdk,sqlite,filterPaginateSort,397,41
sdk,sqlite,filterPaginateSort,398,41
sdk,sqlite,filterPaginateSort,399,41
sdk,sqlite,filterPaginateSort,400,40
sdk,sqlite,filterPaginateSort,401,41
sdk,sqlite,filterPaginateSort,402,41
sdk,sqlite,filterPaginateSort,403,41
sdk,sqlite,filterPaginateSort,404,40
sdk,sqlite,filterPaginateSort,405,40
sdk,sqlite,filterPaginateSort,406,40
sdk,sqlite,filterPaginateSort,407,40
sdk,sqlite,filterPaginateSort,408,40
sdk,sqlite,filterPaginateSort,409,41
sdk,sqlite,filterPaginateSort,410,41
sdk,sqlite,filterPaginateSort,411,41
sdk,sqlite,filterPaginateSort,412,41
sdk,sqlite,filterPaginateSort,413,41
sdk,sqlite,filterPaginateSort,414,41
sdk,sqlite,filterPaginateSort,415,71
sdk,sqlite,filterPaginateSort,416,58
sdk,sqlite,filterPaginateSort,417,48
sdk,sqlite,filterPaginateSort,418,46
sdk,sqlite,filterPaginateSort,419,43
sdk,sqlite,filterPaginateSort,420,43
sdk,sqlite,filterPaginateSort,421,46
sdk,sqlite,filterPaginateSort,422,46
sdk,sqlite,filterPaginateSort,423,50
sdk,sqlite,filterPaginateSort,424,49
sdk,sqlite,filterPaginateSort,425,45
sdk,sqlite,filterPaginateSort,426,44
sdk,sqlite,filterPaginateSort,427,44
sdk,sqlite,filterPaginateSort,428,44
sdk,sqlite,filterPaginateSort,429,44
sdk,sqlite,filterPaginateSort,430,44
sdk,sqlite,filterPaginateSort,431,44
sdk,sqlite,filterPaginateSort,432,44
sdk,sqlite,filterPaginateSort,433,44
sdk,sqlite,filterPaginateSort,434,44
sdk,sqlite,filterPaginateSort,435,44
sdk,sqlite,filterPaginateSort,436,44
sdk,sqlite,filterPaginateSort,437,44
sdk,sqlite,filterPaginateSort,438,44
sdk,sqlite,filterPaginateSort,439,44
sdk,sqlite,filterPaginateSort,440,44
sdk,sqlite,filterPaginateSort,441,44
sdk,sqlite,filterPaginateSort,442,44
sdk,sqlite,filterPaginateSort,443,44
sdk,sqlite,filterPaginateSort,444,44
sdk,sqlite,filterPaginateSort,445,44
sdk,sqlite,filterPaginateSort,446,44
sdk,sqlite,filterPaginateSort,447,44
sdk,sqlite,filterPaginateSort,448,44
sdk,sqlite,filterPaginateSort,449,44
sdk,sqlite,filterPaginateSort,450,44
sdk,sqlite,filterPaginateSort,451,44
sdk,sqlite,filterPaginateSort,452,44
sdk,sqlite,filterPaginateSort,453,44
sdk,sqlite,filterPaginateSort,454,45
sdk,sqlite,filterPaginateSort,455,44
sdk,sqlite,filterPaginateSort,456,44
sdk,sqlite,filterPaginateSort,457,44
sdk,sqlite,filterPaginateSort,458,45
sdk,sqlite,filterPaginateSort,459,44
sdk,sqlite,filterPaginateSort,460,53
sdk,sqlite,filterPaginateSort,461,46
sdk,sqlite,filterPaginateSort,462,47
sdk,sqlite,filterPaginateSort,463,44
sdk,sqlite,filterPaginateSort,464,44
sdk,sqlite,filterPaginateSort,465,44
sdk,sqlite,filterPaginateSort,466,44
sdk,sqlite,filterPaginateSort,467,44
sdk,sqlite,filterPaginateSort,468,44
sdk,sqlite,filterPaginateSort,469,44
sdk,sqlite,filterPaginateSort,470,44
sdk,sqlite,filterPaginateSort,471,44
sdk,sqlite,filterPaginateSort,472,44
sdk,sqlite,filterPaginateSort,473,44
sdk,sqlite,filterPaginateSort,474,44
sdk,sqlite,filterPaginateSort,475,44
sdk,sqlite,filterPaginateSort,476,44
sdk,sqlite,filterPaginateSort,477,44
sdk,sqlite,filterPaginateSort,478,44
sdk,sqlite,filterPaginateSort,479,44
sdk,sqlite,filterPaginateSort,480,44
sdk,sqlite,filterPaginateSort,481,44
sdk,sqlite,filterPaginateSort,482,44
sdk,sqlite,filterPaginateSort,483,44
sdk,sqlite,filterPaginateSort,484,44
sdk,sqlite,filterPaginateSort,485,44
sdk,sqlite,filterPaginateSort,486,44
sdk,sqlite,filterPaginateSort,487,44
sdk,sqlite,filterPaginateSort,488,44
sdk,sqlite,filterPaginateSort,489,44
sdk,sqlite,filterPaginateSort,490,44
sdk,sqlite,filterPaginateSort,491,44
sdk,sqlite,filterPaginateSort,492,44
sdk,sqlite,filterPaginateSort,493,44
sdk,sqlite,filterPaginateSort,494,44
sdk,sqlite,filterPaginateSort,495,44
sdk,sqlite,filterPaginateSort,496,44
sdk,sqlite,filterPaginateSort,497,44
sdk,sqlite,filterPaginateSort,498,44
sdk,sqlite,filterPaginateSort,499,44
sdk,sqlite,filterPaginateSort,500,44
sdk,sqlite,filterPaginateSort,501,44
sdk,sqlite,filterPaginateSort,502,44
sdk,sqlite,filterPaginateSort,503,44
sdk,sqlite,filterPaginateSort,504,44
sdk,sqlite,filterPaginateSort,505,44
sdk,sqlite,filterPaginateSort,506,47
sdk,sqlite,filterPaginateSort,507,44
sdk,sqlite,filterPaginateSort,508,44
sdk,sqlite,filterPaginateSort,509,47
sdk,sqlite,filterPaginateSort,510,44
sdk,sqlite,filterPaginateSort,511,45
sdk,sqlite,filterPaginateSort,512,44
sdk,sqlite,filterPaginateSort,513,44
sdk,sqlite,filterPaginateSort,514,44
sdk,sqlite,filterPaginateSort,515,47
sdk,sqlite,filterPaginateSort,516,47
sdk,sqlite,filterPaginateSort,517,42
sdk,sqlite,filterPaginateSort,518,44
sdk,sqlite,filterPaginateSort,519,44
sdk,sqlite,filterPaginateSort,520,47
sdk,sqlite,filterPaginateSort,521,45
sdk,sqlite,filterPaginateSort,522,44
sdk,sqlite,filterPaginateSort,523,47
sdk,sqlite,filterPaginateSort,524,47
sdk,sqlite,filterPaginateSort,525,44
sdk,sqlite,filterPaginateSort,526,44
sdk,sqlite,filterPaginateSort,527,44
sdk,sqlite,filterPaginateSort,528,47
sdk,sqlite,filterPaginateSort,529,44
sdk,sqlite,filterPaginateSort,530,44
sdk,sqlite,filterPaginateSort,531,47
sdk,sqlite,filterPaginateSort,532,44
sdk,sqlite,filterPaginateSort,533,44
sdk,sqlite,filterPaginateSort,534,44
sdk,sqlite,filterPaginateSort,535,44
sdk,sqlite,filterPaginateSort,536,44
sdk,sqlite,filterPaginateSort,537,44
sdk,sqlite,filterPaginateSort,538,44
sdk,sqlite,filterPaginateSort,539,47
sdk,sqlite,filterPaginateSort,540,44
sdk,sqlite,filterPaginateSort,541,44
sdk,sqlite,filterPaginateSort,542,47
sdk,sqlite,filterPaginateSort,543,44
sdk,sqlite,filterPaginateSort,544,44
sdk,sqlite,filterPaginateSort,545,44
sdk,sqlite,filterPaginateSort,546,44
sdk,sqlite,filterPaginateSort,547,44
sdk,sqlite,filterPaginateSort,548,44
sdk,sqlite,filterPaginateSort,549,44
sdk,sqlite,filterPaginateSort,550,44
sdk,sqlite,filterPaginateSort,551,44
sdk,sqlite,filterPaginateSort,552,44
sdk,sqlite,filterPaginateSort,553,44
sdk,sqlite,filterPaginateSort,554,44
sdk,sqlite,filterPaginateSort,555,44
sdk,sqlite,filterPaginateSort,556,44
sdk,sqlite,filterPaginateSort,557,44
sdk,sqlite,filterPaginateSort,558,44
sdk,sqlite,filterPaginateSort,559,44
sdk,sqlite,filterPaginateSort,560,44
sdk,sqlite,filterPaginateSort,561,44
sdk,sqlite,filterPaginateSort,562,44
sdk,sqlite,filterPaginateSort,563,44
sdk,sqlite,filterPaginateSort,564,44
sdk,sqlite,filterPaginateSort,565,44
sdk,sqlite,filterPaginateSort,566,44
sdk,sqlite,filterPaginateSort,567,44
sdk,sqlite,filterPaginateSort,568,44
sdk,sqlite,filterPaginateSort,569,44
sdk,sqlite,filterPaginateSort,570,44
sdk,sqlite,filterPaginateSort,571,44
sdk,sqlite,filterPaginateSort,572,44
sdk,sqlite,filterPaginateSort,573,44
sdk,sqlite,filterPaginateSort,574,44
sdk,sqlite,filterPaginateSort,575,44
sdk,sqlite,filterPaginateSort,576,44
sdk,sqlite,filterPaginateSort,577,44
sdk,sqlite,filterPaginateSort,578,44
sdk,sqlite,filterPaginateSort,579,44
sdk,sqlite,filterPaginateSort,580,44
sdk,sqlite,filterPaginateSort,581,44
sdk,sqlite,filterPaginateSort,582,44
sdk,sqlite,filterPaginateSort,583,44
sdk,sqlite,filterPaginateSort,584,44
sdk,sqlite,filterPaginateSort,585,44
sdk,sqlite,filterPaginateSort,586,44
sdk,sqlite,filterPaginateSort,587,44
sdk,sqlite,filterPaginateSort,588,44
sdk,sqlite,filterPaginateSort,589,44
sdk,sqlite,filterPaginateSort,590,44
sdk,sqlite,filterPaginateSort,591,44
sdk,sqlite,filterPaginateSort,592,44
sdk,sqlite,filterPaginateSort,593,44
sdk,sqlite,filterPaginateSort,594,44
sdk,sqlite,filterPaginateSort,595,44
sdk,sqlite,filterPaginateSort,596,44
sdk,sqlite,filterPaginateSort,597,44
sdk,sqlite,filterPaginateSort,598,44
sdk,sqlite,filterPaginateSort,599,44
sdk,sqlite,filterPaginateSort,600,44
sdk,sqlite,filterPaginateSort,601,44
sdk,sqlite,filterPaginateSort,602,44
sdk,sqlite,filterPaginateSort,603,44
sdk,sqlite,filterPaginateSort,604,44
sdk,sqlite,filterPaginateSort,605,44
sdk,sqlite,filterPaginateSort,606,44
sdk,sqlite,filterPaginateSort,607,44
sdk,sqlite,filterPaginateSort,608,44
sdk,sqlite,filterPaginateSort,609,44
sdk,sqlite,filterPaginateSort,610,44
sdk,sqlite,filterPaginateSort,611,44
sdk,sqlite,filterPaginateSort,612,44
sdk,sqlite,filterPaginateSort,613,44
sdk,sqlite,filterPaginateSort,614,48
sdk,sqlite,filterPaginateSort,615,42
sdk,sqlite,filterPaginateSort,616,43
sdk,sqlite,filterPaginateSort,617,42
sdk,sqlite,filterPaginateSort,618,44
sdk,sqlite,filterPaginateSort,619,45
sdk,sqlite,filterPaginateSort,620,41
sdk,sqlite,filterPaginateSort,621,41
sdk,sqlite,filterPaginateSort,622,44
sdk,sqlite,filterPaginateSort,623,47
sdk,sqlite,filterPaginateSort,624,51
sdk,sqlite,filterPaginateSort,625,49
sdk,sqlite,filterPaginateSort,626,52
sdk,sqlite,filterPaginateSort,627,44
sdk,sqlite,filterPaginateSort,628,44
sdk,sqlite,filterPaginateSort,629,49
sdk,sqlite,filterPaginateSort,630,44
sdk,sqlite,filterPaginateSort,631,48
sdk,sqlite,filterPaginateSort,632,45
sdk,sqlite,filterPaginateSort,633,48
sdk,sqlite,filterPaginateSort,634,44
sdk,sqlite,filterPaginateSort,635,44
sdk,sqlite,filterPaginateSort,636,44
sdk,sqlite,filterPaginateSort,637,44
sdk,sqlite,filterPaginateSort,638,44
sdk,sqlite,filterPaginateSort,639,44
sdk,sqlite,filterPaginateSort,640,44
sdk,sqlite,filterPaginateSort,641,44
sdk,sqlite,filterPaginateSort,642,44
sdk,sqlite,filterPaginateSort,643,44
sdk,sqlite,filterPaginateSort,644,44
sdk,sqlite,filterPaginateSort,645,44
sdk,sqlite,filterPaginateSort,646,44
sdk,sqlite,filterPaginateSort,647,47
sdk,sqlite,filterPaginateSort,648,44
sdk,sqlite,filterPaginateSort,649,44
sdk,sqlite,filterPaginateSort,650,44
sdk,sqlite,filterPaginateSort,651,44
sdk,sqlite,filterPaginateSort,652,47
sdk,sqlite,filterPaginateSort,653,47
sdk,sqlite,filterPaginateSort,654,44
sdk,sqlite,filterPaginateSort,655,44
sdk,sqlite,filterPaginateSort,656,44
sdk,sqlite,filterPaginateSort,657,44
sdk,sqlite,filterPaginateSort,658,44
sdk,sqlite,filterPaginateSort,659,44
sdk,sqlite,filterPaginateSort,660,44
sdk,sqlite,filterPaginateSort,661,48
sdk,sqlite,filterPaginateSort,662,44
sdk,sqlite,filterPaginateSort,663,44
sdk,sqlite,filterPaginateSort,664,49
sdk,sqlite,filterPaginateSort,665,44
sdk,sqlite,filterPaginateSort,666,44
sdk,sqlite,filterPaginateSort,667,44
sdk,sqlite,filterPaginateSort,668,47
sdk,sqlite,filterPaginateSort,669,44
sdk,sqlite,filterPaginateSort,670,44
sdk,sqlite,filterPaginateSort,671,44
sdk,sqlite,filterPaginateSort,672,44
sdk,sqlite,filterPaginateSort,673,44
sdk,sqlite,filterPaginateSort,674,44
sdk,sqlite,filterPaginateSort,675,44
sdk,sqlite,filterPaginateSort,676,44
sdk,sqlite,filterPaginateSort,677,44
sdk,sqlite,filterPaginateSort,678,44
sdk,sqlite,filterPaginateSort,679,44
sdk,sqlite,filterPaginateSort,680,44
sdk,sqlite,filterPaginateSort,681,47
sdk,sqlite,filterPaginateSort,682,44
sdk,sqlite,filterPaginateSort,683,44
sdk,sqlite,filterPaginateSort,684,44
sdk,sqlite,filterPaginateSort,685,44
sdk,sqlite,filterPaginateSort,686,44
sdk,sqlite,filterPaginateSort,687,44
sdk,sqlite,filterPaginateSort,688,44
sdk,sqlite,filterPaginateSort,689,44
sdk,sqlite,filterPaginateSort,690,44
sdk,sqlite,filterPaginateSort,691,50
sdk,sqlite,filterPaginateSort,692,44
sdk,sqlite,filterPaginateSort,693,44
sdk,sqlite,filterPaginateSort,694,44
sdk,sqlite,filterPaginateSort,695,44
sdk,sqlite,filterPaginateSort,696,44
sdk,sqlite,filterPaginateSort,697,44
sdk,sqlite,filterPaginateSort,698,44
sdk,sqlite,filterPaginateSort,699,44
sdk,sqlite,filterPaginateSort,700,44
sdk,sqlite,filterPaginateSort,701,44
sdk,sqlite,filterPaginateSort,702,44
sdk,sqlite,filterPaginateSort,703,44
sdk,sqlite,filterPaginateSort,704,44
sdk,sqlite,filterPaginateSort,705,44
sdk,sqlite,filterPaginateSort,706,44
sdk,sqlite,filterPaginateSort,707,44
sdk,sqlite,filterPaginateSort,708,44
sdk,sqlite,filterPaginateSort,709,44
sdk,sqlite,filterPaginateSort,710,44
sdk,sqlite,filterPaginateSort,711,44
sdk,sqlite,filterPaginateSort,712,44
sdk,sqlite,filterPaginateSort,713,44
sdk,sqlite,filterPaginateSort,714,44
sdk,sqlite,filterPaginateSort,715,44
sdk,sqlite,filterPaginateSort,716,44
sdk,sqlite,filterPaginateSort,717,44
sdk,sqlite,filterPaginateSort,718,44
sdk,sqlite,filterPaginateSort,719,44
sdk,sqlite,filterPaginateSort,720,44
sdk,sqlite,filterPaginateSort,721,44
sdk,sqlite,filterPaginateSort,722,44
sdk,sqlite,filterPaginateSort,723,44
sdk,sqlite,filterPaginateSort,724,44
sdk,sqlite,filterPaginateSort,725,44
sdk,sqlite,filterPaginateSort,726,44
sdk,sqlite,filterPaginateSort,727,44
sdk,sqlite,filterPaginateSort,728,44
sdk,sqlite,filterPaginateSort,729,44
sdk,sqlite,filterPaginateSort,730,44
sdk,sqlite,filterPaginateSort,731,44
sdk,sqlite,filterPaginateSort,732,44
sdk,sqlite,filterPaginateSort,733,44
sdk,sqlite,filterPaginateSort,734,44
sdk,sqlite,filterPaginateSort,735,44
sdk,sqlite,filterPaginateSort,736,44
sdk,sqlite,filterPaginateSort,737,44
sdk,sqlite,filterPaginateSort,738,44
sdk,sqlite,filterPaginateSort,739,44
sdk,sqlite,filterPaginateSort,740,44
sdk,sqlite,filterPaginateSort,741,44
sdk,sqlite,filterPaginateSort,742,49
sdk,sqlite,filterPaginateSort,743,44
sdk,sqlite,filterPaginateSort,744,44
sdk,sqlite,filterPaginateSort,745,44
sdk,sqlite,filterPaginateSort,746,44
sdk,sqlite,filterPaginateSort,747,44
sdk,sqlite,filterPaginateSort,748,44
sdk,sqlite,filterPaginateSort,749,44
sdk,sqlite,filterPaginateSort,750,44
sdk,sqlite,filterPaginateSort,751,44
sdk,sqlite,filterPaginateSort,752,44
sdk,sqlite,filterPaginateSort,753,44
sdk,sqlite,filterPaginateSort,754,44
sdk,sqlite,filterPaginateSort,755,44
sdk,sqlite,filterPaginateSort,756,44
sdk,sqlite,filterPaginateSort,757,44
sdk,sqlite,filterPaginateSort,758,44
sdk,sqlite,filterPaginateSort,759,44
sdk,sqlite,filterPaginateSort,760,44
sdk,sqlite,filterPaginateSort,761,44
sdk,sqlite,filterPaginateSort,762,44
sdk,sqlite,filterPaginateSort,763,44
sdk,sqlite,filterPaginateSort,764,44
sdk,sqlite,filterPaginateSort,765,44
sdk,sqlite,filterPaginateSort,766,44
sdk,sqlite,filterPaginateSort,767,44
sdk,sqlite,filterPaginateSort,768,44
sdk,sqlite,filterPaginateSort,769,44
sdk,sqlite,filterPaginateSort,770,44
sdk,sqlite,filterPaginateSort,771,44
sdk,sqlite,filterPaginateSort,772,44
sdk,sqlite,filterPaginateSort,773,44
sdk,sqlite,filterPaginateSort,774,44
sdk,sqlite,filterPaginateSort,775,44
sdk,sqlite,filterPaginateSort,776,44
sdk,sqlite,filterPaginateSort,777,44
sdk,sqlite,filterPaginateSort,778,44
sdk,sqlite,filterPaginateSort,779,44
sdk,sqlite,filterPaginateSort,780,44
sdk,sqlite,filterPaginateSort,781,44
sdk,sqlite,filterPaginateSort,782,44
sdk,sqlite,filterPaginateSort,783,44
sdk,sqlite,filterPaginateSort,784,44
sdk,sqlite,filterPaginateSort,785,44
sdk,sqlite,filterPaginateSort,786,44
sdk,sqlite,filterPaginateSort,787,44
sdk,sqlite,filterPaginateSort,788,44
sdk,sqlite,filterPaginateSort,789,49
sdk,sqlite,filterPaginateSort,790,44
sdk,sqlite,filterPaginateSort,791,44
sdk,sqlite,filterPaginateSort,792,44
sdk,sqlite,filterPaginateSort,793,44
sdk,sqlite,filterPaginateSort,794,44
sdk,sqlite,filterPaginateSort,795,44
sdk,sqlite,filterPaginateSort,796,44
sdk,sqlite,filterPaginateSort,797,44
sdk,sqlite,filterPaginateSort,798,44
sdk,sqlite,filterPaginateSort,799,44
sdk,sqlite,filterPaginateSort,800,44
sdk,sqlite,filterPaginateSort,801,44
sdk,sqlite,filterPaginateSort,802,44
sdk,sqlite,filterPaginateSort,803,44
sdk,sqlite,filterPaginateSort,804,44
sdk,sqlite,filterPaginateSort,805,44
sdk,sqlite,filterPaginateSort,806,44
sdk,sqlite,filterPaginateSort,807,44
sdk,sqlite,filterPaginateSort,808,44
sdk,sqlite,filterPaginateSort,809,44
sdk,sqlite,filterPaginateSort,810,44
sdk,sqlite,filterPaginateSort,811,44
sdk,sqlite,filterPaginateSort,812,44
sdk,sqlite,filterPaginateSort,813,44
sdk,sqlite,filterPaginateSort,814,44
sdk,sqlite,filterPaginateSort,815,44
sdk,sqlite,filterPaginateSort,816,44
sdk,sqlite,filterPaginateSort,817,44
sdk,sqlite,filterPaginateSort,818,44
sdk,sqlite,filterPaginateSort,819,44
sdk,sqlite,filterPaginateSort,820,44
sdk,sqlite,filterPaginateSort,821,44
sdk,sqlite,filterPaginateSort,822,44
sdk,sqlite,filterPaginateSort,823,44
sdk,sqlite,filterPaginateSort,824,44
sdk,sqlite,filterPaginateSort,825,44
sdk,sqlite,filterPaginateSort,826,44
sdk,sqlite,filterPaginateSort,827,44
sdk,sqlite,filterPaginateSort,828,44
sdk,sqlite,filterPaginateSort,829,44
sdk,sqlite,filterPaginateSort,830,44
sdk,sqlite,filterPaginateSort,831,44
sdk,sqlite,filterPaginateSort,832,44
sdk,sqlite,filterPaginateSort,833,44
sdk,sqlite,filterPaginateSort,834,44
sdk,sqlite,filterPaginateSort,835,44
sdk,sqlite,filterPaginateSort,836,44
sdk,sqlite,filterPaginateSort,837,44
sdk,sqlite,filterPaginateSort,838,44
sdk,sqlite,filterPaginateSort,839,44
sdk,sqlite,filterPaginateSort,840,44
sdk,sqlite,filterPaginateSort,841,44
sdk,sqlite,filterPaginateSort,842,44
sdk,sqlite,filterPaginateSort,843,44
sdk,sqlite,filterPaginateSort,844,44
sdk,sqlite,filterPaginateSort,845,44
sdk,sqlite,filterPaginateSort,846,44
sdk,sqlite,filterPaginateSort,847,44
sdk,sqlite,filterPaginateSort,848,44
sdk,sqlite,filterPaginateSort,849,46
sdk,sqlite,filterPaginateSort,850,44
sdk,sqlite,filterPaginateSort,851,44
sdk,sqlite,filterPaginateSort,852,44
sdk,sqlite,filterPaginateSort,853,45
sdk,sqlite,filterPaginateSort,854,44
sdk,sqlite,filterPaginateSort,855,44
sdk,sqlite,filterPaginateSort,856,44
sdk,sqlite,filterPaginateSort,857,44
sdk,sqlite,filterPaginateSort,858,45
sdk,sqlite,filterPaginateSort,859,44
sdk,sqlite,filterPaginateSort,860,44
sdk,sqlite,filterPaginateSort,861,44
sdk,sqlite,filterPaginateSort,862,44
sdk,sqlite,filterPaginateSort,863,44
sdk,sqlite,filterPaginateSort,864,45
sdk,sqlite,filterPaginateSort,865,45
sdk,sqlite,filterPaginateSort,866,44
sdk,sqlite,filterPaginateSort,867,44
sdk,sqlite,filterPaginateSort,868,44
sdk,sqlite,filterPaginateSort,869,44
sdk,sqlite,filterPaginateSort,870,44
sdk,sqlite,filterPaginateSort,871,44
sdk,sqlite,filterPaginateSort,872,44
sdk,sqlite,filterPaginateSort,873,44
sdk,sqlite,filterPaginateSort,874,44
sdk,sqlite,filterPaginateSort,875,44
sdk,sqlite,filterPaginateSort,876,44
sdk,sqlite,filterPaginateSort,877,44
sdk,sqlite,filterPaginateSort,878,44
sdk,sqlite,filterPaginateSort,879,44
sdk,sqlite,filterPaginateSort,880,44
sdk,sqlite,filterPaginateSort,881,44
sdk,sqlite,filterPaginateSort,882,45
sdk,sqlite,filterPaginateSort,883,44
sdk,sqlite,filterPaginateSort,884,45
sdk,sqlite,filterPaginateSort,885,44
sdk,sqlite,filterPaginateSort,886,45
sdk,sqlite,filterPaginateSort,887,44
sdk,sqlite,filterPaginateSort,888,45
sdk,sqlite,filterPaginateSort,889,44
sdk,sqlite,filterPaginateSort,890,44
sdk,sqlite,filterPaginateSort,891,44
sdk,sqlite,filterPaginateSort,892,44
sdk,sqlite,filterPaginateSort,893,44
sdk,sqlite,filterPaginateSort,894,44
sdk,sqlite,filterPaginateSort,895,44
sdk,sqlite,filterPaginateSort,896,44
sdk,sqlite,filterPaginateSort,897,44
sdk,sqlite,filterPaginateSort,898,44
sdk,sqlite,filterPaginateSort,899,44
sdk,sqlite,filterPaginateSort,900,44
sdk,sqlite,filterPaginateSort,901,44
sdk,sqlite,filterPaginateSort,902,44
sdk,sqlite,filterPaginateSort,903,44
sdk,sqlite,filterPaginateSort,904,44
sdk,sqlite,filterPaginateSort,905,44
sdk,sqlite,filterPaginateSort,906,44
sdk,sqlite,filterPaginateSort,907,44
sdk,sqlite,filterPaginateSort,908,44
sdk,sqlite,filterPaginateSort,909,44
sdk,sqlite,filterPaginateSort,910,44
sdk,sqlite,filterPaginateSort,911,44
sdk,sqlite,filterPaginateSort,912,44
sdk,sqlite,filterPaginateSort,913,44
sdk,sqlite,filterPaginateSort,914,44
sdk,sqlite,filterPaginateSort,915,44
sdk,sqlite,filterPaginateSort,916,44
sdk,sqlite,filterPaginateSort,917,44
sdk,sqlite,filterPaginateSort,918,44
sdk,sqlite,filterPaginateSort,919,44
sdk,sqlite,filterPaginateSort,920,44
sdk,sqlite,filterPaginateSort,921,44
sdk,sqlite,filterPaginateSort,922,44
sdk,sqlite,filterPaginateSort,923,44
sdk,sqlite,filterPaginateSort,924,44
sdk,sqlite,filterPaginateSort,925,44
sdk,sqlite,filterPaginateSort,926,44
sdk,sqlite,filterPaginateSort,927,44
sdk,sqlite,filterPaginateSort,928,44
sdk,sqlite,filterPaginateSort,929,44
sdk,sqlite,filterPaginateSort,930,44
sdk,sqlite,filterPaginateSort,931,44
sdk,sqlite,filterPaginateSort,932,44
sdk,sqlite,filterPaginateSort,933,44
sdk,sqlite,filterPaginateSort,934,44
sdk,sqlite,filterPaginateSort,935,44
sdk,sqlite,filterPaginateSort,936,44
sdk,sqlite,filterPaginateSort,937,44
sdk,sqlite,filterPaginateSort,938,44
sdk,sqlite,filterPaginateSort,939,44
sdk,sqlite,filterPaginateSort,940,44
sdk,sqlite,filterPaginateSort,941,44
sdk,sqlite,filterPaginateSort,942,44
sdk,sqlite,filterPaginateSort,943,44
sdk,sqlite,filterPaginateSort,944,44
sdk,sqlite,filterPaginateSort,945,44
sdk,sqlite,filterPaginateSort,946,44
sdk,sqlite,filterPaginateSort,947,44
sdk,sqlite,filterPaginateSort,948,44
sdk,sqlite,filterPaginateSort,949,44
sdk,sqlite,filterPaginateSort,950,44
sdk,sqlite,filterPaginateSort,951,44
sdk,sqlite,filterPaginateSort,952,44
sdk,sqlite,filterPaginateSort,953,44
sdk,sqlite,filterPaginateSort,954,44
sdk,sqlite,filterPaginateSort,955,44
sdk,sqlite,filterPaginateSort,956,44
sdk,sqlite,filterPaginateSort,957,44
sdk,sqlite,filterPaginateSort,958,44
sdk,sqlite,filterPaginateSort,959,44
sdk,sqlite,filterPaginateSort,960,44
sdk,sqlite,filterPaginateSort,961,44
sdk,sqlite,filterPaginateSort,962,44
sdk,sqlite,filterPaginateSort,963,44
sdk,sqlite,filterPaginateSort,964,44
sdk,sqlite,filterPaginateSort,965,44
sdk,sqlite,filterPaginateSort,966,44
sdk,sqlite,filterPaginateSort,967,44
sdk,sqlite,filterPaginateSort,968,44
sdk,sqlite,filterPaginateSort,969,44
sdk,sqlite,filterPaginateSort,970,44
sdk,sqlite,filterPaginateSort,971,44
sdk,sqlite,filterPaginateSort,972,44
sdk,sqlite,filterPaginateSort,973,44
sdk,sqlite,filterPaginateSort,974,44
sdk,sqlite,filterPaginateSort,975,44
sdk,sqlite,filterPaginateSort,976,44
sdk,sqlite,filterPaginateSort,977,44
sdk,sqlite,filterPaginateSort,978,44
sdk,sqlite,filterPaginateSort,979,44
sdk,sqlite,filterPaginateSort,980,44
sdk,sqlite,filterPaginateSort,981,44
sdk,sqlite,filterPaginateSort,982,44
sdk,sqlite,filterPaginateSort,983,44
sdk,sqlite,filterPaginateSort,984,44
sdk,sqlite,filterPaginateSort,985,44
sdk,sqlite,filterPaginateSort,986,44
sdk,sqlite,filterPaginateSort,987,44
sdk,sqlite,filterPaginateSort,988,44
sdk,sqlite,filterPaginateSort,989,44
sdk,sqlite,filterPaginateSort,990,44
sdk,sqlite,filterPaginateSort,991,44
sdk,sqlite,filterPaginateSort,992,44
sdk,sqlite,filterPaginateSort,993,44
sdk,sqlite,filterPaginateSort,994,44
sdk,sqlite,filterPaginateSort,995,44
sdk,sqlite,filterPaginateSort,996,44
sdk,sqlite,filterPaginateSort,997,44
sdk,sqlite,filterPaginateSort,998,44
sdk,sqlite,filterPaginateSort,999,44
sdk,sqlite,findFirst,0,10
sdk,sqlite,findFirst,1,14
sdk,sqlite,findFirst,2,11
sdk,sqlite,findFirst,3,13
sdk,sqlite,findFirst,4,13
sdk,sqlite,findFirst,5,13
sdk,sqlite,findFirst,6,13
sdk,sqlite,findFirst,7,11
sdk,sqlite,findFirst,8,10
sdk,sqlite,findFirst,9,13
sdk,sqlite,findFirst,10,13
sdk,sqlite,findFirst,11,13
sdk,sqlite,findFirst,12,13
sdk,sqlite,findFirst,13,13
sdk,sqlite,findFirst,14,13
sdk,sqlite,findFirst,15,13
sdk,sqlite,findFirst,16,13
sdk,sqlite,findFirst,17,11
sdk,sqlite,findFirst,18,10
sdk,sqlite,findFirst,19,13
sdk,sqlite,findFirst,20,13
sdk,sqlite,findFirst,21,13
sdk,sqlite,findFirst,22,13
sdk,sqlite,findFirst,23,13
sdk,sqlite,findFirst,24,13
sdk,sqlite,findFirst,25,13
sdk,sqlite,findFirst,26,12
sdk,sqlite,findFirst,27,11
sdk,sqlite,findFirst,28,10
sdk,sqlite,findFirst,29,13
sdk,sqlite,findFirst,30,13
sdk,sqlite,findFirst,31,13
sdk,sqlite,findFirst,32,13
sdk,sqlite,findFirst,33,13
sdk,sqlite,findFirst,34,12
sdk,sqlite,findFirst,35,11
sdk,sqlite,findFirst,36,10
sdk,sqlite,findFirst,37,13
sdk,sqlite,findFirst,38,12
sdk,sqlite,findFirst,39,11
sdk,sqlite,findFirst,40,10
sdk,sqlite,findFirst,41,13
sdk,sqlite,findFirst,42,13
sdk,sqlite,findFirst,43,12
sdk,sqlite,findFirst,44,13
sdk,sqlite,findFirst,45,11
sdk,sqlite,findFirst,46,10
sdk,sqlite,findFirst,47,13
sdk,sqlite,findFirst,48,12
sdk,sqlite,findFirst,49,13
sdk,sqlite,findFirst,50,13
sdk,sqlite,findFirst,51,11
sdk,sqlite,findFirst,52,10
sdk,sqlite,findFirst,53,13
sdk,sqlite,findFirst,54,12
sdk,sqlite,findFirst,55,13
sdk,sqlite,findFirst,56,13
sdk,sqlite,findFirst,57,10
sdk,sqlite,findFirst,58,10
sdk,sqlite,findFirst,59,13
sdk,sqlite,findFirst,60,12
sdk,sqlite,findFirst,61,12
sdk,sqlite,findFirst,62,12
sdk,sqlite,findFirst,63,13
sdk,sqlite,findFirst,64,12
sdk,sqlite,findFirst,65,13
sdk,sqlite,findFirst,66,12
sdk,sqlite,findFirst,67,10
sdk,sqlite,findFirst,68,10
sdk,sqlite,findFirst,69,13
sdk,sqlite,findFirst,70,13
sdk,sqlite,findFirst,71,11
sdk,sqlite,findFirst,72,10
sdk,sqlite,findFirst,73,13
sdk,sqlite,findFirst,74,12
sdk,sqlite,findFirst,75,13
sdk,sqlite,findFirst,76,12
sdk,sqlite,findFirst,77,11
sdk,sqlite,findFirst,78,10
sdk,sqlite,findFirst,79,10
sdk,sqlite,findFirst,80,13
sdk,sqlite,findFirst,81,13
sdk,sqlite,findFirst,82,13
sdk,sqlite,findFirst,83,12
sdk,sqlite,findFirst,84,13
sdk,sqlite,findFirst,85,12
sdk,sqlite,findFirst,86,11
sdk,sqlite,findFirst,87,10
sdk,sqlite,findFirst,88,12
sdk,sqlite,findFirst,89,13
sdk,sqlite,findFirst,90,13
sdk,sqlite,findFirst,91,12
sdk,sqlite,findFirst,92,13
sdk,sqlite,findFirst,93,13
sdk,sqlite,findFirst,94,11
sdk,sqlite,findFirst,95,10
sdk,sqlite,findFirst,96,13
sdk,sqlite,findFirst,97,13
sdk,sqlite,findFirst,98,13
sdk,sqlite,findFirst,99,13
sdk,sqlite,findFirst,100,13
sdk,sqlite,findFirst,101,12
sdk,sqlite,findFirst,102,11
sdk,sqlite,findFirst,103,10
sdk,sqlite,findFirst,104,10
sdk,sqlite,findFirst,105,12
sdk,sqlite,findFirst,106,12
sdk,sqlite,findFirst,107,12
sdk,sqlite,findFirst,108,12
sdk,sqlite,findFirst,109,10
sdk,sqlite,findFirst,110,10
sdk,sqlite,findFirst,111,13
sdk,sqlite,findFirst,112,12
sdk,sqlite,findFirst,113,13
sdk,sqlite,findFirst,114,12
sdk,sqlite,findFirst,115,13
sdk,sqlite,findFirst,116,12
sdk,sqlite,findFirst,117,11
sdk,sqlite,findFirst,118,10
sdk,sqlite,findFirst,119,13
sdk,sqlite,findFirst,120,13
sdk,sqlite,findFirst,121,13
sdk,sqlite,findFirst,122,13
sdk,sqlite,findFirst,123,13
sdk,sqlite,findFirst,124,13
sdk,sqlite,findFirst,125,11
sdk,sqlite,findFirst,126,10
sdk,sqlite,findFirst,127,12
sdk,sqlite,findFirst,128,13
sdk,sqlite,findFirst,129,13
sdk,sqlite,findFirst,130,12
sdk,sqlite,findFirst,131,11
sdk,sqlite,findFirst,132,10
sdk,sqlite,findFirst,133,10
sdk,sqlite,findFirst,134,13
sdk,sqlite,findFirst,135,12
sdk,sqlite,findFirst,136,13
sdk,sqlite,findFirst,137,12
sdk,sqlite,findFirst,138,13
sdk,sqlite,findFirst,139,12
sdk,sqlite,findFirst,140,13
sdk,sqlite,findFirst,141,12
sdk,sqlite,findFirst,142,11
sdk,sqlite,findFirst,143,10
sdk,sqlite,findFirst,144,12
sdk,sqlite,findFirst,145,13
sdk,sqlite,findFirst,146,13
sdk,sqlite,findFirst,147,12
sdk,sqlite,findFirst,148,13
sdk,sqlite,findFirst,149,13
sdk,sqlite,findFirst,150,10
sdk,sqlite,findFirst,151,13
sdk,sqlite,findFirst,152,12
sdk,sqlite,findFirst,153,10
sdk,sqlite,findFirst,154,10
sdk,sqlite,findFirst,155,12
sdk,sqlite,findFirst,156,13
sdk,sqlite,findFirst,157,13
sdk,sqlite,findFirst,158,12
sdk,sqlite,findFirst,159,13
sdk,sqlite,findFirst,160,13
sdk,sqlite,findFirst,161,13
sdk,sqlite,findFirst,162,12
sdk,sqlite,findFirst,163,13
sdk,sqlite,findFirst,164,12
sdk,sqlite,findFirst,165,10
sdk,sqlite,findFirst,166,10
sdk,sqlite,findFirst,167,10
sdk,sqlite,findFirst,168,12
sdk,sqlite,findFirst,169,12
sdk,sqlite,findFirst,170,11
sdk,sqlite,findFirst,171,10
sdk,sqlite,findFirst,172,13
sdk,sqlite,findFirst,173,13
sdk,sqlite,findFirst,174,11
sdk,sqlite,findFirst,175,10
sdk,sqlite,findFirst,176,13
sdk,sqlite,findFirst,177,13
sdk,sqlite,findFirst,178,13
sdk,sqlite,findFirst,179,13
sdk,sqlite,findFirst,180,13
sdk,sqlite,findFirst,181,13
sdk,sqlite,findFirst,182,13
sdk,sqlite,findFirst,183,12
sdk,sqlite,findFirst,184,13
sdk,sqlite,findFirst,185,12
sdk,sqlite,findFirst,186,12
sdk,sqlite,findFirst,187,13
sdk,sqlite,findFirst,188,13
sdk,sqlite,findFirst,189,12
sdk,sqlite,findFirst,190,11
sdk,sqlite,findFirst,191,10
sdk,sqlite,findFirst,192,13
sdk,sqlite,findFirst,193,12
sdk,sqlite,findFirst,194,10
sdk,sqlite,findFirst,195,10
sdk,sqlite,findFirst,196,10
sdk,sqlite,findFirst,197,13
sdk,sqlite,findFirst,198,13
sdk,sqlite,findFirst,199,13
sdk,sqlite,findFirst,200,13
sdk,sqlite,findFirst,201,11
sdk,sqlite,findFirst,202,10
sdk,sqlite,findFirst,203,12
sdk,sqlite,findFirst,204,13
sdk,sqlite,findFirst,205,13
sdk,sqlite,findFirst,206,13
sdk,sqlite,findFirst,207,13
sdk,sqlite,findFirst,208,12
sdk,sqlite,findFirst,209,10
sdk,sqlite,findFirst,210,10
sdk,sqlite,findFirst,211,13
sdk,sqlite,findFirst,212,13
sdk,sqlite,findFirst,213,13
sdk,sqlite,findFirst,214,12
sdk,sqlite,findFirst,215,13
sdk,sqlite,findFirst,216,12
sdk,sqlite,findFirst,217,10
sdk,sqlite,findFirst,218,10
sdk,sqlite,findFirst,219,13
sdk,sqlite,findFirst,220,12
sdk,sqlite,findFirst,221,12
sdk,sqlite,findFirst,222,12
sdk,sqlite,findFirst,223,11
sdk,sqlite,findFirst,224,10
sdk,sqlite,findFirst,225,13
sdk,sqlite,findFirst,226,13
sdk,sqlite,findFirst,227,12
sdk,sqlite,findFirst,228,12
sdk,sqlite,findFirst,229,11
sdk,sqlite,findFirst,230,10
sdk,sqlite,findFirst,231,13
sdk,sqlite,findFirst,232,12
sdk,sqlite,findFirst,233,13
sdk,sqlite,findFirst,234,12
sdk,sqlite,findFirst,235,11
sdk,sqlite,findFirst,236,10
sdk,sqlite,findFirst,237,10
sdk,sqlite,findFirst,238,12
sdk,sqlite,findFirst,239,13
sdk,sqlite,findFirst,240,13
sdk,sqlite,findFirst,241,13
sdk,sqlite,findFirst,242,13
sdk,sqlite,findFirst,243,12
sdk,sqlite,findFirst,244,10
sdk,sqlite,findFirst,245,10
sdk,sqlite,findFirst,246,12
sdk,sqlite,findFirst,247,13
sdk,sqlite,findFirst,248,12
sdk,sqlite,findFirst,249,12
sdk,sqlite,findFirst,250,10
sdk,sqlite,findFirst,251,12
sdk,sqlite,findFirst,252,12
sdk,sqlite,findFirst,253,13
sdk,sqlite,findFirst,254,13
sdk,sqlite,findFirst,255,13
sdk,sqlite,findFirst,256,13
sdk,sqlite,findFirst,257,13
sdk,sqlite,findFirst,258,13
sdk,sqlite,findFirst,259,13
sdk,sqlite,findFirst,260,13
sdk,sqlite,findFirst,261,13
sdk,sqlite,findFirst,262,13
sdk,sqlite,findFirst,263,10
sdk,sqlite,findFirst,264,10
sdk,sqlite,findFirst,265,12
sdk,sqlite,findFirst,266,12
sdk,sqlite,findFirst,267,13
sdk,sqlite,findFirst,268,13
sdk,sqlite,findFirst,269,11
sdk,sqlite,findFirst,270,10
sdk,sqlite,findFirst,271,12
sdk,sqlite,findFirst,272,12
sdk,sqlite,findFirst,273,10
sdk,sqlite,findFirst,274,12
sdk,sqlite,findFirst,275,12
sdk,sqlite,findFirst,276,11
sdk,sqlite,findFirst,277,10
sdk,sqlite,findFirst,278,13
sdk,sqlite,findFirst,279,13
sdk,sqlite,findFirst,280,13
sdk,sqlite,findFirst,281,13
sdk,sqlite,findFirst,282,13
sdk,sqlite,findFirst,283,12
sdk,sqlite,findFirst,284,13
sdk,sqlite,findFirst,285,13
sdk,sqlite,findFirst,286,13
sdk,sqlite,findFirst,287,12
sdk,sqlite,findFirst,288,10
sdk,sqlite,findFirst,289,10
sdk,sqlite,findFirst,290,12
sdk,sqlite,findFirst,291,12
sdk,sqlite,findFirst,292,13
sdk,sqlite,findFirst,293,12
sdk,sqlite,findFirst,294,13
sdk,sqlite,findFirst,295,12
sdk,sqlite,findFirst,296,11
sdk,sqlite,findFirst,297,10
sdk,sqlite,findFirst,298,12
sdk,sqlite,findFirst,299,12
sdk,sqlite,findFirst,300,13
sdk,sqlite,findFirst,301,12
sdk,sqlite,findFirst,302,11
sdk,sqlite,findFirst,303,10
sdk,sqlite,findFirst,304,12
sdk,sqlite,findFirst,305,12
sdk,sqlite,findFirst,306,13
sdk,sqlite,findFirst,307,12
sdk,sqlite,findFirst,308,13
sdk,sqlite,findFirst,309,13
sdk,sqlite,findFirst,310,11
sdk,sqlite,findFirst,311,10
sdk,sqlite,findFirst,312,13
sdk,sqlite,findFirst,313,12
sdk,sqlite,findFirst,314,13
sdk,sqlite,findFirst,315,13
sdk,sqlite,findFirst,316,13
sdk,sqlite,findFirst,317,12
sdk,sqlite,findFirst,318,11
sdk,sqlite,findFirst,319,10
sdk,sqlite,findFirst,320,13
sdk,sqlite,findFirst,321,13
sdk,sqlite,findFirst,322,12
sdk,sqlite,findFirst,323,12
sdk,sqlite,findFirst,324,10
sdk,sqlite,findFirst,325,10
sdk,sqlite,findFirst,326,13
sdk,sqlite,findFirst,327,13
sdk,sqlite,findFirst,328,13
sdk,sqlite,findFirst,329,12
sdk,sqlite,findFirst,330,13
sdk,sqlite,findFirst,331,12
sdk,sqlite,findFirst,332,11
sdk,sqlite,findFirst,333,10
sdk,sqlite,findFirst,334,12
sdk,sqlite,findFirst,335,12
sdk,sqlite,findFirst,336,13
sdk,sqlite,findFirst,337,13
sdk,sqlite,findFirst,338,13
sdk,sqlite,findFirst,339,13
sdk,sqlite,findFirst,340,13
sdk,sqlite,findFirst,341,12
sdk,sqlite,findFirst,342,11
sdk,sqlite,findFirst,343,10
sdk,sqlite,findFirst,344,12
sdk,sqlite,findFirst,345,12
sdk,sqlite,findFirst,346,12
sdk,sqlite,findFirst,347,12
sdk,sqlite,findFirst,348,10
sdk,sqlite,findFirst,349,10
sdk,sqlite,findFirst,350,12
sdk,sqlite,findFirst,351,12
sdk,sqlite,findFirst,352,12
sdk,sqlite,findFirst,353,13
sdk,sqlite,findFirst,354,10
sdk,sqlite,findFirst,355,10
sdk,sqlite,findFirst,356,12
sdk,sqlite,findFirst,357,12
sdk,sqlite,findFirst,358,10
sdk,sqlite,findFirst,359,13
sdk,sqlite,findFirst,360,13
sdk,sqlite,findFirst,361,11
sdk,sqlite,findFirst,362,10
sdk,sqlite,findFirst,363,12
sdk,sqlite,findFirst,364,13
sdk,sqlite,findFirst,365,13
sdk,sqlite,findFirst,366,13
sdk,sqlite,findFirst,367,13
sdk,sqlite,findFirst,368,13
sdk,sqlite,findFirst,369,13
sdk,sqlite,findFirst,370,13
sdk,sqlite,findFirst,371,13
sdk,sqlite,findFirst,372,12
sdk,sqlite,findFirst,373,13
sdk,sqlite,findFirst,374,12
sdk,sqlite,findFirst,375,11
sdk,sqlite,findFirst,376,10
sdk,sqlite,findFirst,377,12
sdk,sqlite,findFirst,378,12
sdk,sqlite,findFirst,379,12
sdk,sqlite,findFirst,380,12
sdk,sqlite,findFirst,381,12
sdk,sqlite,findFirst,382,13
sdk,sqlite,findFirst,383,12
sdk,sqlite,findFirst,384,12
sdk,sqlite,findFirst,385,10
sdk,sqlite,findFirst,386,10
sdk,sqlite,findFirst,387,12
sdk,sqlite,findFirst,388,12
sdk,sqlite,findFirst,389,13
sdk,sqlite,findFirst,390,13
sdk,sqlite,findFirst,391,10
sdk,sqlite,findFirst,392,10
sdk,sqlite,findFirst,393,10
sdk,sqlite,findFirst,394,13
sdk,sqlite,findFirst,395,12
sdk,sqlite,findFirst,396,10
sdk,sqlite,findFirst,397,10
sdk,sqlite,findFirst,398,12
sdk,sqlite,findFirst,399,13
sdk,sqlite,findFirst,400,13
sdk,sqlite,findFirst,401,13
sdk,sqlite,findFirst,402,13
sdk,sqlite,findFirst,403,12
sdk,sqlite,findFirst,404,12
sdk,sqlite,findFirst,405,13
sdk,sqlite,findFirst,406,13
sdk,sqlite,findFirst,407,12
sdk,sqlite,findFirst,408,12
sdk,sqlite,findFirst,409,12
sdk,sqlite,findFirst,410,11
sdk,sqlite,findFirst,411,10
sdk,sqlite,findFirst,412,13
sdk,sqlite,findFirst,413,12
sdk,sqlite,findFirst,414,11
sdk,sqlite,findFirst,415,10
sdk,sqlite,findFirst,416,13
sdk,sqlite,findFirst,417,13
sdk,sqlite,findFirst,418,13
sdk,sqlite,findFirst,419,13
sdk,sqlite,findFirst,420,13
sdk,sqlite,findFirst,421,12
sdk,sqlite,findFirst,422,13
sdk,sqlite,findFirst,423,13
sdk,sqlite,findFirst,424,13
sdk,sqlite,findFirst,425,12
sdk,sqlite,findFirst,426,11
sdk,sqlite,findFirst,427,10
sdk,sqlite,findFirst,428,12
sdk,sqlite,findFirst,429,13
sdk,sqlite,findFirst,430,12
sdk,sqlite,findFirst,431,12
sdk,sqlite,findFirst,432,12
sdk,sqlite,findFirst,433,12
sdk,sqlite,findFirst,434,11
sdk,sqlite,findFirst,435,13
sdk,sqlite,findFirst,436,12
sdk,sqlite,findFirst,437,13
sdk,sqlite,findFirst,438,13
sdk,sqlite,findFirst,439,12
sdk,sqlite,findFirst,440,12
sdk,sqlite,findFirst,441,13
sdk,sqlite,findFirst,442,13
sdk,sqlite,findFirst,443,12
sdk,sqlite,findFirst,444,12
sdk,sqlite,findFirst,445,11
sdk,sqlite,findFirst,446,10
sdk,sqlite,findFirst,447,12
sdk,sqlite,findFirst,448,12
sdk,sqlite,findFirst,449,12
sdk,sqlite,findFirst,450,13
sdk,sqlite,findFirst,451,13
sdk,sqlite,findFirst,452,13
sdk,sqlite,findFirst,453,10
sdk,sqlite,findFirst,454,10
sdk,sqlite,findFirst,455,13
sdk,sqlite,findFirst,456,13
sdk,sqlite,findFirst,457,13
sdk,sqlite,findFirst,458,12
sdk,sqlite,findFirst,459,13
sdk,sqlite,findFirst,460,12
sdk,sqlite,findFirst,461,10
sdk,sqlite,findFirst,462,10
sdk,sqlite,findFirst,463,12
sdk,sqlite,findFirst,464,12
sdk,sqlite,findFirst,465,13
sdk,sqlite,findFirst,466,13
sdk,sqlite,findFirst,467,13
sdk,sqlite,findFirst,468,12
sdk,sqlite,findFirst,469,13
sdk,sqlite,findFirst,470,13
sdk,sqlite,findFirst,471,10
sdk,sqlite,findFirst,472,10
sdk,sqlite,findFirst,473,10
sdk,sqlite,findFirst,474,13
sdk,sqlite,findFirst,475,12
sdk,sqlite,findFirst,476,10
sdk,sqlite,findFirst,477,10
sdk,sqlite,findFirst,478,12
sdk,sqlite,findFirst,479,12
sdk,sqlite,findFirst,480,13
sdk,sqlite,findFirst,481,13
sdk,sqlite,findFirst,482,13
sdk,sqlite,findFirst,483,12
sdk,sqlite,findFirst,484,11
sdk,sqlite,findFirst,485,10
sdk,sqlite,findFirst,486,12
sdk,sqlite,findFirst,487,13
sdk,sqlite,findFirst,488,12
sdk,sqlite,findFirst,489,12
sdk,sqlite,findFirst,490,12
sdk,sqlite,findFirst,491,12
sdk,sqlite,findFirst,492,13
sdk,sqlite,findFirst,493,13
sdk,sqlite,findFirst,494,13
sdk,sqlite,findFirst,495,12
sdk,sqlite,findFirst,496,11
sdk,sqlite,findFirst,497,10
sdk,sqlite,findFirst,498,12
sdk,sqlite,findFirst,499,13
sdk,sqlite,findFirst,500,13
sdk,sqlite,findFirst,501,12
sdk,sqlite,findFirst,502,13
sdk,sqlite,findFirst,503,12
sdk,sqlite,findFirst,504,11
sdk,sqlite,findFirst,505,10
sdk,sqlite,findFirst,506,13
sdk,sqlite,findFirst,507,10
sdk,sqlite,findFirst,508,12
sdk,sqlite,findFirst,509,13
sdk,sqlite,findFirst,510,12
sdk,sqlite,findFirst,511,12
sdk,sqlite,findFirst,512,10
sdk,sqlite,findFirst,513,10
sdk,sqlite,findFirst,514,12
sdk,sqlite,findFirst,515,13
sdk,sqlite,findFirst,516,13
sdk,sqlite,findFirst,517,13
sdk,sqlite,findFirst,518,13
sdk,sqlite,findFirst,519,12
sdk,sqlite,findFirst,520,13
sdk,sqlite,findFirst,521,13
sdk,sqlite,findFirst,522,10
sdk,sqlite,findFirst,523,10
sdk,sqlite,findFirst,524,13
sdk,sqlite,findFirst,525,13
sdk,sqlite,findFirst,526,13
sdk,sqlite,findFirst,527,12
sdk,sqlite,findFirst,528,12
sdk,sqlite,findFirst,529,12
sdk,sqlite,findFirst,530,11
sdk,sqlite,findFirst,531,13
sdk,sqlite,findFirst,532,12
sdk,sqlite,findFirst,533,11
sdk,sqlite,findFirst,534,10
sdk,sqlite,findFirst,535,12
sdk,sqlite,findFirst,536,13
sdk,sqlite,findFirst,537,13
sdk,sqlite,findFirst,538,12
sdk,sqlite,findFirst,539,10
sdk,sqlite,findFirst,540,10
sdk,sqlite,findFirst,541,12
sdk,sqlite,findFirst,542,12
sdk,sqlite,findFirst,543,12
sdk,sqlite,findFirst,544,12
sdk,sqlite,findFirst,545,12
sdk,sqlite,findFirst,546,12
sdk,sqlite,findFirst,547,10
sdk,sqlite,findFirst,548,10
sdk,sqlite,findFirst,549,13
sdk,sqlite,findFirst,550,13
sdk,sqlite,findFirst,551,11
sdk,sqlite,findFirst,552,10
sdk,sqlite,findFirst,553,13
sdk,sqlite,findFirst,554,13
sdk,sqlite,findFirst,555,13
sdk,sqlite,findFirst,556,12
sdk,sqlite,findFirst,557,11
sdk,sqlite,findFirst,558,10
sdk,sqlite,findFirst,559,12
sdk,sqlite,findFirst,560,13
sdk,sqlite,findFirst,561,13
sdk,sqlite,findFirst,562,13
sdk,sqlite,findFirst,563,13
sdk,sqlite,findFirst,564,12
sdk,sqlite,findFirst,565,10
sdk,sqlite,findFirst,566,13
sdk,sqlite,findFirst,567,12
sdk,sqlite,findFirst,568,10
sdk,sqlite,findFirst,569,10
sdk,sqlite,findFirst,570,12
sdk,sqlite,findFirst,571,12
sdk,sqlite,findFirst,572,13
sdk,sqlite,findFirst,573,13
sdk,sqlite,findFirst,574,13
sdk,sqlite,findFirst,575,12
sdk,sqlite,findFirst,576,13
sdk,sqlite,findFirst,577,13
sdk,sqlite,findFirst,578,13
sdk,sqlite,findFirst,579,13
sdk,sqlite,findFirst,580,13
sdk,sqlite,findFirst,581,12
sdk,sqlite,findFirst,582,11
sdk,sqlite,findFirst,583,10
sdk,sqlite,findFirst,584,12
sdk,sqlite,findFirst,585,12
sdk,sqlite,findFirst,586,12
sdk,sqlite,findFirst,587,12
sdk,sqlite,findFirst,588,13
sdk,sqlite,findFirst,589,12
sdk,sqlite,findFirst,590,13
sdk,sqlite,findFirst,591,12
sdk,sqlite,findFirst,592,52
sdk,sqlite,findFirst,593,19
sdk,sqlite,findFirst,594,16
sdk,sqlite,findFirst,595,14
sdk,sqlite,findFirst,596,14
sdk,sqlite,findFirst,597,13
sdk,sqlite,findFirst,598,11
sdk,sqlite,findFirst,599,14
sdk,sqlite,findFirst,600,14
sdk,sqlite,findFirst,601,14
sdk,sqlite,findFirst,602,13
sdk,sqlite,findFirst,603,11
sdk,sqlite,findFirst,604,11
sdk,sqlite,findFirst,605,13
sdk,sqlite,findFirst,606,13
sdk,sqlite,findFirst,607,11
sdk,sqlite,findFirst,608,13
sdk,sqlite,findFirst,609,13
sdk,sqlite,findFirst,610,11
sdk,sqlite,findFirst,611,13
sdk,sqlite,findFirst,612,13
sdk,sqlite,findFirst,613,11
sdk,sqlite,findFirst,614,13
sdk,sqlite,findFirst,615,13
sdk,sqlite,findFirst,616,13
sdk,sqlite,findFirst,617,13
sdk,sqlite,findFirst,618,11
sdk,sqlite,findFirst,619,13
sdk,sqlite,findFirst,620,13
sdk,sqlite,findFirst,621,10
sdk,sqlite,findFirst,622,13
sdk,sqlite,findFirst,623,13
sdk,sqlite,findFirst,624,13
sdk,sqlite,findFirst,625,13
sdk,sqlite,findFirst,626,13
sdk,sqlite,findFirst,627,13
sdk,sqlite,findFirst,628,13
sdk,sqlite,findFirst,629,13
sdk,sqlite,findFirst,630,13
sdk,sqlite,findFirst,631,13
sdk,sqlite,findFirst,632,13
sdk,sqlite,findFirst,633,12
sdk,sqlite,findFirst,634,11
sdk,sqlite,findFirst,635,10
sdk,sqlite,findFirst,636,12
sdk,sqlite,findFirst,637,12
sdk,sqlite,findFirst,638,10
sdk,sqlite,findFirst,639,10
sdk,sqlite,findFirst,640,12
sdk,sqlite,findFirst,641,12
sdk,sqlite,findFirst,642,12
sdk,sqlite,findFirst,643,13
sdk,sqlite,findFirst,644,13
sdk,sqlite,findFirst,645,12
sdk,sqlite,findFirst,646,13
sdk,sqlite,findFirst,647,12
sdk,sqlite,findFirst,648,10
sdk,sqlite,findFirst,649,10
sdk,sqlite,findFirst,650,12
sdk,sqlite,findFirst,651,12
sdk,sqlite,findFirst,652,12
sdk,sqlite,findFirst,653,12
sdk,sqlite,findFirst,654,12
sdk,sqlite,findFirst,655,12
sdk,sqlite,findFirst,656,10
sdk,sqlite,findFirst,657,10
sdk,sqlite,findFirst,658,12
sdk,sqlite,findFirst,659,12
sdk,sqlite,findFirst,660,12
sdk,sqlite,findFirst,661,12
sdk,sqlite,findFirst,662,10
sdk,sqlite,findFirst,663,10
sdk,sqlite,findFirst,664,12
sdk,sqlite,findFirst,665,12
sdk,sqlite,findFirst,666,13
sdk,sqlite,findFirst,667,12
sdk,sqlite,findFirst,668,12
sdk,sqlite,findFirst,669,12
sdk,sqlite,findFirst,670,11
sdk,sqlite,findFirst,671,10
sdk,sqlite,findFirst,672,12
sdk,sqlite,findFirst,673,12
sdk,sqlite,findFirst,674,11
sdk,sqlite,findFirst,675,12
sdk,sqlite,findFirst,676,12
sdk,sqlite,findFirst,677,12
sdk,sqlite,findFirst,678,12
sdk,sqlite,findFirst,679,10
sdk,sqlite,findFirst,680,10
sdk,sqlite,findFirst,681,12
sdk,sqlite,findFirst,682,12
sdk,sqlite,findFirst,683,12
sdk,sqlite,findFirst,684,12
sdk,sqlite,findFirst,685,12
sdk,sqlite,findFirst,686,12
sdk,sqlite,findFirst,687,11
sdk,sqlite,findFirst,688,10
sdk,sqlite,findFirst,689,12
sdk,sqlite,findFirst,690,12
sdk,sqlite,findFirst,691,10
sdk,sqlite,findFirst,692,10
sdk,sqlite,findFirst,693,12
sdk,sqlite,findFirst,694,12
sdk,sqlite,findFirst,695,12
sdk,sqlite,findFirst,696,12
sdk,sqlite,findFirst,697,12
sdk,sqlite,findFirst,698,12
sdk,sqlite,findFirst,699,10
sdk,sqlite,findFirst,700,10
sdk,sqlite,findFirst,701,12
sdk,sqlite,findFirst,702,12
sdk,sqlite,findFirst,703,12
sdk,sqlite,findFirst,704,12
sdk,sqlite,findFirst,705,12
sdk,sqlite,findFirst,706,12
sdk,sqlite,findFirst,707,11
sdk,sqlite,findFirst,708,10
sdk,sqlite,findFirst,709,12
sdk,sqlite,findFirst,710,12
sdk,sqlite,findFirst,711,10
sdk,sqlite,findFirst,712,10
sdk,sqlite,findFirst,713,10
sdk,sqlite,findFirst,714,13
sdk,sqlite,findFirst,715,12
sdk,sqlite,findFirst,716,11
sdk,sqlite,findFirst,717,10
sdk,sqlite,findFirst,718,12
sdk,sqlite,findFirst,719,12
sdk,sqlite,findFirst,720,12
sdk,sqlite,findFirst,721,12
sdk,sqlite,findFirst,722,12
sdk,sqlite,findFirst,723,12
sdk,sqlite,findFirst,724,10
sdk,sqlite,findFirst,725,10
sdk,sqlite,findFirst,726,12
sdk,sqlite,findFirst,727,12
sdk,sqlite,findFirst,728,12
sdk,sqlite,findFirst,729,12
sdk,sqlite,findFirst,730,13
sdk,sqlite,findFirst,731,12
sdk,sqlite,findFirst,732,10
sdk,sqlite,findFirst,733,10
sdk,sqlite,findFirst,734,12
sdk,sqlite,findFirst,735,12
sdk,sqlite,findFirst,736,12
sdk,sqlite,findFirst,737,12
sdk,sqlite,findFirst,738,10
sdk,sqlite,findFirst,739,10
sdk,sqlite,findFirst,740,12
sdk,sqlite,findFirst,741,12
sdk,sqlite,findFirst,742,12
sdk,sqlite,findFirst,743,12
sdk,sqlite,findFirst,744,12
sdk,sqlite,findFirst,745,12
sdk,sqlite,findFirst,746,11
sdk,sqlite,findFirst,747,10
sdk,sqlite,findFirst,748,12
sdk,sqlite,findFirst,749,12
sdk,sqlite,findFirst,750,12
sdk,sqlite,findFirst,751,12
sdk,sqlite,findFirst,752,13
sdk,sqlite,findFirst,753,12
sdk,sqlite,findFirst,754,11
sdk,sqlite,findFirst,755,10
sdk,sqlite,findFirst,756,13
sdk,sqlite,findFirst,757,12
sdk,sqlite,findFirst,758,12
sdk,sqlite,findFirst,759,12
sdk,sqlite,findFirst,760,12
sdk,sqlite,findFirst,761,12
sdk,sqlite,findFirst,762,12
sdk,sqlite,findFirst,763,12
sdk,sqlite,findFirst,764,11
sdk,sqlite,findFirst,765,12
sdk,sqlite,findFirst,766,12
sdk,sqlite,findFirst,767,10
sdk,sqlite,findFirst,768,10
sdk,sqlite,findFirst,769,12
sdk,sqlite,findFirst,770,12
sdk,sqlite,findFirst,771,12
sdk,sqlite,findFirst,772,12
sdk,sqlite,findFirst,773,10
sdk,sqlite,findFirst,774,10
sdk,sqlite,findFirst,775,12
sdk,sqlite,findFirst,776,12
sdk,sqlite,findFirst,777,12
sdk,sqlite,findFirst,778,12
sdk,sqlite,findFirst,779,10
sdk,sqlite,findFirst,780,10
sdk,sqlite,findFirst,781,12
sdk,sqlite,findFirst,782,12
sdk,sqlite,findFirst,783,12
sdk,sqlite,findFirst,784,12
sdk,sqlite,findFirst,785,12
sdk,sqlite,findFirst,786,12
sdk,sqlite,findFirst,787,13
sdk,sqlite,findFirst,788,12
sdk,sqlite,findFirst,789,12
sdk,sqlite,findFirst,790,12
sdk,sqlite,findFirst,791,12
sdk,sqlite,findFirst,792,12
sdk,sqlite,findFirst,793,10
sdk,sqlite,findFirst,794,12
sdk,sqlite,findFirst,795,12
sdk,sqlite,findFirst,796,12
sdk,sqlite,findFirst,797,12
sdk,sqlite,findFirst,798,12
sdk,sqlite,findFirst,799,12
sdk,sqlite,findFirst,800,10
sdk,sqlite,findFirst,801,10
sdk,sqlite,findFirst,802,12
sdk,sqlite,findFirst,803,12
sdk,sqlite,findFirst,804,12
sdk,sqlite,findFirst,805,12
sdk,sqlite,findFirst,806,12
sdk,sqlite,findFirst,807,12
sdk,sqlite,findFirst,808,10
sdk,sqlite,findFirst,809,10
sdk,sqlite,findFirst,810,12
sdk,sqlite,findFirst,811,12
sdk,sqlite,findFirst,812,13
sdk,sqlite,findFirst,813,12
sdk,sqlite,findFirst,814,10
sdk,sqlite,findFirst,815,10
sdk,sqlite,findFirst,816,12
sdk,sqlite,findFirst,817,12
sdk,sqlite,findFirst,818,12
sdk,sqlite,findFirst,819,12
sdk,sqlite,findFirst,820,10
sdk,sqlite,findFirst,821,10
sdk,sqlite,findFirst,822,12
sdk,sqlite,findFirst,823,12
sdk,sqlite,findFirst,824,12
sdk,sqlite,findFirst,825,12
sdk,sqlite,findFirst,826,12
sdk,sqlite,findFirst,827,12
sdk,sqlite,findFirst,828,12
sdk,sqlite,findFirst,829,12
sdk,sqlite,findFirst,830,11
sdk,sqlite,findFirst,831,10
sdk,sqlite,findFirst,832,12
sdk,sqlite,findFirst,833,12
sdk,sqlite,findFirst,834,12
sdk,sqlite,findFirst,835,12
sdk,sqlite,findFirst,836,10
sdk,sqlite,findFirst,837,10
sdk,sqlite,findFirst,838,12
sdk,sqlite,findFirst,839,12
sdk,sqlite,findFirst,840,12
sdk,sqlite,findFirst,841,12
sdk,sqlite,findFirst,842,10
sdk,sqlite,findFirst,843,10
sdk,sqlite,findFirst,844,10
sdk,sqlite,findFirst,845,12
sdk,sqlite,findFirst,846,12
sdk,sqlite,findFirst,847,11
sdk,sqlite,findFirst,848,10
sdk,sqlite,findFirst,849,12
sdk,sqlite,findFirst,850,12
sdk,sqlite,findFirst,851,10
sdk,sqlite,findFirst,852,10
sdk,sqlite,findFirst,853,10
sdk,sqlite,findFirst,854,10
sdk,sqlite,findFirst,855,12
sdk,sqlite,findFirst,856,12
sdk,sqlite,findFirst,857,10
sdk,sqlite,findFirst,858,10
sdk,sqlite,findFirst,859,12
sdk,sqlite,findFirst,860,12
sdk,sqlite,findFirst,861,12
sdk,sqlite,findFirst,862,12
sdk,sqlite,findFirst,863,10
sdk,sqlite,findFirst,864,10
sdk,sqlite,findFirst,865,12
sdk,sqlite,findFirst,866,13
sdk,sqlite,findFirst,867,12
sdk,sqlite,findFirst,868,12
sdk,sqlite,findFirst,869,10
sdk,sqlite,findFirst,870,12
sdk,sqlite,findFirst,871,12
sdk,sqlite,findFirst,872,12
sdk,sqlite,findFirst,873,12
sdk,sqlite,findFirst,874,11
sdk,sqlite,findFirst,875,10
sdk,sqlite,findFirst,876,12
sdk,sqlite,findFirst,877,12
sdk,sqlite,findFirst,878,12
sdk,sqlite,findFirst,879,12
sdk,sqlite,findFirst,880,10
sdk,sqlite,findFirst,881,10
sdk,sqlite,findFirst,882,10
sdk,sqlite,findFirst,883,12
sdk,sqlite,findFirst,884,12
sdk,sqlite,findFirst,885,13
sdk,sqlite,findFirst,886,12
sdk,sqlite,findFirst,887,10
sdk,sqlite,findFirst,888,10
sdk,sqlite,findFirst,889,12
sdk,sqlite,findFirst,890,12
sdk,sqlite,findFirst,891,12
sdk,sqlite,findFirst,892,12
sdk,sqlite,findFirst,893,13
sdk,sqlite,findFirst,894,12
sdk,sqlite,findFirst,895,11
sdk,sqlite,findFirst,896,10
sdk,sqlite,findFirst,897,12
sdk,sqlite,findFirst,898,12
sdk,sqlite,findFirst,899,12
sdk,sqlite,findFirst,900,12
sdk,sqlite,findFirst,901,12
sdk,sqlite,findFirst,902,12
sdk,sqlite,findFirst,903,12
sdk,sqlite,findFirst,904,12
sdk,sqlite,findFirst,905,10
sdk,sqlite,findFirst,906,10
sdk,sqlite,findFirst,907,12
sdk,sqlite,findFirst,908,12
sdk,sqlite,findFirst,909,10
sdk,sqlite,findFirst,910,10
sdk,sqlite,findFirst,911,12
sdk,sqlite,findFirst,912,12
sdk,sqlite,findFirst,913,10
sdk,sqlite,findFirst,914,12
sdk,sqlite,findFirst,915,12
sdk,sqlite,findFirst,916,11
sdk,sqlite,findFirst,917,10
sdk,sqlite,findFirst,918,12
sdk,sqlite,findFirst,919,12
sdk,sqlite,findFirst,920,12
sdk,sqlite,findFirst,921,12
sdk,sqlite,findFirst,922,12
sdk,sqlite,findFirst,923,12
sdk,sqlite,findFirst,924,12
sdk,sqlite,findFirst,925,12
sdk,sqlite,findFirst,926,10
sdk,sqlite,findFirst,927,10
sdk,sqlite,findFirst,928,12
sdk,sqlite,findFirst,929,12
sdk,sqlite,findFirst,930,12
sdk,sqlite,findFirst,931,12
sdk,sqlite,findFirst,932,12
sdk,sqlite,findFirst,933,12
sdk,sqlite,findFirst,934,12
sdk,sqlite,findFirst,935,12
sdk,sqlite,findFirst,936,11
sdk,sqlite,findFirst,937,10
sdk,sqlite,findFirst,938,12
sdk,sqlite,findFirst,939,12
sdk,sqlite,findFirst,940,12
sdk,sqlite,findFirst,941,12
sdk,sqlite,findFirst,942,12
sdk,sqlite,findFirst,943,12
sdk,sqlite,findFirst,944,12
sdk,sqlite,findFirst,945,12
sdk,sqlite,findFirst,946,10
sdk,sqlite,findFirst,947,10
sdk,sqlite,findFirst,948,12
sdk,sqlite,findFirst,949,12
sdk,sqlite,findFirst,950,12
sdk,sqlite,findFirst,951,12
sdk,sqlite,findFirst,952,10
sdk,sqlite,findFirst,953,10
sdk,sqlite,findFirst,954,12
sdk,sqlite,findFirst,955,12
sdk,sqlite,findFirst,956,10
sdk,sqlite,findFirst,957,12
sdk,sqlite,findFirst,958,12
sdk,sqlite,findFirst,959,12
sdk,sqlite,findFirst,960,12
sdk,sqlite,findFirst,961,10
sdk,sqlite,findFirst,962,10
sdk,sqlite,findFirst,963,12
sdk,sqlite,findFirst,964,12
sdk,sqlite,findFirst,965,12
sdk,sqlite,findFirst,966,12
sdk,sqlite,findFirst,967,12
sdk,sqlite,findFirst,968,12
sdk,sqlite,findFirst,969,13
sdk,sqlite,findFirst,970,12
sdk,sqlite,findFirst,971,10
sdk,sqlite,findFirst,972,10
sdk,sqlite,findFirst,973,12
sdk,sqlite,findFirst,974,12
sdk,sqlite,findFirst,975,12
sdk,sqlite,findFirst,976,13
sdk,sqlite,findFirst,977,13
sdk,sqlite,findFirst,978,12
sdk,sqlite,findFirst,979,10
sdk,sqlite,findFirst,980,10
sdk,sqlite,findFirst,981,13
sdk,sqlite,findFirst,982,13
sdk,sqlite,findFirst,983,13
sdk,sqlite,findFirst,984,12
sdk,sqlite,findFirst,985,12
sdk,sqlite,findFirst,986,12
sdk,sqlite,findFirst,987,11
sdk,sqlite,findFirst,988,10
sdk,sqlite,findFirst,989,12
sdk,sqlite,findFirst,990,12
sdk,sqlite,findFirst,991,10
sdk,sqlite,findFirst,992,10
sdk,sqlite,findFirst,993,10
sdk,sqlite,findFirst,994,12
sdk,sqlite,findFirst,995,12
sdk,sqlite,findFirst,996,10
sdk,sqlite,findFirst,997,10
sdk,sqlite,findFirst,998,12
sdk,sqlite,findFirst,999,12
sdk,sqlite,findUnique,0,1
sdk,sqlite,findUnique,1,1
sdk,sqlite,findUnique,2,1
sdk,sqlite,findUnique,3,1
sdk,sqlite,findUnique,4,1
sdk,sqlite,findUnique,5,1
sdk,sqlite,findUnique,6,1
sdk,sqlite,findUnique,7,1
sdk,sqlite,findUnique,8,1
sdk,sqlite,findUnique,9,1
sdk,sqlite,findUnique,10,1
sdk,sqlite,findUnique,11,1
sdk,sqlite,findUnique,12,1
sdk,sqlite,findUnique,13,1
sdk,sqlite,findUnique,14,1
sdk,sqlite,findUnique,15,1
sdk,sqlite,findUnique,16,1
sdk,sqlite,findUnique,17,1
sdk,sqlite,findUnique,18,1
sdk,sqlite,findUnique,19,1
sdk,sqlite,findUnique,20,1
sdk,sqlite,findUnique,21,1
sdk,sqlite,findUnique,22,1
sdk,sqlite,findUnique,23,1
sdk,sqlite,findUnique,24,1
sdk,sqlite,findUnique,25,1
sdk,sqlite,findUnique,26,1
sdk,sqlite,findUnique,27,1
sdk,sqlite,findUnique,28,1
sdk,sqlite,findUnique,29,1
sdk,sqlite,findUnique,30,1
sdk,sqlite,findUnique,31,1
sdk,sqlite,findUnique,32,1
sdk,sqlite,findUnique,33,1
sdk,sqlite,findUnique,34,1
sdk,sqlite,findUnique,35,1
sdk,sqlite,findUnique,36,1
sdk,sqlite,findUnique,37,1
sdk,sqlite,findUnique,38,1
sdk,sqlite,findUnique,39,1
sdk,sqlite,findUnique,40,1
sdk,sqlite,findUnique,41,1
sdk,sqlite,findUnique,42,1
sdk,sqlite,findUnique,43,1
sdk,sqlite,findUnique,44,1
sdk,sqlite,findUnique,45,1
sdk,sqlite,findUnique,46,1
sdk,sqlite,findUnique,47,1
sdk,sqlite,findUnique,48,1
sdk,sqlite,findUnique,49,1
sdk,sqlite,findUnique,50,1
sdk,sqlite,findUnique,51,1
sdk,sqlite,findUnique,52,1
sdk,sqlite,findUnique,53,1
sdk,sqlite,findUnique,54,1
sdk,sqlite,findUnique,55,1
sdk,sqlite,findUnique,56,1
sdk,sqlite,findUnique,57,1
sdk,sqlite,findUnique,58,1
sdk,sqlite,findUnique,59,1
sdk,sqlite,findUnique,60,1
sdk,sqlite,findUnique,61,1
sdk,sqlite,findUnique,62,1
sdk,sqlite,findUnique,63,1
sdk,sqlite,findUnique,64,1
sdk,sqlite,findUnique,65,1
sdk,sqlite,findUnique,66,1
sdk,sqlite,findUnique,67,1
sdk,sqlite,findUnique,68,1
sdk,sqlite,findUnique,69,1
sdk,sqlite,findUnique,70,1
sdk,sqlite,findUnique,71,1
sdk,sqlite,findUnique,72,1
sdk,sqlite,findUnique,73,1
sdk,sqlite,findUnique,74,1
sdk,sqlite,findUnique,75,1
sdk,sqlite,findUnique,76,1
sdk,sqlite,findUnique,77,1
sdk,sqlite,findUnique,78,1
sdk,sqlite,findUnique,79,1
sdk,sqlite,findUnique,80,1
sdk,sqlite,findUnique,81,1
sdk,sqlite,findUnique,82,1
sdk,sqlite,findUnique,83,1
sdk,sqlite,findUnique,84,1
sdk,sqlite,findUnique,85,1
sdk,sqlite,findUnique,86,1
sdk,sqlite,findUnique,87,1
sdk,sqlite,findUnique,88,1
sdk,sqlite,findUnique,89,1
sdk,sqlite,findUnique,90,1
sdk,sqlite,findUnique,91,1
sdk,sqlite,findUnique,92,1
sdk,sqlite,findUnique,93,1
sdk,sqlite,findUnique,94,1
sdk,sqlite,findUnique,95,1
sdk,sqlite,findUnique,96,1
sdk,sqlite,findUnique,97,1
sdk,sqlite,findUnique,98,1
sdk,sqlite,findUnique,99,1
sdk,sqlite,findUnique,100,1
sdk,sqlite,findUnique,101,1
sdk,sqlite,findUnique,102,1
sdk,sqlite,findUnique,103,1
sdk,sqlite,findUnique,104,1
sdk,sqlite,findUnique,105,1
sdk,sqlite,findUnique,106,1
sdk,sqlite,findUnique,107,1
sdk,sqlite,findUnique,108,1
sdk,sqlite,findUnique,109,1
sdk,sqlite,findUnique,110,1
sdk,sqlite,findUnique,111,1
sdk,sqlite,findUnique,112,8
sdk,sqlite,findUnique,113,2
sdk,sqlite,findUnique,114,2
sdk,sqlite,findUnique,115,2
sdk,sqlite,findUnique,116,2
sdk,sqlite,findUnique,117,1
sdk,sqlite,findUnique,118,1
sdk,sqlite,findUnique,119,1
sdk,sqlite,findUnique,120,1
sdk,sqlite,findUnique,121,1
sdk,sqlite,findUnique,122,1
sdk,sqlite,findUnique,123,1
sdk,sqlite,findUnique,124,1
sdk,sqlite,findUnique,125,1
sdk,sqlite,findUnique,126,1
sdk,sqlite,findUnique,127,1
sdk,sqlite,findUnique,128,1
sdk,sqlite,findUnique,129,1
sdk,sqlite,findUnique,130,1
sdk,sqlite,findUnique,131,1
sdk,sqlite,findUnique,132,1
sdk,sqlite,findUnique,133,1
sdk,sqlite,findUnique,134,1
sdk,sqlite,findUnique,135,1
sdk,sqlite,findUnique,136,1
sdk,sqlite,findUnique,137,1
sdk,sqlite,findUnique,138,1
sdk,sqlite,findUnique,139,1
sdk,sqlite,findUnique,140,1
sdk,sqlite,findUnique,141,1
sdk,sqlite,findUnique,142,1
sdk,sqlite,findUnique,143,1
sdk,sqlite,findUnique,144,1
sdk,sqlite,findUnique,145,1
sdk,sqlite,findUnique,146,1
sdk,sqlite,findUnique,147,1
sdk,sqlite,findUnique,148,1
sdk,sqlite,findUnique,149,1
sdk,sqlite,findUnique,150,1
sdk,sqlite,findUnique,151,1
sdk,sqlite,findUnique,152,1
sdk,sqlite,findUnique,153,1
sdk,sqlite,findUnique,154,1
sdk,sqlite,findUnique,155,1
sdk,sqlite,findUnique,156,1
sdk,sqlite,findUnique,157,1
sdk,sqlite,findUnique,158,1
sdk,sqlite,findUnique,159,1
sdk,sqlite,findUnique,160,1
sdk,sqlite,findUnique,161,1
sdk,sqlite,findUnique,162,1
sdk,sqlite,findUnique,163,1
sdk,sqlite,findUnique,164,1
sdk,sqlite,findUnique,165,1
sdk,sqlite,findUnique,166,1
sdk,sqlite,findUnique,167,1
sdk,sqlite,findUnique,168,1
sdk,sqlite,findUnique,169,1
sdk,sqlite,findUnique,170,1
sdk,sqlite,findUnique,171,1
sdk,sqlite,findUnique,172,1
sdk,sqlite,findUnique,173,1
sdk,sqlite,findUnique,174,1
sdk,sqlite,findUnique,175,1
sdk,sqlite,findUnique,176,1
sdk,sqlite,findUnique,177,1
sdk,sqlite,findUnique,178,1
sdk,sqlite,findUnique,179,1
sdk,sqlite,findUnique,180,1
sdk,sqlite,findUnique,181,1
sdk,sqlite,findUnique,182,1
sdk,sqlite,findUnique,183,1
sdk,sqlite,findUnique,184,1
sdk,sqlite,findUnique,185,1
sdk,sqlite,findUnique,186,1
sdk,sqlite,findUnique,187,1
sdk,sqlite,findUnique,188,1
sdk,sqlite,findUnique,189,1
sdk,sqlite,findUnique,190,1
sdk,sqlite,findUnique,191,1
sdk,sqlite,findUnique,192,1
sdk,sqlite,findUnique,193,1
sdk,sqlite,findUnique,194,1
sdk,sqlite,findUnique,195,1
sdk,sqlite,findUnique,196,1
sdk,sqlite,findUnique,197,1
sdk,sqlite,findUnique,198,1
sdk,sqlite,findUnique,199,1
sdk,sqlite,findUnique,200,1
sdk,sqlite,findUnique,201,1
sdk,sqlite,findUnique,202,1
sdk,sqlite,findUnique,203,1
sdk,sqlite,findUnique,204,1
sdk,sqlite,findUnique,205,1
sdk,sqlite,findUnique,206,1
sdk,sqlite,findUnique,207,1
sdk,sqlite,findUnique,208,1
sdk,sqlite,findUnique,209,1
sdk,sqlite,findUnique,210,1
sdk,sqlite,findUnique,211,1
sdk,sqlite,findUnique,212,1
sdk,sqlite,findUnique,213,1
sdk,sqlite,findUnique,214,1
sdk,sqlite,findUnique,215,1
sdk,sqlite,findUnique,216,1
sdk,sqlite,findUnique,217,1
sdk,sqlite,findUnique,218,1
sdk,sqlite,findUnique,219,1
sdk,sqlite,findUnique,220,1
sdk,sqlite,findUnique,221,1
sdk,sqlite,findUnique,222,1
sdk,sqlite,findUnique,223,1
sdk,sqlite,findUnique,224,1
sdk,sqlite,findUnique,225,1
sdk,sqlite,findUnique,226,1
sdk,sqlite,findUnique,227,1
sdk,sqlite,findUnique,228,1
sdk,sqlite,findUnique,229,1
sdk,sqlite,findUnique,230,1
sdk,sqlite,findUnique,231,1
sdk,sqlite,findUnique,232,1
sdk,sqlite,findUnique,233,1
sdk,sqlite,findUnique,234,1
sdk,sqlite,findUnique,235,1
sdk,sqlite,findUnique,236,1
sdk,sqlite,findUnique,237,1
sdk,sqlite,findUnique,238,1
sdk,sqlite,findUnique,239,1
sdk,sqlite,findUnique,240,1
sdk,sqlite,findUnique,241,1
sdk,sqlite,findUnique,242,1
sdk,sqlite,findUnique,243,1
sdk,sqlite,findUnique,244,1
sdk,sqlite,findUnique,245,1
sdk,sqlite,findUnique,246,1
sdk,sqlite,findUnique,247,1
sdk,sqlite,findUnique,248,1
sdk,sqlite,findUnique,249,1
sdk,sqlite,findUnique,250,1
sdk,sqlite,findUnique,251,1
sdk,sqlite,findUnique,252,1
sdk,sqlite,findUnique,253,1
sdk,sqlite,findUnique,254,1
sdk,sqlite,findUnique,255,1
sdk,sqlite,findUnique,256,1
sdk,sqlite,findUnique,257,1
sdk,sqlite,findUnique,258,1
sdk,sqlite,findUnique,259,1
sdk,sqlite,findUnique,260,1
sdk,sqlite,findUnique,261,1
sdk,sqlite,findUnique,262,1
sdk,sqlite,findUnique,263,1
sdk,sqlite,findUnique,264,1
sdk,sqlite,findUnique,265,1
sdk,sqlite,findUnique,266,1
sdk,sqlite,findUnique,267,1
sdk,sqlite,findUnique,268,1
sdk,sqlite,findUnique,269,1
sdk,sqlite,findUnique,270,1
sdk,sqlite,findUnique,271,1
sdk,sqlite,findUnique,272,1
sdk,sqlite,findUnique,273,1
sdk,sqlite,findUnique,274,1
sdk,sqlite,findUnique,275,1
sdk,sqlite,findUnique,276,1
sdk,sqlite,findUnique,277,1
sdk,sqlite,findUnique,278,1
sdk,sqlite,findUnique,279,1
sdk,sqlite,findUnique,280,1
sdk,sqlite,findUnique,281,1
sdk,sqlite,findUnique,282,1
sdk,sqlite,findUnique,283,1
sdk,sqlite,findUnique,284,1
sdk,sqlite,findUnique,285,1
sdk,sqlite,findUnique,286,1
sdk,sqlite,findUnique,287,1
sdk,sqlite,findUnique,288,1
sdk,sqlite,findUnique,289,1
sdk,sqlite,findUnique,290,1
sdk,sqlite,findUnique,291,1
sdk,sqlite,findUnique,292,1
sdk,sqlite,findUnique,293,1
sdk,sqlite,findUnique,294,1
sdk,sqlite,findUnique,295,1
sdk,sqlite,findUnique,296,1
sdk,sqlite,findUnique,297,1
sdk,sqlite,findUnique,298,1
sdk,sqlite,findUnique,299,1
sdk,sqlite,findUnique,300,1
sdk,sqlite,findUnique,301,1
sdk,sqlite,findUnique,302,1
sdk,sqlite,findUnique,303,1
sdk,sqlite,findUnique,304,1
sdk,sqlite,findUnique,305,1
sdk,sqlite,findUnique,306,1
sdk,sqlite,findUnique,307,1
sdk,sqlite,findUnique,308,1
sdk,sqlite,findUnique,309,1
sdk,sqlite,findUnique,310,1
sdk,sqlite,findUnique,311,1
sdk,sqlite,findUnique,312,1
sdk,sqlite,findUnique,313,1
sdk,sqlite,findUnique,314,1
sdk,sqlite,findUnique,315,1
sdk,sqlite,findUnique,316,1
sdk,sqlite,findUnique,317,1
sdk,sqlite,findUnique,318,1
sdk,sqlite,findUnique,319,1
sdk,sqlite,findUnique,320,1
sdk,sqlite,findUnique,321,1
sdk,sqlite,findUnique,322,1
sdk,sqlite,findUnique,323,1
sdk,sqlite,findUnique,324,1
sdk,sqlite,findUnique,325,1
sdk,sqlite,findUnique,326,1
sdk,sqlite,findUnique,327,1
sdk,sqlite,findUnique,328,1
sdk,sqlite,findUnique,329,1
sdk,sqlite,findUnique,330,1
sdk,sqlite,findUnique,331,1
sdk,sqlite,findUnique,332,1
sdk,sqlite,findUnique,333,1
sdk,sqlite,findUnique,334,1
sdk,sqlite,findUnique,335,1
sdk,sqlite,findUnique,336,1
sdk,sqlite,findUnique,337,1
sdk,sqlite,findUnique,338,1
sdk,sqlite,findUnique,339,1
sdk,sqlite,findUnique,340,1
sdk,sqlite,findUnique,341,1
sdk,sqlite,findUnique,342,1
sdk,sqlite,findUnique,343,1
sdk,sqlite,findUnique,344,1
sdk,sqlite,findUnique,345,1
sdk,sqlite,findUnique,346,1
sdk,sqlite,findUnique,347,1
sdk,sqlite,findUnique,348,1
sdk,sqlite,findUnique,349,1
sdk,sqlite,findUnique,350,1
sdk,sqlite,findUnique,351,1
sdk,sqlite,findUnique,352,1
sdk,sqlite,findUnique,353,1
sdk,sqlite,findUnique,354,1
sdk,sqlite,findUnique,355,1
sdk,sqlite,findUnique,356,1
sdk,sqlite,findUnique,357,1
sdk,sqlite,findUnique,358,1
sdk,sqlite,findUnique,359,1
sdk,sqlite,findUnique,360,1
sdk,sqlite,findUnique,361,1
sdk,sqlite,findUnique,362,1
sdk,sqlite,findUnique,363,1
sdk,sqlite,findUnique,364,1
sdk,sqlite,findUnique,365,1
sdk,sqlite,findUnique,366,1
sdk,sqlite,findUnique,367,1
sdk,sqlite,findUnique,368,1
sdk,sqlite,findUnique,369,1
sdk,sqlite,findUnique,370,1
sdk,sqlite,findUnique,371,1
sdk,sqlite,findUnique,372,1
sdk,sqlite,findUnique,373,1
sdk,sqlite,findUnique,374,1
sdk,sqlite,findUnique,375,1
sdk,sqlite,findUnique,376,1
sdk,sqlite,findUnique,377,1
sdk,sqlite,findUnique,378,1
sdk,sqlite,findUnique,379,1
sdk,sqlite,findUnique,380,1
sdk,sqlite,findUnique,381,1
sdk,sqlite,findUnique,382,1
sdk,sqlite,findUnique,383,1
sdk,sqlite,findUnique,384,1
sdk,sqlite,findUnique,385,1
sdk,sqlite,findUnique,386,1
sdk,sqlite,findUnique,387,1
sdk,sqlite,findUnique,388,1
sdk,sqlite,findUnique,389,1
sdk,sqlite,findUnique,390,1
sdk,sqlite,findUnique,391,1
sdk,sqlite,findUnique,392,1
sdk,sqlite,findUnique,393,1
sdk,sqlite,findUnique,394,1
sdk,sqlite,findUnique,395,1
sdk,sqlite,findUnique,396,1
sdk,sqlite,findUnique,397,1
sdk,sqlite,findUnique,398,1
sdk,sqlite,findUnique,399,1
sdk,sqlite,findUnique,400,1
sdk,sqlite,findUnique,401,1
sdk,sqlite,findUnique,402,1
sdk,sqlite,findUnique,403,1
sdk,sqlite,findUnique,404,1
sdk,sqlite,findUnique,405,1
sdk,sqlite,findUnique,406,1
sdk,sqlite,findUnique,407,1
sdk,sqlite,findUnique,408,1
sdk,sqlite,findUnique,409,1
sdk,sqlite,findUnique,410,1
sdk,sqlite,findUnique,411,1
sdk,sqlite,findUnique,412,1
sdk,sqlite,findUnique,413,1
sdk,sqlite,findUnique,414,1
sdk,sqlite,findUnique,415,1
sdk,sqlite,findUnique,416,1
sdk,sqlite,findUnique,417,1
sdk,sqlite,findUnique,418,1
sdk,sqlite,findUnique,419,1
sdk,sqlite,findUnique,420,1
sdk,sqlite,findUnique,421,1
sdk,sqlite,findUnique,422,1
sdk,sqlite,findUnique,423,1
sdk,sqlite,findUnique,424,1
sdk,sqlite,findUnique,425,1
sdk,sqlite,findUnique,426,1
sdk,sqlite,findUnique,427,1
sdk,sqlite,findUnique,428,1
sdk,sqlite,findUnique,429,1
sdk,sqlite,findUnique,430,1
sdk,sqlite,findUnique,431,1
sdk,sqlite,findUnique,432,1
sdk,sqlite,findUnique,433,1
sdk,sqlite,findUnique,434,1
sdk,sqlite,findUnique,435,1
sdk,sqlite,findUnique,436,1
sdk,sqlite,findUnique,437,1
sdk,sqlite,findUnique,438,1
sdk,sqlite,findUnique,439,1
sdk,sqlite,findUnique,440,1
sdk,sqlite,findUnique,441,1
sdk,sqlite,findUnique,442,1
sdk,sqlite,findUnique,443,1
sdk,sqlite,findUnique,444,1
sdk,sqlite,findUnique,445,1
sdk,sqlite,findUnique,446,1
sdk,sqlite,findUnique,447,1
sdk,sqlite,findUnique,448,1
sdk,sqlite,findUnique,449,1
sdk,sqlite,findUnique,450,1
sdk,sqlite,findUnique,451,1
sdk,sqlite,findUnique,452,1
sdk,sqlite,findUnique,453,1
sdk,sqlite,findUnique,454,1
sdk,sqlite,findUnique,455,1
sdk,sqlite,findUnique,456,1
sdk,sqlite,findUnique,457,1
sdk,sqlite,findUnique,458,1
sdk,sqlite,findUnique,459,1
sdk,sqlite,findUnique,460,1
sdk,sqlite,findUnique,461,1
sdk,sqlite,findUnique,462,1
sdk,sqlite,findUnique,463,1
sdk,sqlite,findUnique,464,1
sdk,sqlite,findUnique,465,1
sdk,sqlite,findUnique,466,1
sdk,sqlite,findUnique,467,1
sdk,sqlite,findUnique,468,1
sdk,sqlite,findUnique,469,1
sdk,sqlite,findUnique,470,1
sdk,sqlite,findUnique,471,1
sdk,sqlite,findUnique,472,1
sdk,sqlite,findUnique,473,1
sdk,sqlite,findUnique,474,1
sdk,sqlite,findUnique,475,1
sdk,sqlite,findUnique,476,1
sdk,sqlite,findUnique,477,1
sdk,sqlite,findUnique,478,1
sdk,sqlite,findUnique,479,1
sdk,sqlite,findUnique,480,1
sdk,sqlite,findUnique,481,1
sdk,sqlite,findUnique,482,1
sdk,sqlite,findUnique,483,1
sdk,sqlite,findUnique,484,1
sdk,sqlite,findUnique,485,1
sdk,sqlite,findUnique,486,1
sdk,sqlite,findUnique,487,1
sdk,sqlite,findUnique,488,1
sdk,sqlite,findUnique,489,1
sdk,sqlite,findUnique,490,1
sdk,sqlite,findUnique,491,1
sdk,sqlite,findUnique,492,1
sdk,sqlite,findUnique,493,1
sdk,sqlite,findUnique,494,1
sdk,sqlite,findUnique,495,1
sdk,sqlite,findUnique,496,1
sdk,sqlite,findUnique,497,1
sdk,sqlite,findUnique,498,1
sdk,sqlite,findUnique,499,1
sdk,sqlite,findUnique,500,1
sdk,sqlite,findUnique,501,1
sdk,sqlite,findUnique,502,1
sdk,sqlite,findUnique,503,1
sdk,sqlite,findUnique,504,1
sdk,sqlite,findUnique,505,1
sdk,sqlite,findUnique,506,1
sdk,sqlite,findUnique,507,1
sdk,sqlite,findUnique,508,1
sdk,sqlite,findUnique,509,1
sdk,sqlite,findUnique,510,1
sdk,sqlite,findUnique,511,1
sdk,sqlite,findUnique,512,1
sdk,sqlite,findUnique,513,1
sdk,sqlite,findUnique,514,1
sdk,sqlite,findUnique,515,1
sdk,sqlite,findUnique,516,1
sdk,sqlite,findUnique,517,1
sdk,sqlite,findUnique,518,1
sdk,sqlite,findUnique,519,1
sdk,sqlite,findUnique,520,1
sdk,sqlite,findUnique,521,1
sdk,sqlite,findUnique,522,1
sdk,sqlite,findUnique,523,1
sdk,sqlite,findUnique,524,1
sdk,sqlite,findUnique,525,1
sdk,sqlite,findUnique,526,1
sdk,sqlite,findUnique,527,1
sdk,sqlite,findUnique,528,1
sdk,sqlite,findUnique,529,1
sdk,sqlite,findUnique,530,1
sdk,sqlite,findUnique,531,1
sdk,sqlite,findUnique,532,1
sdk,sqlite,findUnique,533,1
sdk,sqlite,findUnique,534,1
sdk,sqlite,findUnique,535,1
sdk,sqlite,findUnique,536,1
sdk,sqlite,findUnique,537,1
sdk,sqlite,findUnique,538,1
sdk,sqlite,findUnique,539,1
sdk,sqlite,findUnique,540,1
sdk,sqlite,findUnique,541,1
sdk,sqlite,findUnique,542,1
sdk,sqlite,findUnique,543,1
sdk,sqlite,findUnique,544,1
sdk,sqlite,findUnique,545,1
sdk,sqlite,findUnique,546,1
sdk,sqlite,findUnique,547,1
sdk,sqlite,findUnique,548,1
sdk,sqlite,findUnique,549,1
sdk,sqlite,findUnique,550,1
sdk,sqlite,findUnique,551,1
sdk,sqlite,findUnique,552,1
sdk,sqlite,findUnique,553,1
sdk,sqlite,findUnique,554,1
sdk,sqlite,findUnique,555,1
sdk,sqlite,findUnique,556,1
sdk,sqlite,findUnique,557,1
sdk,sqlite,findUnique,558,1
sdk,sqlite,findUnique,559,1
sdk,sqlite,findUnique,560,1
sdk,sqlite,findUnique,561,1
sdk,sqlite,findUnique,562,1
sdk,sqlite,findUnique,563,1
sdk,sqlite,findUnique,564,1
sdk,sqlite,findUnique,565,1
sdk,sqlite,findUnique,566,1
sdk,sqlite,findUnique,567,1
sdk,sqlite,findUnique,568,1
sdk,sqlite,findUnique,569,1
sdk,sqlite,findUnique,570,1
sdk,sqlite,findUnique,571,1
sdk,sqlite,findUnique,572,1
sdk,sqlite,findUnique,573,1
sdk,sqlite,findUnique,574,1
sdk,sqlite,findUnique,575,1
sdk,sqlite,findUnique,576,1
sdk,sqlite,findUnique,577,1
sdk,sqlite,findUnique,578,1
sdk,sqlite,findUnique,579,1
sdk,sqlite,findUnique,580,1
sdk,sqlite,findUnique,581,1
sdk,sqlite,findUnique,582,1
sdk,sqlite,findUnique,583,1
sdk,sqlite,findUnique,584,1
sdk,sqlite,findUnique,585,1
sdk,sqlite,findUnique,586,1
sdk,sqlite,findUnique,587,1
sdk,sqlite,findUnique,588,1
sdk,sqlite,findUnique,589,1
sdk,sqlite,findUnique,590,1
sdk,sqlite,findUnique,591,1
sdk,sqlite,findUnique,592,1
sdk,sqlite,findUnique,593,1
sdk,sqlite,findUnique,594,1
sdk,sqlite,findUnique,595,1
sdk,sqlite,findUnique,596,1
sdk,sqlite,findUnique,597,1
sdk,sqlite,findUnique,598,1
sdk,sqlite,findUnique,599,1
sdk,sqlite,findUnique,600,1
sdk,sqlite,findUnique,601,1
sdk,sqlite,findUnique,602,1
sdk,sqlite,findUnique,603,1
sdk,sqlite,findUnique,604,1
sdk,sqlite,findUnique,605,1
sdk,sqlite,findUnique,606,1
sdk,sqlite,findUnique,607,1
sdk,sqlite,findUnique,608,1
sdk,sqlite,findUnique,609,1
sdk,sqlite,findUnique,610,1
sdk,sqlite,findUnique,611,1
sdk,sqlite,findUnique,612,1
sdk,sqlite,findUnique,613,1
sdk,sqlite,findUnique,614,1
sdk,sqlite,findUnique,615,1
sdk,sqlite,findUnique,616,1
sdk,sqlite,findUnique,617,1
sdk,sqlite,findUnique,618,1
sdk,sqlite,findUnique,619,1
sdk,sqlite,findUnique,620,1
sdk,sqlite,findUnique,621,1
sdk,sqlite,findUnique,622,1
sdk,sqlite,findUnique,623,1
sdk,sqlite,findUnique,624,1
sdk,sqlite,findUnique,625,1
sdk,sqlite,findUnique,626,1
sdk,sqlite,findUnique,627,1
sdk,sqlite,findUnique,628,1
sdk,sqlite,findUnique,629,1
sdk,sqlite,findUnique,630,1
sdk,sqlite,findUnique,631,1
sdk,sqlite,findUnique,632,1
sdk,sqlite,findUnique,633,1
sdk,sqlite,findUnique,634,1
sdk,sqlite,findUnique,635,1
sdk,sqlite,findUnique,636,1
sdk,sqlite,findUnique,637,1
sdk,sqlite,findUnique,638,1
sdk,sqlite,findUnique,639,1
sdk,sqlite,findUnique,640,1
sdk,sqlite,findUnique,641,1
sdk,sqlite,findUnique,642,1
sdk,sqlite,findUnique,643,1
sdk,sqlite,findUnique,644,1
sdk,sqlite,findUnique,645,1
sdk,sqlite,findUnique,646,1
sdk,sqlite,findUnique,647,1
sdk,sqlite,findUnique,648,1
sdk,sqlite,findUnique,649,1
sdk,sqlite,findUnique,650,1
sdk,sqlite,findUnique,651,1
sdk,sqlite,findUnique,652,1
sdk,sqlite,findUnique,653,1
sdk,sqlite,findUnique,654,1
sdk,sqlite,findUnique,655,1
sdk,sqlite,findUnique,656,1
sdk,sqlite,findUnique,657,1
sdk,sqlite,findUnique,658,1
sdk,sqlite,findUnique,659,1
sdk,sqlite,findUnique,660,1
sdk,sqlite,findUnique,661,1
sdk,sqlite,findUnique,662,1
sdk,sqlite,findUnique,663,1
sdk,sqlite,findUnique,664,1
sdk,sqlite,findUnique,665,1
sdk,sqlite,findUnique,666,1
sdk,sqlite,findUnique,667,1
sdk,sqlite,findUnique,668,1
sdk,sqlite,findUnique,669,1
sdk,sqlite,findUnique,670,1
sdk,sqlite,findUnique,671,1
sdk,sqlite,findUnique,672,1
sdk,sqlite,findUnique,673,1
sdk,sqlite,findUnique,674,1
sdk,sqlite,findUnique,675,1
sdk,sqlite,findUnique,676,1
sdk,sqlite,findUnique,677,1
sdk,sqlite,findUnique,678,1
sdk,sqlite,findUnique,679,1
sdk,sqlite,findUnique,680,1
sdk,sqlite,findUnique,681,1
sdk,sqlite,findUnique,682,1
sdk,sqlite,findUnique,683,1
sdk,sqlite,findUnique,684,1
sdk,sqlite,findUnique,685,1
sdk,sqlite,findUnique,686,1
sdk,sqlite,findUnique,687,1
sdk,sqlite,findUnique,688,1
sdk,sqlite,findUnique,689,1
sdk,sqlite,findUnique,690,1
sdk,sqlite,findUnique,691,1
sdk,sqlite,findUnique,692,1
sdk,sqlite,findUnique,693,1
sdk,sqlite,findUnique,694,1
sdk,sqlite,findUnique,695,1
sdk,sqlite,findUnique,696,1
sdk,sqlite,findUnique,697,1
sdk,sqlite,findUnique,698,1
sdk,sqlite,findUnique,699,1
sdk,sqlite,findUnique,700,1
sdk,sqlite,findUnique,701,1
sdk,sqlite,findUnique,702,1
sdk,sqlite,findUnique,703,1
sdk,sqlite,findUnique,704,1
sdk,sqlite,findUnique,705,1
sdk,sqlite,findUnique,706,1
sdk,sqlite,findUnique,707,1
sdk,sqlite,findUnique,708,1
sdk,sqlite,findUnique,709,1
sdk,sqlite,findUnique,710,1
sdk,sqlite,findUnique,711,1
sdk,sqlite,findUnique,712,1
sdk,sqlite,findUnique,713,1
sdk,sqlite,findUnique,714,1
sdk,sqlite,findUnique,715,1
sdk,sqlite,findUnique,716,1
sdk,sqlite,findUnique,717,1
sdk,sqlite,findUnique,718,1
sdk,sqlite,findUnique,719,1
sdk,sqlite,findUnique,720,1
sdk,sqlite,findUnique,721,1
sdk,sqlite,findUnique,722,1
sdk,sqlite,findUnique,723,1
sdk,sqlite,findUnique,724,1
sdk,sqlite,findUnique,725,1
sdk,sqlite,findUnique,726,1
sdk,sqlite,findUnique,727,1
sdk,sqlite,findUnique,728,1
sdk,sqlite,findUnique,729,1
sdk,sqlite,findUnique,730,1
sdk,sqlite,findUnique,731,1
sdk,sqlite,findUnique,732,1
sdk,sqlite,findUnique,733,1
sdk,sqlite,findUnique,734,1
sdk,sqlite,findUnique,735,1
sdk,sqlite,findUnique,736,1
sdk,sqlite,findUnique,737,1
sdk,sqlite,findUnique,738,1
sdk,sqlite,findUnique,739,1
sdk,sqlite,findUnique,740,1
sdk,sqlite,findUnique,741,1
sdk,sqlite,findUnique,742,1
sdk,sqlite,findUnique,743,1
sdk,sqlite,findUnique,744,1
sdk,sqlite,findUnique,745,1
sdk,sqlite,findUnique,746,1
sdk,sqlite,findUnique,747,1
sdk,sqlite,findUnique,748,1
sdk,sqlite,findUnique,749,1
sdk,sqlite,findUnique,750,1
sdk,sqlite,findUnique,751,1
sdk,sqlite,findUnique,752,1
sdk,sqlite,findUnique,753,1
sdk,sqlite,findUnique,754,1
sdk,sqlite,findUnique,755,1
sdk,sqlite,findUnique,756,1
sdk,sqlite,findUnique,757,1
sdk,sqlite,findUnique,758,1
sdk,sqlite,findUnique,759,1
sdk,sqlite,findUnique,760,1
sdk,sqlite,findUnique,761,1
sdk,sqlite,findUnique,762,1
sdk,sqlite,findUnique,763,1
sdk,sqlite,findUnique,764,1
sdk,sqlite,findUnique,765,1
sdk,sqlite,findUnique,766,1
sdk,sqlite,findUnique,767,1
sdk,sqlite,findUnique,768,1
sdk,sqlite,findUnique,769,1
sdk,sqlite,findUnique,770,1
sdk,sqlite,findUnique,771,1
sdk,sqlite,findUnique,772,1
sdk,sqlite,findUnique,773,1
sdk,sqlite,findUnique,774,1
sdk,sqlite,findUnique,775,1
sdk,sqlite,findUnique,776,1
sdk,sqlite,findUnique,777,1
sdk,sqlite,findUnique,778,1
sdk,sqlite,findUnique,779,1
sdk,sqlite,findUnique,780,1
sdk,sqlite,findUnique,781,1
sdk,sqlite,findUnique,782,1
sdk,sqlite,findUnique,783,1
sdk,sqlite,findUnique,784,1
sdk,sqlite,findUnique,785,1
sdk,sqlite,findUnique,786,1
sdk,sqlite,findUnique,787,1
sdk,sqlite,findUnique,788,1
sdk,sqlite,findUnique,789,1
sdk,sqlite,findUnique,790,1
sdk,sqlite,findUnique,791,1
sdk,sqlite,findUnique,792,1
sdk,sqlite,findUnique,793,1
sdk,sqlite,findUnique,794,1
sdk,sqlite,findUnique,795,1
sdk,sqlite,findUnique,796,1
sdk,sqlite,findUnique,797,1
sdk,sqlite,findUnique,798,1
sdk,sqlite,findUnique,799,1
sdk,sqlite,findUnique,800,1
sdk,sqlite,findUnique,801,1
sdk,sqlite,findUnique,802,1
sdk,sqlite,findUnique,803,1
sdk,sqlite,findUnique,804,1
sdk,sqlite,findUnique,805,1
sdk,sqlite,findUnique,806,1
sdk,sqlite,findUnique,807,1
sdk,sqlite,findUnique,808,1
sdk,sqlite,findUnique,809,1
sdk,sqlite,findUnique,810,1
sdk,sqlite,findUnique,811,1
sdk,sqlite,findUnique,812,1
sdk,sqlite,findUnique,813,1
sdk,sqlite,findUnique,814,1
sdk,sqlite,findUnique,815,1
sdk,sqlite,findUnique,816,1
sdk,sqlite,findUnique,817,1
sdk,sqlite,findUnique,818,1
sdk,sqlite,findUnique,819,1
sdk,sqlite,findUnique,820,1
sdk,sqlite,findUnique,821,1
sdk,sqlite,findUnique,822,1
sdk,sqlite,findUnique,823,1
sdk,sqlite,findUnique,824,1
sdk,sqlite,findUnique,825,1
sdk,sqlite,findUnique,826,1
sdk,sqlite,findUnique,827,1
sdk,sqlite,findUnique,828,1
sdk,sqlite,findUnique,829,1
sdk,sqlite,findUnique,830,1
sdk,sqlite,findUnique,831,1
sdk,sqlite,findUnique,832,1
sdk,sqlite,findUnique,833,1
sdk,sqlite,findUnique,834,1
sdk,sqlite,findUnique,835,1
sdk,sqlite,findUnique,836,1
sdk,sqlite,findUnique,837,1
sdk,sqlite,findUnique,838,1
sdk,sqlite,findUnique,839,1
sdk,sqlite,findUnique,840,1
sdk,sqlite,findUnique,841,1
sdk,sqlite,findUnique,842,1
sdk,sqlite,findUnique,843,1
sdk,sqlite,findUnique,844,1
sdk,sqlite,findUnique,845,1
sdk,sqlite,findUnique,846,1
sdk,sqlite,findUnique,847,1
sdk,sqlite,findUnique,848,1
sdk,sqlite,findUnique,849,1
sdk,sqlite,findUnique,850,1
sdk,sqlite,findUnique,851,1
sdk,sqlite,findUnique,852,1
sdk,sqlite,findUnique,853,1
sdk,sqlite,findUnique,854,1
sdk,sqlite,findUnique,855,1
sdk,sqlite,findUnique,856,1
sdk,sqlite,findUnique,857,1
sdk,sqlite,findUnique,858,1
sdk,sqlite,findUnique,859,1
sdk,sqlite,findUnique,860,1
sdk,sqlite,findUnique,861,1
sdk,sqlite,findUnique,862,1
sdk,sqlite,findUnique,863,1
sdk,sqlite,findUnique,864,1
sdk,sqlite,findUnique,865,1
sdk,sqlite,findUnique,866,1
sdk,sqlite,findUnique,867,1
sdk,sqlite,findUnique,868,1
sdk,sqlite,findUnique,869,1
sdk,sqlite,findUnique,870,1
sdk,sqlite,findUnique,871,1
sdk,sqlite,findUnique,872,1
sdk,sqlite,findUnique,873,1
sdk,sqlite,findUnique,874,1
sdk,sqlite,findUnique,875,1
sdk,sqlite,findUnique,876,1
sdk,sqlite,findUnique,877,1
sdk,sqlite,findUnique,878,1
sdk,sqlite,findUnique,879,1
sdk,sqlite,findUnique,880,1
sdk,sqlite,findUnique,881,1
sdk,sqlite,findUnique,882,1
sdk,sqlite,findUnique,883,1
sdk,sqlite,findUnique,884,1
sdk,sqlite,findUnique,885,1
sdk,sqlite,findUnique,886,1
sdk,sqlite,findUnique,887,1
sdk,sqlite,findUnique,888,1
sdk,sqlite,findUnique,889,1
sdk,sqlite,findUnique,890,1
sdk,sqlite,findUnique,891,1
sdk,sqlite,findUnique,892,1
sdk,sqlite,findUnique,893,1
sdk,sqlite,findUnique,894,1
sdk,sqlite,findUnique,895,1
sdk,sqlite,findUnique,896,1
sdk,sqlite,findUnique,897,1
sdk,sqlite,findUnique,898,1
sdk,sqlite,findUnique,899,1
sdk,sqlite,findUnique,900,1
sdk,sqlite,findUnique,901,1
sdk,sqlite,findUnique,902,1
sdk,sqlite,findUnique,903,1
sdk,sqlite,findUnique,904,1
sdk,sqlite,findUnique,905,1
sdk,sqlite,findUnique,906,1
sdk,sqlite,findUnique,907,1
sdk,sqlite,findUnique,908,1
sdk,sqlite,findUnique,909,1
sdk,sqlite,findUnique,910,1
sdk,sqlite,findUnique,911,1
sdk,sqlite,findUnique,912,1
sdk,sqlite,findUnique,913,1
sdk,sqlite,findUnique,914,1
sdk,sqlite,findUnique,915,1
sdk,sqlite,findUnique,916,1
sdk,sqlite,findUnique,917,1
sdk,sqlite,findUnique,918,1
sdk,sqlite,findUnique,919,1
sdk,sqlite,findUnique,920,1
sdk,sqlite,findUnique,921,1
sdk,sqlite,findUnique,922,1
sdk,sqlite,findUnique,923,1
sdk,sqlite,findUnique,924,1
sdk,sqlite,findUnique,925,1
sdk,sqlite,findUnique,926,1
sdk,sqlite,findUnique,927,1
sdk,sqlite,findUnique,928,1
sdk,sqlite,findUnique,929,1
sdk,sqlite,findUnique,930,1
sdk,sqlite,findUnique,931,1
sdk,sqlite,findUnique,932,1
sdk,sqlite,findUnique,933,1
sdk,sqlite,findUnique,934,1
sdk,sqlite,findUnique,935,1
sdk,sqlite,findUnique,936,1
sdk,sqlite,findUnique,937,1
sdk,sqlite,findUnique,938,1
sdk,sqlite,findUnique,939,1
sdk,sqlite,findUnique,940,1
sdk,sqlite,findUnique,941,1
sdk,sqlite,findUnique,942,1
sdk,sqlite,findUnique,943,1
sdk,sqlite,findUnique,944,1
sdk,sqlite,findUnique,945,1
sdk,sqlite,findUnique,946,1
sdk,sqlite,findUnique,947,1
sdk,sqlite,findUnique,948,1
sdk,sqlite,findUnique,949,1
sdk,sqlite,findUnique,950,1
sdk,sqlite,findUnique,951,1
sdk,sqlite,findUnique,952,1
sdk,sqlite,findUnique,953,1
sdk,sqlite,findUnique,954,1
sdk,sqlite,findUnique,955,1
sdk,sqlite,findUnique,956,1
sdk,sqlite,findUnique,957,1
sdk,sqlite,findUnique,958,1
sdk,sqlite,findUnique,959,1
sdk,sqlite,findUnique,960,1
sdk,sqlite,findUnique,961,1
sdk,sqlite,findUnique,962,1
sdk,sqlite,findUnique,963,1
sdk,sqlite,findUnique,964,1
sdk,sqlite,findUnique,965,1
sdk,sqlite,findUnique,966,1
sdk,sqlite,findUnique,967,1
sdk,sqlite,findUnique,968,1
sdk,sqlite,findUnique,969,1
sdk,sqlite,findUnique,970,1
sdk,sqlite,findUnique,971,1
sdk,sqlite,findUnique,972,1
sdk,sqlite,findUnique,973,1
sdk,sqlite,findUnique,974,1
sdk,sqlite,findUnique,975,1
sdk,sqlite,findUnique,976,1
sdk,sqlite,findUnique,977,1
sdk,sqlite,findUnique,978,1
sdk,sqlite,findUnique,979,1
sdk,sqlite,findUnique,980,1
sdk,sqlite,findUnique,981,1
sdk,sqlite,findUnique,982,1
sdk,sqlite,findUnique,983,1
sdk,sqlite,findUnique,984,1
sdk,sqlite,findUnique,985,1
sdk,sqlite,findUnique,986,1
sdk,sqlite,findUnique,987,1
sdk,sqlite,findUnique,988,1
sdk,sqlite,findUnique,989,1
sdk,sqlite,findUnique,990,1
sdk,sqlite,findUnique,991,1
sdk,sqlite,findUnique,992,1
sdk,sqlite,findUnique,993,1
sdk,sqlite,findUnique,994,1
sdk,sqlite,findUnique,995,1
sdk,sqlite,findUnique,996,1
sdk,sqlite,findUnique,997,1
sdk,sqlite,findUnique,998,1
sdk,sqlite,findUnique,999,1
sdk,sqlite,nestedFindAll,0,137
sdk,sqlite,nestedFindAll,1,141
sdk,sqlite,nestedFindAll,2,142
sdk,sqlite,nestedFindAll,3,143
sdk,sqlite,nestedFindAll,4,141
sdk,sqlite,nestedFindAll,5,142
sdk,sqlite,nestedFindAll,6,141
sdk,sqlite,nestedFindAll,7,141
sdk,sqlite,nestedFindAll,8,141
sdk,sqlite,nestedFindAll,9,141
sdk,sqlite,nestedFindAll,10,141
sdk,sqlite,nestedFindAll,11,141
sdk,sqlite,nestedFindAll,12,141
sdk,sqlite,nestedFindAll,13,141
sdk,sqlite,nestedFindAll,14,141
sdk,sqlite,nestedFindAll,15,141
sdk,sqlite,nestedFindAll,16,140
sdk,sqlite,nestedFindAll,17,141
sdk,sqlite,nestedFindAll,18,143
sdk,sqlite,nestedFindAll,19,141
sdk,sqlite,nestedFindAll,20,141
sdk,sqlite,nestedFindAll,21,144
sdk,sqlite,nestedFindAll,22,147
sdk,sqlite,nestedFindAll,23,141
sdk,sqlite,nestedFindAll,24,142
sdk,sqlite,nestedFindAll,25,141
sdk,sqlite,nestedFindAll,26,140
sdk,sqlite,nestedFindAll,27,141
sdk,sqlite,nestedFindAll,28,143
sdk,sqlite,nestedFindAll,29,141
sdk,sqlite,nestedFindAll,30,142
sdk,sqlite,nestedFindAll,31,142
sdk,sqlite,nestedFindAll,32,142
sdk,sqlite,nestedFindAll,33,142
sdk,sqlite,nestedFindAll,34,143
sdk,sqlite,nestedFindAll,35,142
sdk,sqlite,nestedFindAll,36,141
sdk,sqlite,nestedFindAll,37,146
sdk,sqlite,nestedFindAll,38,142
sdk,sqlite,nestedFindAll,39,141
sdk,sqlite,nestedFindAll,40,141
sdk,sqlite,nestedFindAll,41,141
sdk,sqlite,nestedFindAll,42,141
sdk,sqlite,nestedFindAll,43,141
sdk,sqlite,nestedFindAll,44,141
sdk,sqlite,nestedFindAll,45,141
sdk,sqlite,nestedFindAll,46,141
sdk,sqlite,nestedFindAll,47,141
sdk,sqlite,nestedFindAll,48,141
sdk,sqlite,nestedFindAll,49,140
sdk,sqlite,nestedFindAll,50,141
sdk,sqlite,nestedFindAll,51,142
sdk,sqlite,nestedFindAll,52,142
sdk,sqlite,nestedFindAll,53,142
sdk,sqlite,nestedFindAll,54,142
sdk,sqlite,nestedFindAll,55,141
sdk,sqlite,nestedFindAll,56,141
sdk,sqlite,nestedFindAll,57,142
sdk,sqlite,nestedFindAll,58,142
sdk,sqlite,nestedFindAll,59,142
sdk,sqlite,nestedFindAll,60,142
sdk,sqlite,nestedFindAll,61,141
sdk,sqlite,nestedFindAll,62,142
sdk,sqlite,nestedFindAll,63,142
sdk,sqlite,nestedFindAll,64,142
sdk,sqlite,nestedFindAll,65,141
sdk,sqlite,nestedFindAll,66,141
sdk,sqlite,nestedFindAll,67,142
sdk,sqlite,nestedFindAll,68,142
sdk,sqlite,nestedFindAll,69,141
sdk,sqlite,nestedFindAll,70,142
sdk,sqlite,nestedFindAll,71,142
sdk,sqlite,nestedFindAll,72,140
sdk,sqlite,nestedFindAll,73,142
sdk,sqlite,nestedFindAll,74,142
sdk,sqlite,nestedFindAll,75,141
sdk,sqlite,nestedFindAll,76,141
sdk,sqlite,nestedFindAll,77,142
sdk,sqlite,nestedFindAll,78,142
sdk,sqlite,nestedFindAll,79,142
sdk,sqlite,nestedFindAll,80,141
sdk,sqlite,nestedFindAll,81,141
sdk,sqlite,nestedFindAll,82,141
sdk,sqlite,nestedFindAll,83,142
sdk,sqlite,nestedFindAll,84,142
sdk,sqlite,nestedFindAll,85,141
sdk,sqlite,nestedFindAll,86,141
sdk,sqlite,nestedFindAll,87,140
sdk,sqlite,nestedFindAll,88,140
sdk,sqlite,nestedFindAll,89,141
sdk,sqlite,nestedFindAll,90,142
sdk,sqlite,nestedFindAll,91,141
sdk,sqlite,nestedFindAll,92,140
sdk,sqlite,nestedFindAll,93,141
sdk,sqlite,nestedFindAll,94,142
sdk,sqlite,nestedFindAll,95,141
sdk,sqlite,nestedFindAll,96,141
sdk,sqlite,nestedFindAll,97,144
sdk,sqlite,nestedFindAll,98,142
sdk,sqlite,nestedFindAll,99,153
sdk,sqlite,nestedFindAll,100,144
sdk,sqlite,nestedFindAll,101,141
sdk,sqlite,nestedFindAll,102,141
sdk,sqlite,nestedFindAll,103,142
sdk,sqlite,nestedFindAll,104,140
sdk,sqlite,nestedFindAll,105,141
sdk,sqlite,nestedFindAll,106,141
sdk,sqlite,nestedFindAll,107,141
sdk,sqlite,nestedFindAll,108,142
sdk,sqlite,nestedFindAll,109,141
sdk,sqlite,nestedFindAll,110,140
sdk,sqlite,nestedFindAll,111,140
sdk,sqlite,nestedFindAll,112,141
sdk,sqlite,nestedFindAll,113,141
sdk,sqlite,nestedFindAll,114,142
sdk,sqlite,nestedFindAll,115,141
sdk,sqlite,nestedFindAll,116,142
sdk,sqlite,nestedFindAll,117,146
sdk,sqlite,nestedFindAll,118,141
sdk,sqlite,nestedFindAll,119,141
sdk,sqlite,nestedFindAll,120,141
sdk,sqlite,nestedFindAll,121,140
sdk,sqlite,nestedFindAll,122,142
sdk,sqlite,nestedFindAll,123,141
sdk,sqlite,nestedFindAll,124,140
sdk,sqlite,nestedFindAll,125,142
sdk,sqlite,nestedFindAll,126,141
sdk,sqlite,nestedFindAll,127,141
sdk,sqlite,nestedFindAll,128,141
sdk,sqlite,nestedFindAll,129,141
sdk,sqlite,nestedFindAll,130,141
sdk,sqlite,nestedFindAll,131,141
sdk,sqlite,nestedFindAll,132,141
sdk,sqlite,nestedFindAll,133,140
sdk,sqlite,nestedFindAll,134,141
sdk,sqlite,nestedFindAll,135,141
sdk,sqlite,nestedFindAll,136,141
sdk,sqlite,nestedFindAll,137,141
sdk,sqlite,nestedFindAll,138,141
sdk,sqlite,nestedFindAll,139,141
sdk,sqlite,nestedFindAll,140,141
sdk,sqlite,nestedFindAll,141,141
sdk,sqlite,nestedFindAll,142,142
sdk,sqlite,nestedFindAll,143,140
sdk,sqlite,nestedFindAll,144,141
sdk,sqlite,nestedFindAll,145,141
sdk,sqlite,nestedFindAll,146,141
sdk,sqlite,nestedFindAll,147,141
sdk,sqlite,nestedFindAll,148,141
sdk,sqlite,nestedFindAll,149,141
sdk,sqlite,nestedFindAll,150,141
sdk,sqlite,nestedFindAll,151,140
sdk,sqlite,nestedFindAll,152,146
sdk,sqlite,nestedFindAll,153,145
sdk,sqlite,nestedFindAll,154,140
sdk,sqlite,nestedFindAll,155,141
sdk,sqlite,nestedFindAll,156,141
sdk,sqlite,nestedFindAll,157,141
sdk,sqlite,nestedFindAll,158,141
sdk,sqlite,nestedFindAll,159,141
sdk,sqlite,nestedFindAll,160,141
sdk,sqlite,nestedFindAll,161,141
sdk,sqlite,nestedFindAll,162,149
sdk,sqlite,nestedFindAll,163,141
sdk,sqlite,nestedFindAll,164,141
sdk,sqlite,nestedFindAll,165,141
sdk,sqlite,nestedFindAll,166,140
sdk,sqlite,nestedFindAll,167,141
sdk,sqlite,nestedFindAll,168,141
sdk,sqlite,nestedFindAll,169,141
sdk,sqlite,nestedFindAll,170,140
sdk,sqlite,nestedFindAll,171,144
sdk,sqlite,nestedFindAll,172,141
sdk,sqlite,nestedFindAll,173,140
sdk,sqlite,nestedFindAll,174,141
sdk,sqlite,nestedFindAll,175,141
sdk,sqlite,nestedFindAll,176,142
sdk,sqlite,nestedFindAll,177,141
sdk,sqlite,nestedFindAll,178,142
sdk,sqlite,nestedFindAll,179,141
sdk,sqlite,nestedFindAll,180,142
sdk,sqlite,nestedFindAll,181,141
sdk,sqlite,nestedFindAll,182,141
sdk,sqlite,nestedFindAll,183,141
sdk,sqlite,nestedFindAll,184,140
sdk,sqlite,nestedFindAll,185,141
sdk,sqlite,nestedFindAll,186,145
sdk,sqlite,nestedFindAll,187,141
sdk,sqlite,nestedFindAll,188,141
sdk,sqlite,nestedFindAll,189,140
sdk,sqlite,nestedFindAll,190,141
sdk,sqlite,nestedFindAll,191,141
sdk,sqlite,nestedFindAll,192,141
sdk,sqlite,nestedFindAll,193,140
sdk,sqlite,nestedFindAll,194,140
sdk,sqlite,nestedFindAll,195,141
sdk,sqlite,nestedFindAll,196,140
sdk,sqlite,nestedFindAll,197,141
sdk,sqlite,nestedFindAll,198,141
sdk,sqlite,nestedFindAll,199,142
sdk,sqlite,nestedFindAll,200,141
sdk,sqlite,nestedFindAll,201,141
sdk,sqlite,nestedFindAll,202,140
sdk,sqlite,nestedFindAll,203,142
sdk,sqlite,nestedFindAll,204,140
sdk,sqlite,nestedFindAll,205,141
sdk,sqlite,nestedFindAll,206,141
sdk,sqlite,nestedFindAll,207,141
sdk,sqlite,nestedFindAll,208,141
sdk,sqlite,nestedFindAll,209,141
sdk,sqlite,nestedFindAll,210,140
sdk,sqlite,nestedFindAll,211,141
sdk,sqlite,nestedFindAll,212,142
sdk,sqlite,nestedFindAll,213,142
sdk,sqlite,nestedFindAll,214,142
sdk,sqlite,nestedFindAll,215,141
sdk,sqlite,nestedFindAll,216,141
sdk,sqlite,nestedFindAll,217,141
sdk,sqlite,nestedFindAll,218,140
sdk,sqlite,nestedFindAll,219,141
sdk,sqlite,nestedFindAll,220,141
sdk,sqlite,nestedFindAll,221,141
sdk,sqlite,nestedFindAll,222,141
sdk,sqlite,nestedFindAll,223,141
sdk,sqlite,nestedFindAll,224,141
sdk,sqlite,nestedFindAll,225,141
sdk,sqlite,nestedFindAll,226,142
sdk,sqlite,nestedFindAll,227,142
sdk,sqlite,nestedFindAll,228,142
sdk,sqlite,nestedFindAll,229,141
sdk,sqlite,nestedFindAll,230,141
sdk,sqlite,nestedFindAll,231,141
sdk,sqlite,nestedFindAll,232,141
sdk,sqlite,nestedFindAll,233,142
sdk,sqlite,nestedFindAll,234,141
sdk,sqlite,nestedFindAll,235,141
sdk,sqlite,nestedFindAll,236,142
sdk,sqlite,nestedFindAll,237,140
sdk,sqlite,nestedFindAll,238,141
sdk,sqlite,nestedFindAll,239,141
sdk,sqlite,nestedFindAll,240,141
sdk,sqlite,nestedFindAll,241,140
sdk,sqlite,nestedFindAll,242,141
sdk,sqlite,nestedFindAll,243,142
sdk,sqlite,nestedFindAll,244,141
sdk,sqlite,nestedFindAll,245,141
sdk,sqlite,nestedFindAll,246,142
sdk,sqlite,nestedFindAll,247,140
sdk,sqlite,nestedFindAll,248,150
sdk,sqlite,nestedFindAll,249,145
sdk,sqlite,nestedFindAll,250,146
sdk,sqlite,nestedFindAll,251,141
sdk,sqlite,nestedFindAll,252,141
sdk,sqlite,nestedFindAll,253,141
sdk,sqlite,nestedFindAll,254,141
sdk,sqlite,nestedFindAll,255,140
sdk,sqlite,nestedFindAll,256,141
sdk,sqlite,nestedFindAll,257,140
sdk,sqlite,nestedFindAll,258,140
sdk,sqlite,nestedFindAll,259,141
sdk,sqlite,nestedFindAll,260,141
sdk,sqlite,nestedFindAll,261,141
sdk,sqlite,nestedFindAll,262,141
sdk,sqlite,nestedFindAll,263,141
sdk,sqlite,nestedFindAll,264,140
sdk,sqlite,nestedFindAll,265,141
sdk,sqlite,nestedFindAll,266,142
sdk,sqlite,nestedFindAll,267,141
sdk,sqlite,nestedFindAll,268,141
sdk,sqlite,nestedFindAll,269,141
sdk,sqlite,nestedFindAll,270,140
sdk,sqlite,nestedFindAll,271,140
sdk,sqlite,nestedFindAll,272,142
sdk,sqlite,nestedFindAll,273,141
sdk,sqlite,nestedFindAll,274,141
sdk,sqlite,nestedFindAll,275,143
sdk,sqlite,nestedFindAll,276,142
sdk,sqlite,nestedFindAll,277,142
sdk,sqlite,nestedFindAll,278,141
sdk,sqlite,nestedFindAll,279,140
sdk,sqlite,nestedFindAll,280,141
sdk,sqlite,nestedFindAll,281,142
sdk,sqlite,nestedFindAll,282,143
sdk,sqlite,nestedFindAll,283,142
sdk,sqlite,nestedFindAll,284,142
sdk,sqlite,nestedFindAll,285,142
sdk,sqlite,nestedFindAll,286,140
sdk,sqlite,nestedFindAll,287,142
sdk,sqlite,nestedFindAll,288,141
sdk,sqlite,nestedFindAll,289,140
sdk,sqlite,nestedFindAll,290,141
sdk,sqlite,nestedFindAll,291,156
sdk,sqlite,nestedFindAll,292,141
sdk,sqlite,nestedFindAll,293,142
sdk,sqlite,nestedFindAll,294,142
sdk,sqlite,nestedFindAll,295,141
sdk,sqlite,nestedFindAll,296,141
sdk,sqlite,nestedFindAll,297,141
sdk,sqlite,nestedFindAll,298,142
sdk,sqlite,nestedFindAll,299,142
sdk,sqlite,nestedFindAll,300,140
sdk,sqlite,nestedFindAll,301,146
sdk,sqlite,nestedFindAll,302,140
sdk,sqlite,nestedFindAll,303,141
sdk,sqlite,nestedFindAll,304,142
sdk,sqlite,nestedFindAll,305,141
sdk,sqlite,nestedFindAll,306,141
sdk,sqlite,nestedFindAll,307,142
sdk,sqlite,nestedFindAll,308,142
sdk,sqlite,nestedFindAll,309,141
sdk,sqlite,nestedFindAll,310,143
sdk,sqlite,nestedFindAll,311,142
sdk,sqlite,nestedFindAll,312,142
sdk,sqlite,nestedFindAll,313,141
sdk,sqlite,nestedFindAll,314,141
sdk,sqlite,nestedFindAll,315,141
sdk,sqlite,nestedFindAll,316,142
sdk,sqlite,nestedFindAll,317,142
sdk,sqlite,nestedFindAll,318,141
sdk,sqlite,nestedFindAll,319,141
sdk,sqlite,nestedFindAll,320,141
sdk,sqlite,nestedFindAll,321,141
sdk,sqlite,nestedFindAll,322,140
sdk,sqlite,nestedFindAll,323,141
sdk,sqlite,nestedFindAll,324,142
sdk,sqlite,nestedFindAll,325,141
sdk,sqlite,nestedFindAll,326,143
sdk,sqlite,nestedFindAll,327,142
sdk,sqlite,nestedFindAll,328,142
sdk,sqlite,nestedFindAll,329,141
sdk,sqlite,nestedFindAll,330,142
sdk,sqlite,nestedFindAll,331,142
sdk,sqlite,nestedFindAll,332,149
sdk,sqlite,nestedFindAll,333,143
sdk,sqlite,nestedFindAll,334,142
sdk,sqlite,nestedFindAll,335,141
sdk,sqlite,nestedFindAll,336,142
sdk,sqlite,nestedFindAll,337,142
sdk,sqlite,nestedFindAll,338,141
sdk,sqlite,nestedFindAll,339,140
sdk,sqlite,nestedFindAll,340,142
sdk,sqlite,nestedFindAll,341,141
sdk,sqlite,nestedFindAll,342,141
sdk,sqlite,nestedFindAll,343,141
sdk,sqlite,nestedFindAll,344,142
sdk,sqlite,nestedFindAll,345,142
sdk,sqlite,nestedFindAll,346,144
sdk,sqlite,nestedFindAll,347,141
sdk,sqlite,nestedFindAll,348,142
sdk,sqlite,nestedFindAll,349,151
sdk,sqlite,nestedFindAll,350,148
sdk,sqlite,nestedFindAll,351,142
sdk,sqlite,nestedFindAll,352,142
sdk,sqlite,nestedFindAll,353,141
sdk,sqlite,nestedFindAll,354,142
sdk,sqlite,nestedFindAll,355,140
sdk,sqlite,nestedFindAll,356,141
sdk,sqlite,nestedFindAll,357,141
sdk,sqlite,nestedFindAll,358,143
sdk,sqlite,nestedFindAll,359,141
sdk,sqlite,nestedFindAll,360,141
sdk,sqlite,nestedFindAll,361,141
sdk,sqlite,nestedFindAll,362,141
sdk,sqlite,nestedFindAll,363,141
sdk,sqlite,nestedFindAll,364,141
sdk,sqlite,nestedFindAll,365,141
sdk,sqlite,nestedFindAll,366,142
sdk,sqlite,nestedFindAll,367,141
sdk,sqlite,nestedFindAll,368,140
sdk,sqlite,nestedFindAll,369,142
sdk,sqlite,nestedFindAll,370,141
sdk,sqlite,nestedFindAll,371,141
sdk,sqlite,nestedFindAll,372,141
sdk,sqlite,nestedFindAll,373,141
sdk,sqlite,nestedFindAll,374,144
sdk,sqlite,nestedFindAll,375,155
sdk,sqlite,nestedFindAll,376,149
sdk,sqlite,nestedFindAll,377,142
sdk,sqlite,nestedFindAll,378,144
sdk,sqlite,nestedFindAll,379,143
sdk,sqlite,nestedFindAll,380,144
sdk,sqlite,nestedFindAll,381,144
sdk,sqlite,nestedFindAll,382,145
sdk,sqlite,nestedFindAll,383,144
sdk,sqlite,nestedFindAll,384,144
sdk,sqlite,nestedFindAll,385,151
sdk,sqlite,nestedFindAll,386,140
sdk,sqlite,nestedFindAll,387,140
sdk,sqlite,nestedFindAll,388,141
sdk,sqlite,nestedFindAll,389,142
sdk,sqlite,nestedFindAll,390,140
sdk,sqlite,nestedFindAll,391,140
sdk,sqlite,nestedFindAll,392,141
sdk,sqlite,nestedFindAll,393,141
sdk,sqlite,nestedFindAll,394,140
sdk,sqlite,nestedFindAll,395,142
sdk,sqlite,nestedFindAll,396,141
sdk,sqlite,nestedFindAll,397,140
sdk,sqlite,nestedFindAll,398,140
sdk,sqlite,nestedFindAll,399,145
sdk,sqlite,nestedFindAll,400,141
sdk,sqlite,nestedFindAll,401,141
sdk,sqlite,nestedFindAll,402,141
sdk,sqlite,nestedFindAll,403,141
sdk,sqlite,nestedFindAll,404,141
sdk,sqlite,nestedFindAll,405,141
sdk,sqlite,nestedFindAll,406,141
sdk,sqlite,nestedFindAll,407,142
sdk,sqlite,nestedFindAll,408,141
sdk,sqlite,nestedFindAll,409,142
sdk,sqlite,nestedFindAll,410,141
sdk,sqlite,nestedFindAll,411,141
sdk,sqlite,nestedFindAll,412,140
sdk,sqlite,nestedFindAll,413,141
sdk,sqlite,nestedFindAll,414,141
sdk,sqlite,nestedFindAll,415,142
sdk,sqlite,nestedFindAll,416,141
sdk,sqlite,nestedFindAll,417,141
sdk,sqlite,nestedFindAll,418,141
sdk,sqlite,nestedFindAll,419,142
sdk,sqlite,nestedFindAll,420,141
sdk,sqlite,nestedFindAll,421,151
sdk,sqlite,nestedFindAll,422,141
sdk,sqlite,nestedFindAll,423,141
sdk,sqlite,nestedFindAll,424,140
sdk,sqlite,nestedFindAll,425,141
sdk,sqlite,nestedFindAll,426,141
sdk,sqlite,nestedFindAll,427,142
sdk,sqlite,nestedFindAll,428,140
sdk,sqlite,nestedFindAll,429,141
sdk,sqlite,nestedFindAll,430,141
sdk,sqlite,nestedFindAll,431,140
sdk,sqlite,nestedFindAll,432,147
sdk,sqlite,nestedFindAll,433,142
sdk,sqlite,nestedFindAll,434,141
sdk,sqlite,nestedFindAll,435,141
sdk,sqlite,nestedFindAll,436,141
sdk,sqlite,nestedFindAll,437,141
sdk,sqlite,nestedFindAll,438,142
sdk,sqlite,nestedFindAll,439,141
sdk,sqlite,nestedFindAll,440,145
sdk,sqlite,nestedFindAll,441,141
sdk,sqlite,nestedFindAll,442,141
sdk,sqlite,nestedFindAll,443,141
sdk,sqlite,nestedFindAll,444,142
sdk,sqlite,nestedFindAll,445,141
sdk,sqlite,nestedFindAll,446,140
sdk,sqlite,nestedFindAll,447,141
sdk,sqlite,nestedFindAll,448,142
sdk,sqlite,nestedFindAll,449,141
sdk,sqlite,nestedFindAll,450,141
sdk,sqlite,nestedFindAll,451,141
sdk,sqlite,nestedFindAll,452,140
sdk,sqlite,nestedFindAll,453,141
sdk,sqlite,nestedFindAll,454,141
sdk,sqlite,nestedFindAll,455,140
sdk,sqlite,nestedFindAll,456,141
sdk,sqlite,nestedFindAll,457,141
sdk,sqlite,nestedFindAll,458,141
sdk,sqlite,nestedFindAll,459,141
sdk,sqlite,nestedFindAll,460,142
sdk,sqlite,nestedFindAll,461,142
sdk,sqlite,nestedFindAll,462,140
sdk,sqlite,nestedFindAll,463,140
sdk,sqlite,nestedFindAll,464,141
sdk,sqlite,nestedFindAll,465,141
sdk,sqlite,nestedFindAll,466,141
sdk,sqlite,nestedFindAll,467,140
sdk,sqlite,nestedFindAll,468,141
sdk,sqlite,nestedFindAll,469,141
sdk,sqlite,nestedFindAll,470,141
sdk,sqlite,nestedFindAll,471,141
sdk,sqlite,nestedFindAll,472,142
sdk,sqlite,nestedFindAll,473,143
sdk,sqlite,nestedFindAll,474,142
sdk,sqlite,nestedFindAll,475,141
sdk,sqlite,nestedFindAll,476,140
sdk,sqlite,nestedFindAll,477,141
sdk,sqlite,nestedFindAll,478,148
sdk,sqlite,nestedFindAll,479,144
sdk,sqlite,nestedFindAll,480,145
sdk,sqlite,nestedFindAll,481,149
sdk,sqlite,nestedFindAll,482,143
sdk,sqlite,nestedFindAll,483,148
sdk,sqlite,nestedFindAll,484,144
sdk,sqlite,nestedFindAll,485,143
sdk,sqlite,nestedFindAll,486,168
sdk,sqlite,nestedFindAll,487,202
sdk,sqlite,nestedFindAll,488,143
sdk,sqlite,nestedFindAll,489,157
sdk,sqlite,nestedFindAll,490,149
sdk,sqlite,nestedFindAll,491,141
sdk,sqlite,nestedFindAll,492,140
sdk,sqlite,nestedFindAll,493,139
sdk,sqlite,nestedFindAll,494,145
sdk,sqlite,nestedFindAll,495,138
sdk,sqlite,nestedFindAll,496,137
sdk,sqlite,nestedFindAll,497,136
sdk,sqlite,nestedFindAll,498,138
sdk,sqlite,nestedFindAll,499,137
sdk,sqlite,nestedFindAll,500,139
sdk,sqlite,nestedFindAll,501,144
sdk,sqlite,nestedFindAll,502,142
sdk,sqlite,nestedFindAll,503,143
sdk,sqlite,nestedFindAll,504,150
sdk,sqlite,nestedFindAll,505,154
sdk,sqlite,nestedFindAll,506,141
sdk,sqlite,nestedFindAll,507,142
sdk,sqlite,nestedFindAll,508,139
sdk,sqlite,nestedFindAll,509,138
sdk,sqlite,nestedFindAll,510,146
sdk,sqlite,nestedFindAll,511,145
sdk,sqlite,nestedFindAll,512,143
sdk,sqlite,nestedFindAll,513,142
sdk,sqlite,nestedFindAll,514,142
sdk,sqlite,nestedFindAll,515,141
sdk,sqlite,nestedFindAll,516,143
sdk,sqlite,nestedFindAll,517,144
sdk,sqlite,nestedFindAll,518,142
sdk,sqlite,nestedFindAll,519,138
sdk,sqlite,nestedFindAll,520,149
sdk,sqlite,nestedFindAll,521,140
sdk,sqlite,nestedFindAll,522,138
sdk,sqlite,nestedFindAll,523,139
sdk,sqlite,nestedFindAll,524,139
sdk,sqlite,nestedFindAll,525,139
sdk,sqlite,nestedFindAll,526,139
sdk,sqlite,nestedFindAll,527,141
sdk,sqlite,nestedFindAll,528,142
sdk,sqlite,nestedFindAll,529,140
sdk,sqlite,nestedFindAll,530,141
sdk,sqlite,nestedFindAll,531,142
sdk,sqlite,nestedFindAll,532,140
sdk,sqlite,nestedFindAll,533,141
sdk,sqlite,nestedFindAll,534,140
sdk,sqlite,nestedFindAll,535,140
sdk,sqlite,nestedFindAll,536,139
sdk,sqlite,nestedFindAll,537,140
sdk,sqlite,nestedFindAll,538,139
sdk,sqlite,nestedFindAll,539,139
sdk,sqlite,nestedFindAll,540,140
sdk,sqlite,nestedFindAll,541,139
sdk,sqlite,nestedFindAll,542,138
sdk,sqlite,nestedFindAll,543,138
sdk,sqlite,nestedFindAll,544,138
sdk,sqlite,nestedFindAll,545,139
sdk,sqlite,nestedFindAll,546,143
sdk,sqlite,nestedFindAll,547,142
sdk,sqlite,nestedFindAll,548,140
sdk,sqlite,nestedFindAll,549,140
sdk,sqlite,nestedFindAll,550,140
sdk,sqlite,nestedFindAll,551,140
sdk,sqlite,nestedFindAll,552,141
sdk,sqlite,nestedFindAll,553,142
sdk,sqlite,nestedFindAll,554,140
sdk,sqlite,nestedFindAll,555,146
sdk,sqlite,nestedFindAll,556,141
sdk,sqlite,nestedFindAll,557,141
sdk,sqlite,nestedFindAll,558,141
sdk,sqlite,nestedFindAll,559,146
sdk,sqlite,nestedFindAll,560,144
sdk,sqlite,nestedFindAll,561,145
sdk,sqlite,nestedFindAll,562,140
sdk,sqlite,nestedFindAll,563,140
sdk,sqlite,nestedFindAll,564,157
sdk,sqlite,nestedFindAll,565,154
sdk,sqlite,nestedFindAll,566,144
sdk,sqlite,nestedFindAll,567,140
sdk,sqlite,nestedFindAll,568,137
sdk,sqlite,nestedFindAll,569,137
sdk,sqlite,nestedFindAll,570,138
sdk,sqlite,nestedFindAll,571,141
sdk,sqlite,nestedFindAll,572,136
sdk,sqlite,nestedFindAll,573,137
sdk,sqlite,nestedFindAll,574,137
sdk,sqlite,nestedFindAll,575,137
sdk,sqlite,nestedFindAll,576,137
sdk,sqlite,nestedFindAll,577,136
sdk,sqlite,nestedFindAll,578,137
sdk,sqlite,nestedFindAll,579,138
sdk,sqlite,nestedFindAll,580,140
sdk,sqlite,nestedFindAll,581,136
sdk,sqlite,nestedFindAll,582,138
sdk,sqlite,nestedFindAll,583,138
sdk,sqlite,nestedFindAll,584,138
sdk,sqlite,nestedFindAll,585,137
sdk,sqlite,nestedFindAll,586,136
sdk,sqlite,nestedFindAll,587,136
sdk,sqlite,nestedFindAll,588,137
sdk,sqlite,nestedFindAll,589,138
sdk,sqlite,nestedFindAll,590,137
sdk,sqlite,nestedFindAll,591,138
sdk,sqlite,nestedFindAll,592,143
sdk,sqlite,nestedFindAll,593,138
sdk,sqlite,nestedFindAll,594,137
sdk,sqlite,nestedFindAll,595,136
sdk,sqlite,nestedFindAll,596,135
sdk,sqlite,nestedFindAll,597,135
sdk,sqlite,nestedFindAll,598,135
sdk,sqlite,nestedFindAll,599,143
sdk,sqlite,nestedFindAll,600,141
sdk,sqlite,nestedFindAll,601,147
sdk,sqlite,nestedFindAll,602,148
sdk,sqlite,nestedFindAll,603,143
sdk,sqlite,nestedFindAll,604,138
sdk,sqlite,nestedFindAll,605,143
sdk,sqlite,nestedFindAll,606,143
sdk,sqlite,nestedFindAll,607,143
sdk,sqlite,nestedFindAll,608,144
sdk,sqlite,nestedFindAll,609,142
sdk,sqlite,nestedFindAll,610,145
sdk,sqlite,nestedFindAll,611,144
sdk,sqlite,nestedFindAll,612,143
sdk,sqlite,nestedFindAll,613,142
sdk,sqlite,nestedFindAll,614,142
sdk,sqlite,nestedFindAll,615,140
sdk,sqlite,nestedFindAll,616,149
sdk,sqlite,nestedFindAll,617,243
sdk,sqlite,nestedFindAll,618,178
sdk,sqlite,nestedFindAll,619,149
sdk,sqlite,nestedFindAll,620,252
sdk,sqlite,nestedFindAll,621,153
sdk,sqlite,nestedFindAll,622,147
sdk,sqlite,nestedFindAll,623,146
sdk,sqlite,nestedFindAll,624,148
sdk,sqlite,nestedFindAll,625,232
sdk,sqlite,nestedFindAll,626,185
sdk,sqlite,nestedFindAll,627,156
sdk,sqlite,nestedFindAll,628,154
sdk,sqlite,nestedFindAll,629,160
sdk,sqlite,nestedFindAll,630,187
sdk,sqlite,nestedFindAll,631,152
sdk,sqlite,nestedFindAll,632,154
sdk,sqlite,nestedFindAll,633,151
sdk,sqlite,nestedFindAll,634,144
sdk,sqlite,nestedFindAll,635,153
sdk,sqlite,nestedFindAll,636,150
sdk,sqlite,nestedFindAll,637,143
sdk,sqlite,nestedFindAll,638,151
sdk,sqlite,nestedFindAll,639,157
sdk,sqlite,nestedFindAll,640,144
sdk,sqlite,nestedFindAll,641,144
sdk,sqlite,nestedFindAll,642,145
sdk,sqlite,nestedFindAll,643,144
sdk,sqlite,nestedFindAll,644,144
sdk,sqlite,nestedFindAll,645,143
sdk,sqlite,nestedFindAll,646,142
sdk,sqlite,nestedFindAll,647,142
sdk,sqlite,nestedFindAll,648,161
sdk,sqlite,nestedFindAll,649,154
sdk,sqlite,nestedFindAll,650,146
sdk,sqlite,nestedFindAll,651,144
sdk,sqlite,nestedFindAll,652,142
sdk,sqlite,nestedFindAll,653,141
sdk,sqlite,nestedFindAll,654,181
sdk,sqlite,nestedFindAll,655,308
sdk,sqlite,nestedFindAll,656,151
sdk,sqlite,nestedFindAll,657,145
sdk,sqlite,nestedFindAll,658,143
sdk,sqlite,nestedFindAll,659,143
sdk,sqlite,nestedFindAll,660,147
sdk,sqlite,nestedFindAll,661,152
sdk,sqlite,nestedFindAll,662,147
sdk,sqlite,nestedFindAll,663,145
sdk,sqlite,nestedFindAll,664,145
sdk,sqlite,nestedFindAll,665,144
sdk,sqlite,nestedFindAll,666,145
sdk,sqlite,nestedFindAll,667,144
sdk,sqlite,nestedFindAll,668,144
sdk,sqlite,nestedFindAll,669,146
sdk,sqlite,nestedFindAll,670,145
sdk,sqlite,nestedFindAll,671,144
sdk,sqlite,nestedFindAll,672,144
sdk,sqlite,nestedFindAll,673,144
sdk,sqlite,nestedFindAll,674,145
sdk,sqlite,nestedFindAll,675,144
sdk,sqlite,nestedFindAll,676,147
sdk,sqlite,nestedFindAll,677,142
sdk,sqlite,nestedFindAll,678,148
sdk,sqlite,nestedFindAll,679,148
sdk,sqlite,nestedFindAll,680,144
sdk,sqlite,nestedFindAll,681,155
sdk,sqlite,nestedFindAll,682,145
sdk,sqlite,nestedFindAll,683,141
sdk,sqlite,nestedFindAll,684,143
sdk,sqlite,nestedFindAll,685,142
sdk,sqlite,nestedFindAll,686,143
sdk,sqlite,nestedFindAll,687,142
sdk,sqlite,nestedFindAll,688,146
sdk,sqlite,nestedFindAll,689,144
sdk,sqlite,nestedFindAll,690,142
sdk,sqlite,nestedFindAll,691,142
sdk,sqlite,nestedFindAll,692,142
sdk,sqlite,nestedFindAll,693,154
sdk,sqlite,nestedFindAll,694,148
sdk,sqlite,nestedFindAll,695,143
sdk,sqlite,nestedFindAll,696,145
sdk,sqlite,nestedFindAll,697,143
sdk,sqlite,nestedFindAll,698,142
sdk,sqlite,nestedFindAll,699,146
sdk,sqlite,nestedFindAll,700,139
sdk,sqlite,nestedFindAll,701,157
sdk,sqlite,nestedFindAll,702,145
sdk,sqlite,nestedFindAll,703,147
sdk,sqlite,nestedFindAll,704,147
sdk,sqlite,nestedFindAll,705,144
sdk,sqlite,nestedFindAll,706,145
sdk,sqlite,nestedFindAll,707,148
sdk,sqlite,nestedFindAll,708,144
sdk,sqlite,nestedFindAll,709,149
sdk,sqlite,nestedFindAll,710,146
sdk,sqlite,nestedFindAll,711,145
sdk,sqlite,nestedFindAll,712,144
sdk,sqlite,nestedFindAll,713,147
sdk,sqlite,nestedFindAll,714,148
sdk,sqlite,nestedFindAll,715,149
sdk,sqlite,nestedFindAll,716,145
sdk,sqlite,nestedFindAll,717,144
sdk,sqlite,nestedFindAll,718,143
sdk,sqlite,nestedFindAll,719,186
sdk,sqlite,nestedFindAll,720,162
sdk,sqlite,nestedFindAll,721,148
sdk,sqlite,nestedFindAll,722,147
sdk,sqlite,nestedFindAll,723,146
sdk,sqlite,nestedFindAll,724,145
sdk,sqlite,nestedFindAll,725,149
sdk,sqlite,nestedFindAll,726,145
sdk,sqlite,nestedFindAll,727,148
sdk,sqlite,nestedFindAll,728,157
sdk,sqlite,nestedFindAll,729,156
sdk,sqlite,nestedFindAll,730,150
sdk,sqlite,nestedFindAll,731,146
sdk,sqlite,nestedFindAll,732,144
sdk,sqlite,nestedFindAll,733,143
sdk,sqlite,nestedFindAll,734,203
sdk,sqlite,nestedFindAll,735,155
sdk,sqlite,nestedFindAll,736,150
sdk,sqlite,nestedFindAll,737,148
sdk,sqlite,nestedFindAll,738,215
sdk,sqlite,nestedFindAll,739,148
sdk,sqlite,nestedFindAll,740,145
sdk,sqlite,nestedFindAll,741,144
sdk,sqlite,nestedFindAll,742,143
sdk,sqlite,nestedFindAll,743,145
sdk,sqlite,nestedFindAll,744,144
sdk,sqlite,nestedFindAll,745,143
sdk,sqlite,nestedFindAll,746,144
sdk,sqlite,nestedFindAll,747,148
sdk,sqlite,nestedFindAll,748,150
sdk,sqlite,nestedFindAll,749,206
sdk,sqlite,nestedFindAll,750,208
sdk,sqlite,nestedFindAll,751,189
sdk,sqlite,nestedFindAll,752,161
sdk,sqlite,nestedFindAll,753,150
sdk,sqlite,nestedFindAll,754,145
sdk,sqlite,nestedFindAll,755,145
sdk,sqlite,nestedFindAll,756,150
sdk,sqlite,nestedFindAll,757,148
sdk,sqlite,nestedFindAll,758,148
sdk,sqlite,nestedFindAll,759,148
sdk,sqlite,nestedFindAll,760,149
sdk,sqlite,nestedFindAll,761,147
sdk,sqlite,nestedFindAll,762,147
sdk,sqlite,nestedFindAll,763,147
sdk,sqlite,nestedFindAll,764,160
sdk,sqlite,nestedFindAll,765,149
sdk,sqlite,nestedFindAll,766,145
sdk,sqlite,nestedFindAll,767,144
sdk,sqlite,nestedFindAll,768,141
sdk,sqlite,nestedFindAll,769,141
sdk,sqlite,nestedFindAll,770,142
sdk,sqlite,nestedFindAll,771,142
sdk,sqlite,nestedFindAll,772,144
sdk,sqlite,nestedFindAll,773,145
sdk,sqlite,nestedFindAll,774,143
sdk,sqlite,nestedFindAll,775,145
sdk,sqlite,nestedFindAll,776,148
sdk,sqlite,nestedFindAll,777,147
sdk,sqlite,nestedFindAll,778,145
sdk,sqlite,nestedFindAll,779,145
sdk,sqlite,nestedFindAll,780,144
sdk,sqlite,nestedFindAll,781,143
sdk,sqlite,nestedFindAll,782,144
sdk,sqlite,nestedFindAll,783,145
sdk,sqlite,nestedFindAll,784,144
sdk,sqlite,nestedFindAll,785,144
sdk,sqlite,nestedFindAll,786,144
sdk,sqlite,nestedFindAll,787,144
sdk,sqlite,nestedFindAll,788,145
sdk,sqlite,nestedFindAll,789,148
sdk,sqlite,nestedFindAll,790,150
sdk,sqlite,nestedFindAll,791,147
sdk,sqlite,nestedFindAll,792,143
sdk,sqlite,nestedFindAll,793,144
sdk,sqlite,nestedFindAll,794,144
sdk,sqlite,nestedFindAll,795,143
sdk,sqlite,nestedFindAll,796,145
sdk,sqlite,nestedFindAll,797,159
sdk,sqlite,nestedFindAll,798,143
sdk,sqlite,nestedFindAll,799,142
sdk,sqlite,nestedFindAll,800,141
sdk,sqlite,nestedFindAll,801,147
sdk,sqlite,nestedFindAll,802,142
sdk,sqlite,nestedFindAll,803,142
sdk,sqlite,nestedFindAll,804,143
sdk,sqlite,nestedFindAll,805,139
sdk,sqlite,nestedFindAll,806,150
sdk,sqlite,nestedFindAll,807,370
sdk,sqlite,nestedFindAll,808,168
sdk,sqlite,nestedFindAll,809,147
sdk,sqlite,nestedFindAll,810,144
sdk,sqlite,nestedFindAll,811,149
sdk,sqlite,nestedFindAll,812,154
sdk,sqlite,nestedFindAll,813,148
sdk,sqlite,nestedFindAll,814,149
sdk,sqlite,nestedFindAll,815,143
sdk,sqlite,nestedFindAll,816,147
sdk,sqlite,nestedFindAll,817,147
sdk,sqlite,nestedFindAll,818,190
sdk,sqlite,nestedFindAll,819,153
sdk,sqlite,nestedFindAll,820,161
sdk,sqlite,nestedFindAll,821,159
sdk,sqlite,nestedFindAll,822,161
sdk,sqlite,nestedFindAll,823,146
sdk,sqlite,nestedFindAll,824,149
sdk,sqlite,nestedFindAll,825,199
sdk,sqlite,nestedFindAll,826,170
sdk,sqlite,nestedFindAll,827,215
sdk,sqlite,nestedFindAll,828,156
sdk,sqlite,nestedFindAll,829,147
sdk,sqlite,nestedFindAll,830,188
sdk,sqlite,nestedFindAll,831,155
sdk,sqlite,nestedFindAll,832,144
sdk,sqlite,nestedFindAll,833,142
sdk,sqlite,nestedFindAll,834,144
sdk,sqlite,nestedFindAll,835,144
sdk,sqlite,nestedFindAll,836,143
sdk,sqlite,nestedFindAll,837,143
sdk,sqlite,nestedFindAll,838,143
sdk,sqlite,nestedFindAll,839,142
sdk,sqlite,nestedFindAll,840,141
sdk,sqlite,nestedFindAll,841,145
sdk,sqlite,nestedFindAll,842,145
sdk,sqlite,nestedFindAll,843,159
sdk,sqlite,nestedFindAll,844,162
sdk,sqlite,nestedFindAll,845,144
sdk,sqlite,nestedFindAll,846,149
sdk,sqlite,nestedFindAll,847,151
sdk,sqlite,nestedFindAll,848,150
sdk,sqlite,nestedFindAll,849,143
sdk,sqlite,nestedFindAll,850,154
sdk,sqlite,nestedFindAll,851,149
sdk,sqlite,nestedFindAll,852,143
sdk,sqlite,nestedFindAll,853,145
sdk,sqlite,nestedFindAll,854,213
sdk,sqlite,nestedFindAll,855,161
sdk,sqlite,nestedFindAll,856,161
sdk,sqlite,nestedFindAll,857,152
sdk,sqlite,nestedFindAll,858,180
sdk,sqlite,nestedFindAll,859,146
sdk,sqlite,nestedFindAll,860,150
sdk,sqlite,nestedFindAll,861,146
sdk,sqlite,nestedFindAll,862,140
sdk,sqlite,nestedFindAll,863,138
sdk,sqlite,nestedFindAll,864,139
sdk,sqlite,nestedFindAll,865,137
sdk,sqlite,nestedFindAll,866,137
sdk,sqlite,nestedFindAll,867,137
sdk,sqlite,nestedFindAll,868,136
sdk,sqlite,nestedFindAll,869,136
sdk,sqlite,nestedFindAll,870,136
sdk,sqlite,nestedFindAll,871,136
sdk,sqlite,nestedFindAll,872,135
sdk,sqlite,nestedFindAll,873,136
sdk,sqlite,nestedFindAll,874,135
sdk,sqlite,nestedFindAll,875,135
sdk,sqlite,nestedFindAll,876,135
sdk,sqlite,nestedFindAll,877,135
sdk,sqlite,nestedFindAll,878,146
sdk,sqlite,nestedFindAll,879,145
sdk,sqlite,nestedFindAll,880,137
sdk,sqlite,nestedFindAll,881,136
sdk,sqlite,nestedFindAll,882,142
sdk,sqlite,nestedFindAll,883,179
sdk,sqlite,nestedFindAll,884,158
sdk,sqlite,nestedFindAll,885,153
sdk,sqlite,nestedFindAll,886,151
sdk,sqlite,nestedFindAll,887,148
sdk,sqlite,nestedFindAll,888,150
sdk,sqlite,nestedFindAll,889,140
sdk,sqlite,nestedFindAll,890,146
sdk,sqlite,nestedFindAll,891,169
sdk,sqlite,nestedFindAll,892,157
sdk,sqlite,nestedFindAll,893,145
sdk,sqlite,nestedFindAll,894,137
sdk,sqlite,nestedFindAll,895,136
sdk,sqlite,nestedFindAll,896,136
sdk,sqlite,nestedFindAll,897,136
sdk,sqlite,nestedFindAll,898,135
sdk,sqlite,nestedFindAll,899,135
sdk,sqlite,nestedFindAll,900,139
sdk,sqlite,nestedFindAll,901,137
sdk,sqlite,nestedFindAll,902,135
sdk,sqlite,nestedFindAll,903,136
sdk,sqlite,nestedFindAll,904,140
sdk,sqlite,nestedFindAll,905,140
sdk,sqlite,nestedFindAll,906,136
sdk,sqlite,nestedFindAll,907,136
sdk,sqlite,nestedFindAll,908,136
sdk,sqlite,nestedFindAll,909,136
sdk,sqlite,nestedFindAll,910,137
sdk,sqlite,nestedFindAll,911,136
sdk,sqlite,nestedFindAll,912,136
sdk,sqlite,nestedFindAll,913,150
sdk,sqlite,nestedFindAll,914,136
sdk,sqlite,nestedFindAll,915,135
sdk,sqlite,nestedFindAll,916,135
sdk,sqlite,nestedFindAll,917,135
sdk,sqlite,nestedFindAll,918,135
sdk,sqlite,nestedFindAll,919,135
sdk,sqlite,nestedFindAll,920,136
sdk,sqlite,nestedFindAll,921,138
sdk,sqlite,nestedFindAll,922,135
sdk,sqlite,nestedFindAll,923,135
sdk,sqlite,nestedFindAll,924,135
sdk,sqlite,nestedFindAll,925,140
sdk,sqlite,nestedFindAll,926,140
sdk,sqlite,nestedFindAll,927,136
sdk,sqlite,nestedFindAll,928,135
sdk,sqlite,nestedFindAll,929,135
sdk,sqlite,nestedFindAll,930,135
sdk,sqlite,nestedFindAll,931,150
sdk,sqlite,nestedFindAll,932,135
sdk,sqlite,nestedFindAll,933,135
sdk,sqlite,nestedFindAll,934,135
sdk,sqlite,nestedFindAll,935,135
sdk,sqlite,nestedFindAll,936,136
sdk,sqlite,nestedFindAll,937,135
sdk,sqlite,nestedFindAll,938,135
sdk,sqlite,nestedFindAll,939,135
sdk,sqlite,nestedFindAll,940,135
sdk,sqlite,nestedFindAll,941,135
sdk,sqlite,nestedFindAll,942,135
sdk,sqlite,nestedFindAll,943,135
sdk,sqlite,nestedFindAll,944,138
sdk,sqlite,nestedFindAll,945,135
sdk,sqlite,nestedFindAll,946,135
sdk,sqlite,nestedFindAll,947,135
sdk,sqlite,nestedFindAll,948,136
sdk,sqlite,nestedFindAll,949,136
sdk,sqlite,nestedFindAll,950,135
sdk,sqlite,nestedFindAll,951,135
sdk,sqlite,nestedFindAll,952,154
sdk,sqlite,nestedFindAll,953,162
sdk,sqlite,nestedFindAll,954,144
sdk,sqlite,nestedFindAll,955,150
sdk,sqlite,nestedFindAll,956,160
sdk,sqlite,nestedFindAll,957,142
sdk,sqlite,nestedFindAll,958,141
sdk,sqlite,nestedFindAll,959,141
sdk,sqlite,nestedFindAll,960,139
sdk,sqlite,nestedFindAll,961,139
sdk,sqlite,nestedFindAll,962,139
sdk,sqlite,nestedFindAll,963,141
sdk,sqlite,nestedFindAll,964,145
sdk,sqlite,nestedFindAll,965,140
sdk,sqlite,nestedFindAll,966,139
sdk,sqlite,nestedFindAll,967,139
sdk,sqlite,nestedFindAll,968,141
sdk,sqlite,nestedFindAll,969,139
sdk,sqlite,nestedFindAll,970,139
sdk,sqlite,nestedFindAll,971,139
sdk,sqlite,nestedFindAll,972,139
sdk,sqlite,nestedFindAll,973,144
sdk,sqlite,nestedFindAll,974,139
sdk,sqlite,nestedFindAll,975,139
sdk,sqlite,nestedFindAll,976,139
sdk,sqlite,nestedFindAll,977,139
sdk,sqlite,nestedFindAll,978,145
sdk,sqlite,nestedFindAll,979,139
sdk,sqlite,nestedFindAll,980,139
sdk,sqlite,nestedFindAll,981,140
sdk,sqlite,nestedFindAll,982,139
sdk,sqlite,nestedFindAll,983,140
sdk,sqlite,nestedFindAll,984,140
sdk,sqlite,nestedFindAll,985,139
sdk,sqlite,nestedFindAll,986,143
sdk,sqlite,nestedFindAll,987,143
sdk,sqlite,nestedFindAll,988,139
sdk,sqlite,nestedFindAll,989,139
sdk,sqlite,nestedFindAll,990,139
sdk,sqlite,nestedFindAll,991,139
sdk,sqlite,nestedFindAll,992,139
sdk,sqlite,nestedFindAll,993,143
sdk,sqlite,nestedFindAll,994,139
sdk,sqlite,nestedFindAll,995,138
sdk,sqlite,nestedFindAll,996,139
sdk,sqlite,nestedFindAll,997,139
sdk,sqlite,nestedFindAll,998,143
sdk,sqlite,nestedFindAll,999,139
sdk,sqlite,nestedFindFirst,0,18
sdk,sqlite,nestedFindFirst,1,23
sdk,sqlite,nestedFindFirst,2,24
sdk,sqlite,nestedFindFirst,3,24
sdk,sqlite,nestedFindFirst,4,20
sdk,sqlite,nestedFindFirst,5,23
sdk,sqlite,nestedFindFirst,6,24
sdk,sqlite,nestedFindFirst,7,20
sdk,sqlite,nestedFindFirst,8,24
sdk,sqlite,nestedFindFirst,9,23
sdk,sqlite,nestedFindFirst,10,20
sdk,sqlite,nestedFindFirst,11,24
sdk,sqlite,nestedFindFirst,12,23
sdk,sqlite,nestedFindFirst,13,20
sdk,sqlite,nestedFindFirst,14,23
sdk,sqlite,nestedFindFirst,15,23
sdk,sqlite,nestedFindFirst,16,20
sdk,sqlite,nestedFindFirst,17,24
sdk,sqlite,nestedFindFirst,18,23
sdk,sqlite,nestedFindFirst,19,20
sdk,sqlite,nestedFindFirst,20,23
sdk,sqlite,nestedFindFirst,21,23
sdk,sqlite,nestedFindFirst,22,20
sdk,sqlite,nestedFindFirst,23,24
sdk,sqlite,nestedFindFirst,24,24
sdk,sqlite,nestedFindFirst,25,21
sdk,sqlite,nestedFindFirst,26,24
sdk,sqlite,nestedFindFirst,27,24
sdk,sqlite,nestedFindFirst,28,20
sdk,sqlite,nestedFindFirst,29,24
sdk,sqlite,nestedFindFirst,30,24
sdk,sqlite,nestedFindFirst,31,20
sdk,sqlite,nestedFindFirst,32,24
sdk,sqlite,nestedFindFirst,33,24
sdk,sqlite,nestedFindFirst,34,20
sdk,sqlite,nestedFindFirst,35,24
sdk,sqlite,nestedFindFirst,36,23
sdk,sqlite,nestedFindFirst,37,20
sdk,sqlite,nestedFindFirst,38,23
sdk,sqlite,nestedFindFirst,39,23
sdk,sqlite,nestedFindFirst,40,20
sdk,sqlite,nestedFindFirst,41,23
sdk,sqlite,nestedFindFirst,42,23
sdk,sqlite,nestedFindFirst,43,20
sdk,sqlite,nestedFindFirst,44,23
sdk,sqlite,nestedFindFirst,45,23
sdk,sqlite,nestedFindFirst,46,20
sdk,sqlite,nestedFindFirst,47,23
sdk,sqlite,nestedFindFirst,48,23
sdk,sqlite,nestedFindFirst,49,20
sdk,sqlite,nestedFindFirst,50,23
sdk,sqlite,nestedFindFirst,51,24
sdk,sqlite,nestedFindFirst,52,23
sdk,sqlite,nestedFindFirst,53,26
sdk,sqlite,nestedFindFirst,54,25
sdk,sqlite,nestedFindFirst,55,20
sdk,sqlite,nestedFindFirst,56,25
sdk,sqlite,nestedFindFirst,57,25
sdk,sqlite,nestedFindFirst,58,20
sdk,sqlite,nestedFindFirst,59,25
sdk,sqlite,nestedFindFirst,60,21
sdk,sqlite,nestedFindFirst,61,25
sdk,sqlite,nestedFindFirst,62,35
sdk,sqlite,nestedFindFirst,63,42
sdk,sqlite,nestedFindFirst,64,26
sdk,sqlite,nestedFindFirst,65,23
sdk,sqlite,nestedFindFirst,66,22
sdk,sqlite,nestedFindFirst,67,22
sdk,sqlite,nestedFindFirst,68,22
sdk,sqlite,nestedFindFirst,69,21
sdk,sqlite,nestedFindFirst,70,25
sdk,sqlite,nestedFindFirst,71,23
sdk,sqlite,nestedFindFirst,72,26
sdk,sqlite,nestedFindFirst,73,26
sdk,sqlite,nestedFindFirst,74,21
sdk,sqlite,nestedFindFirst,75,25
sdk,sqlite,nestedFindFirst,76,26
sdk,sqlite,nestedFindFirst,77,22
sdk,sqlite,nestedFindFirst,78,26
sdk,sqlite,nestedFindFirst,79,21
sdk,sqlite,nestedFindFirst,80,26
sdk,sqlite,nestedFindFirst,81,26
sdk,sqlite,nestedFindFirst,82,21
sdk,sqlite,nestedFindFirst,83,25
sdk,sqlite,nestedFindFirst,84,26
sdk,sqlite,nestedFindFirst,85,26
sdk,sqlite,nestedFindFirst,86,22
sdk,sqlite,nestedFindFirst,87,26
sdk,sqlite,nestedFindFirst,88,26
sdk,sqlite,nestedFindFirst,89,21
sdk,sqlite,nestedFindFirst,90,26
sdk,sqlite,nestedFindFirst,91,21
sdk,sqlite,nestedFindFirst,92,26
sdk,sqlite,nestedFindFirst,93,25
sdk,sqlite,nestedFindFirst,94,21
sdk,sqlite,nestedFindFirst,95,25
sdk,sqlite,nestedFindFirst,96,25
sdk,sqlite,nestedFindFirst,97,25
sdk,sqlite,nestedFindFirst,98,21
sdk,sqlite,nestedFindFirst,99,25
sdk,sqlite,nestedFindFirst,100,20
sdk,sqlite,nestedFindFirst,101,25
sdk,sqlite,nestedFindFirst,102,25
sdk,sqlite,nestedFindFirst,103,21
sdk,sqlite,nestedFindFirst,104,25
sdk,sqlite,nestedFindFirst,105,23
sdk,sqlite,nestedFindFirst,106,20
sdk,sqlite,nestedFindFirst,107,23
sdk,sqlite,nestedFindFirst,108,23
sdk,sqlite,nestedFindFirst,109,23
sdk,sqlite,nestedFindFirst,110,21
sdk,sqlite,nestedFindFirst,111,23
sdk,sqlite,nestedFindFirst,112,23
sdk,sqlite,nestedFindFirst,113,20
sdk,sqlite,nestedFindFirst,114,24
sdk,sqlite,nestedFindFirst,115,24
sdk,sqlite,nestedFindFirst,116,20
sdk,sqlite,nestedFindFirst,117,24
sdk,sqlite,nestedFindFirst,118,20
sdk,sqlite,nestedFindFirst,119,24
sdk,sqlite,nestedFindFirst,120,20
sdk,sqlite,nestedFindFirst,121,24
sdk,sqlite,nestedFindFirst,122,25
sdk,sqlite,nestedFindFirst,123,21
sdk,sqlite,nestedFindFirst,124,25
sdk,sqlite,nestedFindFirst,125,20
sdk,sqlite,nestedFindFirst,126,25
sdk,sqlite,nestedFindFirst,127,24
sdk,sqlite,nestedFindFirst,128,21
sdk,sqlite,nestedFindFirst,129,19
sdk,sqlite,nestedFindFirst,130,20
sdk,sqlite,nestedFindFirst,131,19
sdk,sqlite,nestedFindFirst,132,20
sdk,sqlite,nestedFindFirst,133,20
sdk,sqlite,nestedFindFirst,134,25
sdk,sqlite,nestedFindFirst,135,25
sdk,sqlite,nestedFindFirst,136,21
sdk,sqlite,nestedFindFirst,137,25
sdk,sqlite,nestedFindFirst,138,20
sdk,sqlite,nestedFindFirst,139,22
sdk,sqlite,nestedFindFirst,140,23
sdk,sqlite,nestedFindFirst,141,23
sdk,sqlite,nestedFindFirst,142,24
sdk,sqlite,nestedFindFirst,143,25
sdk,sqlite,nestedFindFirst,144,21
sdk,sqlite,nestedFindFirst,145,24
sdk,sqlite,nestedFindFirst,146,25
sdk,sqlite,nestedFindFirst,147,24
sdk,sqlite,nestedFindFirst,148,22
sdk,sqlite,nestedFindFirst,149,25
sdk,sqlite,nestedFindFirst,150,23
sdk,sqlite,nestedFindFirst,151,24
sdk,sqlite,nestedFindFirst,152,21
sdk,sqlite,nestedFindFirst,153,20
sdk,sqlite,nestedFindFirst,154,25
sdk,sqlite,nestedFindFirst,155,20
sdk,sqlite,nestedFindFirst,156,25
sdk,sqlite,nestedFindFirst,157,20
sdk,sqlite,nestedFindFirst,158,25
sdk,sqlite,nestedFindFirst,159,25
sdk,sqlite,nestedFindFirst,160,20
sdk,sqlite,nestedFindFirst,161,24
sdk,sqlite,nestedFindFirst,162,20
sdk,sqlite,nestedFindFirst,163,24
sdk,sqlite,nestedFindFirst,164,25
sdk,sqlite,nestedFindFirst,165,20
sdk,sqlite,nestedFindFirst,166,25
sdk,sqlite,nestedFindFirst,167,20
sdk,sqlite,nestedFindFirst,168,25
sdk,sqlite,nestedFindFirst,169,24
sdk,sqlite,nestedFindFirst,170,20
sdk,sqlite,nestedFindFirst,171,24
sdk,sqlite,nestedFindFirst,172,25
sdk,sqlite,nestedFindFirst,173,21
sdk,sqlite,nestedFindFirst,174,25
sdk,sqlite,nestedFindFirst,175,24
sdk,sqlite,nestedFindFirst,176,21
sdk,sqlite,nestedFindFirst,177,25
sdk,sqlite,nestedFindFirst,178,25
sdk,sqlite,nestedFindFirst,179,21
sdk,sqlite,nestedFindFirst,180,25
sdk,sqlite,nestedFindFirst,181,25
sdk,sqlite,nestedFindFirst,182,21
sdk,sqlite,nestedFindFirst,183,24
sdk,sqlite,nestedFindFirst,184,20
sdk,sqlite,nestedFindFirst,185,24
sdk,sqlite,nestedFindFirst,186,20
sdk,sqlite,nestedFindFirst,187,24
sdk,sqlite,nestedFindFirst,188,25
sdk,sqlite,nestedFindFirst,189,20
sdk,sqlite,nestedFindFirst,190,20
sdk,sqlite,nestedFindFirst,191,24
sdk,sqlite,nestedFindFirst,192,25
sdk,sqlite,nestedFindFirst,193,20
sdk,sqlite,nestedFindFirst,194,25
sdk,sqlite,nestedFindFirst,195,21
sdk,sqlite,nestedFindFirst,196,24
sdk,sqlite,nestedFindFirst,197,23
sdk,sqlite,nestedFindFirst,198,24
sdk,sqlite,nestedFindFirst,199,23
sdk,sqlite,nestedFindFirst,200,25
sdk,sqlite,nestedFindFirst,201,20
sdk,sqlite,nestedFindFirst,202,25
sdk,sqlite,nestedFindFirst,203,24
sdk,sqlite,nestedFindFirst,204,21
sdk,sqlite,nestedFindFirst,205,24
sdk,sqlite,nestedFindFirst,206,20
sdk,sqlite,nestedFindFirst,207,25
sdk,sqlite,nestedFindFirst,208,20
sdk,sqlite,nestedFindFirst,209,25
sdk,sqlite,nestedFindFirst,210,20
sdk,sqlite,nestedFindFirst,211,25
sdk,sqlite,nestedFindFirst,212,25
sdk,sqlite,nestedFindFirst,213,20
sdk,sqlite,nestedFindFirst,214,25
sdk,sqlite,nestedFindFirst,215,24
sdk,sqlite,nestedFindFirst,216,21
sdk,sqlite,nestedFindFirst,217,20
sdk,sqlite,nestedFindFirst,218,20
sdk,sqlite,nestedFindFirst,219,24
sdk,sqlite,nestedFindFirst,220,25
sdk,sqlite,nestedFindFirst,221,25
sdk,sqlite,nestedFindFirst,222,21
sdk,sqlite,nestedFindFirst,223,24
sdk,sqlite,nestedFindFirst,224,25
sdk,sqlite,nestedFindFirst,225,21
sdk,sqlite,nestedFindFirst,226,25
sdk,sqlite,nestedFindFirst,227,20
sdk,sqlite,nestedFindFirst,228,20
sdk,sqlite,nestedFindFirst,229,20
sdk,sqlite,nestedFindFirst,230,20
sdk,sqlite,nestedFindFirst,231,20
sdk,sqlite,nestedFindFirst,232,20
sdk,sqlite,nestedFindFirst,233,20
sdk,sqlite,nestedFindFirst,234,20
sdk,sqlite,nestedFindFirst,235,19
sdk,sqlite,nestedFindFirst,236,20
sdk,sqlite,nestedFindFirst,237,20
sdk,sqlite,nestedFindFirst,238,20
sdk,sqlite,nestedFindFirst,239,20
sdk,sqlite,nestedFindFirst,240,20
sdk,sqlite,nestedFindFirst,241,19
sdk,sqlite,nestedFindFirst,242,20
sdk,sqlite,nestedFindFirst,243,20
sdk,sqlite,nestedFindFirst,244,24
sdk,sqlite,nestedFindFirst,245,21
sdk,sqlite,nestedFindFirst,246,20
sdk,sqlite,nestedFindFirst,247,25
sdk,sqlite,nestedFindFirst,248,20
sdk,sqlite,nestedFindFirst,249,19
sdk,sqlite,nestedFindFirst,250,25
sdk,sqlite,nestedFindFirst,251,20
sdk,sqlite,nestedFindFirst,252,25
sdk,sqlite,nestedFindFirst,253,20
sdk,sqlite,nestedFindFirst,254,20
sdk,sqlite,nestedFindFirst,255,25
sdk,sqlite,nestedFindFirst,256,22
sdk,sqlite,nestedFindFirst,257,24
sdk,sqlite,nestedFindFirst,258,25
sdk,sqlite,nestedFindFirst,259,24
sdk,sqlite,nestedFindFirst,260,24
sdk,sqlite,nestedFindFirst,261,24
sdk,sqlite,nestedFindFirst,262,25
sdk,sqlite,nestedFindFirst,263,24
sdk,sqlite,nestedFindFirst,264,21
sdk,sqlite,nestedFindFirst,265,24
sdk,sqlite,nestedFindFirst,266,23
sdk,sqlite,nestedFindFirst,267,24
sdk,sqlite,nestedFindFirst,268,25
sdk,sqlite,nestedFindFirst,269,24
sdk,sqlite,nestedFindFirst,270,21
sdk,sqlite,nestedFindFirst,271,24
sdk,sqlite,nestedFindFirst,272,24
sdk,sqlite,nestedFindFirst,273,21
sdk,sqlite,nestedFindFirst,274,25
sdk,sqlite,nestedFindFirst,275,20
sdk,sqlite,nestedFindFirst,276,25
sdk,sqlite,nestedFindFirst,277,20
sdk,sqlite,nestedFindFirst,278,25
sdk,sqlite,nestedFindFirst,279,24
sdk,sqlite,nestedFindFirst,280,20
sdk,sqlite,nestedFindFirst,281,24
sdk,sqlite,nestedFindFirst,282,20
sdk,sqlite,nestedFindFirst,283,24
sdk,sqlite,nestedFindFirst,284,25
sdk,sqlite,nestedFindFirst,285,21
sdk,sqlite,nestedFindFirst,286,25
sdk,sqlite,nestedFindFirst,287,24
sdk,sqlite,nestedFindFirst,288,21
sdk,sqlite,nestedFindFirst,289,19
sdk,sqlite,nestedFindFirst,290,20
sdk,sqlite,nestedFindFirst,291,25
sdk,sqlite,nestedFindFirst,292,25
sdk,sqlite,nestedFindFirst,293,21
sdk,sqlite,nestedFindFirst,294,25
sdk,sqlite,nestedFindFirst,295,20
sdk,sqlite,nestedFindFirst,296,25
sdk,sqlite,nestedFindFirst,297,24
sdk,sqlite,nestedFindFirst,298,21
sdk,sqlite,nestedFindFirst,299,24
sdk,sqlite,nestedFindFirst,300,20
sdk,sqlite,nestedFindFirst,301,24
sdk,sqlite,nestedFindFirst,302,20
sdk,sqlite,nestedFindFirst,303,24
sdk,sqlite,nestedFindFirst,304,20
sdk,sqlite,nestedFindFirst,305,24
sdk,sqlite,nestedFindFirst,306,25
sdk,sqlite,nestedFindFirst,307,20
sdk,sqlite,nestedFindFirst,308,25
sdk,sqlite,nestedFindFirst,309,20
sdk,sqlite,nestedFindFirst,310,20
sdk,sqlite,nestedFindFirst,311,19
sdk,sqlite,nestedFindFirst,312,20
sdk,sqlite,nestedFindFirst,313,19
sdk,sqlite,nestedFindFirst,314,19
sdk,sqlite,nestedFindFirst,315,19
sdk,sqlite,nestedFindFirst,316,20
sdk,sqlite,nestedFindFirst,317,19
sdk,sqlite,nestedFindFirst,318,20
sdk,sqlite,nestedFindFirst,319,19
sdk,sqlite,nestedFindFirst,320,25
sdk,sqlite,nestedFindFirst,321,25
sdk,sqlite,nestedFindFirst,322,21
sdk,sqlite,nestedFindFirst,323,24
sdk,sqlite,nestedFindFirst,324,25
sdk,sqlite,nestedFindFirst,325,20
sdk,sqlite,nestedFindFirst,326,25
sdk,sqlite,nestedFindFirst,327,25
sdk,sqlite,nestedFindFirst,328,21
sdk,sqlite,nestedFindFirst,329,25
sdk,sqlite,nestedFindFirst,330,25
sdk,sqlite,nestedFindFirst,331,20
sdk,sqlite,nestedFindFirst,332,25
sdk,sqlite,nestedFindFirst,333,20
sdk,sqlite,nestedFindFirst,334,25
sdk,sqlite,nestedFindFirst,335,24
sdk,sqlite,nestedFindFirst,336,21
sdk,sqlite,nestedFindFirst,337,24
sdk,sqlite,nestedFindFirst,338,24
sdk,sqlite,nestedFindFirst,339,24
sdk,sqlite,nestedFindFirst,340,25
sdk,sqlite,nestedFindFirst,341,24
sdk,sqlite,nestedFindFirst,342,21
sdk,sqlite,nestedFindFirst,343,24
sdk,sqlite,nestedFindFirst,344,23
sdk,sqlite,nestedFindFirst,345,24
sdk,sqlite,nestedFindFirst,346,24
sdk,sqlite,nestedFindFirst,347,25
sdk,sqlite,nestedFindFirst,348,21
sdk,sqlite,nestedFindFirst,349,24
sdk,sqlite,nestedFindFirst,350,25
sdk,sqlite,nestedFindFirst,351,21
sdk,sqlite,nestedFindFirst,352,28
sdk,sqlite,nestedFindFirst,353,25
sdk,sqlite,nestedFindFirst,354,20
sdk,sqlite,nestedFindFirst,355,25
sdk,sqlite,nestedFindFirst,356,21
sdk,sqlite,nestedFindFirst,357,24
sdk,sqlite,nestedFindFirst,358,25
sdk,sqlite,nestedFindFirst,359,21
sdk,sqlite,nestedFindFirst,360,25
sdk,sqlite,nestedFindFirst,361,20
sdk,sqlite,nestedFindFirst,362,25
sdk,sqlite,nestedFindFirst,363,20
sdk,sqlite,nestedFindFirst,364,25
sdk,sqlite,nestedFindFirst,365,20
sdk,sqlite,nestedFindFirst,366,24
sdk,sqlite,nestedFindFirst,367,20
sdk,sqlite,nestedFindFirst,368,24
sdk,sqlite,nestedFindFirst,369,21
sdk,sqlite,nestedFindFirst,370,25
sdk,sqlite,nestedFindFirst,371,20
sdk,sqlite,nestedFindFirst,372,25
sdk,sqlite,nestedFindFirst,373,24
sdk,sqlite,nestedFindFirst,374,21
sdk,sqlite,nestedFindFirst,375,24
sdk,sqlite,nestedFindFirst,376,20
sdk,sqlite,nestedFindFirst,377,24
sdk,sqlite,nestedFindFirst,378,25
sdk,sqlite,nestedFindFirst,379,21
sdk,sqlite,nestedFindFirst,380,24
sdk,sqlite,nestedFindFirst,381,24
sdk,sqlite,nestedFindFirst,382,21
sdk,sqlite,nestedFindFirst,383,24
sdk,sqlite,nestedFindFirst,384,25
sdk,sqlite,nestedFindFirst,385,21
sdk,sqlite,nestedFindFirst,386,25
sdk,sqlite,nestedFindFirst,387,20
sdk,sqlite,nestedFindFirst,388,25
sdk,sqlite,nestedFindFirst,389,20
sdk,sqlite,nestedFindFirst,390,25
sdk,sqlite,nestedFindFirst,391,24
sdk,sqlite,nestedFindFirst,392,21
sdk,sqlite,nestedFindFirst,393,24
sdk,sqlite,nestedFindFirst,394,20
sdk,sqlite,nestedFindFirst,395,24
sdk,sqlite,nestedFindFirst,396,20
sdk,sqlite,nestedFindFirst,397,24
sdk,sqlite,nestedFindFirst,398,20
sdk,sqlite,nestedFindFirst,399,24
sdk,sqlite,nestedFindFirst,400,20
sdk,sqlite,nestedFindFirst,401,24
sdk,sqlite,nestedFindFirst,402,20
sdk,sqlite,nestedFindFirst,403,24
sdk,sqlite,nestedFindFirst,404,24
sdk,sqlite,nestedFindFirst,405,20
sdk,sqlite,nestedFindFirst,406,25
sdk,sqlite,nestedFindFirst,407,24
sdk,sqlite,nestedFindFirst,408,21
sdk,sqlite,nestedFindFirst,409,24
sdk,sqlite,nestedFindFirst,410,20
sdk,sqlite,nestedFindFirst,411,24
sdk,sqlite,nestedFindFirst,412,25
sdk,sqlite,nestedFindFirst,413,20
sdk,sqlite,nestedFindFirst,414,25
sdk,sqlite,nestedFindFirst,415,24
sdk,sqlite,nestedFindFirst,416,20
sdk,sqlite,nestedFindFirst,417,24
sdk,sqlite,nestedFindFirst,418,25
sdk,sqlite,nestedFindFirst,419,20
sdk,sqlite,nestedFindFirst,420,25
sdk,sqlite,nestedFindFirst,421,24
sdk,sqlite,nestedFindFirst,422,20
sdk,sqlite,nestedFindFirst,423,24
sdk,sqlite,nestedFindFirst,424,24
sdk,sqlite,nestedFindFirst,425,20
sdk,sqlite,nestedFindFirst,426,25
sdk,sqlite,nestedFindFirst,427,24
sdk,sqlite,nestedFindFirst,428,20
sdk,sqlite,nestedFindFirst,429,24
sdk,sqlite,nestedFindFirst,430,24
sdk,sqlite,nestedFindFirst,431,20
sdk,sqlite,nestedFindFirst,432,25
sdk,sqlite,nestedFindFirst,433,24
sdk,sqlite,nestedFindFirst,434,21
sdk,sqlite,nestedFindFirst,435,24
sdk,sqlite,nestedFindFirst,436,21
sdk,sqlite,nestedFindFirst,437,24
sdk,sqlite,nestedFindFirst,438,20
sdk,sqlite,nestedFindFirst,439,24
sdk,sqlite,nestedFindFirst,440,24
sdk,sqlite,nestedFindFirst,441,20
sdk,sqlite,nestedFindFirst,442,25
sdk,sqlite,nestedFindFirst,443,24
sdk,sqlite,nestedFindFirst,444,21
sdk,sqlite,nestedFindFirst,445,25
sdk,sqlite,nestedFindFirst,446,25
sdk,sqlite,nestedFindFirst,447,20
sdk,sqlite,nestedFindFirst,448,25
sdk,sqlite,nestedFindFirst,449,26
sdk,sqlite,nestedFindFirst,450,21
sdk,sqlite,nestedFindFirst,451,24
sdk,sqlite,nestedFindFirst,452,25
sdk,sqlite,nestedFindFirst,453,20
sdk,sqlite,nestedFindFirst,454,25
sdk,sqlite,nestedFindFirst,455,24
sdk,sqlite,nestedFindFirst,456,20
sdk,sqlite,nestedFindFirst,457,24
sdk,sqlite,nestedFindFirst,458,20
sdk,sqlite,nestedFindFirst,459,25
sdk,sqlite,nestedFindFirst,460,25
sdk,sqlite,nestedFindFirst,461,21
sdk,sqlite,nestedFindFirst,462,27
sdk,sqlite,nestedFindFirst,463,28
sdk,sqlite,nestedFindFirst,464,25
sdk,sqlite,nestedFindFirst,465,20
sdk,sqlite,nestedFindFirst,466,25
sdk,sqlite,nestedFindFirst,467,24
sdk,sqlite,nestedFindFirst,468,21
sdk,sqlite,nestedFindFirst,469,25
sdk,sqlite,nestedFindFirst,470,25
sdk,sqlite,nestedFindFirst,471,20
sdk,sqlite,nestedFindFirst,472,25
sdk,sqlite,nestedFindFirst,473,24
sdk,sqlite,nestedFindFirst,474,21
sdk,sqlite,nestedFindFirst,475,24
sdk,sqlite,nestedFindFirst,476,20
sdk,sqlite,nestedFindFirst,477,24
sdk,sqlite,nestedFindFirst,478,20
sdk,sqlite,nestedFindFirst,479,24
sdk,sqlite,nestedFindFirst,480,25
sdk,sqlite,nestedFindFirst,481,20
sdk,sqlite,nestedFindFirst,482,25
sdk,sqlite,nestedFindFirst,483,25
sdk,sqlite,nestedFindFirst,484,20
sdk,sqlite,nestedFindFirst,485,24
sdk,sqlite,nestedFindFirst,486,20
sdk,sqlite,nestedFindFirst,487,24
sdk,sqlite,nestedFindFirst,488,25
sdk,sqlite,nestedFindFirst,489,20
sdk,sqlite,nestedFindFirst,490,25
sdk,sqlite,nestedFindFirst,491,24
sdk,sqlite,nestedFindFirst,492,20
sdk,sqlite,nestedFindFirst,493,24
sdk,sqlite,nestedFindFirst,494,25
sdk,sqlite,nestedFindFirst,495,20
sdk,sqlite,nestedFindFirst,496,25
sdk,sqlite,nestedFindFirst,497,25
sdk,sqlite,nestedFindFirst,498,21
sdk,sqlite,nestedFindFirst,499,24
sdk,sqlite,nestedFindFirst,500,25
sdk,sqlite,nestedFindFirst,501,20
sdk,sqlite,nestedFindFirst,502,25
sdk,sqlite,nestedFindFirst,503,24
sdk,sqlite,nestedFindFirst,504,20
sdk,sqlite,nestedFindFirst,505,24
sdk,sqlite,nestedFindFirst,506,24
sdk,sqlite,nestedFindFirst,507,21
sdk,sqlite,nestedFindFirst,508,24
sdk,sqlite,nestedFindFirst,509,24
sdk,sqlite,nestedFindFirst,510,20
sdk,sqlite,nestedFindFirst,511,24
sdk,sqlite,nestedFindFirst,512,25
sdk,sqlite,nestedFindFirst,513,20
sdk,sqlite,nestedFindFirst,514,25
sdk,sqlite,nestedFindFirst,515,24
sdk,sqlite,nestedFindFirst,516,21
sdk,sqlite,nestedFindFirst,517,24
sdk,sqlite,nestedFindFirst,518,21
sdk,sqlite,nestedFindFirst,519,25
sdk,sqlite,nestedFindFirst,520,25
sdk,sqlite,nestedFindFirst,521,20
sdk,sqlite,nestedFindFirst,522,25
sdk,sqlite,nestedFindFirst,523,25
sdk,sqlite,nestedFindFirst,524,21
sdk,sqlite,nestedFindFirst,525,24
sdk,sqlite,nestedFindFirst,526,25
sdk,sqlite,nestedFindFirst,527,20
sdk,sqlite,nestedFindFirst,528,25
sdk,sqlite,nestedFindFirst,529,24
sdk,sqlite,nestedFindFirst,530,20
sdk,sqlite,nestedFindFirst,531,24
sdk,sqlite,nestedFindFirst,532,25
sdk,sqlite,nestedFindFirst,533,20
sdk,sqlite,nestedFindFirst,534,25
sdk,sqlite,nestedFindFirst,535,24
sdk,sqlite,nestedFindFirst,536,20
sdk,sqlite,nestedFindFirst,537,24
sdk,sqlite,nestedFindFirst,538,24
sdk,sqlite,nestedFindFirst,539,20
sdk,sqlite,nestedFindFirst,540,25
sdk,sqlite,nestedFindFirst,541,24
sdk,sqlite,nestedFindFirst,542,21
sdk,sqlite,nestedFindFirst,543,24
sdk,sqlite,nestedFindFirst,544,24
sdk,sqlite,nestedFindFirst,545,20
sdk,sqlite,nestedFindFirst,546,25
sdk,sqlite,nestedFindFirst,547,24
sdk,sqlite,nestedFindFirst,548,21
sdk,sqlite,nestedFindFirst,549,24
sdk,sqlite,nestedFindFirst,550,25
sdk,sqlite,nestedFindFirst,551,20
sdk,sqlite,nestedFindFirst,552,25
sdk,sqlite,nestedFindFirst,553,24
sdk,sqlite,nestedFindFirst,554,20
sdk,sqlite,nestedFindFirst,555,24
sdk,sqlite,nestedFindFirst,556,21
sdk,sqlite,nestedFindFirst,557,24
sdk,sqlite,nestedFindFirst,558,20
sdk,sqlite,nestedFindFirst,559,24
sdk,sqlite,nestedFindFirst,560,25
sdk,sqlite,nestedFindFirst,561,20
sdk,sqlite,nestedFindFirst,562,25
sdk,sqlite,nestedFindFirst,563,24
sdk,sqlite,nestedFindFirst,564,21
sdk,sqlite,nestedFindFirst,565,24
sdk,sqlite,nestedFindFirst,566,25
sdk,sqlite,nestedFindFirst,567,20
sdk,sqlite,nestedFindFirst,568,24
sdk,sqlite,nestedFindFirst,569,24
sdk,sqlite,nestedFindFirst,570,24
sdk,sqlite,nestedFindFirst,571,24
sdk,sqlite,nestedFindFirst,572,20
sdk,sqlite,nestedFindFirst,573,23
sdk,sqlite,nestedFindFirst,574,24
sdk,sqlite,nestedFindFirst,575,23
sdk,sqlite,nestedFindFirst,576,23
sdk,sqlite,nestedFindFirst,577,24
sdk,sqlite,nestedFindFirst,578,25
sdk,sqlite,nestedFindFirst,579,20
sdk,sqlite,nestedFindFirst,580,25
sdk,sqlite,nestedFindFirst,581,25
sdk,sqlite,nestedFindFirst,582,21
sdk,sqlite,nestedFindFirst,583,19
sdk,sqlite,nestedFindFirst,584,25
sdk,sqlite,nestedFindFirst,585,20
sdk,sqlite,nestedFindFirst,586,24
sdk,sqlite,nestedFindFirst,587,24
sdk,sqlite,nestedFindFirst,588,20
sdk,sqlite,nestedFindFirst,589,24
sdk,sqlite,nestedFindFirst,590,25
sdk,sqlite,nestedFindFirst,591,24
sdk,sqlite,nestedFindFirst,592,21
sdk,sqlite,nestedFindFirst,593,24
sdk,sqlite,nestedFindFirst,594,20
sdk,sqlite,nestedFindFirst,595,24
sdk,sqlite,nestedFindFirst,596,21
sdk,sqlite,nestedFindFirst,597,24
sdk,sqlite,nestedFindFirst,598,25
sdk,sqlite,nestedFindFirst,599,20
sdk,sqlite,nestedFindFirst,600,24
sdk,sqlite,nestedFindFirst,601,20
sdk,sqlite,nestedFindFirst,602,25
sdk,sqlite,nestedFindFirst,603,24
sdk,sqlite,nestedFindFirst,604,20
sdk,sqlite,nestedFindFirst,605,24
sdk,sqlite,nestedFindFirst,606,24
sdk,sqlite,nestedFindFirst,607,20
sdk,sqlite,nestedFindFirst,608,25
sdk,sqlite,nestedFindFirst,609,24
sdk,sqlite,nestedFindFirst,610,20
sdk,sqlite,nestedFindFirst,611,24
sdk,sqlite,nestedFindFirst,612,25
sdk,sqlite,nestedFindFirst,613,20
sdk,sqlite,nestedFindFirst,614,25
sdk,sqlite,nestedFindFirst,615,24
sdk,sqlite,nestedFindFirst,616,20
sdk,sqlite,nestedFindFirst,617,24
sdk,sqlite,nestedFindFirst,618,24
sdk,sqlite,nestedFindFirst,619,20
sdk,sqlite,nestedFindFirst,620,25
sdk,sqlite,nestedFindFirst,621,24
sdk,sqlite,nestedFindFirst,622,20
sdk,sqlite,nestedFindFirst,623,24
sdk,sqlite,nestedFindFirst,624,25
sdk,sqlite,nestedFindFirst,625,20
sdk,sqlite,nestedFindFirst,626,25
sdk,sqlite,nestedFindFirst,627,24
sdk,sqlite,nestedFindFirst,628,21
sdk,sqlite,nestedFindFirst,629,24
sdk,sqlite,nestedFindFirst,630,25
sdk,sqlite,nestedFindFirst,631,20
sdk,sqlite,nestedFindFirst,632,25
sdk,sqlite,nestedFindFirst,633,24
sdk,sqlite,nestedFindFirst,634,20
sdk,sqlite,nestedFindFirst,635,24
sdk,sqlite,nestedFindFirst,636,21
sdk,sqlite,nestedFindFirst,637,24
sdk,sqlite,nestedFindFirst,638,25
sdk,sqlite,nestedFindFirst,639,20
sdk,sqlite,nestedFindFirst,640,25
sdk,sqlite,nestedFindFirst,641,24
sdk,sqlite,nestedFindFirst,642,20
sdk,sqlite,nestedFindFirst,643,25
sdk,sqlite,nestedFindFirst,644,25
sdk,sqlite,nestedFindFirst,645,20
sdk,sqlite,nestedFindFirst,646,25
sdk,sqlite,nestedFindFirst,647,24
sdk,sqlite,nestedFindFirst,648,20
sdk,sqlite,nestedFindFirst,649,24
sdk,sqlite,nestedFindFirst,650,25
sdk,sqlite,nestedFindFirst,651,20
sdk,sqlite,nestedFindFirst,652,24
sdk,sqlite,nestedFindFirst,653,25
sdk,sqlite,nestedFindFirst,654,20
sdk,sqlite,nestedFindFirst,655,24
sdk,sqlite,nestedFindFirst,656,25
sdk,sqlite,nestedFindFirst,657,20
sdk,sqlite,nestedFindFirst,658,25
sdk,sqlite,nestedFindFirst,659,24
sdk,sqlite,nestedFindFirst,660,20
sdk,sqlite,nestedFindFirst,661,24
sdk,sqlite,nestedFindFirst,662,25
sdk,sqlite,nestedFindFirst,663,20
sdk,sqlite,nestedFindFirst,664,24
sdk,sqlite,nestedFindFirst,665,24
sdk,sqlite,nestedFindFirst,666,21
sdk,sqlite,nestedFindFirst,667,20
sdk,sqlite,nestedFindFirst,668,20
sdk,sqlite,nestedFindFirst,669,20
sdk,sqlite,nestedFindFirst,670,20
sdk,sqlite,nestedFindFirst,671,20
sdk,sqlite,nestedFindFirst,672,20
sdk,sqlite,nestedFindFirst,673,20
sdk,sqlite,nestedFindFirst,674,21
sdk,sqlite,nestedFindFirst,675,21
sdk,sqlite,nestedFindFirst,676,20
sdk,sqlite,nestedFindFirst,677,20
sdk,sqlite,nestedFindFirst,678,20
sdk,sqlite,nestedFindFirst,679,20
sdk,sqlite,nestedFindFirst,680,20
sdk,sqlite,nestedFindFirst,681,20
sdk,sqlite,nestedFindFirst,682,20
sdk,sqlite,nestedFindFirst,683,20
sdk,sqlite,nestedFindFirst,684,20
sdk,sqlite,nestedFindFirst,685,20
sdk,sqlite,nestedFindFirst,686,20
sdk,sqlite,nestedFindFirst,687,25
sdk,sqlite,nestedFindFirst,688,25
sdk,sqlite,nestedFindFirst,689,20
sdk,sqlite,nestedFindFirst,690,25
sdk,sqlite,nestedFindFirst,691,20
sdk,sqlite,nestedFindFirst,692,25
sdk,sqlite,nestedFindFirst,693,23
sdk,sqlite,nestedFindFirst,694,23
sdk,sqlite,nestedFindFirst,695,25
sdk,sqlite,nestedFindFirst,696,20
sdk,sqlite,nestedFindFirst,697,25
sdk,sqlite,nestedFindFirst,698,25
sdk,sqlite,nestedFindFirst,699,20
sdk,sqlite,nestedFindFirst,700,25
sdk,sqlite,nestedFindFirst,701,23
sdk,sqlite,nestedFindFirst,702,23
sdk,sqlite,nestedFindFirst,703,25
sdk,sqlite,nestedFindFirst,704,25
sdk,sqlite,nestedFindFirst,705,21
sdk,sqlite,nestedFindFirst,706,25
sdk,sqlite,nestedFindFirst,707,20
sdk,sqlite,nestedFindFirst,708,25
sdk,sqlite,nestedFindFirst,709,24
sdk,sqlite,nestedFindFirst,710,21
sdk,sqlite,nestedFindFirst,711,25
sdk,sqlite,nestedFindFirst,712,23
sdk,sqlite,nestedFindFirst,713,23
sdk,sqlite,nestedFindFirst,714,25
sdk,sqlite,nestedFindFirst,715,20
sdk,sqlite,nestedFindFirst,716,25
sdk,sqlite,nestedFindFirst,717,21
sdk,sqlite,nestedFindFirst,718,25
sdk,sqlite,nestedFindFirst,719,20
sdk,sqlite,nestedFindFirst,720,25
sdk,sqlite,nestedFindFirst,721,20
sdk,sqlite,nestedFindFirst,722,25
sdk,sqlite,nestedFindFirst,723,20
sdk,sqlite,nestedFindFirst,724,25
sdk,sqlite,nestedFindFirst,725,21
sdk,sqlite,nestedFindFirst,726,25
sdk,sqlite,nestedFindFirst,727,20
sdk,sqlite,nestedFindFirst,728,25
sdk,sqlite,nestedFindFirst,729,25
sdk,sqlite,nestedFindFirst,730,21
sdk,sqlite,nestedFindFirst,731,25
sdk,sqlite,nestedFindFirst,732,25
sdk,sqlite,nestedFindFirst,733,20
sdk,sqlite,nestedFindFirst,734,25
sdk,sqlite,nestedFindFirst,735,25
sdk,sqlite,nestedFindFirst,736,20
sdk,sqlite,nestedFindFirst,737,24
sdk,sqlite,nestedFindFirst,738,25
sdk,sqlite,nestedFindFirst,739,20
sdk,sqlite,nestedFindFirst,740,25
sdk,sqlite,nestedFindFirst,741,20
sdk,sqlite,nestedFindFirst,742,25
sdk,sqlite,nestedFindFirst,743,20
sdk,sqlite,nestedFindFirst,744,25
sdk,sqlite,nestedFindFirst,745,20
sdk,sqlite,nestedFindFirst,746,25
sdk,sqlite,nestedFindFirst,747,20
sdk,sqlite,nestedFindFirst,748,25
sdk,sqlite,nestedFindFirst,749,20
sdk,sqlite,nestedFindFirst,750,24
sdk,sqlite,nestedFindFirst,751,24
sdk,sqlite,nestedFindFirst,752,21
sdk,sqlite,nestedFindFirst,753,25
sdk,sqlite,nestedFindFirst,754,20
sdk,sqlite,nestedFindFirst,755,20
sdk,sqlite,nestedFindFirst,756,20
sdk,sqlite,nestedFindFirst,757,25
sdk,sqlite,nestedFindFirst,758,21
sdk,sqlite,nestedFindFirst,759,25
sdk,sqlite,nestedFindFirst,760,25
sdk,sqlite,nestedFindFirst,761,20
sdk,sqlite,nestedFindFirst,762,25
sdk,sqlite,nestedFindFirst,763,25
sdk,sqlite,nestedFindFirst,764,21
sdk,sqlite,nestedFindFirst,765,25
sdk,sqlite,nestedFindFirst,766,25
sdk,sqlite,nestedFindFirst,767,20
sdk,sqlite,nestedFindFirst,768,21
sdk,sqlite,nestedFindFirst,769,25
sdk,sqlite,nestedFindFirst,770,20
sdk,sqlite,nestedFindFirst,771,20
sdk,sqlite,nestedFindFirst,772,20
sdk,sqlite,nestedFindFirst,773,20
sdk,sqlite,nestedFindFirst,774,20
sdk,sqlite,nestedFindFirst,775,20
sdk,sqlite,nestedFindFirst,776,20
sdk,sqlite,nestedFindFirst,777,20
sdk,sqlite,nestedFindFirst,778,20
sdk,sqlite,nestedFindFirst,779,20
sdk,sqlite,nestedFindFirst,780,20
sdk,sqlite,nestedFindFirst,781,20
sdk,sqlite,nestedFindFirst,782,21
sdk,sqlite,nestedFindFirst,783,20
sdk,sqlite,nestedFindFirst,784,20
sdk,sqlite,nestedFindFirst,785,20
sdk,sqlite,nestedFindFirst,786,20
sdk,sqlite,nestedFindFirst,787,20
sdk,sqlite,nestedFindFirst,788,20
sdk,sqlite,nestedFindFirst,789,20
sdk,sqlite,nestedFindFirst,790,20
sdk,sqlite,nestedFindFirst,791,19
sdk,sqlite,nestedFindFirst,792,20
sdk,sqlite,nestedFindFirst,793,19
sdk,sqlite,nestedFindFirst,794,20
sdk,sqlite,nestedFindFirst,795,20
sdk,sqlite,nestedFindFirst,796,20
sdk,sqlite,nestedFindFirst,797,19
sdk,sqlite,nestedFindFirst,798,20
sdk,sqlite,nestedFindFirst,799,54
sdk,sqlite,nestedFindFirst,800,41
sdk,sqlite,nestedFindFirst,801,24
sdk,sqlite,nestedFindFirst,802,22
sdk,sqlite,nestedFindFirst,803,21
sdk,sqlite,nestedFindFirst,804,20
sdk,sqlite,nestedFindFirst,805,20
sdk,sqlite,nestedFindFirst,806,19
sdk,sqlite,nestedFindFirst,807,20
sdk,sqlite,nestedFindFirst,808,19
sdk,sqlite,nestedFindFirst,809,19
sdk,sqlite,nestedFindFirst,810,19
sdk,sqlite,nestedFindFirst,811,19
sdk,sqlite,nestedFindFirst,812,19
sdk,sqlite,nestedFindFirst,813,19
sdk,sqlite,nestedFindFirst,814,19
sdk,sqlite,nestedFindFirst,815,19
sdk,sqlite,nestedFindFirst,816,19
sdk,sqlite,nestedFindFirst,817,19
sdk,sqlite,nestedFindFirst,818,19
sdk,sqlite,nestedFindFirst,819,19
sdk,sqlite,nestedFindFirst,820,19
sdk,sqlite,nestedFindFirst,821,19
sdk,sqlite,nestedFindFirst,822,19
sdk,sqlite,nestedFindFirst,823,19
sdk,sqlite,nestedFindFirst,824,19
sdk,sqlite,nestedFindFirst,825,19
sdk,sqlite,nestedFindFirst,826,19
sdk,sqlite,nestedFindFirst,827,18
sdk,sqlite,nestedFindFirst,828,19
sdk,sqlite,nestedFindFirst,829,19
sdk,sqlite,nestedFindFirst,830,19
sdk,sqlite,nestedFindFirst,831,19
sdk,sqlite,nestedFindFirst,832,19
sdk,sqlite,nestedFindFirst,833,19
sdk,sqlite,nestedFindFirst,834,19
sdk,sqlite,nestedFindFirst,835,18
sdk,sqlite,nestedFindFirst,836,19
sdk,sqlite,nestedFindFirst,837,20
sdk,sqlite,nestedFindFirst,838,20
sdk,sqlite,nestedFindFirst,839,20
sdk,sqlite,nestedFindFirst,840,20
sdk,sqlite,nestedFindFirst,841,19
sdk,sqlite,nestedFindFirst,842,19
sdk,sqlite,nestedFindFirst,843,20
sdk,sqlite,nestedFindFirst,844,19
sdk,sqlite,nestedFindFirst,845,19
sdk,sqlite,nestedFindFirst,846,20
sdk,sqlite,nestedFindFirst,847,20
sdk,sqlite,nestedFindFirst,848,20
sdk,sqlite,nestedFindFirst,849,20
sdk,sqlite,nestedFindFirst,850,20
sdk,sqlite,nestedFindFirst,851,20
sdk,sqlite,nestedFindFirst,852,20
sdk,sqlite,nestedFindFirst,853,19
sdk,sqlite,nestedFindFirst,854,20
sdk,sqlite,nestedFindFirst,855,20
sdk,sqlite,nestedFindFirst,856,20
sdk,sqlite,nestedFindFirst,857,19
sdk,sqlite,nestedFindFirst,858,19
sdk,sqlite,nestedFindFirst,859,20
sdk,sqlite,nestedFindFirst,860,20
sdk,sqlite,nestedFindFirst,861,19
sdk,sqlite,nestedFindFirst,862,19
sdk,sqlite,nestedFindFirst,863,19
sdk,sqlite,nestedFindFirst,864,19
sdk,sqlite,nestedFindFirst,865,19
sdk,sqlite,nestedFindFirst,866,19
sdk,sqlite,nestedFindFirst,867,21
sdk,sqlite,nestedFindFirst,868,24
sdk,sqlite,nestedFindFirst,869,20
sdk,sqlite,nestedFindFirst,870,20
sdk,sqlite,nestedFindFirst,871,19
sdk,sqlite,nestedFindFirst,872,19
sdk,sqlite,nestedFindFirst,873,23
sdk,sqlite,nestedFindFirst,874,23
sdk,sqlite,nestedFindFirst,875,20
sdk,sqlite,nestedFindFirst,876,20
sdk,sqlite,nestedFindFirst,877,19
sdk,sqlite,nestedFindFirst,878,19
sdk,sqlite,nestedFindFirst,879,20
sdk,sqlite,nestedFindFirst,880,22
sdk,sqlite,nestedFindFirst,881,20
sdk,sqlite,nestedFindFirst,882,20
sdk,sqlite,nestedFindFirst,883,20
sdk,sqlite,nestedFindFirst,884,22
sdk,sqlite,nestedFindFirst,885,21
sdk,sqlite,nestedFindFirst,886,20
sdk,sqlite,nestedFindFirst,887,20
sdk,sqlite,nestedFindFirst,888,20
sdk,sqlite,nestedFindFirst,889,20
sdk,sqlite,nestedFindFirst,890,20
sdk,sqlite,nestedFindFirst,891,20
sdk,sqlite,nestedFindFirst,892,19
sdk,sqlite,nestedFindFirst,893,19
sdk,sqlite,nestedFindFirst,894,19
sdk,sqlite,nestedFindFirst,895,19
sdk,sqlite,nestedFindFirst,896,19
sdk,sqlite,nestedFindFirst,897,19
sdk,sqlite,nestedFindFirst,898,19
sdk,sqlite,nestedFindFirst,899,19
sdk,sqlite,nestedFindFirst,900,19
sdk,sqlite,nestedFindFirst,901,19
sdk,sqlite,nestedFindFirst,902,22
sdk,sqlite,nestedFindFirst,903,19
sdk,sqlite,nestedFindFirst,904,20
sdk,sqlite,nestedFindFirst,905,19
sdk,sqlite,nestedFindFirst,906,19
sdk,sqlite,nestedFindFirst,907,19
sdk,sqlite,nestedFindFirst,908,19
sdk,sqlite,nestedFindFirst,909,19
sdk,sqlite,nestedFindFirst,910,19
sdk,sqlite,nestedFindFirst,911,19
sdk,sqlite,nestedFindFirst,912,19
sdk,sqlite,nestedFindFirst,913,19
sdk,sqlite,nestedFindFirst,914,19
sdk,sqlite,nestedFindFirst,915,19
sdk,sqlite,nestedFindFirst,916,19
sdk,sqlite,nestedFindFirst,917,19
sdk,sqlite,nestedFindFirst,918,20
sdk,sqlite,nestedFindFirst,919,19
sdk,sqlite,nestedFindFirst,920,20
sdk,sqlite,nestedFindFirst,921,19
sdk,sqlite,nestedFindFirst,922,19
sdk,sqlite,nestedFindFirst,923,19
sdk,sqlite,nestedFindFirst,924,20
sdk,sqlite,nestedFindFirst,925,19
sdk,sqlite,nestedFindFirst,926,20
sdk,sqlite,nestedFindFirst,927,19
sdk,sqlite,nestedFindFirst,928,19
sdk,sqlite,nestedFindFirst,929,19
sdk,sqlite,nestedFindFirst,930,19
sdk,sqlite,nestedFindFirst,931,19
sdk,sqlite,nestedFindFirst,932,19
sdk,sqlite,nestedFindFirst,933,19
sdk,sqlite,nestedFindFirst,934,19
sdk,sqlite,nestedFindFirst,935,19
sdk,sqlite,nestedFindFirst,936,19
sdk,sqlite,nestedFindFirst,937,19
sdk,sqlite,nestedFindFirst,938,19
sdk,sqlite,nestedFindFirst,939,19
sdk,sqlite,nestedFindFirst,940,19
sdk,sqlite,nestedFindFirst,941,19
sdk,sqlite,nestedFindFirst,942,20
sdk,sqlite,nestedFindFirst,943,21
sdk,sqlite,nestedFindFirst,944,21
sdk,sqlite,nestedFindFirst,945,20
sdk,sqlite,nestedFindFirst,946,19
sdk,sqlite,nestedFindFirst,947,19
sdk,sqlite,nestedFindFirst,948,19
sdk,sqlite,nestedFindFirst,949,19
sdk,sqlite,nestedFindFirst,950,19
sdk,sqlite,nestedFindFirst,951,19
sdk,sqlite,nestedFindFirst,952,19
sdk,sqlite,nestedFindFirst,953,19
sdk,sqlite,nestedFindFirst,954,19
sdk,sqlite,nestedFindFirst,955,19
sdk,sqlite,nestedFindFirst,956,19
sdk,sqlite,nestedFindFirst,957,19
sdk,sqlite,nestedFindFirst,958,19
sdk,sqlite,nestedFindFirst,959,19
sdk,sqlite,nestedFindFirst,960,19
sdk,sqlite,nestedFindFirst,961,19
sdk,sqlite,nestedFindFirst,962,19
sdk,sqlite,nestedFindFirst,963,19
sdk,sqlite,nestedFindFirst,964,19
sdk,sqlite,nestedFindFirst,965,19
sdk,sqlite,nestedFindFirst,966,19
sdk,sqlite,nestedFindFirst,967,19
sdk,sqlite,nestedFindFirst,968,19
sdk,sqlite,nestedFindFirst,969,19
sdk,sqlite,nestedFindFirst,970,19
sdk,sqlite,nestedFindFirst,971,19
sdk,sqlite,nestedFindFirst,972,19
sdk,sqlite,nestedFindFirst,973,19
sdk,sqlite,nestedFindFirst,974,19
sdk,sqlite,nestedFindFirst,975,19
sdk,sqlite,nestedFindFirst,976,19
sdk,sqlite,nestedFindFirst,977,19
sdk,sqlite,nestedFindFirst,978,19
sdk,sqlite,nestedFindFirst,979,19
sdk,sqlite,nestedFindFirst,980,19
sdk,sqlite,nestedFindFirst,981,19
sdk,sqlite,nestedFindFirst,982,19
sdk,sqlite,nestedFindFirst,983,19
sdk,sqlite,nestedFindFirst,984,19
sdk,sqlite,nestedFindFirst,985,19
sdk,sqlite,nestedFindFirst,986,20
sdk,sqlite,nestedFindFirst,987,20
sdk,sqlite,nestedFindFirst,988,22
sdk,sqlite,nestedFindFirst,989,19
sdk,sqlite,nestedFindFirst,990,20
sdk,sqlite,nestedFindFirst,991,19
sdk,sqlite,nestedFindFirst,992,19
sdk,sqlite,nestedFindFirst,993,19
sdk,sqlite,nestedFindFirst,994,19
sdk,sqlite,nestedFindFirst,995,19
sdk,sqlite,nestedFindFirst,996,19
sdk,sqlite,nestedFindFirst,997,19
sdk,sqlite,nestedFindFirst,998,19
sdk,sqlite,nestedFindFirst,999,19
sdk,sqlite,nestedFindUnique,0,10
sdk,sqlite,nestedFindUnique,1,10
sdk,sqlite,nestedFindUnique,2,10
sdk,sqlite,nestedFindUnique,3,10
sdk,sqlite,nestedFindUnique,4,10
sdk,sqlite,nestedFindUnique,5,10
sdk,sqlite,nestedFindUnique,6,10
sdk,sqlite,nestedFindUnique,7,10
sdk,sqlite,nestedFindUnique,8,10
sdk,sqlite,nestedFindUnique,9,9
sdk,sqlite,nestedFindUnique,10,10
sdk,sqlite,nestedFindUnique,11,10
sdk,sqlite,nestedFindUnique,12,9
sdk,sqlite,nestedFindUnique,13,10
sdk,sqlite,nestedFindUnique,14,10
sdk,sqlite,nestedFindUnique,15,10
sdk,sqlite,nestedFindUnique,16,10
sdk,sqlite,nestedFindUnique,17,10
sdk,sqlite,nestedFindUnique,18,9
sdk,sqlite,nestedFindUnique,19,10
sdk,sqlite,nestedFindUnique,20,10
sdk,sqlite,nestedFindUnique,21,9
sdk,sqlite,nestedFindUnique,22,9
sdk,sqlite,nestedFindUnique,23,9
sdk,sqlite,nestedFindUnique,24,9
sdk,sqlite,nestedFindUnique,25,9
sdk,sqlite,nestedFindUnique,26,9
sdk,sqlite,nestedFindUnique,27,9
sdk,sqlite,nestedFindUnique,28,9
sdk,sqlite,nestedFindUnique,29,9
sdk,sqlite,nestedFindUnique,30,9
sdk,sqlite,nestedFindUnique,31,10
sdk,sqlite,nestedFindUnique,32,9
sdk,sqlite,nestedFindUnique,33,10
sdk,sqlite,nestedFindUnique,34,10
sdk,sqlite,nestedFindUnique,35,10
sdk,sqlite,nestedFindUnique,36,10
sdk,sqlite,nestedFindUnique,37,10
sdk,sqlite,nestedFindUnique,38,10
sdk,sqlite,nestedFindUnique,39,10
sdk,sqlite,nestedFindUnique,40,9
sdk,sqlite,nestedFindUnique,41,9
sdk,sqlite,nestedFindUnique,42,10
sdk,sqlite,nestedFindUnique,43,10
sdk,sqlite,nestedFindUnique,44,9
sdk,sqlite,nestedFindUnique,45,10
sdk,sqlite,nestedFindUnique,46,9
sdk,sqlite,nestedFindUnique,47,9
sdk,sqlite,nestedFindUnique,48,9
sdk,sqlite,nestedFindUnique,49,10
sdk,sqlite,nestedFindUnique,50,37
sdk,sqlite,nestedFindUnique,51,26
sdk,sqlite,nestedFindUnique,52,14
sdk,sqlite,nestedFindUnique,53,12
sdk,sqlite,nestedFindUnique,54,13
sdk,sqlite,nestedFindUnique,55,12
sdk,sqlite,nestedFindUnique,56,13
sdk,sqlite,nestedFindUnique,57,11
sdk,sqlite,nestedFindUnique,58,10
sdk,sqlite,nestedFindUnique,59,12
sdk,sqlite,nestedFindUnique,60,12
sdk,sqlite,nestedFindUnique,61,12
sdk,sqlite,nestedFindUnique,62,12
sdk,sqlite,nestedFindUnique,63,10
sdk,sqlite,nestedFindUnique,64,10
sdk,sqlite,nestedFindUnique,65,12
sdk,sqlite,nestedFindUnique,66,12
sdk,sqlite,nestedFindUnique,67,12
sdk,sqlite,nestedFindUnique,68,12
sdk,sqlite,nestedFindUnique,69,10
sdk,sqlite,nestedFindUnique,70,10
sdk,sqlite,nestedFindUnique,71,12
sdk,sqlite,nestedFindUnique,72,12
sdk,sqlite,nestedFindUnique,73,10
sdk,sqlite,nestedFindUnique,74,10
sdk,sqlite,nestedFindUnique,75,12
sdk,sqlite,nestedFindUnique,76,12
sdk,sqlite,nestedFindUnique,77,12
sdk,sqlite,nestedFindUnique,78,12
sdk,sqlite,nestedFindUnique,79,10
sdk,sqlite,nestedFindUnique,80,10
sdk,sqlite,nestedFindUnique,81,9
sdk,sqlite,nestedFindUnique,82,12
sdk,sqlite,nestedFindUnique,83,12
sdk,sqlite,nestedFindUnique,84,10
sdk,sqlite,nestedFindUnique,85,10
sdk,sqlite,nestedFindUnique,86,12
sdk,sqlite,nestedFindUnique,87,12
sdk,sqlite,nestedFindUnique,88,11
sdk,sqlite,nestedFindUnique,89,12
sdk,sqlite,nestedFindUnique,90,11
sdk,sqlite,nestedFindUnique,91,11
sdk,sqlite,nestedFindUnique,92,10
sdk,sqlite,nestedFindUnique,93,12
sdk,sqlite,nestedFindUnique,94,12
sdk,sqlite,nestedFindUnique,95,10
sdk,sqlite,nestedFindUnique,96,9
sdk,sqlite,nestedFindUnique,97,12
sdk,sqlite,nestedFindUnique,98,12
sdk,sqlite,nestedFindUnique,99,10
sdk,sqlite,nestedFindUnique,100,9
sdk,sqlite,nestedFindUnique,101,12
sdk,sqlite,nestedFindUnique,102,12
sdk,sqlite,nestedFindUnique,103,10
sdk,sqlite,nestedFindUnique,104,10
sdk,sqlite,nestedFindUnique,105,12
sdk,sqlite,nestedFindUnique,106,12
sdk,sqlite,nestedFindUnique,107,12
sdk,sqlite,nestedFindUnique,108,12
sdk,sqlite,nestedFindUnique,109,10
sdk,sqlite,nestedFindUnique,110,10
sdk,sqlite,nestedFindUnique,111,12
sdk,sqlite,nestedFindUnique,112,12
sdk,sqlite,nestedFindUnique,113,10
sdk,sqlite,nestedFindUnique,114,9
sdk,sqlite,nestedFindUnique,115,12
sdk,sqlite,nestedFindUnique,116,12
sdk,sqlite,nestedFindUnique,117,12
sdk,sqlite,nestedFindUnique,118,11
sdk,sqlite,nestedFindUnique,119,10
sdk,sqlite,nestedFindUnique,120,10
sdk,sqlite,nestedFindUnique,121,12
sdk,sqlite,nestedFindUnique,122,12
sdk,sqlite,nestedFindUnique,123,10
sdk,sqlite,nestedFindUnique,124,10
sdk,sqlite,nestedFindUnique,125,12
sdk,sqlite,nestedFindUnique,126,12
sdk,sqlite,nestedFindUnique,127,10
sdk,sqlite,nestedFindUnique,128,9
sdk,sqlite,nestedFindUnique,129,12
sdk,sqlite,nestedFindUnique,130,12
sdk,sqlite,nestedFindUnique,131,10
sdk,sqlite,nestedFindUnique,132,9
sdk,sqlite,nestedFindUnique,133,12
sdk,sqlite,nestedFindUnique,134,12
sdk,sqlite,nestedFindUnique,135,12
sdk,sqlite,nestedFindUnique,136,12
sdk,sqlite,nestedFindUnique,137,10
sdk,sqlite,nestedFindUnique,138,9
sdk,sqlite,nestedFindUnique,139,12
sdk,sqlite,nestedFindUnique,140,12
sdk,sqlite,nestedFindUnique,141,10
sdk,sqlite,nestedFindUnique,142,10
sdk,sqlite,nestedFindUnique,143,12
sdk,sqlite,nestedFindUnique,144,12
sdk,sqlite,nestedFindUnique,145,10
sdk,sqlite,nestedFindUnique,146,9
sdk,sqlite,nestedFindUnique,147,12
sdk,sqlite,nestedFindUnique,148,12
sdk,sqlite,nestedFindUnique,149,10
sdk,sqlite,nestedFindUnique,150,10
sdk,sqlite,nestedFindUnique,151,12
sdk,sqlite,nestedFindUnique,152,12
sdk,sqlite,nestedFindUnique,153,10
sdk,sqlite,nestedFindUnique,154,10
sdk,sqlite,nestedFindUnique,155,12
sdk,sqlite,nestedFindUnique,156,12
sdk,sqlite,nestedFindUnique,157,10
sdk,sqlite,nestedFindUnique,158,9
sdk,sqlite,nestedFindUnique,159,9
sdk,sqlite,nestedFindUnique,160,12
sdk,sqlite,nestedFindUnique,161,12
sdk,sqlite,nestedFindUnique,162,10
sdk,sqlite,nestedFindUnique,163,9
sdk,sqlite,nestedFindUnique,164,12
sdk,sqlite,nestedFindUnique,165,12
sdk,sqlite,nestedFindUnique,166,10
sdk,sqlite,nestedFindUnique,167,9
sdk,sqlite,nestedFindUnique,168,12
sdk,sqlite,nestedFindUnique,169,12
sdk,sqlite,nestedFindUnique,170,10
sdk,sqlite,nestedFindUnique,171,9
sdk,sqlite,nestedFindUnique,172,9
sdk,sqlite,nestedFindUnique,173,12
sdk,sqlite,nestedFindUnique,174,12
sdk,sqlite,nestedFindUnique,175,10
sdk,sqlite,nestedFindUnique,176,10
sdk,sqlite,nestedFindUnique,177,12
sdk,sqlite,nestedFindUnique,178,12
sdk,sqlite,nestedFindUnique,179,10
sdk,sqlite,nestedFindUnique,180,10
sdk,sqlite,nestedFindUnique,181,12
sdk,sqlite,nestedFindUnique,182,12
sdk,sqlite,nestedFindUnique,183,10
sdk,sqlite,nestedFindUnique,184,10
sdk,sqlite,nestedFindUnique,185,12
sdk,sqlite,nestedFindUnique,186,12
sdk,sqlite,nestedFindUnique,187,10
sdk,sqlite,nestedFindUnique,188,10
sdk,sqlite,nestedFindUnique,189,12
sdk,sqlite,nestedFindUnique,190,12
sdk,sqlite,nestedFindUnique,191,11
sdk,sqlite,nestedFindUnique,192,10
sdk,sqlite,nestedFindUnique,193,12
sdk,sqlite,nestedFindUnique,194,12
sdk,sqlite,nestedFindUnique,195,10
sdk,sqlite,nestedFindUnique,196,9
sdk,sqlite,nestedFindUnique,197,12
sdk,sqlite,nestedFindUnique,198,12
sdk,sqlite,nestedFindUnique,199,10
sdk,sqlite,nestedFindUnique,200,9
sdk,sqlite,nestedFindUnique,201,9
sdk,sqlite,nestedFindUnique,202,12
sdk,sqlite,nestedFindUnique,203,12
sdk,sqlite,nestedFindUnique,204,10
sdk,sqlite,nestedFindUnique,205,10
sdk,sqlite,nestedFindUnique,206,12
sdk,sqlite,nestedFindUnique,207,11
sdk,sqlite,nestedFindUnique,208,10
sdk,sqlite,nestedFindUnique,209,10
sdk,sqlite,nestedFindUnique,210,12
sdk,sqlite,nestedFindUnique,211,12
sdk,sqlite,nestedFindUnique,212,10
sdk,sqlite,nestedFindUnique,213,10
sdk,sqlite,nestedFindUnique,214,12
sdk,sqlite,nestedFindUnique,215,12
sdk,sqlite,nestedFindUnique,216,10
sdk,sqlite,nestedFindUnique,217,10
sdk,sqlite,nestedFindUnique,218,12
sdk,sqlite,nestedFindUnique,219,12
sdk,sqlite,nestedFindUnique,220,12
sdk,sqlite,nestedFindUnique,221,12
sdk,sqlite,nestedFindUnique,222,10
sdk,sqlite,nestedFindUnique,223,9
sdk,sqlite,nestedFindUnique,224,12
sdk,sqlite,nestedFindUnique,225,12
sdk,sqlite,nestedFindUnique,226,10
sdk,sqlite,nestedFindUnique,227,9
sdk,sqlite,nestedFindUnique,228,12
sdk,sqlite,nestedFindUnique,229,12
sdk,sqlite,nestedFindUnique,230,10
sdk,sqlite,nestedFindUnique,231,10
sdk,sqlite,nestedFindUnique,232,12
sdk,sqlite,nestedFindUnique,233,12
sdk,sqlite,nestedFindUnique,234,10
sdk,sqlite,nestedFindUnique,235,9
sdk,sqlite,nestedFindUnique,236,10
sdk,sqlite,nestedFindUnique,237,12
sdk,sqlite,nestedFindUnique,238,12
sdk,sqlite,nestedFindUnique,239,10
sdk,sqlite,nestedFindUnique,240,12
sdk,sqlite,nestedFindUnique,241,12
sdk,sqlite,nestedFindUnique,242,10
sdk,sqlite,nestedFindUnique,243,9
sdk,sqlite,nestedFindUnique,244,12
sdk,sqlite,nestedFindUnique,245,12
sdk,sqlite,nestedFindUnique,246,12
sdk,sqlite,nestedFindUnique,247,11
sdk,sqlite,nestedFindUnique,248,11
sdk,sqlite,nestedFindUnique,249,10
sdk,sqlite,nestedFindUnique,250,12
sdk,sqlite,nestedFindUnique,251,12
sdk,sqlite,nestedFindUnique,252,10
sdk,sqlite,nestedFindUnique,253,10
sdk,sqlite,nestedFindUnique,254,12
sdk,sqlite,nestedFindUnique,255,12
sdk,sqlite,nestedFindUnique,256,10
sdk,sqlite,nestedFindUnique,257,10
sdk,sqlite,nestedFindUnique,258,12
sdk,sqlite,nestedFindUnique,259,12
sdk,sqlite,nestedFindUnique,260,10
sdk,sqlite,nestedFindUnique,261,10
sdk,sqlite,nestedFindUnique,262,12
sdk,sqlite,nestedFindUnique,263,12
sdk,sqlite,nestedFindUnique,264,10
sdk,sqlite,nestedFindUnique,265,10
sdk,sqlite,nestedFindUnique,266,12
sdk,sqlite,nestedFindUnique,267,12
sdk,sqlite,nestedFindUnique,268,12
sdk,sqlite,nestedFindUnique,269,12
sdk,sqlite,nestedFindUnique,270,11
sdk,sqlite,nestedFindUnique,271,9
sdk,sqlite,nestedFindUnique,272,12
sdk,sqlite,nestedFindUnique,273,12
sdk,sqlite,nestedFindUnique,274,10
sdk,sqlite,nestedFindUnique,275,10
sdk,sqlite,nestedFindUnique,276,12
sdk,sqlite,nestedFindUnique,277,12
sdk,sqlite,nestedFindUnique,278,10
sdk,sqlite,nestedFindUnique,279,9
sdk,sqlite,nestedFindUnique,280,10
sdk,sqlite,nestedFindUnique,281,12
sdk,sqlite,nestedFindUnique,282,12
sdk,sqlite,nestedFindUnique,283,11
sdk,sqlite,nestedFindUnique,284,10
sdk,sqlite,nestedFindUnique,285,12
sdk,sqlite,nestedFindUnique,286,12
sdk,sqlite,nestedFindUnique,287,10
sdk,sqlite,nestedFindUnique,288,9
sdk,sqlite,nestedFindUnique,289,12
sdk,sqlite,nestedFindUnique,290,12
sdk,sqlite,nestedFindUnique,291,10
sdk,sqlite,nestedFindUnique,292,10
sdk,sqlite,nestedFindUnique,293,12
sdk,sqlite,nestedFindUnique,294,12
sdk,sqlite,nestedFindUnique,295,11
sdk,sqlite,nestedFindUnique,296,11
sdk,sqlite,nestedFindUnique,297,12
sdk,sqlite,nestedFindUnique,298,12
sdk,sqlite,nestedFindUnique,299,10
sdk,sqlite,nestedFindUnique,300,10
sdk,sqlite,nestedFindUnique,301,12
sdk,sqlite,nestedFindUnique,302,12
sdk,sqlite,nestedFindUnique,303,12
sdk,sqlite,nestedFindUnique,304,12
sdk,sqlite,nestedFindUnique,305,11
sdk,sqlite,nestedFindUnique,306,10
sdk,sqlite,nestedFindUnique,307,12
sdk,sqlite,nestedFindUnique,308,12
sdk,sqlite,nestedFindUnique,309,12
sdk,sqlite,nestedFindUnique,310,12
sdk,sqlite,nestedFindUnique,311,10
sdk,sqlite,nestedFindUnique,312,10
sdk,sqlite,nestedFindUnique,313,12
sdk,sqlite,nestedFindUnique,314,12
sdk,sqlite,nestedFindUnique,315,12
sdk,sqlite,nestedFindUnique,316,11
sdk,sqlite,nestedFindUnique,317,10
sdk,sqlite,nestedFindUnique,318,9
sdk,sqlite,nestedFindUnique,319,12
sdk,sqlite,nestedFindUnique,320,12
sdk,sqlite,nestedFindUnique,321,10
sdk,sqlite,nestedFindUnique,322,12
sdk,sqlite,nestedFindUnique,323,12
sdk,sqlite,nestedFindUnique,324,10
sdk,sqlite,nestedFindUnique,325,10
sdk,sqlite,nestedFindUnique,326,12
sdk,sqlite,nestedFindUnique,327,12
sdk,sqlite,nestedFindUnique,328,12
sdk,sqlite,nestedFindUnique,329,12
sdk,sqlite,nestedFindUnique,330,11
sdk,sqlite,nestedFindUnique,331,10
sdk,sqlite,nestedFindUnique,332,12
sdk,sqlite,nestedFindUnique,333,12
sdk,sqlite,nestedFindUnique,334,10
sdk,sqlite,nestedFindUnique,335,10
sdk,sqlite,nestedFindUnique,336,12
sdk,sqlite,nestedFindUnique,337,12
sdk,sqlite,nestedFindUnique,338,10
sdk,sqlite,nestedFindUnique,339,10
sdk,sqlite,nestedFindUnique,340,12
sdk,sqlite,nestedFindUnique,341,12
sdk,sqlite,nestedFindUnique,342,10
sdk,sqlite,nestedFindUnique,343,10
sdk,sqlite,nestedFindUnique,344,12
sdk,sqlite,nestedFindUnique,345,12
sdk,sqlite,nestedFindUnique,346,10
sdk,sqlite,nestedFindUnique,347,9
sdk,sqlite,nestedFindUnique,348,12
sdk,sqlite,nestedFindUnique,349,12
sdk,sqlite,nestedFindUnique,350,10
sdk,sqlite,nestedFindUnique,351,10
sdk,sqlite,nestedFindUnique,352,12
sdk,sqlite,nestedFindUnique,353,12
sdk,sqlite,nestedFindUnique,354,10
sdk,sqlite,nestedFindUnique,355,9
sdk,sqlite,nestedFindUnique,356,12
sdk,sqlite,nestedFindUnique,357,12
sdk,sqlite,nestedFindUnique,358,10
sdk,sqlite,nestedFindUnique,359,9
sdk,sqlite,nestedFindUnique,360,10
sdk,sqlite,nestedFindUnique,361,12
sdk,sqlite,nestedFindUnique,362,12
sdk,sqlite,nestedFindUnique,363,11
sdk,sqlite,nestedFindUnique,364,9
sdk,sqlite,nestedFindUnique,365,12
sdk,sqlite,nestedFindUnique,366,12
sdk,sqlite,nestedFindUnique,367,12
sdk,sqlite,nestedFindUnique,368,12
sdk,sqlite,nestedFindUnique,369,11
sdk,sqlite,nestedFindUnique,370,9
sdk,sqlite,nestedFindUnique,371,12
sdk,sqlite,nestedFindUnique,372,12
sdk,sqlite,nestedFindUnique,373,10
sdk,sqlite,nestedFindUnique,374,9
sdk,sqlite,nestedFindUnique,375,12
sdk,sqlite,nestedFindUnique,376,12
sdk,sqlite,nestedFindUnique,377,10
sdk,sqlite,nestedFindUnique,378,10
sdk,sqlite,nestedFindUnique,379,12
sdk,sqlite,nestedFindUnique,380,12
sdk,sqlite,nestedFindUnique,381,10
sdk,sqlite,nestedFindUnique,382,10
sdk,sqlite,nestedFindUnique,383,12
sdk,sqlite,nestedFindUnique,384,12
sdk,sqlite,nestedFindUnique,385,10
sdk,sqlite,nestedFindUnique,386,10
sdk,sqlite,nestedFindUnique,387,12
sdk,sqlite,nestedFindUnique,388,12
sdk,sqlite,nestedFindUnique,389,10
sdk,sqlite,nestedFindUnique,390,10
sdk,sqlite,nestedFindUnique,391,12
sdk,sqlite,nestedFindUnique,392,12
sdk,sqlite,nestedFindUnique,393,10
sdk,sqlite,nestedFindUnique,394,10
sdk,sqlite,nestedFindUnique,395,12
sdk,sqlite,nestedFindUnique,396,12
sdk,sqlite,nestedFindUnique,397,10
sdk,sqlite,nestedFindUnique,398,10
sdk,sqlite,nestedFindUnique,399,9
sdk,sqlite,nestedFindUnique,400,12
sdk,sqlite,nestedFindUnique,401,12
sdk,sqlite,nestedFindUnique,402,10
sdk,sqlite,nestedFindUnique,403,9
sdk,sqlite,nestedFindUnique,404,12
sdk,sqlite,nestedFindUnique,405,12
sdk,sqlite,nestedFindUnique,406,10
sdk,sqlite,nestedFindUnique,407,9
sdk,sqlite,nestedFindUnique,408,9
sdk,sqlite,nestedFindUnique,409,10
sdk,sqlite,nestedFindUnique,410,12
sdk,sqlite,nestedFindUnique,411,12
sdk,sqlite,nestedFindUnique,412,10
sdk,sqlite,nestedFindUnique,413,9
sdk,sqlite,nestedFindUnique,414,12
sdk,sqlite,nestedFindUnique,415,12
sdk,sqlite,nestedFindUnique,416,10
sdk,sqlite,nestedFindUnique,417,10
sdk,sqlite,nestedFindUnique,418,12
sdk,sqlite,nestedFindUnique,419,12
sdk,sqlite,nestedFindUnique,420,10
sdk,sqlite,nestedFindUnique,421,10
sdk,sqlite,nestedFindUnique,422,12
sdk,sqlite,nestedFindUnique,423,11
sdk,sqlite,nestedFindUnique,424,11
sdk,sqlite,nestedFindUnique,425,10
sdk,sqlite,nestedFindUnique,426,12
sdk,sqlite,nestedFindUnique,427,12
sdk,sqlite,nestedFindUnique,428,12
sdk,sqlite,nestedFindUnique,429,12
sdk,sqlite,nestedFindUnique,430,10
sdk,sqlite,nestedFindUnique,431,10
sdk,sqlite,nestedFindUnique,432,12
sdk,sqlite,nestedFindUnique,433,12
sdk,sqlite,nestedFindUnique,434,12
sdk,sqlite,nestedFindUnique,435,11
sdk,sqlite,nestedFindUnique,436,10
sdk,sqlite,nestedFindUnique,437,12
sdk,sqlite,nestedFindUnique,438,12
sdk,sqlite,nestedFindUnique,439,10
sdk,sqlite,nestedFindUnique,440,10
sdk,sqlite,nestedFindUnique,441,12
sdk,sqlite,nestedFindUnique,442,12
sdk,sqlite,nestedFindUnique,443,12
sdk,sqlite,nestedFindUnique,444,10
sdk,sqlite,nestedFindUnique,445,10
sdk,sqlite,nestedFindUnique,446,10
sdk,sqlite,nestedFindUnique,447,12
sdk,sqlite,nestedFindUnique,448,11
sdk,sqlite,nestedFindUnique,449,10
sdk,sqlite,nestedFindUnique,450,10
sdk,sqlite,nestedFindUnique,451,12
sdk,sqlite,nestedFindUnique,452,12
sdk,sqlite,nestedFindUnique,453,12
sdk,sqlite,nestedFindUnique,454,10
sdk,sqlite,nestedFindUnique,455,12
sdk,sqlite,nestedFindUnique,456,12
sdk,sqlite,nestedFindUnique,457,10
sdk,sqlite,nestedFindUnique,458,9
sdk,sqlite,nestedFindUnique,459,13
sdk,sqlite,nestedFindUnique,460,10
sdk,sqlite,nestedFindUnique,461,10
sdk,sqlite,nestedFindUnique,462,13
sdk,sqlite,nestedFindUnique,463,12
sdk,sqlite,nestedFindUnique,464,10
sdk,sqlite,nestedFindUnique,465,10
sdk,sqlite,nestedFindUnique,466,12
sdk,sqlite,nestedFindUnique,467,13
sdk,sqlite,nestedFindUnique,468,13
sdk,sqlite,nestedFindUnique,469,12
sdk,sqlite,nestedFindUnique,470,10
sdk,sqlite,nestedFindUnique,471,10
sdk,sqlite,nestedFindUnique,472,12
sdk,sqlite,nestedFindUnique,473,12
sdk,sqlite,nestedFindUnique,474,12
sdk,sqlite,nestedFindUnique,475,12
sdk,sqlite,nestedFindUnique,476,11
sdk,sqlite,nestedFindUnique,477,10
sdk,sqlite,nestedFindUnique,478,12
sdk,sqlite,nestedFindUnique,479,12
sdk,sqlite,nestedFindUnique,480,11
sdk,sqlite,nestedFindUnique,481,12
sdk,sqlite,nestedFindUnique,482,12
sdk,sqlite,nestedFindUnique,483,11
sdk,sqlite,nestedFindUnique,484,10
sdk,sqlite,nestedFindUnique,485,13
sdk,sqlite,nestedFindUnique,486,12
sdk,sqlite,nestedFindUnique,487,10
sdk,sqlite,nestedFindUnique,488,10
sdk,sqlite,nestedFindUnique,489,13
sdk,sqlite,nestedFindUnique,490,12
sdk,sqlite,nestedFindUnique,491,10
sdk,sqlite,nestedFindUnique,492,10
sdk,sqlite,nestedFindUnique,493,12
sdk,sqlite,nestedFindUnique,494,12
sdk,sqlite,nestedFindUnique,495,10
sdk,sqlite,nestedFindUnique,496,10
sdk,sqlite,nestedFindUnique,497,13
sdk,sqlite,nestedFindUnique,498,12
sdk,sqlite,nestedFindUnique,499,11
sdk,sqlite,nestedFindUnique,500,10
sdk,sqlite,nestedFindUnique,501,12
sdk,sqlite,nestedFindUnique,502,9
sdk,sqlite,nestedFindUnique,503,12
sdk,sqlite,nestedFindUnique,504,12
sdk,sqlite,nestedFindUnique,505,10
sdk,sqlite,nestedFindUnique,506,10
sdk,sqlite,nestedFindUnique,507,12
sdk,sqlite,nestedFindUnique,508,12
sdk,sqlite,nestedFindUnique,509,10
sdk,sqlite,nestedFindUnique,510,9
sdk,sqlite,nestedFindUnique,511,12
sdk,sqlite,nestedFindUnique,512,12
sdk,sqlite,nestedFindUnique,513,10
sdk,sqlite,nestedFindUnique,514,10
sdk,sqlite,nestedFindUnique,515,12
sdk,sqlite,nestedFindUnique,516,12
sdk,sqlite,nestedFindUnique,517,10
sdk,sqlite,nestedFindUnique,518,9
sdk,sqlite,nestedFindUnique,519,9
sdk,sqlite,nestedFindUnique,520,10
sdk,sqlite,nestedFindUnique,521,10
sdk,sqlite,nestedFindUnique,522,12
sdk,sqlite,nestedFindUnique,523,12
sdk,sqlite,nestedFindUnique,524,10
sdk,sqlite,nestedFindUnique,525,10
sdk,sqlite,nestedFindUnique,526,12
sdk,sqlite,nestedFindUnique,527,12
sdk,sqlite,nestedFindUnique,528,10
sdk,sqlite,nestedFindUnique,529,9
sdk,sqlite,nestedFindUnique,530,12
sdk,sqlite,nestedFindUnique,531,12
sdk,sqlite,nestedFindUnique,532,10
sdk,sqlite,nestedFindUnique,533,10
sdk,sqlite,nestedFindUnique,534,12
sdk,sqlite,nestedFindUnique,535,12
sdk,sqlite,nestedFindUnique,536,10
sdk,sqlite,nestedFindUnique,537,10
sdk,sqlite,nestedFindUnique,538,12
sdk,sqlite,nestedFindUnique,539,12
sdk,sqlite,nestedFindUnique,540,11
sdk,sqlite,nestedFindUnique,541,10
sdk,sqlite,nestedFindUnique,542,12
sdk,sqlite,nestedFindUnique,543,10
sdk,sqlite,nestedFindUnique,544,12
sdk,sqlite,nestedFindUnique,545,12
sdk,sqlite,nestedFindUnique,546,10
sdk,sqlite,nestedFindUnique,547,9
sdk,sqlite,nestedFindUnique,548,12
sdk,sqlite,nestedFindUnique,549,12
sdk,sqlite,nestedFindUnique,550,12
sdk,sqlite,nestedFindUnique,551,11
sdk,sqlite,nestedFindUnique,552,10
sdk,sqlite,nestedFindUnique,553,10
sdk,sqlite,nestedFindUnique,554,12
sdk,sqlite,nestedFindUnique,555,12
sdk,sqlite,nestedFindUnique,556,11
sdk,sqlite,nestedFindUnique,557,10
sdk,sqlite,nestedFindUnique,558,12
sdk,sqlite,nestedFindUnique,559,12
sdk,sqlite,nestedFindUnique,560,10
sdk,sqlite,nestedFindUnique,561,12
sdk,sqlite,nestedFindUnique,562,12
sdk,sqlite,nestedFindUnique,563,10
sdk,sqlite,nestedFindUnique,564,9
sdk,sqlite,nestedFindUnique,565,12
sdk,sqlite,nestedFindUnique,566,12
sdk,sqlite,nestedFindUnique,567,12
sdk,sqlite,nestedFindUnique,568,11
sdk,sqlite,nestedFindUnique,569,12
sdk,sqlite,nestedFindUnique,570,12
sdk,sqlite,nestedFindUnique,571,12
sdk,sqlite,nestedFindUnique,572,11
sdk,sqlite,nestedFindUnique,573,12
sdk,sqlite,nestedFindUnique,574,12
sdk,sqlite,nestedFindUnique,575,10
sdk,sqlite,nestedFindUnique,576,10
sdk,sqlite,nestedFindUnique,577,12
sdk,sqlite,nestedFindUnique,578,12
sdk,sqlite,nestedFindUnique,579,10
sdk,sqlite,nestedFindUnique,580,10
sdk,sqlite,nestedFindUnique,581,12
sdk,sqlite,nestedFindUnique,582,12
sdk,sqlite,nestedFindUnique,583,10
sdk,sqlite,nestedFindUnique,584,10
sdk,sqlite,nestedFindUnique,585,12
sdk,sqlite,nestedFindUnique,586,12
sdk,sqlite,nestedFindUnique,587,12
sdk,sqlite,nestedFindUnique,588,12
sdk,sqlite,nestedFindUnique,589,11
sdk,sqlite,nestedFindUnique,590,10
sdk,sqlite,nestedFindUnique,591,12
sdk,sqlite,nestedFindUnique,592,12
sdk,sqlite,nestedFindUnique,593,10
sdk,sqlite,nestedFindUnique,594,10
sdk,sqlite,nestedFindUnique,595,12
sdk,sqlite,nestedFindUnique,596,12
sdk,sqlite,nestedFindUnique,597,10
sdk,sqlite,nestedFindUnique,598,9
sdk,sqlite,nestedFindUnique,599,9
sdk,sqlite,nestedFindUnique,600,10
sdk,sqlite,nestedFindUnique,601,10
sdk,sqlite,nestedFindUnique,602,10
sdk,sqlite,nestedFindUnique,603,12
sdk,sqlite,nestedFindUnique,604,12
sdk,sqlite,nestedFindUnique,605,13
sdk,sqlite,nestedFindUnique,606,11
sdk,sqlite,nestedFindUnique,607,12
sdk,sqlite,nestedFindUnique,608,12
sdk,sqlite,nestedFindUnique,609,11
sdk,sqlite,nestedFindUnique,610,10
sdk,sqlite,nestedFindUnique,611,11
sdk,sqlite,nestedFindUnique,612,10
sdk,sqlite,nestedFindUnique,613,12
sdk,sqlite,nestedFindUnique,614,12
sdk,sqlite,nestedFindUnique,615,10
sdk,sqlite,nestedFindUnique,616,10
sdk,sqlite,nestedFindUnique,617,12
sdk,sqlite,nestedFindUnique,618,12
sdk,sqlite,nestedFindUnique,619,10
sdk,sqlite,nestedFindUnique,620,9
sdk,sqlite,nestedFindUnique,621,12
sdk,sqlite,nestedFindUnique,622,12
sdk,sqlite,nestedFindUnique,623,10
sdk,sqlite,nestedFindUnique,624,10
sdk,sqlite,nestedFindUnique,625,12
sdk,sqlite,nestedFindUnique,626,12
sdk,sqlite,nestedFindUnique,627,10
sdk,sqlite,nestedFindUnique,628,10
sdk,sqlite,nestedFindUnique,629,12
sdk,sqlite,nestedFindUnique,630,12
sdk,sqlite,nestedFindUnique,631,10
sdk,sqlite,nestedFindUnique,632,10
sdk,sqlite,nestedFindUnique,633,12
sdk,sqlite,nestedFindUnique,634,12
sdk,sqlite,nestedFindUnique,635,10
sdk,sqlite,nestedFindUnique,636,12
sdk,sqlite,nestedFindUnique,637,11
sdk,sqlite,nestedFindUnique,638,10
sdk,sqlite,nestedFindUnique,639,12
sdk,sqlite,nestedFindUnique,640,10
sdk,sqlite,nestedFindUnique,641,12
sdk,sqlite,nestedFindUnique,642,12
sdk,sqlite,nestedFindUnique,643,10
sdk,sqlite,nestedFindUnique,644,12
sdk,sqlite,nestedFindUnique,645,12
sdk,sqlite,nestedFindUnique,646,10
sdk,sqlite,nestedFindUnique,647,9
sdk,sqlite,nestedFindUnique,648,12
sdk,sqlite,nestedFindUnique,649,12
sdk,sqlite,nestedFindUnique,650,10
sdk,sqlite,nestedFindUnique,651,10
sdk,sqlite,nestedFindUnique,652,12
sdk,sqlite,nestedFindUnique,653,12
sdk,sqlite,nestedFindUnique,654,10
sdk,sqlite,nestedFindUnique,655,9
sdk,sqlite,nestedFindUnique,656,12
sdk,sqlite,nestedFindUnique,657,12
sdk,sqlite,nestedFindUnique,658,10
sdk,sqlite,nestedFindUnique,659,9
sdk,sqlite,nestedFindUnique,660,12
sdk,sqlite,nestedFindUnique,661,12
sdk,sqlite,nestedFindUnique,662,10
sdk,sqlite,nestedFindUnique,663,10
sdk,sqlite,nestedFindUnique,664,12
sdk,sqlite,nestedFindUnique,665,10
sdk,sqlite,nestedFindUnique,666,12
sdk,sqlite,nestedFindUnique,667,12
sdk,sqlite,nestedFindUnique,668,10
sdk,sqlite,nestedFindUnique,669,10
sdk,sqlite,nestedFindUnique,670,12
sdk,sqlite,nestedFindUnique,671,12
sdk,sqlite,nestedFindUnique,672,12
sdk,sqlite,nestedFindUnique,673,12
sdk,sqlite,nestedFindUnique,674,10
sdk,sqlite,nestedFindUnique,675,10
sdk,sqlite,nestedFindUnique,676,12
sdk,sqlite,nestedFindUnique,677,12
sdk,sqlite,nestedFindUnique,678,10
sdk,sqlite,nestedFindUnique,679,9
sdk,sqlite,nestedFindUnique,680,12
sdk,sqlite,nestedFindUnique,681,12
sdk,sqlite,nestedFindUnique,682,10
sdk,sqlite,nestedFindUnique,683,9
sdk,sqlite,nestedFindUnique,684,12
sdk,sqlite,nestedFindUnique,685,12
sdk,sqlite,nestedFindUnique,686,10
sdk,sqlite,nestedFindUnique,687,9
sdk,sqlite,nestedFindUnique,688,10
sdk,sqlite,nestedFindUnique,689,12
sdk,sqlite,nestedFindUnique,690,12
sdk,sqlite,nestedFindUnique,691,12
sdk,sqlite,nestedFindUnique,692,10
sdk,sqlite,nestedFindUnique,693,12
sdk,sqlite,nestedFindUnique,694,11
sdk,sqlite,nestedFindUnique,695,11
sdk,sqlite,nestedFindUnique,696,9
sdk,sqlite,nestedFindUnique,697,12
sdk,sqlite,nestedFindUnique,698,12
sdk,sqlite,nestedFindUnique,699,10
sdk,sqlite,nestedFindUnique,700,10
sdk,sqlite,nestedFindUnique,701,12
sdk,sqlite,nestedFindUnique,702,12
sdk,sqlite,nestedFindUnique,703,10
sdk,sqlite,nestedFindUnique,704,9
sdk,sqlite,nestedFindUnique,705,12
sdk,sqlite,nestedFindUnique,706,12
sdk,sqlite,nestedFindUnique,707,12
sdk,sqlite,nestedFindUnique,708,12
sdk,sqlite,nestedFindUnique,709,11
sdk,sqlite,nestedFindUnique,710,10
sdk,sqlite,nestedFindUnique,711,12
sdk,sqlite,nestedFindUnique,712,12
sdk,sqlite,nestedFindUnique,713,12
sdk,sqlite,nestedFindUnique,714,12
sdk,sqlite,nestedFindUnique,715,10
sdk,sqlite,nestedFindUnique,716,10
sdk,sqlite,nestedFindUnique,717,12
sdk,sqlite,nestedFindUnique,718,12
sdk,sqlite,nestedFindUnique,719,12
sdk,sqlite,nestedFindUnique,720,11
sdk,sqlite,nestedFindUnique,721,10
sdk,sqlite,nestedFindUnique,722,12
sdk,sqlite,nestedFindUnique,723,12
sdk,sqlite,nestedFindUnique,724,12
sdk,sqlite,nestedFindUnique,725,11
sdk,sqlite,nestedFindUnique,726,12
sdk,sqlite,nestedFindUnique,727,12
sdk,sqlite,nestedFindUnique,728,12
sdk,sqlite,nestedFindUnique,729,12
sdk,sqlite,nestedFindUnique,730,11
sdk,sqlite,nestedFindUnique,731,10
sdk,sqlite,nestedFindUnique,732,12
sdk,sqlite,nestedFindUnique,733,12
sdk,sqlite,nestedFindUnique,734,10
sdk,sqlite,nestedFindUnique,735,10
sdk,sqlite,nestedFindUnique,736,12
sdk,sqlite,nestedFindUnique,737,12
sdk,sqlite,nestedFindUnique,738,10
sdk,sqlite,nestedFindUnique,739,10
sdk,sqlite,nestedFindUnique,740,12
sdk,sqlite,nestedFindUnique,741,12
sdk,sqlite,nestedFindUnique,742,10
sdk,sqlite,nestedFindUnique,743,9
sdk,sqlite,nestedFindUnique,744,12
sdk,sqlite,nestedFindUnique,745,12
sdk,sqlite,nestedFindUnique,746,10
sdk,sqlite,nestedFindUnique,747,9
sdk,sqlite,nestedFindUnique,748,12
sdk,sqlite,nestedFindUnique,749,12
sdk,sqlite,nestedFindUnique,750,10
sdk,sqlite,nestedFindUnique,751,9
sdk,sqlite,nestedFindUnique,752,12
sdk,sqlite,nestedFindUnique,753,12
sdk,sqlite,nestedFindUnique,754,10
sdk,sqlite,nestedFindUnique,755,10
sdk,sqlite,nestedFindUnique,756,12
sdk,sqlite,nestedFindUnique,757,9
sdk,sqlite,nestedFindUnique,758,12
sdk,sqlite,nestedFindUnique,759,11
sdk,sqlite,nestedFindUnique,760,10
sdk,sqlite,nestedFindUnique,761,10
sdk,sqlite,nestedFindUnique,762,12
sdk,sqlite,nestedFindUnique,763,12
sdk,sqlite,nestedFindUnique,764,11
sdk,sqlite,nestedFindUnique,765,10
sdk,sqlite,nestedFindUnique,766,12
sdk,sqlite,nestedFindUnique,767,12
sdk,sqlite,nestedFindUnique,768,12
sdk,sqlite,nestedFindUnique,769,12
sdk,sqlite,nestedFindUnique,770,10
sdk,sqlite,nestedFindUnique,771,9
sdk,sqlite,nestedFindUnique,772,10
sdk,sqlite,nestedFindUnique,773,12
sdk,sqlite,nestedFindUnique,774,12
sdk,sqlite,nestedFindUnique,775,10
sdk,sqlite,nestedFindUnique,776,12
sdk,sqlite,nestedFindUnique,777,10
sdk,sqlite,nestedFindUnique,778,10
sdk,sqlite,nestedFindUnique,779,12
sdk,sqlite,nestedFindUnique,780,10
sdk,sqlite,nestedFindUnique,781,12
sdk,sqlite,nestedFindUnique,782,12
sdk,sqlite,nestedFindUnique,783,10
sdk,sqlite,nestedFindUnique,784,10
sdk,sqlite,nestedFindUnique,785,12
sdk,sqlite,nestedFindUnique,786,12
sdk,sqlite,nestedFindUnique,787,12
sdk,sqlite,nestedFindUnique,788,12
sdk,sqlite,nestedFindUnique,789,11
sdk,sqlite,nestedFindUnique,790,10
sdk,sqlite,nestedFindUnique,791,12
sdk,sqlite,nestedFindUnique,792,12
sdk,sqlite,nestedFindUnique,793,10
sdk,sqlite,nestedFindUnique,794,10
sdk,sqlite,nestedFindUnique,795,12
sdk,sqlite,nestedFindUnique,796,12
sdk,sqlite,nestedFindUnique,797,10
sdk,sqlite,nestedFindUnique,798,12
sdk,sqlite,nestedFindUnique,799,12
sdk,sqlite,nestedFindUnique,800,10
sdk,sqlite,nestedFindUnique,801,10
sdk,sqlite,nestedFindUnique,802,9
sdk,sqlite,nestedFindUnique,803,12
sdk,sqlite,nestedFindUnique,804,12
sdk,sqlite,nestedFindUnique,805,10
sdk,sqlite,nestedFindUnique,806,9
sdk,sqlite,nestedFindUnique,807,12
sdk,sqlite,nestedFindUnique,808,12
sdk,sqlite,nestedFindUnique,809,12
sdk,sqlite,nestedFindUnique,810,12
sdk,sqlite,nestedFindUnique,811,11
sdk,sqlite,nestedFindUnique,812,10
sdk,sqlite,nestedFindUnique,813,10
sdk,sqlite,nestedFindUnique,814,12
sdk,sqlite,nestedFindUnique,815,9
sdk,sqlite,nestedFindUnique,816,12
sdk,sqlite,nestedFindUnique,817,12
sdk,sqlite,nestedFindUnique,818,10
sdk,sqlite,nestedFindUnique,819,9
sdk,sqlite,nestedFindUnique,820,12
sdk,sqlite,nestedFindUnique,821,12
sdk,sqlite,nestedFindUnique,822,10
sdk,sqlite,nestedFindUnique,823,9
sdk,sqlite,nestedFindUnique,824,12
sdk,sqlite,nestedFindUnique,825,12
sdk,sqlite,nestedFindUnique,826,12
sdk,sqlite,nestedFindUnique,827,11
sdk,sqlite,nestedFindUnique,828,11
sdk,sqlite,nestedFindUnique,829,10
sdk,sqlite,nestedFindUnique,830,12
sdk,sqlite,nestedFindUnique,831,12
sdk,sqlite,nestedFindUnique,832,10
sdk,sqlite,nestedFindUnique,833,10
sdk,sqlite,nestedFindUnique,834,12
sdk,sqlite,nestedFindUnique,835,12
sdk,sqlite,nestedFindUnique,836,12
sdk,sqlite,nestedFindUnique,837,12
sdk,sqlite,nestedFindUnique,838,10
sdk,sqlite,nestedFindUnique,839,9
sdk,sqlite,nestedFindUnique,840,10
sdk,sqlite,nestedFindUnique,841,12
sdk,sqlite,nestedFindUnique,842,10
sdk,sqlite,nestedFindUnique,843,12
sdk,sqlite,nestedFindUnique,844,10
sdk,sqlite,nestedFindUnique,845,12
sdk,sqlite,nestedFindUnique,846,12
sdk,sqlite,nestedFindUnique,847,10
sdk,sqlite,nestedFindUnique,848,9
sdk,sqlite,nestedFindUnique,849,12
sdk,sqlite,nestedFindUnique,850,12
sdk,sqlite,nestedFindUnique,851,10
sdk,sqlite,nestedFindUnique,852,9
sdk,sqlite,nestedFindUnique,853,12
sdk,sqlite,nestedFindUnique,854,12
sdk,sqlite,nestedFindUnique,855,14
sdk,sqlite,nestedFindUnique,856,12
sdk,sqlite,nestedFindUnique,857,12
sdk,sqlite,nestedFindUnique,858,12
sdk,sqlite,nestedFindUnique,859,11
sdk,sqlite,nestedFindUnique,860,10
sdk,sqlite,nestedFindUnique,861,12
sdk,sqlite,nestedFindUnique,862,12
sdk,sqlite,nestedFindUnique,863,13
sdk,sqlite,nestedFindUnique,864,10
sdk,sqlite,nestedFindUnique,865,12
sdk,sqlite,nestedFindUnique,866,10
sdk,sqlite,nestedFindUnique,867,12
sdk,sqlite,nestedFindUnique,868,12
sdk,sqlite,nestedFindUnique,869,10
sdk,sqlite,nestedFindUnique,870,10
sdk,sqlite,nestedFindUnique,871,12
sdk,sqlite,nestedFindUnique,872,12
sdk,sqlite,nestedFindUnique,873,10
sdk,sqlite,nestedFindUnique,874,10
sdk,sqlite,nestedFindUnique,875,12
sdk,sqlite,nestedFindUnique,876,12
sdk,sqlite,nestedFindUnique,877,12
sdk,sqlite,nestedFindUnique,878,12
sdk,sqlite,nestedFindUnique,879,11
sdk,sqlite,nestedFindUnique,880,10
sdk,sqlite,nestedFindUnique,881,10
sdk,sqlite,nestedFindUnique,882,12
sdk,sqlite,nestedFindUnique,883,12
sdk,sqlite,nestedFindUnique,884,10
sdk,sqlite,nestedFindUnique,885,10
sdk,sqlite,nestedFindUnique,886,12
sdk,sqlite,nestedFindUnique,887,12
sdk,sqlite,nestedFindUnique,888,12
sdk,sqlite,nestedFindUnique,889,12
sdk,sqlite,nestedFindUnique,890,10
sdk,sqlite,nestedFindUnique,891,9
sdk,sqlite,nestedFindUnique,892,12
sdk,sqlite,nestedFindUnique,893,12
sdk,sqlite,nestedFindUnique,894,10
sdk,sqlite,nestedFindUnique,895,9
sdk,sqlite,nestedFindUnique,896,12
sdk,sqlite,nestedFindUnique,897,12
sdk,sqlite,nestedFindUnique,898,10
sdk,sqlite,nestedFindUnique,899,10
sdk,sqlite,nestedFindUnique,900,12
sdk,sqlite,nestedFindUnique,901,12
sdk,sqlite,nestedFindUnique,902,11
sdk,sqlite,nestedFindUnique,903,12
sdk,sqlite,nestedFindUnique,904,12
sdk,sqlite,nestedFindUnique,905,12
sdk,sqlite,nestedFindUnique,906,10
sdk,sqlite,nestedFindUnique,907,10
sdk,sqlite,nestedFindUnique,908,11
sdk,sqlite,nestedFindUnique,909,9
sdk,sqlite,nestedFindUnique,910,12
sdk,sqlite,nestedFindUnique,911,12
sdk,sqlite,nestedFindUnique,912,10
sdk,sqlite,nestedFindUnique,913,10
sdk,sqlite,nestedFindUnique,914,12
sdk,sqlite,nestedFindUnique,915,12
sdk,sqlite,nestedFindUnique,916,10
sdk,sqlite,nestedFindUnique,917,10
sdk,sqlite,nestedFindUnique,918,12
sdk,sqlite,nestedFindUnique,919,12
sdk,sqlite,nestedFindUnique,920,10
sdk,sqlite,nestedFindUnique,921,10
sdk,sqlite,nestedFindUnique,922,10
sdk,sqlite,nestedFindUnique,923,12
sdk,sqlite,nestedFindUnique,924,12
sdk,sqlite,nestedFindUnique,925,10
sdk,sqlite,nestedFindUnique,926,12
sdk,sqlite,nestedFindUnique,927,12
sdk,sqlite,nestedFindUnique,928,10
sdk,sqlite,nestedFindUnique,929,10
sdk,sqlite,nestedFindUnique,930,12
sdk,sqlite,nestedFindUnique,931,12
sdk,sqlite,nestedFindUnique,932,12
sdk,sqlite,nestedFindUnique,933,12
sdk,sqlite,nestedFindUnique,934,12
sdk,sqlite,nestedFindUnique,935,13
sdk,sqlite,nestedFindUnique,936,11
sdk,sqlite,nestedFindUnique,937,10
sdk,sqlite,nestedFindUnique,938,12
sdk,sqlite,nestedFindUnique,939,10
sdk,sqlite,nestedFindUnique,940,12
sdk,sqlite,nestedFindUnique,941,12
sdk,sqlite,nestedFindUnique,942,12
sdk,sqlite,nestedFindUnique,943,11
sdk,sqlite,nestedFindUnique,944,10
sdk,sqlite,nestedFindUnique,945,10
sdk,sqlite,nestedFindUnique,946,12
sdk,sqlite,nestedFindUnique,947,12
sdk,sqlite,nestedFindUnique,948,12
sdk,sqlite,nestedFindUnique,949,12
sdk,sqlite,nestedFindUnique,950,11
sdk,sqlite,nestedFindUnique,951,9
sdk,sqlite,nestedFindUnique,952,12
sdk,sqlite,nestedFindUnique,953,12
sdk,sqlite,nestedFindUnique,954,11
sdk,sqlite,nestedFindUnique,955,12
sdk,sqlite,nestedFindUnique,956,12
sdk,sqlite,nestedFindUnique,957,10
sdk,sqlite,nestedFindUnique,958,12
sdk,sqlite,nestedFindUnique,959,12
sdk,sqlite,nestedFindUnique,960,10
sdk,sqlite,nestedFindUnique,961,10
sdk,sqlite,nestedFindUnique,962,10
sdk,sqlite,nestedFindUnique,963,12
sdk,sqlite,nestedFindUnique,964,10
sdk,sqlite,nestedFindUnique,965,12
sdk,sqlite,nestedFindUnique,966,12
sdk,sqlite,nestedFindUnique,967,10
sdk,sqlite,nestedFindUnique,968,10
sdk,sqlite,nestedFindUnique,969,12
sdk,sqlite,nestedFindUnique,970,12
sdk,sqlite,nestedFindUnique,971,23
sdk,sqlite,nestedFindUnique,972,17
sdk,sqlite,nestedFindUnique,973,11
sdk,sqlite,nestedFindUnique,974,11
sdk,sqlite,nestedFindUnique,975,11
sdk,sqlite,nestedFindUnique,976,10
sdk,sqlite,nestedFindUnique,977,11
sdk,sqlite,nestedFindUnique,978,11
sdk,sqlite,nestedFindUnique,979,11
sdk,sqlite,nestedFindUnique,980,10
sdk,sqlite,nestedFindUnique,981,10
sdk,sqlite,nestedFindUnique,982,10
sdk,sqlite,nestedFindUnique,983,10
sdk,sqlite,nestedFindUnique,984,11
sdk,sqlite,nestedFindUnique,985,13
sdk,sqlite,nestedFindUnique,986,12
sdk,sqlite,nestedFindUnique,987,12
sdk,sqlite,nestedFindUnique,988,10
sdk,sqlite,nestedFindUnique,989,12
sdk,sqlite,nestedFindUnique,990,12
sdk,sqlite,nestedFindUnique,991,12
sdk,sqlite,nestedFindUnique,992,12
sdk,sqlite,nestedFindUnique,993,11
sdk,sqlite,nestedFindUnique,994,10
sdk,sqlite,nestedFindUnique,995,12
sdk,sqlite,nestedFindUnique,996,12
sdk,sqlite,nestedFindUnique,997,10
sdk,sqlite,nestedFindUnique,998,10
sdk,sqlite,nestedFindUnique,999,10
sdk,sqlite,create,0,4
sdk,sqlite,create,1,5
sdk,sqlite,create,2,5
sdk,sqlite,create,3,5
sdk,sqlite,create,4,4
sdk,sqlite,create,5,4
sdk,sqlite,create,6,4
sdk,sqlite,create,7,4
sdk,sqlite,create,8,4
sdk,sqlite,create,9,4
sdk,sqlite,create,10,4
sdk,sqlite,create,11,4
sdk,sqlite,create,12,4
sdk,sqlite,create,13,4
sdk,sqlite,create,14,4
sdk,sqlite,create,15,4
sdk,sqlite,create,16,4
sdk,sqlite,create,17,4
sdk,sqlite,create,18,4
sdk,sqlite,create,19,4
sdk,sqlite,create,20,4
sdk,sqlite,create,21,6
sdk,sqlite,create,22,5
sdk,sqlite,create,23,5
sdk,sqlite,create,24,5
sdk,sqlite,create,25,5
sdk,sqlite,create,26,5
sdk,sqlite,create,27,4
sdk,sqlite,create,28,4
sdk,sqlite,create,29,4
sdk,sqlite,create,30,4
sdk,sqlite,create,31,4
sdk,sqlite,create,32,5
sdk,sqlite,create,33,5
sdk,sqlite,create,34,4
sdk,sqlite,create,35,4
sdk,sqlite,create,36,4
sdk,sqlite,create,37,4
sdk,sqlite,create,38,4
sdk,sqlite,create,39,4
sdk,sqlite,create,40,4
sdk,sqlite,create,41,4
sdk,sqlite,create,42,4
sdk,sqlite,create,43,6
sdk,sqlite,create,44,15
sdk,sqlite,create,45,5
sdk,sqlite,create,46,5
sdk,sqlite,create,47,5
sdk,sqlite,create,48,5
sdk,sqlite,create,49,4
sdk,sqlite,create,50,4
sdk,sqlite,create,51,4
sdk,sqlite,create,52,4
sdk,sqlite,create,53,4
sdk,sqlite,create,54,4
sdk,sqlite,create,55,4
sdk,sqlite,create,56,4
sdk,sqlite,create,57,4
sdk,sqlite,create,58,4
sdk,sqlite,create,59,4
sdk,sqlite,create,60,4
sdk,sqlite,create,61,4
sdk,sqlite,create,62,4
sdk,sqlite,create,63,4
sdk,sqlite,create,64,4
sdk,sqlite,create,65,4
sdk,sqlite,create,66,4
sdk,sqlite,create,67,4
sdk,sqlite,create,68,4
sdk,sqlite,create,69,4
sdk,sqlite,create,70,4
sdk,sqlite,create,71,4
sdk,sqlite,create,72,4
sdk,sqlite,create,73,4
sdk,sqlite,create,74,4
sdk,sqlite,create,75,4
sdk,sqlite,create,76,4
sdk,sqlite,create,77,4
sdk,sqlite,create,78,4
sdk,sqlite,create,79,4
sdk,sqlite,create,80,5
sdk,sqlite,create,81,6
sdk,sqlite,create,82,4
sdk,sqlite,create,83,4
sdk,sqlite,create,84,4
sdk,sqlite,create,85,4
sdk,sqlite,create,86,4
sdk,sqlite,create,87,9
sdk,sqlite,create,88,5
sdk,sqlite,create,89,5
sdk,sqlite,create,90,5
sdk,sqlite,create,91,5
sdk,sqlite,create,92,5
sdk,sqlite,create,93,4
sdk,sqlite,create,94,4
sdk,sqlite,create,95,4
sdk,sqlite,create,96,4
sdk,sqlite,create,97,4
sdk,sqlite,create,98,4
sdk,sqlite,create,99,4
sdk,sqlite,create,100,4
sdk,sqlite,create,101,4
sdk,sqlite,create,102,4
sdk,sqlite,create,103,4
sdk,sqlite,create,104,4
sdk,sqlite,create,105,4
sdk,sqlite,create,106,4
sdk,sqlite,create,107,4
sdk,sqlite,create,108,4
sdk,sqlite,create,109,6
sdk,sqlite,create,110,4
sdk,sqlite,create,111,4
sdk,sqlite,create,112,4
sdk,sqlite,create,113,4
sdk,sqlite,create,114,4
sdk,sqlite,create,115,4
sdk,sqlite,create,116,4
sdk,sqlite,create,117,4
sdk,sqlite,create,118,4
sdk,sqlite,create,119,6
sdk,sqlite,create,120,5
sdk,sqlite,create,121,5
sdk,sqlite,create,122,5
sdk,sqlite,create,123,5
sdk,sqlite,create,124,7
sdk,sqlite,create,125,5
sdk,sqlite,create,126,5
sdk,sqlite,create,127,10
sdk,sqlite,create,128,9
sdk,sqlite,create,129,12
sdk,sqlite,create,130,12
sdk,sqlite,create,131,5
sdk,sqlite,create,132,5
sdk,sqlite,create,133,4
sdk,sqlite,create,134,4
sdk,sqlite,create,135,4
sdk,sqlite,create,136,4
sdk,sqlite,create,137,4
sdk,sqlite,create,138,4
sdk,sqlite,create,139,4
sdk,sqlite,create,140,4
sdk,sqlite,create,141,5
sdk,sqlite,create,142,4
sdk,sqlite,create,143,4
sdk,sqlite,create,144,4
sdk,sqlite,create,145,4
sdk,sqlite,create,146,4
sdk,sqlite,create,147,4
sdk,sqlite,create,148,4
sdk,sqlite,create,149,4
sdk,sqlite,create,150,4
sdk,sqlite,create,151,4
sdk,sqlite,create,152,4
sdk,sqlite,create,153,4
sdk,sqlite,create,154,4
sdk,sqlite,create,155,4
sdk,sqlite,create,156,4
sdk,sqlite,create,157,4
sdk,sqlite,create,158,4
sdk,sqlite,create,159,4
sdk,sqlite,create,160,4
sdk,sqlite,create,161,4
sdk,sqlite,create,162,4
sdk,sqlite,create,163,4
sdk,sqlite,create,164,4
sdk,sqlite,create,165,4
sdk,sqlite,create,166,4
sdk,sqlite,create,167,4
sdk,sqlite,create,168,4
sdk,sqlite,create,169,5
sdk,sqlite,create,170,5
sdk,sqlite,create,171,5
sdk,sqlite,create,172,4
sdk,sqlite,create,173,10
sdk,sqlite,create,174,6
sdk,sqlite,create,175,5
sdk,sqlite,create,176,4
sdk,sqlite,create,177,4
sdk,sqlite,create,178,4
sdk,sqlite,create,179,4
sdk,sqlite,create,180,4
sdk,sqlite,create,181,4
sdk,sqlite,create,182,4
sdk,sqlite,create,183,4
sdk,sqlite,create,184,4
sdk,sqlite,create,185,4
sdk,sqlite,create,186,4
sdk,sqlite,create,187,4
sdk,sqlite,create,188,4
sdk,sqlite,create,189,4
sdk,sqlite,create,190,4
sdk,sqlite,create,191,4
sdk,sqlite,create,192,4
sdk,sqlite,create,193,4
sdk,sqlite,create,194,4
sdk,sqlite,create,195,4
sdk,sqlite,create,196,4
sdk,sqlite,create,197,4
sdk,sqlite,create,198,4
sdk,sqlite,create,199,4
sdk,sqlite,create,200,4
sdk,sqlite,create,201,5
sdk,sqlite,create,202,4
sdk,sqlite,create,203,4
sdk,sqlite,create,204,4
sdk,sqlite,create,205,4
sdk,sqlite,create,206,9
sdk,sqlite,create,207,5
sdk,sqlite,create,208,5
sdk,sqlite,create,209,5
sdk,sqlite,create,210,5
sdk,sqlite,create,211,5
sdk,sqlite,create,212,4
sdk,sqlite,create,213,4
sdk,sqlite,create,214,4
sdk,sqlite,create,215,4
sdk,sqlite,create,216,5
sdk,sqlite,create,217,5
sdk,sqlite,create,218,5
sdk,sqlite,create,219,4
sdk,sqlite,create,220,4
sdk,sqlite,create,221,4
sdk,sqlite,create,222,4
sdk,sqlite,create,223,4
sdk,sqlite,create,224,4
sdk,sqlite,create,225,4
sdk,sqlite,create,226,4
sdk,sqlite,create,227,4
sdk,sqlite,create,228,4
sdk,sqlite,create,229,5
sdk,sqlite,create,230,7
sdk,sqlite,create,231,4
sdk,sqlite,create,232,4
sdk,sqlite,create,233,4
sdk,sqlite,create,234,4
sdk,sqlite,create,235,4
sdk,sqlite,create,236,4
sdk,sqlite,create,237,4
sdk,sqlite,create,238,4
sdk,sqlite,create,239,4
sdk,sqlite,create,240,4
sdk,sqlite,create,241,4
sdk,sqlite,create,242,4
sdk,sqlite,create,243,4
sdk,sqlite,create,244,4
sdk,sqlite,create,245,4
sdk,sqlite,create,246,4
sdk,sqlite,create,247,4
sdk,sqlite,create,248,4
sdk,sqlite,create,249,7
sdk,sqlite,create,250,4
sdk,sqlite,create,251,4
sdk,sqlite,create,252,4
sdk,sqlite,create,253,4
sdk,sqlite,create,254,4
sdk,sqlite,create,255,4
sdk,sqlite,create,256,4
sdk,sqlite,create,257,4
sdk,sqlite,create,258,4
sdk,sqlite,create,259,4
sdk,sqlite,create,260,4
sdk,sqlite,create,261,5
sdk,sqlite,create,262,5
sdk,sqlite,create,263,10
sdk,sqlite,create,264,4
sdk,sqlite,create,265,4
sdk,sqlite,create,266,4
sdk,sqlite,create,267,4
sdk,sqlite,create,268,4
sdk,sqlite,create,269,4
sdk,sqlite,create,270,4
sdk,sqlite,create,271,4
sdk,sqlite,create,272,4
sdk,sqlite,create,273,7
sdk,sqlite,create,274,4
sdk,sqlite,create,275,4
sdk,sqlite,create,276,4
sdk,sqlite,create,277,4
sdk,sqlite,create,278,4
sdk,sqlite,create,279,4
sdk,sqlite,create,280,4
sdk,sqlite,create,281,7
sdk,sqlite,create,282,8
sdk,sqlite,create,283,5
sdk,sqlite,create,284,7
sdk,sqlite,create,285,5
sdk,sqlite,create,286,7
sdk,sqlite,create,287,4
sdk,sqlite,create,288,4
sdk,sqlite,create,289,4
sdk,sqlite,create,290,7
sdk,sqlite,create,291,5
sdk,sqlite,create,292,5
sdk,sqlite,create,293,11
sdk,sqlite,create,294,5
sdk,sqlite,create,295,4
sdk,sqlite,create,296,7
sdk,sqlite,create,297,5
sdk,sqlite,create,298,11
sdk,sqlite,create,299,10
sdk,sqlite,create,300,13
sdk,sqlite,create,301,12
sdk,sqlite,create,302,4
sdk,sqlite,create,303,4
sdk,sqlite,create,304,4
sdk,sqlite,create,305,4
sdk,sqlite,create,306,4
sdk,sqlite,create,307,4
sdk,sqlite,create,308,4
sdk,sqlite,create,309,4
sdk,sqlite,create,310,4
sdk,sqlite,create,311,4
sdk,sqlite,create,312,4
sdk,sqlite,create,313,4
sdk,sqlite,create,314,4
sdk,sqlite,create,315,4
sdk,sqlite,create,316,4
sdk,sqlite,create,317,4
sdk,sqlite,create,318,4
sdk,sqlite,create,319,4
sdk,sqlite,create,320,4
sdk,sqlite,create,321,5
sdk,sqlite,create,322,4
sdk,sqlite,create,323,4
sdk,sqlite,create,324,4
sdk,sqlite,create,325,4
sdk,sqlite,create,326,4
sdk,sqlite,create,327,4
sdk,sqlite,create,328,4
sdk,sqlite,create,329,4
sdk,sqlite,create,330,4
sdk,sqlite,create,331,4
sdk,sqlite,create,332,4
sdk,sqlite,create,333,4
sdk,sqlite,create,334,4
sdk,sqlite,create,335,4
sdk,sqlite,create,336,4
sdk,sqlite,create,337,4
sdk,sqlite,create,338,4
sdk,sqlite,create,339,4
sdk,sqlite,create,340,4
sdk,sqlite,create,341,4
sdk,sqlite,create,342,4
sdk,sqlite,create,343,4
sdk,sqlite,create,344,8
sdk,sqlite,create,345,5
sdk,sqlite,create,346,5
sdk,sqlite,create,347,5
sdk,sqlite,create,348,5
sdk,sqlite,create,349,5
sdk,sqlite,create,350,4
sdk,sqlite,create,351,5
sdk,sqlite,create,352,5
sdk,sqlite,create,353,5
sdk,sqlite,create,354,4
sdk,sqlite,create,355,4
sdk,sqlite,create,356,4
sdk,sqlite,create,357,4
sdk,sqlite,create,358,4
sdk,sqlite,create,359,4
sdk,sqlite,create,360,4
sdk,sqlite,create,361,4
sdk,sqlite,create,362,4
sdk,sqlite,create,363,4
sdk,sqlite,create,364,4
sdk,sqlite,create,365,4
sdk,sqlite,create,366,4
sdk,sqlite,create,367,4
sdk,sqlite,create,368,4
sdk,sqlite,create,369,4
sdk,sqlite,create,370,4
sdk,sqlite,create,371,4
sdk,sqlite,create,372,8
sdk,sqlite,create,373,4
sdk,sqlite,create,374,4
sdk,sqlite,create,375,4
sdk,sqlite,create,376,4
sdk,sqlite,create,377,4
sdk,sqlite,create,378,4
sdk,sqlite,create,379,4
sdk,sqlite,create,380,4
sdk,sqlite,create,381,5
sdk,sqlite,create,382,4
sdk,sqlite,create,383,4
sdk,sqlite,create,384,4
sdk,sqlite,create,385,4
sdk,sqlite,create,386,4
sdk,sqlite,create,387,4
sdk,sqlite,create,388,4
sdk,sqlite,create,389,4
sdk,sqlite,create,390,4
sdk,sqlite,create,391,4
sdk,sqlite,create,392,4
sdk,sqlite,create,393,8
sdk,sqlite,create,394,4
sdk,sqlite,create,395,5
sdk,sqlite,create,396,5
sdk,sqlite,create,397,5
sdk,sqlite,create,398,4
sdk,sqlite,create,399,4
sdk,sqlite,create,400,4
sdk,sqlite,create,401,4
sdk,sqlite,create,402,4
sdk,sqlite,create,403,4
sdk,sqlite,create,404,4
sdk,sqlite,create,405,4
sdk,sqlite,create,406,4
sdk,sqlite,create,407,4
sdk,sqlite,create,408,4
sdk,sqlite,create,409,7
sdk,sqlite,create,410,4
sdk,sqlite,create,411,4
sdk,sqlite,create,412,4
sdk,sqlite,create,413,4
sdk,sqlite,create,414,4
sdk,sqlite,create,415,4
sdk,sqlite,create,416,4
sdk,sqlite,create,417,4
sdk,sqlite,create,418,5
sdk,sqlite,create,419,4
sdk,sqlite,create,420,7
sdk,sqlite,create,421,5
sdk,sqlite,create,422,5
sdk,sqlite,create,423,5
sdk,sqlite,create,424,5
sdk,sqlite,create,425,5
sdk,sqlite,create,426,4
sdk,sqlite,create,427,4
sdk,sqlite,create,428,4
sdk,sqlite,create,429,7
sdk,sqlite,create,430,4
sdk,sqlite,create,431,4
sdk,sqlite,create,432,4
sdk,sqlite,create,433,4
sdk,sqlite,create,434,4
sdk,sqlite,create,435,4
sdk,sqlite,create,436,7
sdk,sqlite,create,437,4
sdk,sqlite,create,438,4
sdk,sqlite,create,439,4
sdk,sqlite,create,440,5
sdk,sqlite,create,441,15
sdk,sqlite,create,442,6
sdk,sqlite,create,443,5
sdk,sqlite,create,444,4
sdk,sqlite,create,445,4
sdk,sqlite,create,446,4
sdk,sqlite,create,447,9
sdk,sqlite,create,448,5
sdk,sqlite,create,449,5
sdk,sqlite,create,450,9
sdk,sqlite,create,451,5
sdk,sqlite,create,452,12
sdk,sqlite,create,453,6
sdk,sqlite,create,454,5
sdk,sqlite,create,455,5
sdk,sqlite,create,456,5
sdk,sqlite,create,457,5
sdk,sqlite,create,458,4
sdk,sqlite,create,459,4
sdk,sqlite,create,460,4
sdk,sqlite,create,461,4
sdk,sqlite,create,462,4
sdk,sqlite,create,463,4
sdk,sqlite,create,464,4
sdk,sqlite,create,465,4
sdk,sqlite,create,466,4
sdk,sqlite,create,467,4
sdk,sqlite,create,468,5
sdk,sqlite,create,469,5
sdk,sqlite,create,470,4
sdk,sqlite,create,471,4
sdk,sqlite,create,472,4
sdk,sqlite,create,473,4
sdk,sqlite,create,474,4
sdk,sqlite,create,475,4
sdk,sqlite,create,476,4
sdk,sqlite,create,477,4
sdk,sqlite,create,478,4
sdk,sqlite,create,479,4
sdk,sqlite,create,480,4
sdk,sqlite,create,481,4
sdk,sqlite,create,482,4
sdk,sqlite,create,483,4
sdk,sqlite,create,484,4
sdk,sqlite,create,485,4
sdk,sqlite,create,486,4
sdk,sqlite,create,487,4
sdk,sqlite,create,488,4
sdk,sqlite,create,489,4
sdk,sqlite,create,490,4
sdk,sqlite,create,491,4
sdk,sqlite,create,492,4
sdk,sqlite,create,493,4
sdk,sqlite,create,494,4
sdk,sqlite,create,495,4
sdk,sqlite,create,496,8
sdk,sqlite,create,497,4
sdk,sqlite,create,498,4
sdk,sqlite,create,499,4
sdk,sqlite,create,500,4
sdk,sqlite,create,501,5
sdk,sqlite,create,502,4
sdk,sqlite,create,503,4
sdk,sqlite,create,504,4
sdk,sqlite,create,505,4
sdk,sqlite,create,506,4
sdk,sqlite,create,507,4
sdk,sqlite,create,508,4
sdk,sqlite,create,509,4
sdk,sqlite,create,510,4
sdk,sqlite,create,511,4
sdk,sqlite,create,512,4
sdk,sqlite,create,513,4
sdk,sqlite,create,514,4
sdk,sqlite,create,515,4
sdk,sqlite,create,516,4
sdk,sqlite,create,517,4
sdk,sqlite,create,518,4
sdk,sqlite,create,519,4
sdk,sqlite,create,520,4
sdk,sqlite,create,521,4
sdk,sqlite,create,522,4
sdk,sqlite,create,523,8
sdk,sqlite,create,524,5
sdk,sqlite,create,525,5
sdk,sqlite,create,526,5
sdk,sqlite,create,527,5
sdk,sqlite,create,528,5
sdk,sqlite,create,529,4
sdk,sqlite,create,530,4
sdk,sqlite,create,531,4
sdk,sqlite,create,532,4
sdk,sqlite,create,533,4
sdk,sqlite,create,534,4
sdk,sqlite,create,535,4
sdk,sqlite,create,536,4
sdk,sqlite,create,537,4
sdk,sqlite,create,538,4
sdk,sqlite,create,539,4
sdk,sqlite,create,540,4
sdk,sqlite,create,541,6
sdk,sqlite,create,542,4
sdk,sqlite,create,543,4
sdk,sqlite,create,544,7
sdk,sqlite,create,545,5
sdk,sqlite,create,546,5
sdk,sqlite,create,547,4
sdk,sqlite,create,548,5
sdk,sqlite,create,549,5
sdk,sqlite,create,550,4
sdk,sqlite,create,551,4
sdk,sqlite,create,552,4
sdk,sqlite,create,553,4
sdk,sqlite,create,554,4
sdk,sqlite,create,555,4
sdk,sqlite,create,556,4
sdk,sqlite,create,557,4
sdk,sqlite,create,558,4
sdk,sqlite,create,559,9
sdk,sqlite,create,560,4
sdk,sqlite,create,561,5
sdk,sqlite,create,562,4
sdk,sqlite,create,563,4
sdk,sqlite,create,564,4
sdk,sqlite,create,565,4
sdk,sqlite,create,566,5
sdk,sqlite,create,567,5
sdk,sqlite,create,568,4
sdk,sqlite,create,569,4
sdk,sqlite,create,570,4
sdk,sqlite,create,571,10
sdk,sqlite,create,572,5
sdk,sqlite,create,573,5
sdk,sqlite,create,574,5
sdk,sqlite,create,575,5
sdk,sqlite,create,576,5
sdk,sqlite,create,577,4
sdk,sqlite,create,578,4
sdk,sqlite,create,579,4
sdk,sqlite,create,580,4
sdk,sqlite,create,581,4
sdk,sqlite,create,582,4
sdk,sqlite,create,583,4
sdk,sqlite,create,584,4
sdk,sqlite,create,585,4
sdk,sqlite,create,586,4
sdk,sqlite,create,587,4
sdk,sqlite,create,588,7
sdk,sqlite,create,589,4
sdk,sqlite,create,590,4
sdk,sqlite,create,591,4
sdk,sqlite,create,592,4
sdk,sqlite,create,593,4
sdk,sqlite,create,594,4
sdk,sqlite,create,595,4
sdk,sqlite,create,596,7
sdk,sqlite,create,597,5
sdk,sqlite,create,598,5
sdk,sqlite,create,599,5
sdk,sqlite,create,600,7
sdk,sqlite,create,601,4
sdk,sqlite,create,602,9
sdk,sqlite,create,603,12
sdk,sqlite,create,604,5
sdk,sqlite,create,605,5
sdk,sqlite,create,606,5
sdk,sqlite,create,607,5
sdk,sqlite,create,608,5
sdk,sqlite,create,609,5
sdk,sqlite,create,610,5
sdk,sqlite,create,611,5
sdk,sqlite,create,612,5
sdk,sqlite,create,613,5
sdk,sqlite,create,614,4
sdk,sqlite,create,615,4
sdk,sqlite,create,616,4
sdk,sqlite,create,617,4
sdk,sqlite,create,618,4
sdk,sqlite,create,619,4
sdk,sqlite,create,620,4
sdk,sqlite,create,621,5
sdk,sqlite,create,622,4
sdk,sqlite,create,623,4
sdk,sqlite,create,624,4
sdk,sqlite,create,625,4
sdk,sqlite,create,626,4
sdk,sqlite,create,627,4
sdk,sqlite,create,628,4
sdk,sqlite,create,629,4
sdk,sqlite,create,630,4
sdk,sqlite,create,631,4
sdk,sqlite,create,632,4
sdk,sqlite,create,633,4
sdk,sqlite,create,634,4
sdk,sqlite,create,635,4
sdk,sqlite,create,636,4
sdk,sqlite,create,637,4
sdk,sqlite,create,638,4
sdk,sqlite,create,639,4
sdk,sqlite,create,640,4
sdk,sqlite,create,641,4
sdk,sqlite,create,642,4
sdk,sqlite,create,643,4
sdk,sqlite,create,644,4
sdk,sqlite,create,645,4
sdk,sqlite,create,646,8
sdk,sqlite,create,647,4
sdk,sqlite,create,648,4
sdk,sqlite,create,649,4
sdk,sqlite,create,650,4
sdk,sqlite,create,651,4
sdk,sqlite,create,652,4
sdk,sqlite,create,653,4
sdk,sqlite,create,654,4
sdk,sqlite,create,655,4
sdk,sqlite,create,656,4
sdk,sqlite,create,657,4
sdk,sqlite,create,658,4
sdk,sqlite,create,659,4
sdk,sqlite,create,660,4
sdk,sqlite,create,661,4
sdk,sqlite,create,662,4
sdk,sqlite,create,663,4
sdk,sqlite,create,664,5
sdk,sqlite,create,665,5
sdk,sqlite,create,666,4
sdk,sqlite,create,667,4
sdk,sqlite,create,668,4
sdk,sqlite,create,669,4
sdk,sqlite,create,670,4
sdk,sqlite,create,671,4
sdk,sqlite,create,672,4
sdk,sqlite,create,673,4
sdk,sqlite,create,674,7
sdk,sqlite,create,675,5
sdk,sqlite,create,676,5
sdk,sqlite,create,677,5
sdk,sqlite,create,678,5
sdk,sqlite,create,679,5
sdk,sqlite,create,680,4
sdk,sqlite,create,681,5
sdk,sqlite,create,682,4
sdk,sqlite,create,683,4
sdk,sqlite,create,684,4
sdk,sqlite,create,685,4
sdk,sqlite,create,686,4
sdk,sqlite,create,687,4
sdk,sqlite,create,688,4
sdk,sqlite,create,689,4
sdk,sqlite,create,690,4
sdk,sqlite,create,691,4
sdk,sqlite,create,692,4
sdk,sqlite,create,693,4
sdk,sqlite,create,694,4
sdk,sqlite,create,695,8
sdk,sqlite,create,696,5
sdk,sqlite,create,697,5
sdk,sqlite,create,698,5
sdk,sqlite,create,699,5
sdk,sqlite,create,700,5
sdk,sqlite,create,701,5
sdk,sqlite,create,702,5
sdk,sqlite,create,703,4
sdk,sqlite,create,704,4
sdk,sqlite,create,705,4
sdk,sqlite,create,706,4
sdk,sqlite,create,707,4
sdk,sqlite,create,708,4
sdk,sqlite,create,709,4
sdk,sqlite,create,710,4
sdk,sqlite,create,711,4
sdk,sqlite,create,712,4
sdk,sqlite,create,713,4
sdk,sqlite,create,714,4
sdk,sqlite,create,715,4
sdk,sqlite,create,716,4
sdk,sqlite,create,717,4
sdk,sqlite,create,718,4
sdk,sqlite,create,719,4
sdk,sqlite,create,720,4
sdk,sqlite,create,721,4
sdk,sqlite,create,722,4
sdk,sqlite,create,723,4
sdk,sqlite,create,724,4
sdk,sqlite,create,725,8
sdk,sqlite,create,726,4
sdk,sqlite,create,727,4
sdk,sqlite,create,728,4
sdk,sqlite,create,729,4
sdk,sqlite,create,730,4
sdk,sqlite,create,731,4
sdk,sqlite,create,732,4
sdk,sqlite,create,733,4
sdk,sqlite,create,734,4
sdk,sqlite,create,735,4
sdk,sqlite,create,736,4
sdk,sqlite,create,737,4
sdk,sqlite,create,738,4
sdk,sqlite,create,739,4
sdk,sqlite,create,740,7
sdk,sqlite,create,741,7
sdk,sqlite,create,742,5
sdk,sqlite,create,743,4
sdk,sqlite,create,744,4
sdk,sqlite,create,745,4
sdk,sqlite,create,746,5
sdk,sqlite,create,747,5
sdk,sqlite,create,748,9
sdk,sqlite,create,749,4
sdk,sqlite,create,750,4
sdk,sqlite,create,751,4
sdk,sqlite,create,752,9
sdk,sqlite,create,753,5
sdk,sqlite,create,754,15
sdk,sqlite,create,755,5
sdk,sqlite,create,756,4
sdk,sqlite,create,757,4
sdk,sqlite,create,758,4
sdk,sqlite,create,759,4
sdk,sqlite,create,760,4
sdk,sqlite,create,761,4
sdk,sqlite,create,762,4
sdk,sqlite,create,763,4
sdk,sqlite,create,764,4
sdk,sqlite,create,765,4
sdk,sqlite,create,766,4
sdk,sqlite,create,767,4
sdk,sqlite,create,768,4
sdk,sqlite,create,769,4
sdk,sqlite,create,770,4
sdk,sqlite,create,771,4
sdk,sqlite,create,772,4
sdk,sqlite,create,773,4
sdk,sqlite,create,774,4
sdk,sqlite,create,775,4
sdk,sqlite,create,776,4
sdk,sqlite,create,777,4
sdk,sqlite,create,778,4
sdk,sqlite,create,779,4
sdk,sqlite,create,780,5
sdk,sqlite,create,781,5
sdk,sqlite,create,782,5
sdk,sqlite,create,783,5
sdk,sqlite,create,784,4
sdk,sqlite,create,785,4
sdk,sqlite,create,786,4
sdk,sqlite,create,787,4
sdk,sqlite,create,788,4
sdk,sqlite,create,789,4
sdk,sqlite,create,790,4
sdk,sqlite,create,791,4
sdk,sqlite,create,792,4
sdk,sqlite,create,793,4
sdk,sqlite,create,794,4
sdk,sqlite,create,795,4
sdk,sqlite,create,796,4
sdk,sqlite,create,797,8
sdk,sqlite,create,798,5
sdk,sqlite,create,799,5
sdk,sqlite,create,800,5
sdk,sqlite,create,801,6
sdk,sqlite,create,802,4
sdk,sqlite,create,803,4
sdk,sqlite,create,804,4
sdk,sqlite,create,805,4
sdk,sqlite,create,806,4
sdk,sqlite,create,807,4
sdk,sqlite,create,808,4
sdk,sqlite,create,809,4
sdk,sqlite,create,810,4
sdk,sqlite,create,811,4
sdk,sqlite,create,812,4
sdk,sqlite,create,813,4
sdk,sqlite,create,814,4
sdk,sqlite,create,815,4
sdk,sqlite,create,816,4
sdk,sqlite,create,817,4
sdk,sqlite,create,818,4
sdk,sqlite,create,819,4
sdk,sqlite,create,820,4
sdk,sqlite,create,821,4
sdk,sqlite,create,822,4
sdk,sqlite,create,823,4
sdk,sqlite,create,824,4
sdk,sqlite,create,825,8
sdk,sqlite,create,826,4
sdk,sqlite,create,827,4
sdk,sqlite,create,828,5
sdk,sqlite,create,829,5
sdk,sqlite,create,830,4
sdk,sqlite,create,831,4
sdk,sqlite,create,832,4
sdk,sqlite,create,833,4
sdk,sqlite,create,834,4
sdk,sqlite,create,835,4
sdk,sqlite,create,836,4
sdk,sqlite,create,837,4
sdk,sqlite,create,838,4
sdk,sqlite,create,839,4
sdk,sqlite,create,840,5
sdk,sqlite,create,841,5
sdk,sqlite,create,842,5
sdk,sqlite,create,843,5
sdk,sqlite,create,844,5
sdk,sqlite,create,845,5
sdk,sqlite,create,846,4
sdk,sqlite,create,847,4
sdk,sqlite,create,848,4
sdk,sqlite,create,849,4
sdk,sqlite,create,850,4
sdk,sqlite,create,851,4
sdk,sqlite,create,852,4
sdk,sqlite,create,853,4
sdk,sqlite,create,854,4
sdk,sqlite,create,855,4
sdk,sqlite,create,856,4
sdk,sqlite,create,857,4
sdk,sqlite,create,858,4
sdk,sqlite,create,859,4
sdk,sqlite,create,860,4
sdk,sqlite,create,861,5
sdk,sqlite,create,862,4
sdk,sqlite,create,863,4
sdk,sqlite,create,864,4
sdk,sqlite,create,865,4
sdk,sqlite,create,866,14
sdk,sqlite,create,867,6
sdk,sqlite,create,868,4
sdk,sqlite,create,869,4
sdk,sqlite,create,870,4
sdk,sqlite,create,871,4
sdk,sqlite,create,872,4
sdk,sqlite,create,873,4
sdk,sqlite,create,874,4
sdk,sqlite,create,875,4
sdk,sqlite,create,876,4
sdk,sqlite,create,877,4
sdk,sqlite,create,878,4
sdk,sqlite,create,879,5
sdk,sqlite,create,880,5
sdk,sqlite,create,881,5
sdk,sqlite,create,882,5
sdk,sqlite,create,883,5
sdk,sqlite,create,884,5
sdk,sqlite,create,885,7
sdk,sqlite,create,886,5
sdk,sqlite,create,887,5
sdk,sqlite,create,888,5
sdk,sqlite,create,889,5
sdk,sqlite,create,890,5
sdk,sqlite,create,891,4
sdk,sqlite,create,892,4
sdk,sqlite,create,893,4
sdk,sqlite,create,894,4
sdk,sqlite,create,895,7
sdk,sqlite,create,896,4
sdk,sqlite,create,897,4
sdk,sqlite,create,898,4
sdk,sqlite,create,899,4
sdk,sqlite,create,900,4
sdk,sqlite,create,901,4
sdk,sqlite,create,902,4
sdk,sqlite,create,903,4
sdk,sqlite,create,904,4
sdk,sqlite,create,905,5
sdk,sqlite,create,906,5
sdk,sqlite,create,907,5
sdk,sqlite,create,908,4
sdk,sqlite,create,909,4
sdk,sqlite,create,910,4
sdk,sqlite,create,911,4
sdk,sqlite,create,912,4
sdk,sqlite,create,913,4
sdk,sqlite,create,914,4
sdk,sqlite,create,915,4
sdk,sqlite,create,916,4
sdk,sqlite,create,917,4
sdk,sqlite,create,918,4
sdk,sqlite,create,919,7
sdk,sqlite,create,920,5
sdk,sqlite,create,921,4
sdk,sqlite,create,922,4
sdk,sqlite,create,923,4
sdk,sqlite,create,924,4
sdk,sqlite,create,925,4
sdk,sqlite,create,926,4
sdk,sqlite,create,927,4
sdk,sqlite,create,928,9
sdk,sqlite,create,929,5
sdk,sqlite,create,930,5
sdk,sqlite,create,931,9
sdk,sqlite,create,932,5
sdk,sqlite,create,933,4
sdk,sqlite,create,934,4
sdk,sqlite,create,935,4
sdk,sqlite,create,936,7
sdk,sqlite,create,937,4
sdk,sqlite,create,938,4
sdk,sqlite,create,939,4
sdk,sqlite,create,940,4
sdk,sqlite,create,941,4
sdk,sqlite,create,942,7
sdk,sqlite,create,943,4
sdk,sqlite,create,944,5
sdk,sqlite,create,945,5
sdk,sqlite,create,946,8
sdk,sqlite,create,947,4
sdk,sqlite,create,948,4
sdk,sqlite,create,949,7
sdk,sqlite,create,950,4
sdk,sqlite,create,951,7
sdk,sqlite,create,952,4
sdk,sqlite,create,953,9
sdk,sqlite,create,954,10
sdk,sqlite,create,955,10
sdk,sqlite,create,956,8
sdk,sqlite,create,957,9
sdk,sqlite,create,958,14
sdk,sqlite,create,959,5
sdk,sqlite,create,960,5
sdk,sqlite,create,961,4
sdk,sqlite,create,962,4
sdk,sqlite,create,963,4
sdk,sqlite,create,964,4
sdk,sqlite,create,965,4
sdk,sqlite,create,966,4
sdk,sqlite,create,967,4
sdk,sqlite,create,968,4
sdk,sqlite,create,969,4
sdk,sqlite,create,970,4
sdk,sqlite,create,971,4
sdk,sqlite,create,972,4
sdk,sqlite,create,973,4
sdk,sqlite,create,974,4
sdk,sqlite,create,975,4
sdk,sqlite,create,976,4
sdk,sqlite,create,977,4
sdk,sqlite,create,978,7
sdk,sqlite,create,979,6
sdk,sqlite,create,980,5
sdk,sqlite,create,981,5
sdk,sqlite,create,982,5
sdk,sqlite,create,983,5
sdk,sqlite,create,984,5
sdk,sqlite,create,985,5
sdk,sqlite,create,986,4
sdk,sqlite,create,987,4
sdk,sqlite,create,988,4
sdk,sqlite,create,989,4
sdk,sqlite,create,990,4
sdk,sqlite,create,991,4
sdk,sqlite,create,992,4
sdk,sqlite,create,993,8
sdk,sqlite,create,994,4
sdk,sqlite,create,995,4
sdk,sqlite,create,996,4
sdk,sqlite,create,997,4
sdk,sqlite,create,998,4
sdk,sqlite,create,999,4
sdk,sqlite,nestedCreate,0,6
sdk,sqlite,nestedCreate,1,8
sdk,sqlite,nestedCreate,2,8
sdk,sqlite,nestedCreate,3,6
sdk,sqlite,nestedCreate,4,6
sdk,sqlite,nestedCreate,5,8
sdk,sqlite,nestedCreate,6,8
sdk,sqlite,nestedCreate,7,8
sdk,sqlite,nestedCreate,8,7
sdk,sqlite,nestedCreate,9,6
sdk,sqlite,nestedCreate,10,6
sdk,sqlite,nestedCreate,11,9
sdk,sqlite,nestedCreate,12,8
sdk,sqlite,nestedCreate,13,7
sdk,sqlite,nestedCreate,14,7
sdk,sqlite,nestedCreate,15,7
sdk,sqlite,nestedCreate,16,6
sdk,sqlite,nestedCreate,17,6
sdk,sqlite,nestedCreate,18,6
sdk,sqlite,nestedCreate,19,6
sdk,sqlite,nestedCreate,20,8
sdk,sqlite,nestedCreate,21,8
sdk,sqlite,nestedCreate,22,8
sdk,sqlite,nestedCreate,23,7
sdk,sqlite,nestedCreate,24,6
sdk,sqlite,nestedCreate,25,8
sdk,sqlite,nestedCreate,26,8
sdk,sqlite,nestedCreate,27,8
sdk,sqlite,nestedCreate,28,8
sdk,sqlite,nestedCreate,29,7
sdk,sqlite,nestedCreate,30,6
sdk,sqlite,nestedCreate,31,6
sdk,sqlite,nestedCreate,32,6
sdk,sqlite,nestedCreate,33,7
sdk,sqlite,nestedCreate,34,6
sdk,sqlite,nestedCreate,35,8
sdk,sqlite,nestedCreate,36,7
sdk,sqlite,nestedCreate,37,6
sdk,sqlite,nestedCreate,38,6
sdk,sqlite,nestedCreate,39,8
sdk,sqlite,nestedCreate,40,8
sdk,sqlite,nestedCreate,41,8
sdk,sqlite,nestedCreate,42,9
sdk,sqlite,nestedCreate,43,8
sdk,sqlite,nestedCreate,44,8
sdk,sqlite,nestedCreate,45,8
sdk,sqlite,nestedCreate,46,8
sdk,sqlite,nestedCreate,47,6
sdk,sqlite,nestedCreate,48,8
sdk,sqlite,nestedCreate,49,8
sdk,sqlite,nestedCreate,50,12
sdk,sqlite,nestedCreate,51,9
sdk,sqlite,nestedCreate,52,8
sdk,sqlite,nestedCreate,53,8
sdk,sqlite,nestedCreate,54,8
sdk,sqlite,nestedCreate,55,8
sdk,sqlite,nestedCreate,56,8
sdk,sqlite,nestedCreate,57,7
sdk,sqlite,nestedCreate,58,6
sdk,sqlite,nestedCreate,59,8
sdk,sqlite,nestedCreate,60,8
sdk,sqlite,nestedCreate,61,8
sdk,sqlite,nestedCreate,62,7
sdk,sqlite,nestedCreate,63,6
sdk,sqlite,nestedCreate,64,6
sdk,sqlite,nestedCreate,65,6
sdk,sqlite,nestedCreate,66,6
sdk,sqlite,nestedCreate,67,6
sdk,sqlite,nestedCreate,68,6
sdk,sqlite,nestedCreate,69,6
sdk,sqlite,nestedCreate,70,6
sdk,sqlite,nestedCreate,71,6
sdk,sqlite,nestedCreate,72,6
sdk,sqlite,nestedCreate,73,7
sdk,sqlite,nestedCreate,74,8
sdk,sqlite,nestedCreate,75,7
sdk,sqlite,nestedCreate,76,7
sdk,sqlite,nestedCreate,77,8
sdk,sqlite,nestedCreate,78,7
sdk,sqlite,nestedCreate,79,6
sdk,sqlite,nestedCreate,80,6
sdk,sqlite,nestedCreate,81,6
sdk,sqlite,nestedCreate,82,6
sdk,sqlite,nestedCreate,83,6
sdk,sqlite,nestedCreate,84,6
sdk,sqlite,nestedCreate,85,6
sdk,sqlite,nestedCreate,86,11
sdk,sqlite,nestedCreate,87,8
sdk,sqlite,nestedCreate,88,8
sdk,sqlite,nestedCreate,89,6
sdk,sqlite,nestedCreate,90,6
sdk,sqlite,nestedCreate,91,6
sdk,sqlite,nestedCreate,92,6
sdk,sqlite,nestedCreate,93,8
sdk,sqlite,nestedCreate,94,11
sdk,sqlite,nestedCreate,95,8
sdk,sqlite,nestedCreate,96,6
sdk,sqlite,nestedCreate,97,6
sdk,sqlite,nestedCreate,98,6
sdk,sqlite,nestedCreate,99,6
sdk,sqlite,nestedCreate,100,8
sdk,sqlite,nestedCreate,101,8
sdk,sqlite,nestedCreate,102,8
sdk,sqlite,nestedCreate,103,7
sdk,sqlite,nestedCreate,104,6
sdk,sqlite,nestedCreate,105,6
sdk,sqlite,nestedCreate,106,7
sdk,sqlite,nestedCreate,107,8
sdk,sqlite,nestedCreate,108,7
sdk,sqlite,nestedCreate,109,7
sdk,sqlite,nestedCreate,110,6
sdk,sqlite,nestedCreate,111,7
sdk,sqlite,nestedCreate,112,6
sdk,sqlite,nestedCreate,113,6
sdk,sqlite,nestedCreate,114,6
sdk,sqlite,nestedCreate,115,6
sdk,sqlite,nestedCreate,116,7
sdk,sqlite,nestedCreate,117,9
sdk,sqlite,nestedCreate,118,8
sdk,sqlite,nestedCreate,119,8
sdk,sqlite,nestedCreate,120,8
sdk,sqlite,nestedCreate,121,8
sdk,sqlite,nestedCreate,122,8
sdk,sqlite,nestedCreate,123,8
sdk,sqlite,nestedCreate,124,7
sdk,sqlite,nestedCreate,125,6
sdk,sqlite,nestedCreate,126,6
sdk,sqlite,nestedCreate,127,8
sdk,sqlite,nestedCreate,128,8
sdk,sqlite,nestedCreate,129,11
sdk,sqlite,nestedCreate,130,8
sdk,sqlite,nestedCreate,131,8
sdk,sqlite,nestedCreate,132,8
sdk,sqlite,nestedCreate,133,8
sdk,sqlite,nestedCreate,134,11
sdk,sqlite,nestedCreate,135,8
sdk,sqlite,nestedCreate,136,9
sdk,sqlite,nestedCreate,137,19
sdk,sqlite,nestedCreate,138,12
sdk,sqlite,nestedCreate,139,14
sdk,sqlite,nestedCreate,140,7
sdk,sqlite,nestedCreate,141,6
sdk,sqlite,nestedCreate,142,8
sdk,sqlite,nestedCreate,143,8
sdk,sqlite,nestedCreate,144,8
sdk,sqlite,nestedCreate,145,7
sdk,sqlite,nestedCreate,146,8
sdk,sqlite,nestedCreate,147,10
sdk,sqlite,nestedCreate,148,8
sdk,sqlite,nestedCreate,149,6
sdk,sqlite,nestedCreate,150,6
sdk,sqlite,nestedCreate,151,6
sdk,sqlite,nestedCreate,152,6
sdk,sqlite,nestedCreate,153,6
sdk,sqlite,nestedCreate,154,7
sdk,sqlite,nestedCreate,155,6
sdk,sqlite,nestedCreate,156,7
sdk,sqlite,nestedCreate,157,6
sdk,sqlite,nestedCreate,158,8
sdk,sqlite,nestedCreate,159,8
sdk,sqlite,nestedCreate,160,8
sdk,sqlite,nestedCreate,161,8
sdk,sqlite,nestedCreate,162,8
sdk,sqlite,nestedCreate,163,8
sdk,sqlite,nestedCreate,164,9
sdk,sqlite,nestedCreate,165,8
sdk,sqlite,nestedCreate,166,8
sdk,sqlite,nestedCreate,167,8
sdk,sqlite,nestedCreate,168,6
sdk,sqlite,nestedCreate,169,6
sdk,sqlite,nestedCreate,170,7
sdk,sqlite,nestedCreate,171,6
sdk,sqlite,nestedCreate,172,6
sdk,sqlite,nestedCreate,173,6
sdk,sqlite,nestedCreate,174,6
sdk,sqlite,nestedCreate,175,6
sdk,sqlite,nestedCreate,176,8
sdk,sqlite,nestedCreate,177,8
sdk,sqlite,nestedCreate,178,8
sdk,sqlite,nestedCreate,179,7
sdk,sqlite,nestedCreate,180,6
sdk,sqlite,nestedCreate,181,6
sdk,sqlite,nestedCreate,182,8
sdk,sqlite,nestedCreate,183,8
sdk,sqlite,nestedCreate,184,13
sdk,sqlite,nestedCreate,185,8
sdk,sqlite,nestedCreate,186,8
sdk,sqlite,nestedCreate,187,8
sdk,sqlite,nestedCreate,188,6
sdk,sqlite,nestedCreate,189,6
sdk,sqlite,nestedCreate,190,6
sdk,sqlite,nestedCreate,191,6
sdk,sqlite,nestedCreate,192,7
sdk,sqlite,nestedCreate,193,7
sdk,sqlite,nestedCreate,194,7
sdk,sqlite,nestedCreate,195,9
sdk,sqlite,nestedCreate,196,7
sdk,sqlite,nestedCreate,197,7
sdk,sqlite,nestedCreate,198,7
sdk,sqlite,nestedCreate,199,7
sdk,sqlite,nestedCreate,200,7
sdk,sqlite,nestedCreate,201,7
sdk,sqlite,nestedCreate,202,7
sdk,sqlite,nestedCreate,203,6
sdk,sqlite,nestedCreate,204,6
sdk,sqlite,nestedCreate,205,8
sdk,sqlite,nestedCreate,206,8
sdk,sqlite,nestedCreate,207,8
sdk,sqlite,nestedCreate,208,9
sdk,sqlite,nestedCreate,209,8
sdk,sqlite,nestedCreate,210,8
sdk,sqlite,nestedCreate,211,8
sdk,sqlite,nestedCreate,212,8
sdk,sqlite,nestedCreate,213,8
sdk,sqlite,nestedCreate,214,8
sdk,sqlite,nestedCreate,215,7
sdk,sqlite,nestedCreate,216,6
sdk,sqlite,nestedCreate,217,7
sdk,sqlite,nestedCreate,218,13
sdk,sqlite,nestedCreate,219,8
sdk,sqlite,nestedCreate,220,8
sdk,sqlite,nestedCreate,221,8
sdk,sqlite,nestedCreate,222,8
sdk,sqlite,nestedCreate,223,8
sdk,sqlite,nestedCreate,224,7
sdk,sqlite,nestedCreate,225,8
sdk,sqlite,nestedCreate,226,8
sdk,sqlite,nestedCreate,227,7
sdk,sqlite,nestedCreate,228,7
sdk,sqlite,nestedCreate,229,7
sdk,sqlite,nestedCreate,230,7
sdk,sqlite,nestedCreate,231,6
sdk,sqlite,nestedCreate,232,6
sdk,sqlite,nestedCreate,233,6
sdk,sqlite,nestedCreate,234,6
sdk,sqlite,nestedCreate,235,6
sdk,sqlite,nestedCreate,236,6
sdk,sqlite,nestedCreate,237,8
sdk,sqlite,nestedCreate,238,8
sdk,sqlite,nestedCreate,239,10
sdk,sqlite,nestedCreate,240,8
sdk,sqlite,nestedCreate,241,8
sdk,sqlite,nestedCreate,242,8
sdk,sqlite,nestedCreate,243,7
sdk,sqlite,nestedCreate,244,10
sdk,sqlite,nestedCreate,245,8
sdk,sqlite,nestedCreate,246,8
sdk,sqlite,nestedCreate,247,8
sdk,sqlite,nestedCreate,248,8
sdk,sqlite,nestedCreate,249,8
sdk,sqlite,nestedCreate,250,8
sdk,sqlite,nestedCreate,251,7
sdk,sqlite,nestedCreate,252,7
sdk,sqlite,nestedCreate,253,7
sdk,sqlite,nestedCreate,254,6
sdk,sqlite,nestedCreate,255,6
sdk,sqlite,nestedCreate,256,8
sdk,sqlite,nestedCreate,257,8
sdk,sqlite,nestedCreate,258,8
sdk,sqlite,nestedCreate,259,7
sdk,sqlite,nestedCreate,260,6
sdk,sqlite,nestedCreate,261,8
sdk,sqlite,nestedCreate,262,8
sdk,sqlite,nestedCreate,263,12
sdk,sqlite,nestedCreate,264,7
sdk,sqlite,nestedCreate,265,6
sdk,sqlite,nestedCreate,266,6
sdk,sqlite,nestedCreate,267,6
sdk,sqlite,nestedCreate,268,8
sdk,sqlite,nestedCreate,269,10
sdk,sqlite,nestedCreate,270,8
sdk,sqlite,nestedCreate,271,7
sdk,sqlite,nestedCreate,272,6
sdk,sqlite,nestedCreate,273,6
sdk,sqlite,nestedCreate,274,6
sdk,sqlite,nestedCreate,275,6
sdk,sqlite,nestedCreate,276,6
sdk,sqlite,nestedCreate,277,7
sdk,sqlite,nestedCreate,278,12
sdk,sqlite,nestedCreate,279,8
sdk,sqlite,nestedCreate,280,7
sdk,sqlite,nestedCreate,281,6
sdk,sqlite,nestedCreate,282,8
sdk,sqlite,nestedCreate,283,8
sdk,sqlite,nestedCreate,284,7
sdk,sqlite,nestedCreate,285,8
sdk,sqlite,nestedCreate,286,8
sdk,sqlite,nestedCreate,287,8
sdk,sqlite,nestedCreate,288,7
sdk,sqlite,nestedCreate,289,10
sdk,sqlite,nestedCreate,290,8
sdk,sqlite,nestedCreate,291,8
sdk,sqlite,nestedCreate,292,8
sdk,sqlite,nestedCreate,293,7
sdk,sqlite,nestedCreate,294,6
sdk,sqlite,nestedCreate,295,6
sdk,sqlite,nestedCreate,296,7
sdk,sqlite,nestedCreate,297,10
sdk,sqlite,nestedCreate,298,8
sdk,sqlite,nestedCreate,299,8
sdk,sqlite,nestedCreate,300,8
sdk,sqlite,nestedCreate,301,8
sdk,sqlite,nestedCreate,302,8
sdk,sqlite,nestedCreate,303,8
sdk,sqlite,nestedCreate,304,10
sdk,sqlite,nestedCreate,305,6
sdk,sqlite,nestedCreate,306,6
sdk,sqlite,nestedCreate,307,6
sdk,sqlite,nestedCreate,308,7
sdk,sqlite,nestedCreate,309,9
sdk,sqlite,nestedCreate,310,7
sdk,sqlite,nestedCreate,311,7
sdk,sqlite,nestedCreate,312,10
sdk,sqlite,nestedCreate,313,8
sdk,sqlite,nestedCreate,314,12
sdk,sqlite,nestedCreate,315,8
sdk,sqlite,nestedCreate,316,12
sdk,sqlite,nestedCreate,317,18
sdk,sqlite,nestedCreate,318,8
sdk,sqlite,nestedCreate,319,8
sdk,sqlite,nestedCreate,320,8
sdk,sqlite,nestedCreate,321,8
sdk,sqlite,nestedCreate,322,8
sdk,sqlite,nestedCreate,323,8
sdk,sqlite,nestedCreate,324,7
sdk,sqlite,nestedCreate,325,6
sdk,sqlite,nestedCreate,326,6
sdk,sqlite,nestedCreate,327,7
sdk,sqlite,nestedCreate,328,6
sdk,sqlite,nestedCreate,329,6
sdk,sqlite,nestedCreate,330,8
sdk,sqlite,nestedCreate,331,7
sdk,sqlite,nestedCreate,332,6
sdk,sqlite,nestedCreate,333,6
sdk,sqlite,nestedCreate,334,6
sdk,sqlite,nestedCreate,335,8
sdk,sqlite,nestedCreate,336,8
sdk,sqlite,nestedCreate,337,8
sdk,sqlite,nestedCreate,338,8
sdk,sqlite,nestedCreate,339,8
sdk,sqlite,nestedCreate,340,7
sdk,sqlite,nestedCreate,341,11
sdk,sqlite,nestedCreate,342,8
sdk,sqlite,nestedCreate,343,6
sdk,sqlite,nestedCreate,344,6
sdk,sqlite,nestedCreate,345,6
sdk,sqlite,nestedCreate,346,6
sdk,sqlite,nestedCreate,347,6
sdk,sqlite,nestedCreate,348,8
sdk,sqlite,nestedCreate,349,8
sdk,sqlite,nestedCreate,350,8
sdk,sqlite,nestedCreate,351,7
sdk,sqlite,nestedCreate,352,6
sdk,sqlite,nestedCreate,353,6
sdk,sqlite,nestedCreate,354,8
sdk,sqlite,nestedCreate,355,8
sdk,sqlite,nestedCreate,356,8
sdk,sqlite,nestedCreate,357,7
sdk,sqlite,nestedCreate,358,6
sdk,sqlite,nestedCreate,359,8
sdk,sqlite,nestedCreate,360,8
sdk,sqlite,nestedCreate,361,8
sdk,sqlite,nestedCreate,362,7
sdk,sqlite,nestedCreate,363,13
sdk,sqlite,nestedCreate,364,8
sdk,sqlite,nestedCreate,365,8
sdk,sqlite,nestedCreate,366,8
sdk,sqlite,nestedCreate,367,8
sdk,sqlite,nestedCreate,368,8
sdk,sqlite,nestedCreate,369,8
sdk,sqlite,nestedCreate,370,8
sdk,sqlite,nestedCreate,371,8
sdk,sqlite,nestedCreate,372,8
sdk,sqlite,nestedCreate,373,8
sdk,sqlite,nestedCreate,374,6
sdk,sqlite,nestedCreate,375,6
sdk,sqlite,nestedCreate,376,6
sdk,sqlite,nestedCreate,377,6
sdk,sqlite,nestedCreate,378,8
sdk,sqlite,nestedCreate,379,8
sdk,sqlite,nestedCreate,380,8
sdk,sqlite,nestedCreate,381,7
sdk,sqlite,nestedCreate,382,6
sdk,sqlite,nestedCreate,383,6
sdk,sqlite,nestedCreate,384,8
sdk,sqlite,nestedCreate,385,8
sdk,sqlite,nestedCreate,386,8
sdk,sqlite,nestedCreate,387,7
sdk,sqlite,nestedCreate,388,6
sdk,sqlite,nestedCreate,389,6
sdk,sqlite,nestedCreate,390,7
sdk,sqlite,nestedCreate,391,8
sdk,sqlite,nestedCreate,392,10
sdk,sqlite,nestedCreate,393,8
sdk,sqlite,nestedCreate,394,8
sdk,sqlite,nestedCreate,395,8
sdk,sqlite,nestedCreate,396,8
sdk,sqlite,nestedCreate,397,8
sdk,sqlite,nestedCreate,398,8
sdk,sqlite,nestedCreate,399,7
sdk,sqlite,nestedCreate,400,6
sdk,sqlite,nestedCreate,401,6
sdk,sqlite,nestedCreate,402,6
sdk,sqlite,nestedCreate,403,6
sdk,sqlite,nestedCreate,404,6
sdk,sqlite,nestedCreate,405,6
sdk,sqlite,nestedCreate,406,6
sdk,sqlite,nestedCreate,407,8
sdk,sqlite,nestedCreate,408,8
sdk,sqlite,nestedCreate,409,8
sdk,sqlite,nestedCreate,410,9
sdk,sqlite,nestedCreate,411,8
sdk,sqlite,nestedCreate,412,7
sdk,sqlite,nestedCreate,413,9
sdk,sqlite,nestedCreate,414,13
sdk,sqlite,nestedCreate,415,8
sdk,sqlite,nestedCreate,416,8
sdk,sqlite,nestedCreate,417,7
sdk,sqlite,nestedCreate,418,6
sdk,sqlite,nestedCreate,419,6
sdk,sqlite,nestedCreate,420,8
sdk,sqlite,nestedCreate,421,8
sdk,sqlite,nestedCreate,422,8
sdk,sqlite,nestedCreate,423,7
sdk,sqlite,nestedCreate,424,6
sdk,sqlite,nestedCreate,425,6
sdk,sqlite,nestedCreate,426,6
sdk,sqlite,nestedCreate,427,6
sdk,sqlite,nestedCreate,428,8
sdk,sqlite,nestedCreate,429,6
sdk,sqlite,nestedCreate,430,10
sdk,sqlite,nestedCreate,431,6
sdk,sqlite,nestedCreate,432,7
sdk,sqlite,nestedCreate,433,6
sdk,sqlite,nestedCreate,434,6
sdk,sqlite,nestedCreate,435,6
sdk,sqlite,nestedCreate,436,7
sdk,sqlite,nestedCreate,437,8
sdk,sqlite,nestedCreate,438,8
sdk,sqlite,nestedCreate,439,7
sdk,sqlite,nestedCreate,440,7
sdk,sqlite,nestedCreate,441,7
sdk,sqlite,nestedCreate,442,9
sdk,sqlite,nestedCreate,443,15
sdk,sqlite,nestedCreate,444,8
sdk,sqlite,nestedCreate,445,7
sdk,sqlite,nestedCreate,446,7
sdk,sqlite,nestedCreate,447,6
sdk,sqlite,nestedCreate,448,7
sdk,sqlite,nestedCreate,449,6
sdk,sqlite,nestedCreate,450,6
sdk,sqlite,nestedCreate,451,7
sdk,sqlite,nestedCreate,452,12
sdk,sqlite,nestedCreate,453,7
sdk,sqlite,nestedCreate,454,7
sdk,sqlite,nestedCreate,455,7
sdk,sqlite,nestedCreate,456,8
sdk,sqlite,nestedCreate,457,8
sdk,sqlite,nestedCreate,458,13
sdk,sqlite,nestedCreate,459,7
sdk,sqlite,nestedCreate,460,7
sdk,sqlite,nestedCreate,461,7
sdk,sqlite,nestedCreate,462,7
sdk,sqlite,nestedCreate,463,7
sdk,sqlite,nestedCreate,464,7
sdk,sqlite,nestedCreate,465,7
sdk,sqlite,nestedCreate,466,7
sdk,sqlite,nestedCreate,467,6
sdk,sqlite,nestedCreate,468,13
sdk,sqlite,nestedCreate,469,9
sdk,sqlite,nestedCreate,470,8
sdk,sqlite,nestedCreate,471,8
sdk,sqlite,nestedCreate,472,9
sdk,sqlite,nestedCreate,473,15
sdk,sqlite,nestedCreate,474,9
sdk,sqlite,nestedCreate,475,19
sdk,sqlite,nestedCreate,476,9
sdk,sqlite,nestedCreate,477,9
sdk,sqlite,nestedCreate,478,8
sdk,sqlite,nestedCreate,479,7
sdk,sqlite,nestedCreate,480,6
sdk,sqlite,nestedCreate,481,7
sdk,sqlite,nestedCreate,482,7
sdk,sqlite,nestedCreate,483,7
sdk,sqlite,nestedCreate,484,7
sdk,sqlite,nestedCreate,485,8
sdk,sqlite,nestedCreate,486,8
sdk,sqlite,nestedCreate,487,8
sdk,sqlite,nestedCreate,488,7
sdk,sqlite,nestedCreate,489,7
sdk,sqlite,nestedCreate,490,7
sdk,sqlite,nestedCreate,491,7
sdk,sqlite,nestedCreate,492,7
sdk,sqlite,nestedCreate,493,7
sdk,sqlite,nestedCreate,494,7
sdk,sqlite,nestedCreate,495,7
sdk,sqlite,nestedCreate,496,8
sdk,sqlite,nestedCreate,497,8
sdk,sqlite,nestedCreate,498,8
sdk,sqlite,nestedCreate,499,7
sdk,sqlite,nestedCreate,500,7
sdk,sqlite,nestedCreate,501,7
sdk,sqlite,nestedCreate,502,8
sdk,sqlite,nestedCreate,503,8
sdk,sqlite,nestedCreate,504,8
sdk,sqlite,nestedCreate,505,7
sdk,sqlite,nestedCreate,506,7
sdk,sqlite,nestedCreate,507,6
sdk,sqlite,nestedCreate,508,7
sdk,sqlite,nestedCreate,509,8
sdk,sqlite,nestedCreate,510,8
sdk,sqlite,nestedCreate,511,8
sdk,sqlite,nestedCreate,512,7
sdk,sqlite,nestedCreate,513,9
sdk,sqlite,nestedCreate,514,7
sdk,sqlite,nestedCreate,515,7
sdk,sqlite,nestedCreate,516,7
sdk,sqlite,nestedCreate,517,7
sdk,sqlite,nestedCreate,518,6
sdk,sqlite,nestedCreate,519,7
sdk,sqlite,nestedCreate,520,11
sdk,sqlite,nestedCreate,521,9
sdk,sqlite,nestedCreate,522,8
sdk,sqlite,nestedCreate,523,8
sdk,sqlite,nestedCreate,524,7
sdk,sqlite,nestedCreate,525,7
sdk,sqlite,nestedCreate,526,7
sdk,sqlite,nestedCreate,527,7
sdk,sqlite,nestedCreate,528,7
sdk,sqlite,nestedCreate,529,8
sdk,sqlite,nestedCreate,530,8
sdk,sqlite,nestedCreate,531,8
sdk,sqlite,nestedCreate,532,7
sdk,sqlite,nestedCreate,533,7
sdk,sqlite,nestedCreate,534,7
sdk,sqlite,nestedCreate,535,7
sdk,sqlite,nestedCreate,536,8
sdk,sqlite,nestedCreate,537,9
sdk,sqlite,nestedCreate,538,8
sdk,sqlite,nestedCreate,539,8
sdk,sqlite,nestedCreate,540,7
sdk,sqlite,nestedCreate,541,7
sdk,sqlite,nestedCreate,542,8
sdk,sqlite,nestedCreate,543,8
sdk,sqlite,nestedCreate,544,8
sdk,sqlite,nestedCreate,545,10
sdk,sqlite,nestedCreate,546,7
sdk,sqlite,nestedCreate,547,7
sdk,sqlite,nestedCreate,548,9
sdk,sqlite,nestedCreate,549,11
sdk,sqlite,nestedCreate,550,7
sdk,sqlite,nestedCreate,551,7
sdk,sqlite,nestedCreate,552,7
sdk,sqlite,nestedCreate,553,6
sdk,sqlite,nestedCreate,554,7
sdk,sqlite,nestedCreate,555,7
sdk,sqlite,nestedCreate,556,7
sdk,sqlite,nestedCreate,557,7
sdk,sqlite,nestedCreate,558,7
sdk,sqlite,nestedCreate,559,6
sdk,sqlite,nestedCreate,560,6
sdk,sqlite,nestedCreate,561,7
sdk,sqlite,nestedCreate,562,6
sdk,sqlite,nestedCreate,563,7
sdk,sqlite,nestedCreate,564,7
sdk,sqlite,nestedCreate,565,7
sdk,sqlite,nestedCreate,566,6
sdk,sqlite,nestedCreate,567,9
sdk,sqlite,nestedCreate,568,7
sdk,sqlite,nestedCreate,569,6
sdk,sqlite,nestedCreate,570,6
sdk,sqlite,nestedCreate,571,10
sdk,sqlite,nestedCreate,572,8
sdk,sqlite,nestedCreate,573,8
sdk,sqlite,nestedCreate,574,11
sdk,sqlite,nestedCreate,575,9
sdk,sqlite,nestedCreate,576,7
sdk,sqlite,nestedCreate,577,7
sdk,sqlite,nestedCreate,578,8
sdk,sqlite,nestedCreate,579,8
sdk,sqlite,nestedCreate,580,8
sdk,sqlite,nestedCreate,581,6
sdk,sqlite,nestedCreate,582,7
sdk,sqlite,nestedCreate,583,6
sdk,sqlite,nestedCreate,584,6
sdk,sqlite,nestedCreate,585,7
sdk,sqlite,nestedCreate,586,8
sdk,sqlite,nestedCreate,587,10
sdk,sqlite,nestedCreate,588,8
sdk,sqlite,nestedCreate,589,8
sdk,sqlite,nestedCreate,590,8
sdk,sqlite,nestedCreate,591,7
sdk,sqlite,nestedCreate,592,6
sdk,sqlite,nestedCreate,593,6
sdk,sqlite,nestedCreate,594,8
sdk,sqlite,nestedCreate,595,8
sdk,sqlite,nestedCreate,596,8
sdk,sqlite,nestedCreate,597,7
sdk,sqlite,nestedCreate,598,7
sdk,sqlite,nestedCreate,599,7
sdk,sqlite,nestedCreate,600,7
sdk,sqlite,nestedCreate,601,7
sdk,sqlite,nestedCreate,602,7
sdk,sqlite,nestedCreate,603,6
sdk,sqlite,nestedCreate,604,7
sdk,sqlite,nestedCreate,605,7
sdk,sqlite,nestedCreate,606,7
sdk,sqlite,nestedCreate,607,7
sdk,sqlite,nestedCreate,608,7
sdk,sqlite,nestedCreate,609,7
sdk,sqlite,nestedCreate,610,10
sdk,sqlite,nestedCreate,611,9
sdk,sqlite,nestedCreate,612,8
sdk,sqlite,nestedCreate,613,8
sdk,sqlite,nestedCreate,614,7
sdk,sqlite,nestedCreate,615,7
sdk,sqlite,nestedCreate,616,7
sdk,sqlite,nestedCreate,617,6
sdk,sqlite,nestedCreate,618,7
sdk,sqlite,nestedCreate,619,8
sdk,sqlite,nestedCreate,620,9
sdk,sqlite,nestedCreate,621,13
sdk,sqlite,nestedCreate,622,7
sdk,sqlite,nestedCreate,623,7
sdk,sqlite,nestedCreate,624,7
sdk,sqlite,nestedCreate,625,7
sdk,sqlite,nestedCreate,626,7
sdk,sqlite,nestedCreate,627,10
sdk,sqlite,nestedCreate,628,9
sdk,sqlite,nestedCreate,629,7
sdk,sqlite,nestedCreate,630,14
sdk,sqlite,nestedCreate,631,18
sdk,sqlite,nestedCreate,632,7
sdk,sqlite,nestedCreate,633,7
sdk,sqlite,nestedCreate,634,6
sdk,sqlite,nestedCreate,635,9
sdk,sqlite,nestedCreate,636,7
sdk,sqlite,nestedCreate,637,7
sdk,sqlite,nestedCreate,638,6
sdk,sqlite,nestedCreate,639,7
sdk,sqlite,nestedCreate,640,7
sdk,sqlite,nestedCreate,641,7
sdk,sqlite,nestedCreate,642,7
sdk,sqlite,nestedCreate,643,7
sdk,sqlite,nestedCreate,644,6
sdk,sqlite,nestedCreate,645,7
sdk,sqlite,nestedCreate,646,7
sdk,sqlite,nestedCreate,647,10
sdk,sqlite,nestedCreate,648,8
sdk,sqlite,nestedCreate,649,8
sdk,sqlite,nestedCreate,650,8
sdk,sqlite,nestedCreate,651,8
sdk,sqlite,nestedCreate,652,8
sdk,sqlite,nestedCreate,653,7
sdk,sqlite,nestedCreate,654,6
sdk,sqlite,nestedCreate,655,6
sdk,sqlite,nestedCreate,656,8
sdk,sqlite,nestedCreate,657,8
sdk,sqlite,nestedCreate,658,8
sdk,sqlite,nestedCreate,659,7
sdk,sqlite,nestedCreate,660,6
sdk,sqlite,nestedCreate,661,6
sdk,sqlite,nestedCreate,662,8
sdk,sqlite,nestedCreate,663,8
sdk,sqlite,nestedCreate,664,8
sdk,sqlite,nestedCreate,665,7
sdk,sqlite,nestedCreate,666,6
sdk,sqlite,nestedCreate,667,7
sdk,sqlite,nestedCreate,668,8
sdk,sqlite,nestedCreate,669,8
sdk,sqlite,nestedCreate,670,8
sdk,sqlite,nestedCreate,671,7
sdk,sqlite,nestedCreate,672,6
sdk,sqlite,nestedCreate,673,7
sdk,sqlite,nestedCreate,674,8
sdk,sqlite,nestedCreate,675,8
sdk,sqlite,nestedCreate,676,13
sdk,sqlite,nestedCreate,677,8
sdk,sqlite,nestedCreate,678,8
sdk,sqlite,nestedCreate,679,8
sdk,sqlite,nestedCreate,680,8
sdk,sqlite,nestedCreate,681,8
sdk,sqlite,nestedCreate,682,8
sdk,sqlite,nestedCreate,683,7
sdk,sqlite,nestedCreate,684,6
sdk,sqlite,nestedCreate,685,6
sdk,sqlite,nestedCreate,686,8
sdk,sqlite,nestedCreate,687,8
sdk,sqlite,nestedCreate,688,8
sdk,sqlite,nestedCreate,689,7
sdk,sqlite,nestedCreate,690,6
sdk,sqlite,nestedCreate,691,6
sdk,sqlite,nestedCreate,692,6
sdk,sqlite,nestedCreate,693,6
sdk,sqlite,nestedCreate,694,8
sdk,sqlite,nestedCreate,695,8
sdk,sqlite,nestedCreate,696,10
sdk,sqlite,nestedCreate,697,8
sdk,sqlite,nestedCreate,698,8
sdk,sqlite,nestedCreate,699,8
sdk,sqlite,nestedCreate,700,7
sdk,sqlite,nestedCreate,701,6
sdk,sqlite,nestedCreate,702,6
sdk,sqlite,nestedCreate,703,8
sdk,sqlite,nestedCreate,704,8
sdk,sqlite,nestedCreate,705,13
sdk,sqlite,nestedCreate,706,8
sdk,sqlite,nestedCreate,707,8
sdk,sqlite,nestedCreate,708,8
sdk,sqlite,nestedCreate,709,8
sdk,sqlite,nestedCreate,710,8
sdk,sqlite,nestedCreate,711,8
sdk,sqlite,nestedCreate,712,7
sdk,sqlite,nestedCreate,713,7
sdk,sqlite,nestedCreate,714,6
sdk,sqlite,nestedCreate,715,8
sdk,sqlite,nestedCreate,716,8
sdk,sqlite,nestedCreate,717,8
sdk,sqlite,nestedCreate,718,7
sdk,sqlite,nestedCreate,719,6
sdk,sqlite,nestedCreate,720,6
sdk,sqlite,nestedCreate,721,9
sdk,sqlite,nestedCreate,722,8
sdk,sqlite,nestedCreate,723,8
sdk,sqlite,nestedCreate,724,8
sdk,sqlite,nestedCreate,725,8
sdk,sqlite,nestedCreate,726,8
sdk,sqlite,nestedCreate,727,11
sdk,sqlite,nestedCreate,728,8
sdk,sqlite,nestedCreate,729,8
sdk,sqlite,nestedCreate,730,8
sdk,sqlite,nestedCreate,731,9
sdk,sqlite,nestedCreate,732,8
sdk,sqlite,nestedCreate,733,8
sdk,sqlite,nestedCreate,734,8
sdk,sqlite,nestedCreate,735,6
sdk,sqlite,nestedCreate,736,6
sdk,sqlite,nestedCreate,737,7
sdk,sqlite,nestedCreate,738,8
sdk,sqlite,nestedCreate,739,8
sdk,sqlite,nestedCreate,740,8
sdk,sqlite,nestedCreate,741,7
sdk,sqlite,nestedCreate,742,6
sdk,sqlite,nestedCreate,743,6
sdk,sqlite,nestedCreate,744,6
sdk,sqlite,nestedCreate,745,8
sdk,sqlite,nestedCreate,746,8
sdk,sqlite,nestedCreate,747,8
sdk,sqlite,nestedCreate,748,7
sdk,sqlite,nestedCreate,749,8
sdk,sqlite,nestedCreate,750,7
sdk,sqlite,nestedCreate,751,7
sdk,sqlite,nestedCreate,752,7
sdk,sqlite,nestedCreate,753,8
sdk,sqlite,nestedCreate,754,8
sdk,sqlite,nestedCreate,755,7
sdk,sqlite,nestedCreate,756,6
sdk,sqlite,nestedCreate,757,8
sdk,sqlite,nestedCreate,758,11
sdk,sqlite,nestedCreate,759,8
sdk,sqlite,nestedCreate,760,8
sdk,sqlite,nestedCreate,761,8
sdk,sqlite,nestedCreate,762,7
sdk,sqlite,nestedCreate,763,6
sdk,sqlite,nestedCreate,764,7
sdk,sqlite,nestedCreate,765,6
sdk,sqlite,nestedCreate,766,6
sdk,sqlite,nestedCreate,767,6
sdk,sqlite,nestedCreate,768,6
sdk,sqlite,nestedCreate,769,6
sdk,sqlite,nestedCreate,770,6
sdk,sqlite,nestedCreate,771,6
sdk,sqlite,nestedCreate,772,6
sdk,sqlite,nestedCreate,773,6
sdk,sqlite,nestedCreate,774,10
sdk,sqlite,nestedCreate,775,7
sdk,sqlite,nestedCreate,776,8
sdk,sqlite,nestedCreate,777,8
sdk,sqlite,nestedCreate,778,8
sdk,sqlite,nestedCreate,779,7
sdk,sqlite,nestedCreate,780,6
sdk,sqlite,nestedCreate,781,6
sdk,sqlite,nestedCreate,782,10
sdk,sqlite,nestedCreate,783,8
sdk,sqlite,nestedCreate,784,8
sdk,sqlite,nestedCreate,785,8
sdk,sqlite,nestedCreate,786,14
sdk,sqlite,nestedCreate,787,8
sdk,sqlite,nestedCreate,788,17
sdk,sqlite,nestedCreate,789,8
sdk,sqlite,nestedCreate,790,6
sdk,sqlite,nestedCreate,791,7
sdk,sqlite,nestedCreate,792,8
sdk,sqlite,nestedCreate,793,8
sdk,sqlite,nestedCreate,794,8
sdk,sqlite,nestedCreate,795,7
sdk,sqlite,nestedCreate,796,6
sdk,sqlite,nestedCreate,797,6
sdk,sqlite,nestedCreate,798,8
sdk,sqlite,nestedCreate,799,8
sdk,sqlite,nestedCreate,800,8
sdk,sqlite,nestedCreate,801,7
sdk,sqlite,nestedCreate,802,6
sdk,sqlite,nestedCreate,803,6
sdk,sqlite,nestedCreate,804,6
sdk,sqlite,nestedCreate,805,6
sdk,sqlite,nestedCreate,806,6
sdk,sqlite,nestedCreate,807,6
sdk,sqlite,nestedCreate,808,7
sdk,sqlite,nestedCreate,809,8
sdk,sqlite,nestedCreate,810,8
sdk,sqlite,nestedCreate,811,8
sdk,sqlite,nestedCreate,812,7
sdk,sqlite,nestedCreate,813,6
sdk,sqlite,nestedCreate,814,7
sdk,sqlite,nestedCreate,815,8
sdk,sqlite,nestedCreate,816,7
sdk,sqlite,nestedCreate,817,6
sdk,sqlite,nestedCreate,818,8
sdk,sqlite,nestedCreate,819,7
sdk,sqlite,nestedCreate,820,6
sdk,sqlite,nestedCreate,821,6
sdk,sqlite,nestedCreate,822,7
sdk,sqlite,nestedCreate,823,6
sdk,sqlite,nestedCreate,824,8
sdk,sqlite,nestedCreate,825,8
sdk,sqlite,nestedCreate,826,8
sdk,sqlite,nestedCreate,827,7
sdk,sqlite,nestedCreate,828,6
sdk,sqlite,nestedCreate,829,6
sdk,sqlite,nestedCreate,830,8
sdk,sqlite,nestedCreate,831,8
sdk,sqlite,nestedCreate,832,8
sdk,sqlite,nestedCreate,833,12
sdk,sqlite,nestedCreate,834,7
sdk,sqlite,nestedCreate,835,6
sdk,sqlite,nestedCreate,836,7
sdk,sqlite,nestedCreate,837,6
sdk,sqlite,nestedCreate,838,6
sdk,sqlite,nestedCreate,839,6
sdk,sqlite,nestedCreate,840,7
sdk,sqlite,nestedCreate,841,6
sdk,sqlite,nestedCreate,842,7
sdk,sqlite,nestedCreate,843,6
sdk,sqlite,nestedCreate,844,6
sdk,sqlite,nestedCreate,845,7
sdk,sqlite,nestedCreate,846,8
sdk,sqlite,nestedCreate,847,7
sdk,sqlite,nestedCreate,848,7
sdk,sqlite,nestedCreate,849,7
sdk,sqlite,nestedCreate,850,7
sdk,sqlite,nestedCreate,851,8
sdk,sqlite,nestedCreate,852,8
sdk,sqlite,nestedCreate,853,8
sdk,sqlite,nestedCreate,854,8
sdk,sqlite,nestedCreate,855,7
sdk,sqlite,nestedCreate,856,6
sdk,sqlite,nestedCreate,857,6
sdk,sqlite,nestedCreate,858,6
sdk,sqlite,nestedCreate,859,6
sdk,sqlite,nestedCreate,860,6
sdk,sqlite,nestedCreate,861,7
sdk,sqlite,nestedCreate,862,13
sdk,sqlite,nestedCreate,863,10
sdk,sqlite,nestedCreate,864,8
sdk,sqlite,nestedCreate,865,7
sdk,sqlite,nestedCreate,866,6
sdk,sqlite,nestedCreate,867,6
sdk,sqlite,nestedCreate,868,6
sdk,sqlite,nestedCreate,869,7
sdk,sqlite,nestedCreate,870,6
sdk,sqlite,nestedCreate,871,6
sdk,sqlite,nestedCreate,872,6
sdk,sqlite,nestedCreate,873,8
sdk,sqlite,nestedCreate,874,8
sdk,sqlite,nestedCreate,875,8
sdk,sqlite,nestedCreate,876,8
sdk,sqlite,nestedCreate,877,6
sdk,sqlite,nestedCreate,878,6
sdk,sqlite,nestedCreate,879,8
sdk,sqlite,nestedCreate,880,8
sdk,sqlite,nestedCreate,881,8
sdk,sqlite,nestedCreate,882,8
sdk,sqlite,nestedCreate,883,7
sdk,sqlite,nestedCreate,884,6
sdk,sqlite,nestedCreate,885,6
sdk,sqlite,nestedCreate,886,6
sdk,sqlite,nestedCreate,887,6
sdk,sqlite,nestedCreate,888,6
sdk,sqlite,nestedCreate,889,6
sdk,sqlite,nestedCreate,890,6
sdk,sqlite,nestedCreate,891,6
sdk,sqlite,nestedCreate,892,6
sdk,sqlite,nestedCreate,893,6
sdk,sqlite,nestedCreate,894,6
sdk,sqlite,nestedCreate,895,6
sdk,sqlite,nestedCreate,896,6
sdk,sqlite,nestedCreate,897,6
sdk,sqlite,nestedCreate,898,6
sdk,sqlite,nestedCreate,899,7
sdk,sqlite,nestedCreate,900,9
sdk,sqlite,nestedCreate,901,7
sdk,sqlite,nestedCreate,902,7
sdk,sqlite,nestedCreate,903,7
sdk,sqlite,nestedCreate,904,7
sdk,sqlite,nestedCreate,905,6
sdk,sqlite,nestedCreate,906,6
sdk,sqlite,nestedCreate,907,6
sdk,sqlite,nestedCreate,908,6
sdk,sqlite,nestedCreate,909,6
sdk,sqlite,nestedCreate,910,8
sdk,sqlite,nestedCreate,911,8
sdk,sqlite,nestedCreate,912,7
sdk,sqlite,nestedCreate,913,7
sdk,sqlite,nestedCreate,914,6
sdk,sqlite,nestedCreate,915,6
sdk,sqlite,nestedCreate,916,6
sdk,sqlite,nestedCreate,917,6
sdk,sqlite,nestedCreate,918,6
sdk,sqlite,nestedCreate,919,6
sdk,sqlite,nestedCreate,920,13
sdk,sqlite,nestedCreate,921,8
sdk,sqlite,nestedCreate,922,8
sdk,sqlite,nestedCreate,923,7
sdk,sqlite,nestedCreate,924,6
sdk,sqlite,nestedCreate,925,8
sdk,sqlite,nestedCreate,926,8
sdk,sqlite,nestedCreate,927,8
sdk,sqlite,nestedCreate,928,7
sdk,sqlite,nestedCreate,929,6
sdk,sqlite,nestedCreate,930,6
sdk,sqlite,nestedCreate,931,10
sdk,sqlite,nestedCreate,932,8
sdk,sqlite,nestedCreate,933,8
sdk,sqlite,nestedCreate,934,8
sdk,sqlite,nestedCreate,935,7
sdk,sqlite,nestedCreate,936,7
sdk,sqlite,nestedCreate,937,8
sdk,sqlite,nestedCreate,938,10
sdk,sqlite,nestedCreate,939,8
sdk,sqlite,nestedCreate,940,9
sdk,sqlite,nestedCreate,941,8
sdk,sqlite,nestedCreate,942,7
sdk,sqlite,nestedCreate,943,7
sdk,sqlite,nestedCreate,944,11
sdk,sqlite,nestedCreate,945,8
sdk,sqlite,nestedCreate,946,8
sdk,sqlite,nestedCreate,947,8
sdk,sqlite,nestedCreate,948,8
sdk,sqlite,nestedCreate,949,12
sdk,sqlite,nestedCreate,950,8
sdk,sqlite,nestedCreate,951,6
sdk,sqlite,nestedCreate,952,7
sdk,sqlite,nestedCreate,953,16
sdk,sqlite,nestedCreate,954,8
sdk,sqlite,nestedCreate,955,13
sdk,sqlite,nestedCreate,956,10
sdk,sqlite,nestedCreate,957,14
sdk,sqlite,nestedCreate,958,15
sdk,sqlite,nestedCreate,959,15
sdk,sqlite,nestedCreate,960,13
sdk,sqlite,nestedCreate,961,16
sdk,sqlite,nestedCreate,962,8
sdk,sqlite,nestedCreate,963,8
sdk,sqlite,nestedCreate,964,8
sdk,sqlite,nestedCreate,965,7
sdk,sqlite,nestedCreate,966,6
sdk,sqlite,nestedCreate,967,6
sdk,sqlite,nestedCreate,968,6
sdk,sqlite,nestedCreate,969,6
sdk,sqlite,nestedCreate,970,6
sdk,sqlite,nestedCreate,971,6
sdk,sqlite,nestedCreate,972,6
sdk,sqlite,nestedCreate,973,6
sdk,sqlite,nestedCreate,974,7
sdk,sqlite,nestedCreate,975,6
sdk,sqlite,nestedCreate,976,8
sdk,sqlite,nestedCreate,977,8
sdk,sqlite,nestedCreate,978,8
sdk,sqlite,nestedCreate,979,7
sdk,sqlite,nestedCreate,980,8
sdk,sqlite,nestedCreate,981,8
sdk,sqlite,nestedCreate,982,7
sdk,sqlite,nestedCreate,983,11
sdk,sqlite,nestedCreate,984,7
sdk,sqlite,nestedCreate,985,6
sdk,sqlite,nestedCreate,986,6
sdk,sqlite,nestedCreate,987,8
sdk,sqlite,nestedCreate,988,8
sdk,sqlite,nestedCreate,989,8
sdk,sqlite,nestedCreate,990,7
sdk,sqlite,nestedCreate,991,6
sdk,sqlite,nestedCreate,992,6
sdk,sqlite,nestedCreate,993,6
sdk,sqlite,nestedCreate,994,8
sdk,sqlite,nestedCreate,995,8
sdk,sqlite,nestedCreate,996,8
sdk,sqlite,nestedCreate,997,8
sdk,sqlite,nestedCreate,998,6
sdk,sqlite,nestedCreate,999,10
sdk,sqlite,update,0,1
sdk,sqlite,update,1,1
sdk,sqlite,update,2,1
sdk,sqlite,update,3,1
sdk,sqlite,update,4,1
sdk,sqlite,update,5,1
sdk,sqlite,update,6,1
sdk,sqlite,update,7,1
sdk,sqlite,update,8,1
sdk,sqlite,update,9,1
sdk,sqlite,update,10,1
sdk,sqlite,update,11,1
sdk,sqlite,update,12,1
sdk,sqlite,update,13,1
sdk,sqlite,update,14,1
sdk,sqlite,update,15,1
sdk,sqlite,update,16,1
sdk,sqlite,update,17,1
sdk,sqlite,update,18,1
sdk,sqlite,update,19,1
sdk,sqlite,update,20,1
sdk,sqlite,update,21,1
sdk,sqlite,update,22,1
sdk,sqlite,update,23,1
sdk,sqlite,update,24,1
sdk,sqlite,update,25,1
sdk,sqlite,update,26,1
sdk,sqlite,update,27,1
sdk,sqlite,update,28,1
sdk,sqlite,update,29,1
sdk,sqlite,update,30,1
sdk,sqlite,update,31,1
sdk,sqlite,update,32,1
sdk,sqlite,update,33,1
sdk,sqlite,update,34,1
sdk,sqlite,update,35,1
sdk,sqlite,update,36,1
sdk,sqlite,update,37,1
sdk,sqlite,update,38,1
sdk,sqlite,update,39,1
sdk,sqlite,update,40,1
sdk,sqlite,update,41,1
sdk,sqlite,update,42,1
sdk,sqlite,update,43,1
sdk,sqlite,update,44,1
sdk,sqlite,update,45,1
sdk,sqlite,update,46,1
sdk,sqlite,update,47,1
sdk,sqlite,update,48,1
sdk,sqlite,update,49,1
sdk,sqlite,update,50,1
sdk,sqlite,update,51,1
sdk,sqlite,update,52,1
sdk,sqlite,update,53,1
sdk,sqlite,update,54,1
sdk,sqlite,update,55,1
sdk,sqlite,update,56,1
sdk,sqlite,update,57,1
sdk,sqlite,update,58,1
sdk,sqlite,update,59,1
sdk,sqlite,update,60,1
sdk,sqlite,update,61,1
sdk,sqlite,update,62,1
sdk,sqlite,update,63,1
sdk,sqlite,update,64,1
sdk,sqlite,update,65,1
sdk,sqlite,update,66,1
sdk,sqlite,update,67,1
sdk,sqlite,update,68,1
sdk,sqlite,update,69,1
sdk,sqlite,update,70,1
sdk,sqlite,update,71,1
sdk,sqlite,update,72,1
sdk,sqlite,update,73,1
sdk,sqlite,update,74,1
sdk,sqlite,update,75,1
sdk,sqlite,update,76,1
sdk,sqlite,update,77,1
sdk,sqlite,update,78,1
sdk,sqlite,update,79,1
sdk,sqlite,update,80,1
sdk,sqlite,update,81,1
sdk,sqlite,update,82,1
sdk,sqlite,update,83,1
sdk,sqlite,update,84,1
sdk,sqlite,update,85,1
sdk,sqlite,update,86,1
sdk,sqlite,update,87,1
sdk,sqlite,update,88,1
sdk,sqlite,update,89,1
sdk,sqlite,update,90,1
sdk,sqlite,update,91,1
sdk,sqlite,update,92,1
sdk,sqlite,update,93,1
sdk,sqlite,update,94,1
sdk,sqlite,update,95,1
sdk,sqlite,update,96,1
sdk,sqlite,update,97,1
sdk,sqlite,update,98,1
sdk,sqlite,update,99,1
sdk,sqlite,update,100,1
sdk,sqlite,update,101,1
sdk,sqlite,update,102,1
sdk,sqlite,update,103,1
sdk,sqlite,update,104,1
sdk,sqlite,update,105,1
sdk,sqlite,update,106,1
sdk,sqlite,update,107,1
sdk,sqlite,update,108,1
sdk,sqlite,update,109,1
sdk,sqlite,update,110,1
sdk,sqlite,update,111,1
sdk,sqlite,update,112,1
sdk,sqlite,update,113,1
sdk,sqlite,update,114,1
sdk,sqlite,update,115,1
sdk,sqlite,update,116,1
sdk,sqlite,update,117,1
sdk,sqlite,update,118,1
sdk,sqlite,update,119,1
sdk,sqlite,update,120,1
sdk,sqlite,update,121,1
sdk,sqlite,update,122,1
sdk,sqlite,update,123,1
sdk,sqlite,update,124,1
sdk,sqlite,update,125,1
sdk,sqlite,update,126,1
sdk,sqlite,update,127,1
sdk,sqlite,update,128,1
sdk,sqlite,update,129,1
sdk,sqlite,update,130,1
sdk,sqlite,update,131,1
sdk,sqlite,update,132,1
sdk,sqlite,update,133,1
sdk,sqlite,update,134,1
sdk,sqlite,update,135,1
sdk,sqlite,update,136,1
sdk,sqlite,update,137,1
sdk,sqlite,update,138,1
sdk,sqlite,update,139,1
sdk,sqlite,update,140,1
sdk,sqlite,update,141,1
sdk,sqlite,update,142,1
sdk,sqlite,update,143,1
sdk,sqlite,update,144,1
sdk,sqlite,update,145,1
sdk,sqlite,update,146,1
sdk,sqlite,update,147,1
sdk,sqlite,update,148,1
sdk,sqlite,update,149,1
sdk,sqlite,update,150,1
sdk,sqlite,update,151,1
sdk,sqlite,update,152,1
sdk,sqlite,update,153,1
sdk,sqlite,update,154,1
sdk,sqlite,update,155,1
sdk,sqlite,update,156,1
sdk,sqlite,update,157,1
sdk,sqlite,update,158,1
sdk,sqlite,update,159,1
sdk,sqlite,update,160,1
sdk,sqlite,update,161,1
sdk,sqlite,update,162,1
sdk,sqlite,update,163,1
sdk,sqlite,update,164,1
sdk,sqlite,update,165,1
sdk,sqlite,update,166,1
sdk,sqlite,update,167,1
sdk,sqlite,update,168,1
sdk,sqlite,update,169,1
sdk,sqlite,update,170,1
sdk,sqlite,update,171,1
sdk,sqlite,update,172,1
sdk,sqlite,update,173,1
sdk,sqlite,update,174,1
sdk,sqlite,update,175,1
sdk,sqlite,update,176,1
sdk,sqlite,update,177,1
sdk,sqlite,update,178,1
sdk,sqlite,update,179,1
sdk,sqlite,update,180,9
sdk,sqlite,update,181,2
sdk,sqlite,update,182,2
sdk,sqlite,update,183,1
sdk,sqlite,update,184,1
sdk,sqlite,update,185,1
sdk,sqlite,update,186,1
sdk,sqlite,update,187,1
sdk,sqlite,update,188,1
sdk,sqlite,update,189,1
sdk,sqlite,update,190,1
sdk,sqlite,update,191,1
sdk,sqlite,update,192,1
sdk,sqlite,update,193,1
sdk,sqlite,update,194,1
sdk,sqlite,update,195,1
sdk,sqlite,update,196,1
sdk,sqlite,update,197,1
sdk,sqlite,update,198,1
sdk,sqlite,update,199,1
sdk,sqlite,update,200,1
sdk,sqlite,update,201,1
sdk,sqlite,update,202,1
sdk,sqlite,update,203,1
sdk,sqlite,update,204,1
sdk,sqlite,update,205,1
sdk,sqlite,update,206,1
sdk,sqlite,update,207,1
sdk,sqlite,update,208,1
sdk,sqlite,update,209,1
sdk,sqlite,update,210,1
sdk,sqlite,update,211,1
sdk,sqlite,update,212,1
sdk,sqlite,update,213,1
sdk,sqlite,update,214,1
sdk,sqlite,update,215,1
sdk,sqlite,update,216,1
sdk,sqlite,update,217,1
sdk,sqlite,update,218,1
sdk,sqlite,update,219,1
sdk,sqlite,update,220,1
sdk,sqlite,update,221,1
sdk,sqlite,update,222,1
sdk,sqlite,update,223,1
sdk,sqlite,update,224,1
sdk,sqlite,update,225,1
sdk,sqlite,update,226,1
sdk,sqlite,update,227,1
sdk,sqlite,update,228,1
sdk,sqlite,update,229,1
sdk,sqlite,update,230,1
sdk,sqlite,update,231,1
sdk,sqlite,update,232,1
sdk,sqlite,update,233,1
sdk,sqlite,update,234,1
sdk,sqlite,update,235,1
sdk,sqlite,update,236,1
sdk,sqlite,update,237,1
sdk,sqlite,update,238,1
sdk,sqlite,update,239,1
sdk,sqlite,update,240,1
sdk,sqlite,update,241,1
sdk,sqlite,update,242,1
sdk,sqlite,update,243,1
sdk,sqlite,update,244,1
sdk,sqlite,update,245,1
sdk,sqlite,update,246,1
sdk,sqlite,update,247,1
sdk,sqlite,update,248,1
sdk,sqlite,update,249,1
sdk,sqlite,update,250,1
sdk,sqlite,update,251,1
sdk,sqlite,update,252,1
sdk,sqlite,update,253,1
sdk,sqlite,update,254,1
sdk,sqlite,update,255,1
sdk,sqlite,update,256,1
sdk,sqlite,update,257,1
sdk,sqlite,update,258,1
sdk,sqlite,update,259,1
sdk,sqlite,update,260,1
sdk,sqlite,update,261,1
sdk,sqlite,update,262,1
sdk,sqlite,update,263,1
sdk,sqlite,update,264,1
sdk,sqlite,update,265,1
sdk,sqlite,update,266,1
sdk,sqlite,update,267,1
sdk,sqlite,update,268,1
sdk,sqlite,update,269,1
sdk,sqlite,update,270,1
sdk,sqlite,update,271,1
sdk,sqlite,update,272,1
sdk,sqlite,update,273,1
sdk,sqlite,update,274,1
sdk,sqlite,update,275,1
sdk,sqlite,update,276,1
sdk,sqlite,update,277,1
sdk,sqlite,update,278,1
sdk,sqlite,update,279,1
sdk,sqlite,update,280,1
sdk,sqlite,update,281,1
sdk,sqlite,update,282,1
sdk,sqlite,update,283,1
sdk,sqlite,update,284,1
sdk,sqlite,update,285,1
sdk,sqlite,update,286,1
sdk,sqlite,update,287,1
sdk,sqlite,update,288,1
sdk,sqlite,update,289,1
sdk,sqlite,update,290,1
sdk,sqlite,update,291,1
sdk,sqlite,update,292,1
sdk,sqlite,update,293,1
sdk,sqlite,update,294,1
sdk,sqlite,update,295,1
sdk,sqlite,update,296,1
sdk,sqlite,update,297,1
sdk,sqlite,update,298,1
sdk,sqlite,update,299,1
sdk,sqlite,update,300,1
sdk,sqlite,update,301,1
sdk,sqlite,update,302,1
sdk,sqlite,update,303,1
sdk,sqlite,update,304,1
sdk,sqlite,update,305,1
sdk,sqlite,update,306,1
sdk,sqlite,update,307,1
sdk,sqlite,update,308,1
sdk,sqlite,update,309,1
sdk,sqlite,update,310,1
sdk,sqlite,update,311,1
sdk,sqlite,update,312,1
sdk,sqlite,update,313,1
sdk,sqlite,update,314,1
sdk,sqlite,update,315,1
sdk,sqlite,update,316,1
sdk,sqlite,update,317,1
sdk,sqlite,update,318,1
sdk,sqlite,update,319,1
sdk,sqlite,update,320,1
sdk,sqlite,update,321,1
sdk,sqlite,update,322,1
sdk,sqlite,update,323,1
sdk,sqlite,update,324,1
sdk,sqlite,update,325,1
sdk,sqlite,update,326,1
sdk,sqlite,update,327,1
sdk,sqlite,update,328,1
sdk,sqlite,update,329,1
sdk,sqlite,update,330,1
sdk,sqlite,update,331,1
sdk,sqlite,update,332,1
sdk,sqlite,update,333,1
sdk,sqlite,update,334,1
sdk,sqlite,update,335,1
sdk,sqlite,update,336,1
sdk,sqlite,update,337,1
sdk,sqlite,update,338,1
sdk,sqlite,update,339,1
sdk,sqlite,update,340,1
sdk,sqlite,update,341,1
sdk,sqlite,update,342,1
sdk,sqlite,update,343,1
sdk,sqlite,update,344,1
sdk,sqlite,update,345,1
sdk,sqlite,update,346,1
sdk,sqlite,update,347,1
sdk,sqlite,update,348,1
sdk,sqlite,update,349,1
sdk,sqlite,update,350,1
sdk,sqlite,update,351,1
sdk,sqlite,update,352,1
sdk,sqlite,update,353,1
sdk,sqlite,update,354,1
sdk,sqlite,update,355,1
sdk,sqlite,update,356,1
sdk,sqlite,update,357,1
sdk,sqlite,update,358,1
sdk,sqlite,update,359,1
sdk,sqlite,update,360,1
sdk,sqlite,update,361,1
sdk,sqlite,update,362,1
sdk,sqlite,update,363,1
sdk,sqlite,update,364,1
sdk,sqlite,update,365,1
sdk,sqlite,update,366,1
sdk,sqlite,update,367,1
sdk,sqlite,update,368,1
sdk,sqlite,update,369,1
sdk,sqlite,update,370,1
sdk,sqlite,update,371,1
sdk,sqlite,update,372,1
sdk,sqlite,update,373,1
sdk,sqlite,update,374,1
sdk,sqlite,update,375,1
sdk,sqlite,update,376,1
sdk,sqlite,update,377,1
sdk,sqlite,update,378,1
sdk,sqlite,update,379,1
sdk,sqlite,update,380,1
sdk,sqlite,update,381,1
sdk,sqlite,update,382,1
sdk,sqlite,update,383,1
sdk,sqlite,update,384,1
sdk,sqlite,update,385,1
sdk,sqlite,update,386,1
sdk,sqlite,update,387,1
sdk,sqlite,update,388,1
sdk,sqlite,update,389,1
sdk,sqlite,update,390,1
sdk,sqlite,update,391,1
sdk,sqlite,update,392,1
sdk,sqlite,update,393,1
sdk,sqlite,update,394,1
sdk,sqlite,update,395,1
sdk,sqlite,update,396,1
sdk,sqlite,update,397,1
sdk,sqlite,update,398,1
sdk,sqlite,update,399,1
sdk,sqlite,update,400,1
sdk,sqlite,update,401,1
sdk,sqlite,update,402,1
sdk,sqlite,update,403,1
sdk,sqlite,update,404,1
sdk,sqlite,update,405,1
sdk,sqlite,update,406,1
sdk,sqlite,update,407,1
sdk,sqlite,update,408,1
sdk,sqlite,update,409,1
sdk,sqlite,update,410,1
sdk,sqlite,update,411,1
sdk,sqlite,update,412,1
sdk,sqlite,update,413,1
sdk,sqlite,update,414,1
sdk,sqlite,update,415,1
sdk,sqlite,update,416,1
sdk,sqlite,update,417,1
sdk,sqlite,update,418,1
sdk,sqlite,update,419,1
sdk,sqlite,update,420,1
sdk,sqlite,update,421,1
sdk,sqlite,update,422,1
sdk,sqlite,update,423,1
sdk,sqlite,update,424,1
sdk,sqlite,update,425,1
sdk,sqlite,update,426,1
sdk,sqlite,update,427,1
sdk,sqlite,update,428,1
sdk,sqlite,update,429,1
sdk,sqlite,update,430,1
sdk,sqlite,update,431,1
sdk,sqlite,update,432,1
sdk,sqlite,update,433,1
sdk,sqlite,update,434,1
sdk,sqlite,update,435,1
sdk,sqlite,update,436,1
sdk,sqlite,update,437,1
sdk,sqlite,update,438,1
sdk,sqlite,update,439,1
sdk,sqlite,update,440,1
sdk,sqlite,update,441,1
sdk,sqlite,update,442,1
sdk,sqlite,update,443,1
sdk,sqlite,update,444,1
sdk,sqlite,update,445,1
sdk,sqlite,update,446,1
sdk,sqlite,update,447,1
sdk,sqlite,update,448,1
sdk,sqlite,update,449,1
sdk,sqlite,update,450,1
sdk,sqlite,update,451,1
sdk,sqlite,update,452,1
sdk,sqlite,update,453,1
sdk,sqlite,update,454,1
sdk,sqlite,update,455,1
sdk,sqlite,update,456,1
sdk,sqlite,update,457,1
sdk,sqlite,update,458,1
sdk,sqlite,update,459,1
sdk,sqlite,update,460,1
sdk,sqlite,update,461,1
sdk,sqlite,update,462,1
sdk,sqlite,update,463,1
sdk,sqlite,update,464,1
sdk,sqlite,update,465,1
sdk,sqlite,update,466,1
sdk,sqlite,update,467,1
sdk,sqlite,update,468,1
sdk,sqlite,update,469,1
sdk,sqlite,update,470,1
sdk,sqlite,update,471,1
sdk,sqlite,update,472,1
sdk,sqlite,update,473,1
sdk,sqlite,update,474,1
sdk,sqlite,update,475,1
sdk,sqlite,update,476,1
sdk,sqlite,update,477,1
sdk,sqlite,update,478,1
sdk,sqlite,update,479,1
sdk,sqlite,update,480,1
sdk,sqlite,update,481,1
sdk,sqlite,update,482,1
sdk,sqlite,update,483,1
sdk,sqlite,update,484,1
sdk,sqlite,update,485,1
sdk,sqlite,update,486,1
sdk,sqlite,update,487,1
sdk,sqlite,update,488,1
sdk,sqlite,update,489,1
sdk,sqlite,update,490,1
sdk,sqlite,update,491,1
sdk,sqlite,update,492,1
sdk,sqlite,update,493,1
sdk,sqlite,update,494,1
sdk,sqlite,update,495,1
sdk,sqlite,update,496,1
sdk,sqlite,update,497,1
sdk,sqlite,update,498,1
sdk,sqlite,update,499,1
sdk,sqlite,update,500,1
sdk,sqlite,update,501,1
sdk,sqlite,update,502,9
sdk,sqlite,update,503,2
sdk,sqlite,update,504,1
sdk,sqlite,update,505,1
sdk,sqlite,update,506,1
sdk,sqlite,update,507,1
sdk,sqlite,update,508,1
sdk,sqlite,update,509,1
sdk,sqlite,update,510,1
sdk,sqlite,update,511,1
sdk,sqlite,update,512,1
sdk,sqlite,update,513,1
sdk,sqlite,update,514,1
sdk,sqlite,update,515,1
sdk,sqlite,update,516,1
sdk,sqlite,update,517,1
sdk,sqlite,update,518,1
sdk,sqlite,update,519,1
sdk,sqlite,update,520,1
sdk,sqlite,update,521,1
sdk,sqlite,update,522,1
sdk,sqlite,update,523,1
sdk,sqlite,update,524,1
sdk,sqlite,update,525,1
sdk,sqlite,update,526,1
sdk,sqlite,update,527,1
sdk,sqlite,update,528,1
sdk,sqlite,update,529,1
sdk,sqlite,update,530,1
sdk,sqlite,update,531,1
sdk,sqlite,update,532,1
sdk,sqlite,update,533,1
sdk,sqlite,update,534,1
sdk,sqlite,update,535,1
sdk,sqlite,update,536,1
sdk,sqlite,update,537,1
sdk,sqlite,update,538,1
sdk,sqlite,update,539,1
sdk,sqlite,update,540,1
sdk,sqlite,update,541,1
sdk,sqlite,update,542,1
sdk,sqlite,update,543,1
sdk,sqlite,update,544,1
sdk,sqlite,update,545,1
sdk,sqlite,update,546,1
sdk,sqlite,update,547,1
sdk,sqlite,update,548,1
sdk,sqlite,update,549,1
sdk,sqlite,update,550,1
sdk,sqlite,update,551,1
sdk,sqlite,update,552,1
sdk,sqlite,update,553,1
sdk,sqlite,update,554,1
sdk,sqlite,update,555,1
sdk,sqlite,update,556,1
sdk,sqlite,update,557,1
sdk,sqlite,update,558,1
sdk,sqlite,update,559,1
sdk,sqlite,update,560,1
sdk,sqlite,update,561,1
sdk,sqlite,update,562,1
sdk,sqlite,update,563,1
sdk,sqlite,update,564,1
sdk,sqlite,update,565,1
sdk,sqlite,update,566,1
sdk,sqlite,update,567,1
sdk,sqlite,update,568,1
sdk,sqlite,update,569,1
sdk,sqlite,update,570,1
sdk,sqlite,update,571,1
sdk,sqlite,update,572,1
sdk,sqlite,update,573,1
sdk,sqlite,update,574,1
sdk,sqlite,update,575,1
sdk,sqlite,update,576,1
sdk,sqlite,update,577,1
sdk,sqlite,update,578,1
sdk,sqlite,update,579,1
sdk,sqlite,update,580,1
sdk,sqlite,update,581,1
sdk,sqlite,update,582,1
sdk,sqlite,update,583,1
sdk,sqlite,update,584,1
sdk,sqlite,update,585,1
sdk,sqlite,update,586,1
sdk,sqlite,update,587,1
sdk,sqlite,update,588,1
sdk,sqlite,update,589,1
sdk,sqlite,update,590,1
sdk,sqlite,update,591,1
sdk,sqlite,update,592,1
sdk,sqlite,update,593,1
sdk,sqlite,update,594,1
sdk,sqlite,update,595,1
sdk,sqlite,update,596,1
sdk,sqlite,update,597,1
sdk,sqlite,update,598,1
sdk,sqlite,update,599,1
sdk,sqlite,update,600,1
sdk,sqlite,update,601,1
sdk,sqlite,update,602,1
sdk,sqlite,update,603,1
sdk,sqlite,update,604,1
sdk,sqlite,update,605,1
sdk,sqlite,update,606,1
sdk,sqlite,update,607,1
sdk,sqlite,update,608,1
sdk,sqlite,update,609,1
sdk,sqlite,update,610,1
sdk,sqlite,update,611,1
sdk,sqlite,update,612,1
sdk,sqlite,update,613,1
sdk,sqlite,update,614,1
sdk,sqlite,update,615,1
sdk,sqlite,update,616,1
sdk,sqlite,update,617,1
sdk,sqlite,update,618,1
sdk,sqlite,update,619,1
sdk,sqlite,update,620,1
sdk,sqlite,update,621,1
sdk,sqlite,update,622,1
sdk,sqlite,update,623,1
sdk,sqlite,update,624,1
sdk,sqlite,update,625,1
sdk,sqlite,update,626,1
sdk,sqlite,update,627,1
sdk,sqlite,update,628,1
sdk,sqlite,update,629,1
sdk,sqlite,update,630,1
sdk,sqlite,update,631,1
sdk,sqlite,update,632,1
sdk,sqlite,update,633,1
sdk,sqlite,update,634,1
sdk,sqlite,update,635,1
sdk,sqlite,update,636,1
sdk,sqlite,update,637,1
sdk,sqlite,update,638,1
sdk,sqlite,update,639,1
sdk,sqlite,update,640,1
sdk,sqlite,update,641,1
sdk,sqlite,update,642,1
sdk,sqlite,update,643,1
sdk,sqlite,update,644,1
sdk,sqlite,update,645,1
sdk,sqlite,update,646,1
sdk,sqlite,update,647,1
sdk,sqlite,update,648,1
sdk,sqlite,update,649,1
sdk,sqlite,update,650,1
sdk,sqlite,update,651,1
sdk,sqlite,update,652,1
sdk,sqlite,update,653,1
sdk,sqlite,update,654,1
sdk,sqlite,update,655,1
sdk,sqlite,update,656,1
sdk,sqlite,update,657,1
sdk,sqlite,update,658,1
sdk,sqlite,update,659,1
sdk,sqlite,update,660,1
sdk,sqlite,update,661,1
sdk,sqlite,update,662,1
sdk,sqlite,update,663,1
sdk,sqlite,update,664,1
sdk,sqlite,update,665,1
sdk,sqlite,update,666,1
sdk,sqlite,update,667,1
sdk,sqlite,update,668,1
sdk,sqlite,update,669,1
sdk,sqlite,update,670,1
sdk,sqlite,update,671,1
sdk,sqlite,update,672,1
sdk,sqlite,update,673,1
sdk,sqlite,update,674,1
sdk,sqlite,update,675,1
sdk,sqlite,update,676,1
sdk,sqlite,update,677,1
sdk,sqlite,update,678,1
sdk,sqlite,update,679,1
sdk,sqlite,update,680,1
sdk,sqlite,update,681,1
sdk,sqlite,update,682,1
sdk,sqlite,update,683,1
sdk,sqlite,update,684,1
sdk,sqlite,update,685,1
sdk,sqlite,update,686,1
sdk,sqlite,update,687,1
sdk,sqlite,update,688,1
sdk,sqlite,update,689,1
sdk,sqlite,update,690,1
sdk,sqlite,update,691,1
sdk,sqlite,update,692,1
sdk,sqlite,update,693,1
sdk,sqlite,update,694,1
sdk,sqlite,update,695,1
sdk,sqlite,update,696,1
sdk,sqlite,update,697,1
sdk,sqlite,update,698,1
sdk,sqlite,update,699,1
sdk,sqlite,update,700,1
sdk,sqlite,update,701,1
sdk,sqlite,update,702,1
sdk,sqlite,update,703,1
sdk,sqlite,update,704,1
sdk,sqlite,update,705,1
sdk,sqlite,update,706,1
sdk,sqlite,update,707,1
sdk,sqlite,update,708,1
sdk,sqlite,update,709,1
sdk,sqlite,update,710,1
sdk,sqlite,update,711,1
sdk,sqlite,update,712,1
sdk,sqlite,update,713,1
sdk,sqlite,update,714,1
sdk,sqlite,update,715,1
sdk,sqlite,update,716,1
sdk,sqlite,update,717,1
sdk,sqlite,update,718,1
sdk,sqlite,update,719,1
sdk,sqlite,update,720,1
sdk,sqlite,update,721,1
sdk,sqlite,update,722,1
sdk,sqlite,update,723,1
sdk,sqlite,update,724,1
sdk,sqlite,update,725,1
sdk,sqlite,update,726,1
sdk,sqlite,update,727,1
sdk,sqlite,update,728,1
sdk,sqlite,update,729,1
sdk,sqlite,update,730,1
sdk,sqlite,update,731,1
sdk,sqlite,update,732,1
sdk,sqlite,update,733,1
sdk,sqlite,update,734,1
sdk,sqlite,update,735,1
sdk,sqlite,update,736,1
sdk,sqlite,update,737,1
sdk,sqlite,update,738,1
sdk,sqlite,update,739,1
sdk,sqlite,update,740,1
sdk,sqlite,update,741,1
sdk,sqlite,update,742,1
sdk,sqlite,update,743,1
sdk,sqlite,update,744,1
sdk,sqlite,update,745,1
sdk,sqlite,update,746,1
sdk,sqlite,update,747,1
sdk,sqlite,update,748,1
sdk,sqlite,update,749,1
sdk,sqlite,update,750,1
sdk,sqlite,update,751,1
sdk,sqlite,update,752,1
sdk,sqlite,update,753,1
sdk,sqlite,update,754,1
sdk,sqlite,update,755,1
sdk,sqlite,update,756,1
sdk,sqlite,update,757,1
sdk,sqlite,update,758,1
sdk,sqlite,update,759,1
sdk,sqlite,update,760,1
sdk,sqlite,update,761,1
sdk,sqlite,update,762,1
sdk,sqlite,update,763,1
sdk,sqlite,update,764,1
sdk,sqlite,update,765,1
sdk,sqlite,update,766,1
sdk,sqlite,update,767,1
sdk,sqlite,update,768,1
sdk,sqlite,update,769,1
sdk,sqlite,update,770,1
sdk,sqlite,update,771,1
sdk,sqlite,update,772,1
sdk,sqlite,update,773,1
sdk,sqlite,update,774,1
sdk,sqlite,update,775,1
sdk,sqlite,update,776,1
sdk,sqlite,update,777,1
sdk,sqlite,update,778,1
sdk,sqlite,update,779,1
sdk,sqlite,update,780,1
sdk,sqlite,update,781,1
sdk,sqlite,update,782,1
sdk,sqlite,update,783,1
sdk,sqlite,update,784,1
sdk,sqlite,update,785,1
sdk,sqlite,update,786,1
sdk,sqlite,update,787,1
sdk,sqlite,update,788,1
sdk,sqlite,update,789,1
sdk,sqlite,update,790,1
sdk,sqlite,update,791,1
sdk,sqlite,update,792,1
sdk,sqlite,update,793,1
sdk,sqlite,update,794,1
sdk,sqlite,update,795,1
sdk,sqlite,update,796,1
sdk,sqlite,update,797,1
sdk,sqlite,update,798,1
sdk,sqlite,update,799,1
sdk,sqlite,update,800,1
sdk,sqlite,update,801,1
sdk,sqlite,update,802,1
sdk,sqlite,update,803,1
sdk,sqlite,update,804,1
sdk,sqlite,update,805,1
sdk,sqlite,update,806,1
sdk,sqlite,update,807,1
sdk,sqlite,update,808,1
sdk,sqlite,update,809,1
sdk,sqlite,update,810,1
sdk,sqlite,update,811,1
sdk,sqlite,update,812,1
sdk,sqlite,update,813,1
sdk,sqlite,update,814,1
sdk,sqlite,update,815,1
sdk,sqlite,update,816,1
sdk,sqlite,update,817,1
sdk,sqlite,update,818,1
sdk,sqlite,update,819,1
sdk,sqlite,update,820,1
sdk,sqlite,update,821,1
sdk,sqlite,update,822,1
sdk,sqlite,update,823,1
sdk,sqlite,update,824,1
sdk,sqlite,update,825,1
sdk,sqlite,update,826,1
sdk,sqlite,update,827,1
sdk,sqlite,update,828,1
sdk,sqlite,update,829,1
sdk,sqlite,update,830,1
sdk,sqlite,update,831,1
sdk,sqlite,update,832,1
sdk,sqlite,update,833,1
sdk,sqlite,update,834,1
sdk,sqlite,update,835,1
sdk,sqlite,update,836,1
sdk,sqlite,update,837,1
sdk,sqlite,update,838,1
sdk,sqlite,update,839,1
sdk,sqlite,update,840,1
sdk,sqlite,update,841,1
sdk,sqlite,update,842,1
sdk,sqlite,update,843,1
sdk,sqlite,update,844,1
sdk,sqlite,update,845,1
sdk,sqlite,update,846,1
sdk,sqlite,update,847,1
sdk,sqlite,update,848,1
sdk,sqlite,update,849,1
sdk,sqlite,update,850,1
sdk,sqlite,update,851,1
sdk,sqlite,update,852,1
sdk,sqlite,update,853,1
sdk,sqlite,update,854,1
sdk,sqlite,update,855,1
sdk,sqlite,update,856,1
sdk,sqlite,update,857,1
sdk,sqlite,update,858,1
sdk,sqlite,update,859,1
sdk,sqlite,update,860,1
sdk,sqlite,update,861,1
sdk,sqlite,update,862,1
sdk,sqlite,update,863,1
sdk,sqlite,update,864,1
sdk,sqlite,update,865,1
sdk,sqlite,update,866,1
sdk,sqlite,update,867,1
sdk,sqlite,update,868,1
sdk,sqlite,update,869,1
sdk,sqlite,update,870,1
sdk,sqlite,update,871,1
sdk,sqlite,update,872,1
sdk,sqlite,update,873,1
sdk,sqlite,update,874,1
sdk,sqlite,update,875,1
sdk,sqlite,update,876,1
sdk,sqlite,update,877,1
sdk,sqlite,update,878,1
sdk,sqlite,update,879,1
sdk,sqlite,update,880,1
sdk,sqlite,update,881,1
sdk,sqlite,update,882,1
sdk,sqlite,update,883,1
sdk,sqlite,update,884,1
sdk,sqlite,update,885,1
sdk,sqlite,update,886,1
sdk,sqlite,update,887,1
sdk,sqlite,update,888,1
sdk,sqlite,update,889,1
sdk,sqlite,update,890,1
sdk,sqlite,update,891,1
sdk,sqlite,update,892,1
sdk,sqlite,update,893,1
sdk,sqlite,update,894,1
sdk,sqlite,update,895,1
sdk,sqlite,update,896,1
sdk,sqlite,update,897,1
sdk,sqlite,update,898,1
sdk,sqlite,update,899,1
sdk,sqlite,update,900,1
sdk,sqlite,update,901,1
sdk,sqlite,update,902,1
sdk,sqlite,update,903,1
sdk,sqlite,update,904,1
sdk,sqlite,update,905,1
sdk,sqlite,update,906,1
sdk,sqlite,update,907,1
sdk,sqlite,update,908,1
sdk,sqlite,update,909,1
sdk,sqlite,update,910,1
sdk,sqlite,update,911,1
sdk,sqlite,update,912,1
sdk,sqlite,update,913,1
sdk,sqlite,update,914,1
sdk,sqlite,update,915,1
sdk,sqlite,update,916,1
sdk,sqlite,update,917,1
sdk,sqlite,update,918,1
sdk,sqlite,update,919,1
sdk,sqlite,update,920,1
sdk,sqlite,update,921,1
sdk,sqlite,update,922,1
sdk,sqlite,update,923,1
sdk,sqlite,update,924,1
sdk,sqlite,update,925,1
sdk,sqlite,update,926,1
sdk,sqlite,update,927,1
sdk,sqlite,update,928,1
sdk,sqlite,update,929,1
sdk,sqlite,update,930,1
sdk,sqlite,update,931,1
sdk,sqlite,update,932,1
sdk,sqlite,update,933,1
sdk,sqlite,update,934,1
sdk,sqlite,update,935,1
sdk,sqlite,update,936,1
sdk,sqlite,update,937,1
sdk,sqlite,update,938,1
sdk,sqlite,update,939,1
sdk,sqlite,update,940,1
sdk,sqlite,update,941,1
sdk,sqlite,update,942,1
sdk,sqlite,update,943,1
sdk,sqlite,update,944,1
sdk,sqlite,update,945,1
sdk,sqlite,update,946,1
sdk,sqlite,update,947,1
sdk,sqlite,update,948,1
sdk,sqlite,update,949,1
sdk,sqlite,update,950,1
sdk,sqlite,update,951,1
sdk,sqlite,update,952,1
sdk,sqlite,update,953,1
sdk,sqlite,update,954,1
sdk,sqlite,update,955,1
sdk,sqlite,update,956,1
sdk,sqlite,update,957,1
sdk,sqlite,update,958,1
sdk,sqlite,update,959,1
sdk,sqlite,update,960,1
sdk,sqlite,update,961,1
sdk,sqlite,update,962,1
sdk,sqlite,update,963,1
sdk,sqlite,update,964,1
sdk,sqlite,update,965,1
sdk,sqlite,update,966,1
sdk,sqlite,update,967,1
sdk,sqlite,update,968,1
sdk,sqlite,update,969,1
sdk,sqlite,update,970,1
sdk,sqlite,update,971,1
sdk,sqlite,update,972,1
sdk,sqlite,update,973,1
sdk,sqlite,update,974,1
sdk,sqlite,update,975,1
sdk,sqlite,update,976,1
sdk,sqlite,update,977,1
sdk,sqlite,update,978,1
sdk,sqlite,update,979,1
sdk,sqlite,update,980,1
sdk,sqlite,update,981,1
sdk,sqlite,update,982,1
sdk,sqlite,update,983,1
sdk,sqlite,update,984,1
sdk,sqlite,update,985,1
sdk,sqlite,update,986,1
sdk,sqlite,update,987,1
sdk,sqlite,update,988,1
sdk,sqlite,update,989,1
sdk,sqlite,update,990,1
sdk,sqlite,update,991,1
sdk,sqlite,update,992,1
sdk,sqlite,update,993,1
sdk,sqlite,update,994,1
sdk,sqlite,update,995,1
sdk,sqlite,update,996,1
sdk,sqlite,update,997,1
sdk,sqlite,update,998,1
sdk,sqlite,update,999,1
sdk,sqlite,nestedUpdate,0,9
sdk,sqlite,nestedUpdate,1,12
sdk,sqlite,nestedUpdate,2,11
sdk,sqlite,nestedUpdate,3,10
sdk,sqlite,nestedUpdate,4,12
sdk,sqlite,nestedUpdate,5,12
sdk,sqlite,nestedUpdate,6,10
sdk,sqlite,nestedUpdate,7,10
sdk,sqlite,nestedUpdate,8,12
sdk,sqlite,nestedUpdate,9,12
sdk,sqlite,nestedUpdate,10,13
sdk,sqlite,nestedUpdate,11,11
sdk,sqlite,nestedUpdate,12,13
sdk,sqlite,nestedUpdate,13,10
sdk,sqlite,nestedUpdate,14,12
sdk,sqlite,nestedUpdate,15,12
sdk,sqlite,nestedUpdate,16,10
sdk,sqlite,nestedUpdate,17,10
sdk,sqlite,nestedUpdate,18,12
sdk,sqlite,nestedUpdate,19,12
sdk,sqlite,nestedUpdate,20,11
sdk,sqlite,nestedUpdate,21,10
sdk,sqlite,nestedUpdate,22,12
sdk,sqlite,nestedUpdate,23,12
sdk,sqlite,nestedUpdate,24,12
sdk,sqlite,nestedUpdate,25,12
sdk,sqlite,nestedUpdate,26,10
sdk,sqlite,nestedUpdate,27,10
sdk,sqlite,nestedUpdate,28,12
sdk,sqlite,nestedUpdate,29,12
sdk,sqlite,nestedUpdate,30,10
sdk,sqlite,nestedUpdate,31,10
sdk,sqlite,nestedUpdate,32,12
sdk,sqlite,nestedUpdate,33,12
sdk,sqlite,nestedUpdate,34,10
sdk,sqlite,nestedUpdate,35,10
sdk,sqlite,nestedUpdate,36,12
sdk,sqlite,nestedUpdate,37,12
sdk,sqlite,nestedUpdate,38,11
sdk,sqlite,nestedUpdate,39,13
sdk,sqlite,nestedUpdate,40,10
sdk,sqlite,nestedUpdate,41,12
sdk,sqlite,nestedUpdate,42,12
sdk,sqlite,nestedUpdate,43,10
sdk,sqlite,nestedUpdate,44,10
sdk,sqlite,nestedUpdate,45,12
sdk,sqlite,nestedUpdate,46,12
sdk,sqlite,nestedUpdate,47,11
sdk,sqlite,nestedUpdate,48,10
sdk,sqlite,nestedUpdate,49,12
sdk,sqlite,nestedUpdate,50,12
sdk,sqlite,nestedUpdate,51,12
sdk,sqlite,nestedUpdate,52,12
sdk,sqlite,nestedUpdate,53,10
sdk,sqlite,nestedUpdate,54,9
sdk,sqlite,nestedUpdate,55,12
sdk,sqlite,nestedUpdate,56,12
sdk,sqlite,nestedUpdate,57,11
sdk,sqlite,nestedUpdate,58,10
sdk,sqlite,nestedUpdate,59,12
sdk,sqlite,nestedUpdate,60,12
sdk,sqlite,nestedUpdate,61,11
sdk,sqlite,nestedUpdate,62,10
sdk,sqlite,nestedUpdate,63,10
sdk,sqlite,nestedUpdate,64,12
sdk,sqlite,nestedUpdate,65,12
sdk,sqlite,nestedUpdate,66,10
sdk,sqlite,nestedUpdate,67,10
sdk,sqlite,nestedUpdate,68,12
sdk,sqlite,nestedUpdate,69,12
sdk,sqlite,nestedUpdate,70,11
sdk,sqlite,nestedUpdate,71,10
sdk,sqlite,nestedUpdate,72,12
sdk,sqlite,nestedUpdate,73,12
sdk,sqlite,nestedUpdate,74,10
sdk,sqlite,nestedUpdate,75,10
sdk,sqlite,nestedUpdate,76,12
sdk,sqlite,nestedUpdate,77,12
sdk,sqlite,nestedUpdate,78,12
sdk,sqlite,nestedUpdate,79,12
sdk,sqlite,nestedUpdate,80,11
sdk,sqlite,nestedUpdate,81,10
sdk,sqlite,nestedUpdate,82,12
sdk,sqlite,nestedUpdate,83,12
sdk,sqlite,nestedUpdate,84,11
sdk,sqlite,nestedUpdate,85,10
sdk,sqlite,nestedUpdate,86,12
sdk,sqlite,nestedUpdate,87,10
sdk,sqlite,nestedUpdate,88,12
sdk,sqlite,nestedUpdate,89,12
sdk,sqlite,nestedUpdate,90,11
sdk,sqlite,nestedUpdate,91,10
sdk,sqlite,nestedUpdate,92,12
sdk,sqlite,nestedUpdate,93,12
sdk,sqlite,nestedUpdate,94,12
sdk,sqlite,nestedUpdate,95,12
sdk,sqlite,nestedUpdate,96,11
sdk,sqlite,nestedUpdate,97,10
sdk,sqlite,nestedUpdate,98,12
sdk,sqlite,nestedUpdate,99,12
sdk,sqlite,nestedUpdate,100,12
sdk,sqlite,nestedUpdate,101,12
sdk,sqlite,nestedUpdate,102,11
sdk,sqlite,nestedUpdate,103,10
sdk,sqlite,nestedUpdate,104,10
sdk,sqlite,nestedUpdate,105,12
sdk,sqlite,nestedUpdate,106,12
sdk,sqlite,nestedUpdate,107,10
sdk,sqlite,nestedUpdate,108,10
sdk,sqlite,nestedUpdate,109,12
sdk,sqlite,nestedUpdate,110,12
sdk,sqlite,nestedUpdate,111,10
sdk,sqlite,nestedUpdate,112,12
sdk,sqlite,nestedUpdate,113,12
sdk,sqlite,nestedUpdate,114,12
sdk,sqlite,nestedUpdate,115,11
sdk,sqlite,nestedUpdate,116,10
sdk,sqlite,nestedUpdate,117,10
sdk,sqlite,nestedUpdate,118,9
sdk,sqlite,nestedUpdate,119,12
sdk,sqlite,nestedUpdate,120,12
sdk,sqlite,nestedUpdate,121,10
sdk,sqlite,nestedUpdate,122,10
sdk,sqlite,nestedUpdate,123,12
sdk,sqlite,nestedUpdate,124,12
sdk,sqlite,nestedUpdate,125,10
sdk,sqlite,nestedUpdate,126,10
sdk,sqlite,nestedUpdate,127,12
sdk,sqlite,nestedUpdate,128,12
sdk,sqlite,nestedUpdate,129,11
sdk,sqlite,nestedUpdate,130,10
sdk,sqlite,nestedUpdate,131,12
sdk,sqlite,nestedUpdate,132,12
sdk,sqlite,nestedUpdate,133,13
sdk,sqlite,nestedUpdate,134,11
sdk,sqlite,nestedUpdate,135,13
sdk,sqlite,nestedUpdate,136,9
sdk,sqlite,nestedUpdate,137,12
sdk,sqlite,nestedUpdate,138,12
sdk,sqlite,nestedUpdate,139,10
sdk,sqlite,nestedUpdate,140,9
sdk,sqlite,nestedUpdate,141,12
sdk,sqlite,nestedUpdate,142,12
sdk,sqlite,nestedUpdate,143,10
sdk,sqlite,nestedUpdate,144,10
sdk,sqlite,nestedUpdate,145,10
sdk,sqlite,nestedUpdate,146,12
sdk,sqlite,nestedUpdate,147,12
sdk,sqlite,nestedUpdate,148,10
sdk,sqlite,nestedUpdate,149,10
sdk,sqlite,nestedUpdate,150,12
sdk,sqlite,nestedUpdate,151,12
sdk,sqlite,nestedUpdate,152,12
sdk,sqlite,nestedUpdate,153,12
sdk,sqlite,nestedUpdate,154,13
sdk,sqlite,nestedUpdate,155,12
sdk,sqlite,nestedUpdate,156,12
sdk,sqlite,nestedUpdate,157,11
sdk,sqlite,nestedUpdate,158,12
sdk,sqlite,nestedUpdate,159,12
sdk,sqlite,nestedUpdate,160,11
sdk,sqlite,nestedUpdate,161,10
sdk,sqlite,nestedUpdate,162,12
sdk,sqlite,nestedUpdate,163,12
sdk,sqlite,nestedUpdate,164,11
sdk,sqlite,nestedUpdate,165,10
sdk,sqlite,nestedUpdate,166,12
sdk,sqlite,nestedUpdate,167,12
sdk,sqlite,nestedUpdate,168,12
sdk,sqlite,nestedUpdate,169,12
sdk,sqlite,nestedUpdate,170,10
sdk,sqlite,nestedUpdate,171,10
sdk,sqlite,nestedUpdate,172,12
sdk,sqlite,nestedUpdate,173,12
sdk,sqlite,nestedUpdate,174,11
sdk,sqlite,nestedUpdate,175,12
sdk,sqlite,nestedUpdate,176,11
sdk,sqlite,nestedUpdate,177,10
sdk,sqlite,nestedUpdate,178,12
sdk,sqlite,nestedUpdate,179,10
sdk,sqlite,nestedUpdate,180,12
sdk,sqlite,nestedUpdate,181,12
sdk,sqlite,nestedUpdate,182,10
sdk,sqlite,nestedUpdate,183,10
sdk,sqlite,nestedUpdate,184,10
sdk,sqlite,nestedUpdate,185,10
sdk,sqlite,nestedUpdate,186,9
sdk,sqlite,nestedUpdate,187,12
sdk,sqlite,nestedUpdate,188,12
sdk,sqlite,nestedUpdate,189,10
sdk,sqlite,nestedUpdate,190,9
sdk,sqlite,nestedUpdate,191,12
sdk,sqlite,nestedUpdate,192,12
sdk,sqlite,nestedUpdate,193,12
sdk,sqlite,nestedUpdate,194,12
sdk,sqlite,nestedUpdate,195,10
sdk,sqlite,nestedUpdate,196,9
sdk,sqlite,nestedUpdate,197,12
sdk,sqlite,nestedUpdate,198,12
sdk,sqlite,nestedUpdate,199,13
sdk,sqlite,nestedUpdate,200,11
sdk,sqlite,nestedUpdate,201,12
sdk,sqlite,nestedUpdate,202,9
sdk,sqlite,nestedUpdate,203,12
sdk,sqlite,nestedUpdate,204,12
sdk,sqlite,nestedUpdate,205,10
sdk,sqlite,nestedUpdate,206,10
sdk,sqlite,nestedUpdate,207,12
sdk,sqlite,nestedUpdate,208,12
sdk,sqlite,nestedUpdate,209,12
sdk,sqlite,nestedUpdate,210,12
sdk,sqlite,nestedUpdate,211,11
sdk,sqlite,nestedUpdate,212,9
sdk,sqlite,nestedUpdate,213,12
sdk,sqlite,nestedUpdate,214,12
sdk,sqlite,nestedUpdate,215,10
sdk,sqlite,nestedUpdate,216,9
sdk,sqlite,nestedUpdate,217,12
sdk,sqlite,nestedUpdate,218,12
sdk,sqlite,nestedUpdate,219,13
sdk,sqlite,nestedUpdate,220,10
sdk,sqlite,nestedUpdate,221,12
sdk,sqlite,nestedUpdate,222,9
sdk,sqlite,nestedUpdate,223,12
sdk,sqlite,nestedUpdate,224,12
sdk,sqlite,nestedUpdate,225,11
sdk,sqlite,nestedUpdate,226,9
sdk,sqlite,nestedUpdate,227,12
sdk,sqlite,nestedUpdate,228,12
sdk,sqlite,nestedUpdate,229,10
sdk,sqlite,nestedUpdate,230,9
sdk,sqlite,nestedUpdate,231,12
sdk,sqlite,nestedUpdate,232,12
sdk,sqlite,nestedUpdate,233,10
sdk,sqlite,nestedUpdate,234,10
sdk,sqlite,nestedUpdate,235,12
sdk,sqlite,nestedUpdate,236,12
sdk,sqlite,nestedUpdate,237,10
sdk,sqlite,nestedUpdate,238,9
sdk,sqlite,nestedUpdate,239,10
sdk,sqlite,nestedUpdate,240,12
sdk,sqlite,nestedUpdate,241,12
sdk,sqlite,nestedUpdate,242,12
sdk,sqlite,nestedUpdate,243,12
sdk,sqlite,nestedUpdate,244,12
sdk,sqlite,nestedUpdate,245,10
sdk,sqlite,nestedUpdate,246,12
sdk,sqlite,nestedUpdate,247,12
sdk,sqlite,nestedUpdate,248,11
sdk,sqlite,nestedUpdate,249,10
sdk,sqlite,nestedUpdate,250,12
sdk,sqlite,nestedUpdate,251,12
sdk,sqlite,nestedUpdate,252,12
sdk,sqlite,nestedUpdate,253,12
sdk,sqlite,nestedUpdate,254,11
sdk,sqlite,nestedUpdate,255,10
sdk,sqlite,nestedUpdate,256,12
sdk,sqlite,nestedUpdate,257,12
sdk,sqlite,nestedUpdate,258,11
sdk,sqlite,nestedUpdate,259,10
sdk,sqlite,nestedUpdate,260,9
sdk,sqlite,nestedUpdate,261,12
sdk,sqlite,nestedUpdate,262,12
sdk,sqlite,nestedUpdate,263,10
sdk,sqlite,nestedUpdate,264,9
sdk,sqlite,nestedUpdate,265,12
sdk,sqlite,nestedUpdate,266,12
sdk,sqlite,nestedUpdate,267,11
sdk,sqlite,nestedUpdate,268,10
sdk,sqlite,nestedUpdate,269,12
sdk,sqlite,nestedUpdate,270,12
sdk,sqlite,nestedUpdate,271,12
sdk,sqlite,nestedUpdate,272,11
sdk,sqlite,nestedUpdate,273,12
sdk,sqlite,nestedUpdate,274,11
sdk,sqlite,nestedUpdate,275,12
sdk,sqlite,nestedUpdate,276,12
sdk,sqlite,nestedUpdate,277,12
sdk,sqlite,nestedUpdate,278,11
sdk,sqlite,nestedUpdate,279,12
sdk,sqlite,nestedUpdate,280,12
sdk,sqlite,nestedUpdate,281,10
sdk,sqlite,nestedUpdate,282,10
sdk,sqlite,nestedUpdate,283,12
sdk,sqlite,nestedUpdate,284,12
sdk,sqlite,nestedUpdate,285,10
sdk,sqlite,nestedUpdate,286,10
sdk,sqlite,nestedUpdate,287,12
sdk,sqlite,nestedUpdate,288,12
sdk,sqlite,nestedUpdate,289,12
sdk,sqlite,nestedUpdate,290,12
sdk,sqlite,nestedUpdate,291,11
sdk,sqlite,nestedUpdate,292,10
sdk,sqlite,nestedUpdate,293,12
sdk,sqlite,nestedUpdate,294,12
sdk,sqlite,nestedUpdate,295,12
sdk,sqlite,nestedUpdate,296,12
sdk,sqlite,nestedUpdate,297,13
sdk,sqlite,nestedUpdate,298,10
sdk,sqlite,nestedUpdate,299,12
sdk,sqlite,nestedUpdate,300,10
sdk,sqlite,nestedUpdate,301,12
sdk,sqlite,nestedUpdate,302,11
sdk,sqlite,nestedUpdate,303,10
sdk,sqlite,nestedUpdate,304,10
sdk,sqlite,nestedUpdate,305,10
sdk,sqlite,nestedUpdate,306,12
sdk,sqlite,nestedUpdate,307,12
sdk,sqlite,nestedUpdate,308,10
sdk,sqlite,nestedUpdate,309,10
sdk,sqlite,nestedUpdate,310,12
sdk,sqlite,nestedUpdate,311,12
sdk,sqlite,nestedUpdate,312,10
sdk,sqlite,nestedUpdate,313,10
sdk,sqlite,nestedUpdate,314,12
sdk,sqlite,nestedUpdate,315,12
sdk,sqlite,nestedUpdate,316,10
sdk,sqlite,nestedUpdate,317,10
sdk,sqlite,nestedUpdate,318,12
sdk,sqlite,nestedUpdate,319,12
sdk,sqlite,nestedUpdate,320,11
sdk,sqlite,nestedUpdate,321,14
sdk,sqlite,nestedUpdate,322,12
sdk,sqlite,nestedUpdate,323,11
sdk,sqlite,nestedUpdate,324,12
sdk,sqlite,nestedUpdate,325,12
sdk,sqlite,nestedUpdate,326,10
sdk,sqlite,nestedUpdate,327,10
sdk,sqlite,nestedUpdate,328,12
sdk,sqlite,nestedUpdate,329,12
sdk,sqlite,nestedUpdate,330,10
sdk,sqlite,nestedUpdate,331,10
sdk,sqlite,nestedUpdate,332,12
sdk,sqlite,nestedUpdate,333,12
sdk,sqlite,nestedUpdate,334,11
sdk,sqlite,nestedUpdate,335,10
sdk,sqlite,nestedUpdate,336,12
sdk,sqlite,nestedUpdate,337,9
sdk,sqlite,nestedUpdate,338,12
sdk,sqlite,nestedUpdate,339,12
sdk,sqlite,nestedUpdate,340,12
sdk,sqlite,nestedUpdate,341,11
sdk,sqlite,nestedUpdate,342,10
sdk,sqlite,nestedUpdate,343,10
sdk,sqlite,nestedUpdate,344,10
sdk,sqlite,nestedUpdate,345,12
sdk,sqlite,nestedUpdate,346,10
sdk,sqlite,nestedUpdate,347,10
sdk,sqlite,nestedUpdate,348,10
sdk,sqlite,nestedUpdate,349,12
sdk,sqlite,nestedUpdate,350,10
sdk,sqlite,nestedUpdate,351,12
sdk,sqlite,nestedUpdate,352,12
sdk,sqlite,nestedUpdate,353,10
sdk,sqlite,nestedUpdate,354,9
sdk,sqlite,nestedUpdate,355,12
sdk,sqlite,nestedUpdate,356,12
sdk,sqlite,nestedUpdate,357,12
sdk,sqlite,nestedUpdate,358,12
sdk,sqlite,nestedUpdate,359,12
sdk,sqlite,nestedUpdate,360,11
sdk,sqlite,nestedUpdate,361,10
sdk,sqlite,nestedUpdate,362,12
sdk,sqlite,nestedUpdate,363,12
sdk,sqlite,nestedUpdate,364,12
sdk,sqlite,nestedUpdate,365,12
sdk,sqlite,nestedUpdate,366,11
sdk,sqlite,nestedUpdate,367,10
sdk,sqlite,nestedUpdate,368,12
sdk,sqlite,nestedUpdate,369,12
sdk,sqlite,nestedUpdate,370,12
sdk,sqlite,nestedUpdate,371,11
sdk,sqlite,nestedUpdate,372,12
sdk,sqlite,nestedUpdate,373,10
sdk,sqlite,nestedUpdate,374,12
sdk,sqlite,nestedUpdate,375,12
sdk,sqlite,nestedUpdate,376,10
sdk,sqlite,nestedUpdate,377,10
sdk,sqlite,nestedUpdate,378,12
sdk,sqlite,nestedUpdate,379,12
sdk,sqlite,nestedUpdate,380,12
sdk,sqlite,nestedUpdate,381,12
sdk,sqlite,nestedUpdate,382,10
sdk,sqlite,nestedUpdate,383,9
sdk,sqlite,nestedUpdate,384,12
sdk,sqlite,nestedUpdate,385,12
sdk,sqlite,nestedUpdate,386,11
sdk,sqlite,nestedUpdate,387,10
sdk,sqlite,nestedUpdate,388,12
sdk,sqlite,nestedUpdate,389,12
sdk,sqlite,nestedUpdate,390,10
sdk,sqlite,nestedUpdate,391,12
sdk,sqlite,nestedUpdate,392,12
sdk,sqlite,nestedUpdate,393,11
sdk,sqlite,nestedUpdate,394,12
sdk,sqlite,nestedUpdate,395,12
sdk,sqlite,nestedUpdate,396,12
sdk,sqlite,nestedUpdate,397,12
sdk,sqlite,nestedUpdate,398,11
sdk,sqlite,nestedUpdate,399,12
sdk,sqlite,nestedUpdate,400,12
sdk,sqlite,nestedUpdate,401,10
sdk,sqlite,nestedUpdate,402,9
sdk,sqlite,nestedUpdate,403,12
sdk,sqlite,nestedUpdate,404,12
sdk,sqlite,nestedUpdate,405,12
sdk,sqlite,nestedUpdate,406,12
sdk,sqlite,nestedUpdate,407,11
sdk,sqlite,nestedUpdate,408,9
sdk,sqlite,nestedUpdate,409,12
sdk,sqlite,nestedUpdate,410,12
sdk,sqlite,nestedUpdate,411,10
sdk,sqlite,nestedUpdate,412,10
sdk,sqlite,nestedUpdate,413,12
sdk,sqlite,nestedUpdate,414,11
sdk,sqlite,nestedUpdate,415,11
sdk,sqlite,nestedUpdate,416,10
sdk,sqlite,nestedUpdate,417,12
sdk,sqlite,nestedUpdate,418,12
sdk,sqlite,nestedUpdate,419,10
sdk,sqlite,nestedUpdate,420,11
sdk,sqlite,nestedUpdate,421,11
sdk,sqlite,nestedUpdate,422,10
sdk,sqlite,nestedUpdate,423,12
sdk,sqlite,nestedUpdate,424,11
sdk,sqlite,nestedUpdate,425,10
sdk,sqlite,nestedUpdate,426,12
sdk,sqlite,nestedUpdate,427,12
sdk,sqlite,nestedUpdate,428,10
sdk,sqlite,nestedUpdate,429,10
sdk,sqlite,nestedUpdate,430,12
sdk,sqlite,nestedUpdate,431,12
sdk,sqlite,nestedUpdate,432,12
sdk,sqlite,nestedUpdate,433,12
sdk,sqlite,nestedUpdate,434,10
sdk,sqlite,nestedUpdate,435,10
sdk,sqlite,nestedUpdate,436,12
sdk,sqlite,nestedUpdate,437,12
sdk,sqlite,nestedUpdate,438,12
sdk,sqlite,nestedUpdate,439,12
sdk,sqlite,nestedUpdate,440,11
sdk,sqlite,nestedUpdate,441,10
sdk,sqlite,nestedUpdate,442,12
sdk,sqlite,nestedUpdate,443,12
sdk,sqlite,nestedUpdate,444,10
sdk,sqlite,nestedUpdate,445,10
sdk,sqlite,nestedUpdate,446,12
sdk,sqlite,nestedUpdate,447,12
sdk,sqlite,nestedUpdate,448,12
sdk,sqlite,nestedUpdate,449,12
sdk,sqlite,nestedUpdate,450,12
sdk,sqlite,nestedUpdate,451,12
sdk,sqlite,nestedUpdate,452,13
sdk,sqlite,nestedUpdate,453,12
sdk,sqlite,nestedUpdate,454,12
sdk,sqlite,nestedUpdate,455,10
sdk,sqlite,nestedUpdate,456,12
sdk,sqlite,nestedUpdate,457,12
sdk,sqlite,nestedUpdate,458,11
sdk,sqlite,nestedUpdate,459,10
sdk,sqlite,nestedUpdate,460,12
sdk,sqlite,nestedUpdate,461,12
sdk,sqlite,nestedUpdate,462,10
sdk,sqlite,nestedUpdate,463,10
sdk,sqlite,nestedUpdate,464,9
sdk,sqlite,nestedUpdate,465,10
sdk,sqlite,nestedUpdate,466,12
sdk,sqlite,nestedUpdate,467,12
sdk,sqlite,nestedUpdate,468,11
sdk,sqlite,nestedUpdate,469,10
sdk,sqlite,nestedUpdate,470,12
sdk,sqlite,nestedUpdate,471,12
sdk,sqlite,nestedUpdate,472,12
sdk,sqlite,nestedUpdate,473,11
sdk,sqlite,nestedUpdate,474,13
sdk,sqlite,nestedUpdate,475,10
sdk,sqlite,nestedUpdate,476,12
sdk,sqlite,nestedUpdate,477,12
sdk,sqlite,nestedUpdate,478,10
sdk,sqlite,nestedUpdate,479,9
sdk,sqlite,nestedUpdate,480,12
sdk,sqlite,nestedUpdate,481,12
sdk,sqlite,nestedUpdate,482,10
sdk,sqlite,nestedUpdate,483,10
sdk,sqlite,nestedUpdate,484,12
sdk,sqlite,nestedUpdate,485,12
sdk,sqlite,nestedUpdate,486,10
sdk,sqlite,nestedUpdate,487,10
sdk,sqlite,nestedUpdate,488,12
sdk,sqlite,nestedUpdate,489,12
sdk,sqlite,nestedUpdate,490,11
sdk,sqlite,nestedUpdate,491,10
sdk,sqlite,nestedUpdate,492,12
sdk,sqlite,nestedUpdate,493,12
sdk,sqlite,nestedUpdate,494,12
sdk,sqlite,nestedUpdate,495,11
sdk,sqlite,nestedUpdate,496,12
sdk,sqlite,nestedUpdate,497,10
sdk,sqlite,nestedUpdate,498,12
sdk,sqlite,nestedUpdate,499,12
sdk,sqlite,nestedUpdate,500,10
sdk,sqlite,nestedUpdate,501,12
sdk,sqlite,nestedUpdate,502,12
sdk,sqlite,nestedUpdate,503,10
sdk,sqlite,nestedUpdate,504,12
sdk,sqlite,nestedUpdate,505,12
sdk,sqlite,nestedUpdate,506,10
sdk,sqlite,nestedUpdate,507,9
sdk,sqlite,nestedUpdate,508,12
sdk,sqlite,nestedUpdate,509,12
sdk,sqlite,nestedUpdate,510,10
sdk,sqlite,nestedUpdate,511,10
sdk,sqlite,nestedUpdate,512,12
sdk,sqlite,nestedUpdate,513,12
sdk,sqlite,nestedUpdate,514,10
sdk,sqlite,nestedUpdate,515,10
sdk,sqlite,nestedUpdate,516,12
sdk,sqlite,nestedUpdate,517,12
sdk,sqlite,nestedUpdate,518,13
sdk,sqlite,nestedUpdate,519,11
sdk,sqlite,nestedUpdate,520,12
sdk,sqlite,nestedUpdate,521,10
sdk,sqlite,nestedUpdate,522,12
sdk,sqlite,nestedUpdate,523,12
sdk,sqlite,nestedUpdate,524,10
sdk,sqlite,nestedUpdate,525,10
sdk,sqlite,nestedUpdate,526,12
sdk,sqlite,nestedUpdate,527,12
sdk,sqlite,nestedUpdate,528,10
sdk,sqlite,nestedUpdate,529,10
sdk,sqlite,nestedUpdate,530,12
sdk,sqlite,nestedUpdate,531,12
sdk,sqlite,nestedUpdate,532,10
sdk,sqlite,nestedUpdate,533,10
sdk,sqlite,nestedUpdate,534,12
sdk,sqlite,nestedUpdate,535,12
sdk,sqlite,nestedUpdate,536,12
sdk,sqlite,nestedUpdate,537,11
sdk,sqlite,nestedUpdate,538,12
sdk,sqlite,nestedUpdate,539,12
sdk,sqlite,nestedUpdate,540,12
sdk,sqlite,nestedUpdate,541,12
sdk,sqlite,nestedUpdate,542,12
sdk,sqlite,nestedUpdate,543,11
sdk,sqlite,nestedUpdate,544,10
sdk,sqlite,nestedUpdate,545,12
sdk,sqlite,nestedUpdate,546,12
sdk,sqlite,nestedUpdate,547,10
sdk,sqlite,nestedUpdate,548,10
sdk,sqlite,nestedUpdate,549,12
sdk,sqlite,nestedUpdate,550,12
sdk,sqlite,nestedUpdate,551,10
sdk,sqlite,nestedUpdate,552,10
sdk,sqlite,nestedUpdate,553,12
sdk,sqlite,nestedUpdate,554,12
sdk,sqlite,nestedUpdate,555,11
sdk,sqlite,nestedUpdate,556,10
sdk,sqlite,nestedUpdate,557,12
sdk,sqlite,nestedUpdate,558,12
sdk,sqlite,nestedUpdate,559,11
sdk,sqlite,nestedUpdate,560,10
sdk,sqlite,nestedUpdate,561,12
sdk,sqlite,nestedUpdate,562,12
sdk,sqlite,nestedUpdate,563,10
sdk,sqlite,nestedUpdate,564,10
sdk,sqlite,nestedUpdate,565,12
sdk,sqlite,nestedUpdate,566,12
sdk,sqlite,nestedUpdate,567,13
sdk,sqlite,nestedUpdate,568,10
sdk,sqlite,nestedUpdate,569,12
sdk,sqlite,nestedUpdate,570,10
sdk,sqlite,nestedUpdate,571,12
sdk,sqlite,nestedUpdate,572,12
sdk,sqlite,nestedUpdate,573,10
sdk,sqlite,nestedUpdate,574,9
sdk,sqlite,nestedUpdate,575,12
sdk,sqlite,nestedUpdate,576,12
sdk,sqlite,nestedUpdate,577,10
sdk,sqlite,nestedUpdate,578,10
sdk,sqlite,nestedUpdate,579,12
sdk,sqlite,nestedUpdate,580,12
sdk,sqlite,nestedUpdate,581,10
sdk,sqlite,nestedUpdate,582,9
sdk,sqlite,nestedUpdate,583,12
sdk,sqlite,nestedUpdate,584,12
sdk,sqlite,nestedUpdate,585,11
sdk,sqlite,nestedUpdate,586,12
sdk,sqlite,nestedUpdate,587,12
sdk,sqlite,nestedUpdate,588,10
sdk,sqlite,nestedUpdate,589,10
sdk,sqlite,nestedUpdate,590,12
sdk,sqlite,nestedUpdate,591,12
sdk,sqlite,nestedUpdate,592,11
sdk,sqlite,nestedUpdate,593,10
sdk,sqlite,nestedUpdate,594,12
sdk,sqlite,nestedUpdate,595,12
sdk,sqlite,nestedUpdate,596,12
sdk,sqlite,nestedUpdate,597,12
sdk,sqlite,nestedUpdate,598,11
sdk,sqlite,nestedUpdate,599,10
sdk,sqlite,nestedUpdate,600,12
sdk,sqlite,nestedUpdate,601,10
sdk,sqlite,nestedUpdate,602,12
sdk,sqlite,nestedUpdate,603,12
sdk,sqlite,nestedUpdate,604,10
sdk,sqlite,nestedUpdate,605,10
sdk,sqlite,nestedUpdate,606,12
sdk,sqlite,nestedUpdate,607,12
sdk,sqlite,nestedUpdate,608,10
sdk,sqlite,nestedUpdate,609,10
sdk,sqlite,nestedUpdate,610,12
sdk,sqlite,nestedUpdate,611,12
sdk,sqlite,nestedUpdate,612,10
sdk,sqlite,nestedUpdate,613,10
sdk,sqlite,nestedUpdate,614,12
sdk,sqlite,nestedUpdate,615,12
sdk,sqlite,nestedUpdate,616,10
sdk,sqlite,nestedUpdate,617,10
sdk,sqlite,nestedUpdate,618,12
sdk,sqlite,nestedUpdate,619,12
sdk,sqlite,nestedUpdate,620,10
sdk,sqlite,nestedUpdate,621,12
sdk,sqlite,nestedUpdate,622,12
sdk,sqlite,nestedUpdate,623,10
sdk,sqlite,nestedUpdate,624,10
sdk,sqlite,nestedUpdate,625,12
sdk,sqlite,nestedUpdate,626,12
sdk,sqlite,nestedUpdate,627,12
sdk,sqlite,nestedUpdate,628,12
sdk,sqlite,nestedUpdate,629,12
sdk,sqlite,nestedUpdate,630,11
sdk,sqlite,nestedUpdate,631,10
sdk,sqlite,nestedUpdate,632,12
sdk,sqlite,nestedUpdate,633,12
sdk,sqlite,nestedUpdate,634,10
sdk,sqlite,nestedUpdate,635,10
sdk,sqlite,nestedUpdate,636,12
sdk,sqlite,nestedUpdate,637,12
sdk,sqlite,nestedUpdate,638,10
sdk,sqlite,nestedUpdate,639,10
sdk,sqlite,nestedUpdate,640,12
sdk,sqlite,nestedUpdate,641,12
sdk,sqlite,nestedUpdate,642,11
sdk,sqlite,nestedUpdate,643,10
sdk,sqlite,nestedUpdate,644,12
sdk,sqlite,nestedUpdate,645,12
sdk,sqlite,nestedUpdate,646,10
sdk,sqlite,nestedUpdate,647,10
sdk,sqlite,nestedUpdate,648,12
sdk,sqlite,nestedUpdate,649,12
sdk,sqlite,nestedUpdate,650,12
sdk,sqlite,nestedUpdate,651,12
sdk,sqlite,nestedUpdate,652,11
sdk,sqlite,nestedUpdate,653,10
sdk,sqlite,nestedUpdate,654,12
sdk,sqlite,nestedUpdate,655,12
sdk,sqlite,nestedUpdate,656,10
sdk,sqlite,nestedUpdate,657,9
sdk,sqlite,nestedUpdate,658,12
sdk,sqlite,nestedUpdate,659,12
sdk,sqlite,nestedUpdate,660,10
sdk,sqlite,nestedUpdate,661,10
sdk,sqlite,nestedUpdate,662,12
sdk,sqlite,nestedUpdate,663,12
sdk,sqlite,nestedUpdate,664,10
sdk,sqlite,nestedUpdate,665,10
sdk,sqlite,nestedUpdate,666,12
sdk,sqlite,nestedUpdate,667,12
sdk,sqlite,nestedUpdate,668,10
sdk,sqlite,nestedUpdate,669,10
sdk,sqlite,nestedUpdate,670,12
sdk,sqlite,nestedUpdate,671,12
sdk,sqlite,nestedUpdate,672,11
sdk,sqlite,nestedUpdate,673,10
sdk,sqlite,nestedUpdate,674,12
sdk,sqlite,nestedUpdate,675,12
sdk,sqlite,nestedUpdate,676,12
sdk,sqlite,nestedUpdate,677,12
sdk,sqlite,nestedUpdate,678,11
sdk,sqlite,nestedUpdate,679,10
sdk,sqlite,nestedUpdate,680,12
sdk,sqlite,nestedUpdate,681,12
sdk,sqlite,nestedUpdate,682,12
sdk,sqlite,nestedUpdate,683,12
sdk,sqlite,nestedUpdate,684,10
sdk,sqlite,nestedUpdate,685,10
sdk,sqlite,nestedUpdate,686,12
sdk,sqlite,nestedUpdate,687,12
sdk,sqlite,nestedUpdate,688,12
sdk,sqlite,nestedUpdate,689,12
sdk,sqlite,nestedUpdate,690,11
sdk,sqlite,nestedUpdate,691,10
sdk,sqlite,nestedUpdate,692,12
sdk,sqlite,nestedUpdate,693,12
sdk,sqlite,nestedUpdate,694,12
sdk,sqlite,nestedUpdate,695,12
sdk,sqlite,nestedUpdate,696,10
sdk,sqlite,nestedUpdate,697,10
sdk,sqlite,nestedUpdate,698,12
sdk,sqlite,nestedUpdate,699,12
sdk,sqlite,nestedUpdate,700,11
sdk,sqlite,nestedUpdate,701,10
sdk,sqlite,nestedUpdate,702,12
sdk,sqlite,nestedUpdate,703,12
sdk,sqlite,nestedUpdate,704,12
sdk,sqlite,nestedUpdate,705,12
sdk,sqlite,nestedUpdate,706,11
sdk,sqlite,nestedUpdate,707,10
sdk,sqlite,nestedUpdate,708,12
sdk,sqlite,nestedUpdate,709,12
sdk,sqlite,nestedUpdate,710,12
sdk,sqlite,nestedUpdate,711,12
sdk,sqlite,nestedUpdate,712,10
sdk,sqlite,nestedUpdate,713,10
sdk,sqlite,nestedUpdate,714,12
sdk,sqlite,nestedUpdate,715,12
sdk,sqlite,nestedUpdate,716,10
sdk,sqlite,nestedUpdate,717,10
sdk,sqlite,nestedUpdate,718,12
sdk,sqlite,nestedUpdate,719,12
sdk,sqlite,nestedUpdate,720,10
sdk,sqlite,nestedUpdate,721,10
sdk,sqlite,nestedUpdate,722,12
sdk,sqlite,nestedUpdate,723,12
sdk,sqlite,nestedUpdate,724,11
sdk,sqlite,nestedUpdate,725,10
sdk,sqlite,nestedUpdate,726,12
sdk,sqlite,nestedUpdate,727,12
sdk,sqlite,nestedUpdate,728,12
sdk,sqlite,nestedUpdate,729,12
sdk,sqlite,nestedUpdate,730,10
sdk,sqlite,nestedUpdate,731,10
sdk,sqlite,nestedUpdate,732,12
sdk,sqlite,nestedUpdate,733,12
sdk,sqlite,nestedUpdate,734,10
sdk,sqlite,nestedUpdate,735,10
sdk,sqlite,nestedUpdate,736,12
sdk,sqlite,nestedUpdate,737,12
sdk,sqlite,nestedUpdate,738,10
sdk,sqlite,nestedUpdate,739,9
sdk,sqlite,nestedUpdate,740,9
sdk,sqlite,nestedUpdate,741,10
sdk,sqlite,nestedUpdate,742,10
sdk,sqlite,nestedUpdate,743,10
sdk,sqlite,nestedUpdate,744,12
sdk,sqlite,nestedUpdate,745,12
sdk,sqlite,nestedUpdate,746,10
sdk,sqlite,nestedUpdate,747,12
sdk,sqlite,nestedUpdate,748,12
sdk,sqlite,nestedUpdate,749,10
sdk,sqlite,nestedUpdate,750,10
sdk,sqlite,nestedUpdate,751,12
sdk,sqlite,nestedUpdate,752,12
sdk,sqlite,nestedUpdate,753,10
sdk,sqlite,nestedUpdate,754,10
sdk,sqlite,nestedUpdate,755,12
sdk,sqlite,nestedUpdate,756,12
sdk,sqlite,nestedUpdate,757,12
sdk,sqlite,nestedUpdate,758,12
sdk,sqlite,nestedUpdate,759,13
sdk,sqlite,nestedUpdate,760,12
sdk,sqlite,nestedUpdate,761,12
sdk,sqlite,nestedUpdate,762,11
sdk,sqlite,nestedUpdate,763,10
sdk,sqlite,nestedUpdate,764,12
sdk,sqlite,nestedUpdate,765,12
sdk,sqlite,nestedUpdate,766,12
sdk,sqlite,nestedUpdate,767,12
sdk,sqlite,nestedUpdate,768,10
sdk,sqlite,nestedUpdate,769,10
sdk,sqlite,nestedUpdate,770,12
sdk,sqlite,nestedUpdate,771,12
sdk,sqlite,nestedUpdate,772,12
sdk,sqlite,nestedUpdate,773,12
sdk,sqlite,nestedUpdate,774,10
sdk,sqlite,nestedUpdate,775,10
sdk,sqlite,nestedUpdate,776,12
sdk,sqlite,nestedUpdate,777,12
sdk,sqlite,nestedUpdate,778,12
sdk,sqlite,nestedUpdate,779,12
sdk,sqlite,nestedUpdate,780,11
sdk,sqlite,nestedUpdate,781,10
sdk,sqlite,nestedUpdate,782,12
sdk,sqlite,nestedUpdate,783,12
sdk,sqlite,nestedUpdate,784,12
sdk,sqlite,nestedUpdate,785,12
sdk,sqlite,nestedUpdate,786,11
sdk,sqlite,nestedUpdate,787,12
sdk,sqlite,nestedUpdate,788,12
sdk,sqlite,nestedUpdate,789,11
sdk,sqlite,nestedUpdate,790,9
sdk,sqlite,nestedUpdate,791,12
sdk,sqlite,nestedUpdate,792,12
sdk,sqlite,nestedUpdate,793,13
sdk,sqlite,nestedUpdate,794,10
sdk,sqlite,nestedUpdate,795,13
sdk,sqlite,nestedUpdate,796,12
sdk,sqlite,nestedUpdate,797,12
sdk,sqlite,nestedUpdate,798,11
sdk,sqlite,nestedUpdate,799,12
sdk,sqlite,nestedUpdate,800,12
sdk,sqlite,nestedUpdate,801,12
sdk,sqlite,nestedUpdate,802,12
sdk,sqlite,nestedUpdate,803,10
sdk,sqlite,nestedUpdate,804,10
sdk,sqlite,nestedUpdate,805,12
sdk,sqlite,nestedUpdate,806,12
sdk,sqlite,nestedUpdate,807,10
sdk,sqlite,nestedUpdate,808,10
sdk,sqlite,nestedUpdate,809,12
sdk,sqlite,nestedUpdate,810,12
sdk,sqlite,nestedUpdate,811,10
sdk,sqlite,nestedUpdate,812,10
sdk,sqlite,nestedUpdate,813,12
sdk,sqlite,nestedUpdate,814,12
sdk,sqlite,nestedUpdate,815,12
sdk,sqlite,nestedUpdate,816,12
sdk,sqlite,nestedUpdate,817,12
sdk,sqlite,nestedUpdate,818,12
sdk,sqlite,nestedUpdate,819,12
sdk,sqlite,nestedUpdate,820,10
sdk,sqlite,nestedUpdate,821,12
sdk,sqlite,nestedUpdate,822,12
sdk,sqlite,nestedUpdate,823,10
sdk,sqlite,nestedUpdate,824,9
sdk,sqlite,nestedUpdate,825,10
sdk,sqlite,nestedUpdate,826,12
sdk,sqlite,nestedUpdate,827,12
sdk,sqlite,nestedUpdate,828,11
sdk,sqlite,nestedUpdate,829,10
sdk,sqlite,nestedUpdate,830,12
sdk,sqlite,nestedUpdate,831,12
sdk,sqlite,nestedUpdate,832,12
sdk,sqlite,nestedUpdate,833,12
sdk,sqlite,nestedUpdate,834,11
sdk,sqlite,nestedUpdate,835,10
sdk,sqlite,nestedUpdate,836,12
sdk,sqlite,nestedUpdate,837,12
sdk,sqlite,nestedUpdate,838,10
sdk,sqlite,nestedUpdate,839,10
sdk,sqlite,nestedUpdate,840,12
sdk,sqlite,nestedUpdate,841,12
sdk,sqlite,nestedUpdate,842,10
sdk,sqlite,nestedUpdate,843,10
sdk,sqlite,nestedUpdate,844,12
sdk,sqlite,nestedUpdate,845,12
sdk,sqlite,nestedUpdate,846,10
sdk,sqlite,nestedUpdate,847,10
sdk,sqlite,nestedUpdate,848,12
sdk,sqlite,nestedUpdate,849,12
sdk,sqlite,nestedUpdate,850,10
sdk,sqlite,nestedUpdate,851,11
sdk,sqlite,nestedUpdate,852,12
sdk,sqlite,nestedUpdate,853,12
sdk,sqlite,nestedUpdate,854,10
sdk,sqlite,nestedUpdate,855,12
sdk,sqlite,nestedUpdate,856,12
sdk,sqlite,nestedUpdate,857,11
sdk,sqlite,nestedUpdate,858,10
sdk,sqlite,nestedUpdate,859,12
sdk,sqlite,nestedUpdate,860,12
sdk,sqlite,nestedUpdate,861,12
sdk,sqlite,nestedUpdate,862,12
sdk,sqlite,nestedUpdate,863,10
sdk,sqlite,nestedUpdate,864,9
sdk,sqlite,nestedUpdate,865,10
sdk,sqlite,nestedUpdate,866,12
sdk,sqlite,nestedUpdate,867,12
sdk,sqlite,nestedUpdate,868,11
sdk,sqlite,nestedUpdate,869,10
sdk,sqlite,nestedUpdate,870,12
sdk,sqlite,nestedUpdate,871,12
sdk,sqlite,nestedUpdate,872,12
sdk,sqlite,nestedUpdate,873,12
sdk,sqlite,nestedUpdate,874,11
sdk,sqlite,nestedUpdate,875,10
sdk,sqlite,nestedUpdate,876,12
sdk,sqlite,nestedUpdate,877,12
sdk,sqlite,nestedUpdate,878,12
sdk,sqlite,nestedUpdate,879,11
sdk,sqlite,nestedUpdate,880,12
sdk,sqlite,nestedUpdate,881,12
sdk,sqlite,nestedUpdate,882,12
sdk,sqlite,nestedUpdate,883,12
sdk,sqlite,nestedUpdate,884,12
sdk,sqlite,nestedUpdate,885,12
sdk,sqlite,nestedUpdate,886,12
sdk,sqlite,nestedUpdate,887,12
sdk,sqlite,nestedUpdate,888,10
sdk,sqlite,nestedUpdate,889,10
sdk,sqlite,nestedUpdate,890,12
sdk,sqlite,nestedUpdate,891,12
sdk,sqlite,nestedUpdate,892,12
sdk,sqlite,nestedUpdate,893,12
sdk,sqlite,nestedUpdate,894,10
sdk,sqlite,nestedUpdate,895,10
sdk,sqlite,nestedUpdate,896,12
sdk,sqlite,nestedUpdate,897,12
sdk,sqlite,nestedUpdate,898,11
sdk,sqlite,nestedUpdate,899,10
sdk,sqlite,nestedUpdate,900,9
sdk,sqlite,nestedUpdate,901,12
sdk,sqlite,nestedUpdate,902,12
sdk,sqlite,nestedUpdate,903,10
sdk,sqlite,nestedUpdate,904,10
sdk,sqlite,nestedUpdate,905,11
sdk,sqlite,nestedUpdate,906,10
sdk,sqlite,nestedUpdate,907,12
sdk,sqlite,nestedUpdate,908,12
sdk,sqlite,nestedUpdate,909,12
sdk,sqlite,nestedUpdate,910,12
sdk,sqlite,nestedUpdate,911,11
sdk,sqlite,nestedUpdate,912,9
sdk,sqlite,nestedUpdate,913,12
sdk,sqlite,nestedUpdate,914,12
sdk,sqlite,nestedUpdate,915,10
sdk,sqlite,nestedUpdate,916,10
sdk,sqlite,nestedUpdate,917,12
sdk,sqlite,nestedUpdate,918,12
sdk,sqlite,nestedUpdate,919,10
sdk,sqlite,nestedUpdate,920,10
sdk,sqlite,nestedUpdate,921,12
sdk,sqlite,nestedUpdate,922,12
sdk,sqlite,nestedUpdate,923,10
sdk,sqlite,nestedUpdate,924,10
sdk,sqlite,nestedUpdate,925,12
sdk,sqlite,nestedUpdate,926,12
sdk,sqlite,nestedUpdate,927,10
sdk,sqlite,nestedUpdate,928,9
sdk,sqlite,nestedUpdate,929,12
sdk,sqlite,nestedUpdate,930,12
sdk,sqlite,nestedUpdate,931,10
sdk,sqlite,nestedUpdate,932,10
sdk,sqlite,nestedUpdate,933,12
sdk,sqlite,nestedUpdate,934,12
sdk,sqlite,nestedUpdate,935,12
sdk,sqlite,nestedUpdate,936,12
sdk,sqlite,nestedUpdate,937,10
sdk,sqlite,nestedUpdate,938,10
sdk,sqlite,nestedUpdate,939,12
sdk,sqlite,nestedUpdate,940,12
sdk,sqlite,nestedUpdate,941,10
sdk,sqlite,nestedUpdate,942,10
sdk,sqlite,nestedUpdate,943,12
sdk,sqlite,nestedUpdate,944,12
sdk,sqlite,nestedUpdate,945,11
sdk,sqlite,nestedUpdate,946,12
sdk,sqlite,nestedUpdate,947,12
sdk,sqlite,nestedUpdate,948,10
sdk,sqlite,nestedUpdate,949,10
sdk,sqlite,nestedUpdate,950,12
sdk,sqlite,nestedUpdate,951,12
sdk,sqlite,nestedUpdate,952,12
sdk,sqlite,nestedUpdate,953,10
sdk,sqlite,nestedUpdate,954,12
sdk,sqlite,nestedUpdate,955,12
sdk,sqlite,nestedUpdate,956,12
sdk,sqlite,nestedUpdate,957,12
sdk,sqlite,nestedUpdate,958,10
sdk,sqlite,nestedUpdate,959,10
sdk,sqlite,nestedUpdate,960,12
sdk,sqlite,nestedUpdate,961,12
sdk,sqlite,nestedUpdate,962,10
sdk,sqlite,nestedUpdate,963,10
sdk,sqlite,nestedUpdate,964,12
sdk,sqlite,nestedUpdate,965,12
sdk,sqlite,nestedUpdate,966,12
sdk,sqlite,nestedUpdate,967,12
sdk,sqlite,nestedUpdate,968,10
sdk,sqlite,nestedUpdate,969,10
sdk,sqlite,nestedUpdate,970,12
sdk,sqlite,nestedUpdate,971,12
sdk,sqlite,nestedUpdate,972,12
sdk,sqlite,nestedUpdate,973,12
sdk,sqlite,nestedUpdate,974,10
sdk,sqlite,nestedUpdate,975,10
sdk,sqlite,nestedUpdate,976,12
sdk,sqlite,nestedUpdate,977,12
sdk,sqlite,nestedUpdate,978,10
sdk,sqlite,nestedUpdate,979,10
sdk,sqlite,nestedUpdate,980,10
sdk,sqlite,nestedUpdate,981,10
sdk,sqlite,nestedUpdate,982,12
sdk,sqlite,nestedUpdate,983,12
sdk,sqlite,nestedUpdate,984,10
sdk,sqlite,nestedUpdate,985,12
sdk,sqlite,nestedUpdate,986,12
sdk,sqlite,nestedUpdate,987,11
sdk,sqlite,nestedUpdate,988,9
sdk,sqlite,nestedUpdate,989,12
sdk,sqlite,nestedUpdate,990,12
sdk,sqlite,nestedUpdate,991,10
sdk,sqlite,nestedUpdate,992,9
sdk,sqlite,nestedUpdate,993,12
sdk,sqlite,nestedUpdate,994,12
sdk,sqlite,nestedUpdate,995,12
sdk,sqlite,nestedUpdate,996,12
sdk,sqlite,nestedUpdate,997,11
sdk,sqlite,nestedUpdate,998,9
sdk,sqlite,nestedUpdate,999,12
sdk,sqlite,upsert,0,4
sdk,sqlite,upsert,1,5
sdk,sqlite,upsert,2,5
sdk,sqlite,upsert,3,5
sdk,sqlite,upsert,4,4
sdk,sqlite,upsert,5,4
sdk,sqlite,upsert,6,4
sdk,sqlite,upsert,7,4
sdk,sqlite,upsert,8,4
sdk,sqlite,upsert,9,4
sdk,sqlite,upsert,10,4
sdk,sqlite,upsert,11,4
sdk,sqlite,upsert,12,4
sdk,sqlite,upsert,13,4
sdk,sqlite,upsert,14,4
sdk,sqlite,upsert,15,4
sdk,sqlite,upsert,16,4
sdk,sqlite,upsert,17,4
sdk,sqlite,upsert,18,4
sdk,sqlite,upsert,19,4
sdk,sqlite,upsert,20,4
sdk,sqlite,upsert,21,4
sdk,sqlite,upsert,22,4
sdk,sqlite,upsert,23,4
sdk,sqlite,upsert,24,4
sdk,sqlite,upsert,25,4
sdk,sqlite,upsert,26,4
sdk,sqlite,upsert,27,4
sdk,sqlite,upsert,28,4
sdk,sqlite,upsert,29,4
sdk,sqlite,upsert,30,4
sdk,sqlite,upsert,31,4
sdk,sqlite,upsert,32,4
sdk,sqlite,upsert,33,4
sdk,sqlite,upsert,34,4
sdk,sqlite,upsert,35,4
sdk,sqlite,upsert,36,4
sdk,sqlite,upsert,37,4
sdk,sqlite,upsert,38,4
sdk,sqlite,upsert,39,5
sdk,sqlite,upsert,40,5
sdk,sqlite,upsert,41,4
sdk,sqlite,upsert,42,4
sdk,sqlite,upsert,43,4
sdk,sqlite,upsert,44,4
sdk,sqlite,upsert,45,4
sdk,sqlite,upsert,46,4
sdk,sqlite,upsert,47,4
sdk,sqlite,upsert,48,4
sdk,sqlite,upsert,49,4
sdk,sqlite,upsert,50,4
sdk,sqlite,upsert,51,4
sdk,sqlite,upsert,52,4
sdk,sqlite,upsert,53,4
sdk,sqlite,upsert,54,4
sdk,sqlite,upsert,55,4
sdk,sqlite,upsert,56,4
sdk,sqlite,upsert,57,4
sdk,sqlite,upsert,58,4
sdk,sqlite,upsert,59,4
sdk,sqlite,upsert,60,4
sdk,sqlite,upsert,61,4
sdk,sqlite,upsert,62,4
sdk,sqlite,upsert,63,4
sdk,sqlite,upsert,64,4
sdk,sqlite,upsert,65,4
sdk,sqlite,upsert,66,4
sdk,sqlite,upsert,67,4
sdk,sqlite,upsert,68,4
sdk,sqlite,upsert,69,4
sdk,sqlite,upsert,70,4
sdk,sqlite,upsert,71,4
sdk,sqlite,upsert,72,4
sdk,sqlite,upsert,73,4
sdk,sqlite,upsert,74,4
sdk,sqlite,upsert,75,4
sdk,sqlite,upsert,76,4
sdk,sqlite,upsert,77,4
sdk,sqlite,upsert,78,4
sdk,sqlite,upsert,79,4
sdk,sqlite,upsert,80,4
sdk,sqlite,upsert,81,4
sdk,sqlite,upsert,82,4
sdk,sqlite,upsert,83,4
sdk,sqlite,upsert,84,4
sdk,sqlite,upsert,85,4
sdk,sqlite,upsert,86,4
sdk,sqlite,upsert,87,4
sdk,sqlite,upsert,88,4
sdk,sqlite,upsert,89,4
sdk,sqlite,upsert,90,4
sdk,sqlite,upsert,91,4
sdk,sqlite,upsert,92,4
sdk,sqlite,upsert,93,4
sdk,sqlite,upsert,94,4
sdk,sqlite,upsert,95,4
sdk,sqlite,upsert,96,5
sdk,sqlite,upsert,97,5
sdk,sqlite,upsert,98,4
sdk,sqlite,upsert,99,4
sdk,sqlite,upsert,100,4
sdk,sqlite,upsert,101,4
sdk,sqlite,upsert,102,4
sdk,sqlite,upsert,103,4
sdk,sqlite,upsert,104,4
sdk,sqlite,upsert,105,4
sdk,sqlite,upsert,106,4
sdk,sqlite,upsert,107,4
sdk,sqlite,upsert,108,4
sdk,sqlite,upsert,109,4
sdk,sqlite,upsert,110,4
sdk,sqlite,upsert,111,4
sdk,sqlite,upsert,112,4
sdk,sqlite,upsert,113,4
sdk,sqlite,upsert,114,4
sdk,sqlite,upsert,115,4
sdk,sqlite,upsert,116,4
sdk,sqlite,upsert,117,4
sdk,sqlite,upsert,118,4
sdk,sqlite,upsert,119,4
sdk,sqlite,upsert,120,4
sdk,sqlite,upsert,121,4
sdk,sqlite,upsert,122,4
sdk,sqlite,upsert,123,4
sdk,sqlite,upsert,124,4
sdk,sqlite,upsert,125,4
sdk,sqlite,upsert,126,4
sdk,sqlite,upsert,127,4
sdk,sqlite,upsert,128,4
sdk,sqlite,upsert,129,4
sdk,sqlite,upsert,130,4
sdk,sqlite,upsert,131,4
sdk,sqlite,upsert,132,4
sdk,sqlite,upsert,133,4
sdk,sqlite,upsert,134,4
sdk,sqlite,upsert,135,4
sdk,sqlite,upsert,136,4
sdk,sqlite,upsert,137,4
sdk,sqlite,upsert,138,4
sdk,sqlite,upsert,139,4
sdk,sqlite,upsert,140,4
sdk,sqlite,upsert,141,4
sdk,sqlite,upsert,142,4
sdk,sqlite,upsert,143,5
sdk,sqlite,upsert,144,5
sdk,sqlite,upsert,145,4
sdk,sqlite,upsert,146,4
sdk,sqlite,upsert,147,4
sdk,sqlite,upsert,148,4
sdk,sqlite,upsert,149,4
sdk,sqlite,upsert,150,4
sdk,sqlite,upsert,151,4
sdk,sqlite,upsert,152,4
sdk,sqlite,upsert,153,4
sdk,sqlite,upsert,154,4
sdk,sqlite,upsert,155,4
sdk,sqlite,upsert,156,4
sdk,sqlite,upsert,157,4
sdk,sqlite,upsert,158,4
sdk,sqlite,upsert,159,4
sdk,sqlite,upsert,160,4
sdk,sqlite,upsert,161,4
sdk,sqlite,upsert,162,4
sdk,sqlite,upsert,163,4
sdk,sqlite,upsert,164,4
sdk,sqlite,upsert,165,4
sdk,sqlite,upsert,166,4
sdk,sqlite,upsert,167,4
sdk,sqlite,upsert,168,4
sdk,sqlite,upsert,169,4
sdk,sqlite,upsert,170,4
sdk,sqlite,upsert,171,4
sdk,sqlite,upsert,172,4
sdk,sqlite,upsert,173,4
sdk,sqlite,upsert,174,4
sdk,sqlite,upsert,175,4
sdk,sqlite,upsert,176,4
sdk,sqlite,upsert,177,4
sdk,sqlite,upsert,178,4
sdk,sqlite,upsert,179,4
sdk,sqlite,upsert,180,4
sdk,sqlite,upsert,181,4
sdk,sqlite,upsert,182,4
sdk,sqlite,upsert,183,4
sdk,sqlite,upsert,184,4
sdk,sqlite,upsert,185,4
sdk,sqlite,upsert,186,4
sdk,sqlite,upsert,187,4
sdk,sqlite,upsert,188,4
sdk,sqlite,upsert,189,4
sdk,sqlite,upsert,190,4
sdk,sqlite,upsert,191,4
sdk,sqlite,upsert,192,4
sdk,sqlite,upsert,193,5
sdk,sqlite,upsert,194,5
sdk,sqlite,upsert,195,5
sdk,sqlite,upsert,196,4
sdk,sqlite,upsert,197,4
sdk,sqlite,upsert,198,4
sdk,sqlite,upsert,199,4
sdk,sqlite,upsert,200,4
sdk,sqlite,upsert,201,4
sdk,sqlite,upsert,202,4
sdk,sqlite,upsert,203,4
sdk,sqlite,upsert,204,4
sdk,sqlite,upsert,205,4
sdk,sqlite,upsert,206,4
sdk,sqlite,upsert,207,4
sdk,sqlite,upsert,208,4
sdk,sqlite,upsert,209,4
sdk,sqlite,upsert,210,4
sdk,sqlite,upsert,211,4
sdk,sqlite,upsert,212,4
sdk,sqlite,upsert,213,4
sdk,sqlite,upsert,214,4
sdk,sqlite,upsert,215,4
sdk,sqlite,upsert,216,4
sdk,sqlite,upsert,217,4
sdk,sqlite,upsert,218,4
sdk,sqlite,upsert,219,4
sdk,sqlite,upsert,220,4
sdk,sqlite,upsert,221,4
sdk,sqlite,upsert,222,4
sdk,sqlite,upsert,223,4
sdk,sqlite,upsert,224,4
sdk,sqlite,upsert,225,4
sdk,sqlite,upsert,226,4
sdk,sqlite,upsert,227,4
sdk,sqlite,upsert,228,4
sdk,sqlite,upsert,229,4
sdk,sqlite,upsert,230,4
sdk,sqlite,upsert,231,4
sdk,sqlite,upsert,232,4
sdk,sqlite,upsert,233,4
sdk,sqlite,upsert,234,4
sdk,sqlite,upsert,235,4
sdk,sqlite,upsert,236,4
sdk,sqlite,upsert,237,4
sdk,sqlite,upsert,238,4
sdk,sqlite,upsert,239,4
sdk,sqlite,upsert,240,4
sdk,sqlite,upsert,241,4
sdk,sqlite,upsert,242,4
sdk,sqlite,upsert,243,4
sdk,sqlite,upsert,244,4
sdk,sqlite,upsert,245,4
sdk,sqlite,upsert,246,4
sdk,sqlite,upsert,247,4
sdk,sqlite,upsert,248,4
sdk,sqlite,upsert,249,4
sdk,sqlite,upsert,250,4
sdk,sqlite,upsert,251,4
sdk,sqlite,upsert,252,4
sdk,sqlite,upsert,253,4
sdk,sqlite,upsert,254,4
sdk,sqlite,upsert,255,4
sdk,sqlite,upsert,256,4
sdk,sqlite,upsert,257,4
sdk,sqlite,upsert,258,4
sdk,sqlite,upsert,259,4
sdk,sqlite,upsert,260,4
sdk,sqlite,upsert,261,5
sdk,sqlite,upsert,262,5
sdk,sqlite,upsert,263,4
sdk,sqlite,upsert,264,4
sdk,sqlite,upsert,265,4
sdk,sqlite,upsert,266,4
sdk,sqlite,upsert,267,4
sdk,sqlite,upsert,268,4
sdk,sqlite,upsert,269,4
sdk,sqlite,upsert,270,4
sdk,sqlite,upsert,271,4
sdk,sqlite,upsert,272,4
sdk,sqlite,upsert,273,4
sdk,sqlite,upsert,274,4
sdk,sqlite,upsert,275,4
sdk,sqlite,upsert,276,4
sdk,sqlite,upsert,277,4
sdk,sqlite,upsert,278,4
sdk,sqlite,upsert,279,4
sdk,sqlite,upsert,280,4
sdk,sqlite,upsert,281,4
sdk,sqlite,upsert,282,4
sdk,sqlite,upsert,283,4
sdk,sqlite,upsert,284,4
sdk,sqlite,upsert,285,4
sdk,sqlite,upsert,286,4
sdk,sqlite,upsert,287,4
sdk,sqlite,upsert,288,4
sdk,sqlite,upsert,289,4
sdk,sqlite,upsert,290,4
sdk,sqlite,upsert,291,4
sdk,sqlite,upsert,292,4
sdk,sqlite,upsert,293,4
sdk,sqlite,upsert,294,4
sdk,sqlite,upsert,295,4
sdk,sqlite,upsert,296,4
sdk,sqlite,upsert,297,4
sdk,sqlite,upsert,298,4
sdk,sqlite,upsert,299,4
sdk,sqlite,upsert,300,4
sdk,sqlite,upsert,301,4
sdk,sqlite,upsert,302,4
sdk,sqlite,upsert,303,4
sdk,sqlite,upsert,304,4
sdk,sqlite,upsert,305,4
sdk,sqlite,upsert,306,4
sdk,sqlite,upsert,307,4
sdk,sqlite,upsert,308,4
sdk,sqlite,upsert,309,5
sdk,sqlite,upsert,310,5
sdk,sqlite,upsert,311,5
sdk,sqlite,upsert,312,4
sdk,sqlite,upsert,313,4
sdk,sqlite,upsert,314,4
sdk,sqlite,upsert,315,4
sdk,sqlite,upsert,316,4
sdk,sqlite,upsert,317,4
sdk,sqlite,upsert,318,4
sdk,sqlite,upsert,319,4
sdk,sqlite,upsert,320,4
sdk,sqlite,upsert,321,4
sdk,sqlite,upsert,322,4
sdk,sqlite,upsert,323,4
sdk,sqlite,upsert,324,4
sdk,sqlite,upsert,325,4
sdk,sqlite,upsert,326,4
sdk,sqlite,upsert,327,4
sdk,sqlite,upsert,328,4
sdk,sqlite,upsert,329,4
sdk,sqlite,upsert,330,4
sdk,sqlite,upsert,331,4
sdk,sqlite,upsert,332,4
sdk,sqlite,upsert,333,4
sdk,sqlite,upsert,334,4
sdk,sqlite,upsert,335,4
sdk,sqlite,upsert,336,4
sdk,sqlite,upsert,337,4
sdk,sqlite,upsert,338,4
sdk,sqlite,upsert,339,4
sdk,sqlite,upsert,340,4
sdk,sqlite,upsert,341,4
sdk,sqlite,upsert,342,4
sdk,sqlite,upsert,343,4
sdk,sqlite,upsert,344,4
sdk,sqlite,upsert,345,4
sdk,sqlite,upsert,346,4
sdk,sqlite,upsert,347,4
sdk,sqlite,upsert,348,4
sdk,sqlite,upsert,349,4
sdk,sqlite,upsert,350,4
sdk,sqlite,upsert,351,4
sdk,sqlite,upsert,352,4
sdk,sqlite,upsert,353,4
sdk,sqlite,upsert,354,4
sdk,sqlite,upsert,355,4
sdk,sqlite,upsert,356,4
sdk,sqlite,upsert,357,4
sdk,sqlite,upsert,358,4
sdk,sqlite,upsert,359,4
sdk,sqlite,upsert,360,4
sdk,sqlite,upsert,361,4
sdk,sqlite,upsert,362,4
sdk,sqlite,upsert,363,4
sdk,sqlite,upsert,364,4
sdk,sqlite,upsert,365,4
sdk,sqlite,upsert,366,4
sdk,sqlite,upsert,367,4
sdk,sqlite,upsert,368,4
sdk,sqlite,upsert,369,4
sdk,sqlite,upsert,370,4
sdk,sqlite,upsert,371,4
sdk,sqlite,upsert,372,4
sdk,sqlite,upsert,373,4
sdk,sqlite,upsert,374,4
sdk,sqlite,upsert,375,4
sdk,sqlite,upsert,376,4
sdk,sqlite,upsert,377,4
sdk,sqlite,upsert,378,4
sdk,sqlite,upsert,379,4
sdk,sqlite,upsert,380,4
sdk,sqlite,upsert,381,4
sdk,sqlite,upsert,382,4
sdk,sqlite,upsert,383,4
sdk,sqlite,upsert,384,4
sdk,sqlite,upsert,385,4
sdk,sqlite,upsert,386,4
sdk,sqlite,upsert,387,4
sdk,sqlite,upsert,388,4
sdk,sqlite,upsert,389,4
sdk,sqlite,upsert,390,4
sdk,sqlite,upsert,391,4
sdk,sqlite,upsert,392,4
sdk,sqlite,upsert,393,4
sdk,sqlite,upsert,394,4
sdk,sqlite,upsert,395,4
sdk,sqlite,upsert,396,4
sdk,sqlite,upsert,397,4
sdk,sqlite,upsert,398,4
sdk,sqlite,upsert,399,4
sdk,sqlite,upsert,400,4
sdk,sqlite,upsert,401,4
sdk,sqlite,upsert,402,4
sdk,sqlite,upsert,403,4
sdk,sqlite,upsert,404,4
sdk,sqlite,upsert,405,4
sdk,sqlite,upsert,406,4
sdk,sqlite,upsert,407,4
sdk,sqlite,upsert,408,4
sdk,sqlite,upsert,409,4
sdk,sqlite,upsert,410,4
sdk,sqlite,upsert,411,4
sdk,sqlite,upsert,412,4
sdk,sqlite,upsert,413,4
sdk,sqlite,upsert,414,4
sdk,sqlite,upsert,415,4
sdk,sqlite,upsert,416,4
sdk,sqlite,upsert,417,4
sdk,sqlite,upsert,418,4
sdk,sqlite,upsert,419,4
sdk,sqlite,upsert,420,4
sdk,sqlite,upsert,421,4
sdk,sqlite,upsert,422,4
sdk,sqlite,upsert,423,4
sdk,sqlite,upsert,424,4
sdk,sqlite,upsert,425,4
sdk,sqlite,upsert,426,4
sdk,sqlite,upsert,427,4
sdk,sqlite,upsert,428,4
sdk,sqlite,upsert,429,4
sdk,sqlite,upsert,430,4
sdk,sqlite,upsert,431,4
sdk,sqlite,upsert,432,4
sdk,sqlite,upsert,433,4
sdk,sqlite,upsert,434,4
sdk,sqlite,upsert,435,4
sdk,sqlite,upsert,436,4
sdk,sqlite,upsert,437,4
sdk,sqlite,upsert,438,4
sdk,sqlite,upsert,439,4
sdk,sqlite,upsert,440,4
sdk,sqlite,upsert,441,4
sdk,sqlite,upsert,442,4
sdk,sqlite,upsert,443,4
sdk,sqlite,upsert,444,4
sdk,sqlite,upsert,445,4
sdk,sqlite,upsert,446,4
sdk,sqlite,upsert,447,4
sdk,sqlite,upsert,448,4
sdk,sqlite,upsert,449,4
sdk,sqlite,upsert,450,4
sdk,sqlite,upsert,451,4
sdk,sqlite,upsert,452,4
sdk,sqlite,upsert,453,4
sdk,sqlite,upsert,454,4
sdk,sqlite,upsert,455,4
sdk,sqlite,upsert,456,4
sdk,sqlite,upsert,457,4
sdk,sqlite,upsert,458,4
sdk,sqlite,upsert,459,4
sdk,sqlite,upsert,460,4
sdk,sqlite,upsert,461,4
sdk,sqlite,upsert,462,4
sdk,sqlite,upsert,463,4
sdk,sqlite,upsert,464,4
sdk,sqlite,upsert,465,4
sdk,sqlite,upsert,466,4
sdk,sqlite,upsert,467,4
sdk,sqlite,upsert,468,4
sdk,sqlite,upsert,469,4
sdk,sqlite,upsert,470,5
sdk,sqlite,upsert,471,5
sdk,sqlite,upsert,472,5
sdk,sqlite,upsert,473,4
sdk,sqlite,upsert,474,4
sdk,sqlite,upsert,475,4
sdk,sqlite,upsert,476,4
sdk,sqlite,upsert,477,4
sdk,sqlite,upsert,478,4
sdk,sqlite,upsert,479,4
sdk,sqlite,upsert,480,4
sdk,sqlite,upsert,481,4
sdk,sqlite,upsert,482,4
sdk,sqlite,upsert,483,4
sdk,sqlite,upsert,484,4
sdk,sqlite,upsert,485,4
sdk,sqlite,upsert,486,4
sdk,sqlite,upsert,487,4
sdk,sqlite,upsert,488,4
sdk,sqlite,upsert,489,4
sdk,sqlite,upsert,490,4
sdk,sqlite,upsert,491,4
sdk,sqlite,upsert,492,4
sdk,sqlite,upsert,493,4
sdk,sqlite,upsert,494,4
sdk,sqlite,upsert,495,4
sdk,sqlite,upsert,496,4
sdk,sqlite,upsert,497,4
sdk,sqlite,upsert,498,4
sdk,sqlite,upsert,499,4
sdk,sqlite,upsert,500,4
sdk,sqlite,upsert,501,4
sdk,sqlite,upsert,502,4
sdk,sqlite,upsert,503,4
sdk,sqlite,upsert,504,4
sdk,sqlite,upsert,505,4
sdk,sqlite,upsert,506,4
sdk,sqlite,upsert,507,4
sdk,sqlite,upsert,508,4
sdk,sqlite,upsert,509,4
sdk,sqlite,upsert,510,4
sdk,sqlite,upsert,511,4
sdk,sqlite,upsert,512,4
sdk,sqlite,upsert,513,4
sdk,sqlite,upsert,514,4
sdk,sqlite,upsert,515,4
sdk,sqlite,upsert,516,4
sdk,sqlite,upsert,517,4
sdk,sqlite,upsert,518,4
sdk,sqlite,upsert,519,4
sdk,sqlite,upsert,520,4
sdk,sqlite,upsert,521,4
sdk,sqlite,upsert,522,4
sdk,sqlite,upsert,523,4
sdk,sqlite,upsert,524,4
sdk,sqlite,upsert,525,4
sdk,sqlite,upsert,526,4
sdk,sqlite,upsert,527,4
sdk,sqlite,upsert,528,4
sdk,sqlite,upsert,529,4
sdk,sqlite,upsert,530,5
sdk,sqlite,upsert,531,5
sdk,sqlite,upsert,532,4
sdk,sqlite,upsert,533,4
sdk,sqlite,upsert,534,4
sdk,sqlite,upsert,535,4
sdk,sqlite,upsert,536,4
sdk,sqlite,upsert,537,4
sdk,sqlite,upsert,538,4
sdk,sqlite,upsert,539,4
sdk,sqlite,upsert,540,4
sdk,sqlite,upsert,541,4
sdk,sqlite,upsert,542,4
sdk,sqlite,upsert,543,4
sdk,sqlite,upsert,544,4
sdk,sqlite,upsert,545,4
sdk,sqlite,upsert,546,4
sdk,sqlite,upsert,547,4
sdk,sqlite,upsert,548,4
sdk,sqlite,upsert,549,4
sdk,sqlite,upsert,550,4
sdk,sqlite,upsert,551,4
sdk,sqlite,upsert,552,4
sdk,sqlite,upsert,553,4
sdk,sqlite,upsert,554,4
sdk,sqlite,upsert,555,4
sdk,sqlite,upsert,556,4
sdk,sqlite,upsert,557,4
sdk,sqlite,upsert,558,4
sdk,sqlite,upsert,559,4
sdk,sqlite,upsert,560,4
sdk,sqlite,upsert,561,4
sdk,sqlite,upsert,562,4
sdk,sqlite,upsert,563,4
sdk,sqlite,upsert,564,4
sdk,sqlite,upsert,565,4
sdk,sqlite,upsert,566,4
sdk,sqlite,upsert,567,4
sdk,sqlite,upsert,568,4
sdk,sqlite,upsert,569,4
sdk,sqlite,upsert,570,4
sdk,sqlite,upsert,571,4
sdk,sqlite,upsert,572,4
sdk,sqlite,upsert,573,4
sdk,sqlite,upsert,574,4
sdk,sqlite,upsert,575,4
sdk,sqlite,upsert,576,4
sdk,sqlite,upsert,577,4
sdk,sqlite,upsert,578,4
sdk,sqlite,upsert,579,4
sdk,sqlite,upsert,580,4
sdk,sqlite,upsert,581,4
sdk,sqlite,upsert,582,4
sdk,sqlite,upsert,583,4
sdk,sqlite,upsert,584,4
sdk,sqlite,upsert,585,4
sdk,sqlite,upsert,586,4
sdk,sqlite,upsert,587,4
sdk,sqlite,upsert,588,4
sdk,sqlite,upsert,589,4
sdk,sqlite,upsert,590,4
sdk,sqlite,upsert,591,4
sdk,sqlite,upsert,592,4
sdk,sqlite,upsert,593,4
sdk,sqlite,upsert,594,5
sdk,sqlite,upsert,595,5
sdk,sqlite,upsert,596,5
sdk,sqlite,upsert,597,4
sdk,sqlite,upsert,598,4
sdk,sqlite,upsert,599,4
sdk,sqlite,upsert,600,4
sdk,sqlite,upsert,601,4
sdk,sqlite,upsert,602,4
sdk,sqlite,upsert,603,4
sdk,sqlite,upsert,604,4
sdk,sqlite,upsert,605,4
sdk,sqlite,upsert,606,4
sdk,sqlite,upsert,607,4
sdk,sqlite,upsert,608,4
sdk,sqlite,upsert,609,4
sdk,sqlite,upsert,610,4
sdk,sqlite,upsert,611,4
sdk,sqlite,upsert,612,4
sdk,sqlite,upsert,613,4
sdk,sqlite,upsert,614,4
sdk,sqlite,upsert,615,4
sdk,sqlite,upsert,616,4
sdk,sqlite,upsert,617,4
sdk,sqlite,upsert,618,4
sdk,sqlite,upsert,619,4
sdk,sqlite,upsert,620,4
sdk,sqlite,upsert,621,4
sdk,sqlite,upsert,622,4
sdk,sqlite,upsert,623,4
sdk,sqlite,upsert,624,4
sdk,sqlite,upsert,625,4
sdk,sqlite,upsert,626,4
sdk,sqlite,upsert,627,4
sdk,sqlite,upsert,628,4
sdk,sqlite,upsert,629,4
sdk,sqlite,upsert,630,4
sdk,sqlite,upsert,631,4
sdk,sqlite,upsert,632,4
sdk,sqlite,upsert,633,4
sdk,sqlite,upsert,634,4
sdk,sqlite,upsert,635,4
sdk,sqlite,upsert,636,4
sdk,sqlite,upsert,637,4
sdk,sqlite,upsert,638,4
sdk,sqlite,upsert,639,4
sdk,sqlite,upsert,640,4
sdk,sqlite,upsert,641,4
sdk,sqlite,upsert,642,4
sdk,sqlite,upsert,643,4
sdk,sqlite,upsert,644,4
sdk,sqlite,upsert,645,4
sdk,sqlite,upsert,646,4
sdk,sqlite,upsert,647,4
sdk,sqlite,upsert,648,4
sdk,sqlite,upsert,649,4
sdk,sqlite,upsert,650,4
sdk,sqlite,upsert,651,4
sdk,sqlite,upsert,652,4
sdk,sqlite,upsert,653,4
sdk,sqlite,upsert,654,4
sdk,sqlite,upsert,655,4
sdk,sqlite,upsert,656,4
sdk,sqlite,upsert,657,4
sdk,sqlite,upsert,658,4
sdk,sqlite,upsert,659,5
sdk,sqlite,upsert,660,5
sdk,sqlite,upsert,661,4
sdk,sqlite,upsert,662,4
sdk,sqlite,upsert,663,4
sdk,sqlite,upsert,664,4
sdk,sqlite,upsert,665,4
sdk,sqlite,upsert,666,4
sdk,sqlite,upsert,667,4
sdk,sqlite,upsert,668,4
sdk,sqlite,upsert,669,4
sdk,sqlite,upsert,670,4
sdk,sqlite,upsert,671,4
sdk,sqlite,upsert,672,4
sdk,sqlite,upsert,673,4
sdk,sqlite,upsert,674,4
sdk,sqlite,upsert,675,4
sdk,sqlite,upsert,676,4
sdk,sqlite,upsert,677,4
sdk,sqlite,upsert,678,4
sdk,sqlite,upsert,679,4
sdk,sqlite,upsert,680,4
sdk,sqlite,upsert,681,4
sdk,sqlite,upsert,682,4
sdk,sqlite,upsert,683,4
sdk,sqlite,upsert,684,5
sdk,sqlite,upsert,685,5
sdk,sqlite,upsert,686,4
sdk,sqlite,upsert,687,4
sdk,sqlite,upsert,688,4
sdk,sqlite,upsert,689,4
sdk,sqlite,upsert,690,4
sdk,sqlite,upsert,691,4
sdk,sqlite,upsert,692,4
sdk,sqlite,upsert,693,4
sdk,sqlite,upsert,694,4
sdk,sqlite,upsert,695,4
sdk,sqlite,upsert,696,4
sdk,sqlite,upsert,697,4
sdk,sqlite,upsert,698,4
sdk,sqlite,upsert,699,4
sdk,sqlite,upsert,700,4
sdk,sqlite,upsert,701,4
sdk,sqlite,upsert,702,4
sdk,sqlite,upsert,703,4
sdk,sqlite,upsert,704,4
sdk,sqlite,upsert,705,4
sdk,sqlite,upsert,706,4
sdk,sqlite,upsert,707,4
sdk,sqlite,upsert,708,4
sdk,sqlite,upsert,709,4
sdk,sqlite,upsert,710,4
sdk,sqlite,upsert,711,4
sdk,sqlite,upsert,712,4
sdk,sqlite,upsert,713,4
sdk,sqlite,upsert,714,4
sdk,sqlite,upsert,715,4
sdk,sqlite,upsert,716,4
sdk,sqlite,upsert,717,4
sdk,sqlite,upsert,718,4
sdk,sqlite,upsert,719,4
sdk,sqlite,upsert,720,4
sdk,sqlite,upsert,721,4
sdk,sqlite,upsert,722,4
sdk,sqlite,upsert,723,4
sdk,sqlite,upsert,724,4
sdk,sqlite,upsert,725,4
sdk,sqlite,upsert,726,4
sdk,sqlite,upsert,727,4
sdk,sqlite,upsert,728,4
sdk,sqlite,upsert,729,4
sdk,sqlite,upsert,730,4
sdk,sqlite,upsert,731,4
sdk,sqlite,upsert,732,4
sdk,sqlite,upsert,733,4
sdk,sqlite,upsert,734,4
sdk,sqlite,upsert,735,4
sdk,sqlite,upsert,736,4
sdk,sqlite,upsert,737,4
sdk,sqlite,upsert,738,4
sdk,sqlite,upsert,739,4
sdk,sqlite,upsert,740,4
sdk,sqlite,upsert,741,4
sdk,sqlite,upsert,742,4
sdk,sqlite,upsert,743,4
sdk,sqlite,upsert,744,4
sdk,sqlite,upsert,745,4
sdk,sqlite,upsert,746,4
sdk,sqlite,upsert,747,4
sdk,sqlite,upsert,748,4
sdk,sqlite,upsert,749,4
sdk,sqlite,upsert,750,4
sdk,sqlite,upsert,751,4
sdk,sqlite,upsert,752,4
sdk,sqlite,upsert,753,4
sdk,sqlite,upsert,754,4
sdk,sqlite,upsert,755,4
sdk,sqlite,upsert,756,4
sdk,sqlite,upsert,757,4
sdk,sqlite,upsert,758,4
sdk,sqlite,upsert,759,4
sdk,sqlite,upsert,760,4
sdk,sqlite,upsert,761,4
sdk,sqlite,upsert,762,5
sdk,sqlite,upsert,763,5
sdk,sqlite,upsert,764,5
sdk,sqlite,upsert,765,4
sdk,sqlite,upsert,766,4
sdk,sqlite,upsert,767,4
sdk,sqlite,upsert,768,4
sdk,sqlite,upsert,769,4
sdk,sqlite,upsert,770,4
sdk,sqlite,upsert,771,4
sdk,sqlite,upsert,772,4
sdk,sqlite,upsert,773,4
sdk,sqlite,upsert,774,4
sdk,sqlite,upsert,775,4
sdk,sqlite,upsert,776,4
sdk,sqlite,upsert,777,4
sdk,sqlite,upsert,778,4
sdk,sqlite,upsert,779,4
sdk,sqlite,upsert,780,4
sdk,sqlite,upsert,781,4
sdk,sqlite,upsert,782,4
sdk,sqlite,upsert,783,4
sdk,sqlite,upsert,784,4
sdk,sqlite,upsert,785,4
sdk,sqlite,upsert,786,4
sdk,sqlite,upsert,787,4
sdk,sqlite,upsert,788,4
sdk,sqlite,upsert,789,4
sdk,sqlite,upsert,790,4
sdk,sqlite,upsert,791,4
sdk,sqlite,upsert,792,4
sdk,sqlite,upsert,793,4
sdk,sqlite,upsert,794,4
sdk,sqlite,upsert,795,4
sdk,sqlite,upsert,796,4
sdk,sqlite,upsert,797,4
sdk,sqlite,upsert,798,4
sdk,sqlite,upsert,799,4
sdk,sqlite,upsert,800,4
sdk,sqlite,upsert,801,4
sdk,sqlite,upsert,802,4
sdk,sqlite,upsert,803,4
sdk,sqlite,upsert,804,4
sdk,sqlite,upsert,805,4
sdk,sqlite,upsert,806,4
sdk,sqlite,upsert,807,4
sdk,sqlite,upsert,808,4
sdk,sqlite,upsert,809,4
sdk,sqlite,upsert,810,4
sdk,sqlite,upsert,811,4
sdk,sqlite,upsert,812,4
sdk,sqlite,upsert,813,4
sdk,sqlite,upsert,814,4
sdk,sqlite,upsert,815,4
sdk,sqlite,upsert,816,4
sdk,sqlite,upsert,817,4
sdk,sqlite,upsert,818,4
sdk,sqlite,upsert,819,5
sdk,sqlite,upsert,820,5
sdk,sqlite,upsert,821,5
sdk,sqlite,upsert,822,4
sdk,sqlite,upsert,823,4
sdk,sqlite,upsert,824,4
sdk,sqlite,upsert,825,4
sdk,sqlite,upsert,826,4
sdk,sqlite,upsert,827,4
sdk,sqlite,upsert,828,4
sdk,sqlite,upsert,829,4
sdk,sqlite,upsert,830,4
sdk,sqlite,upsert,831,4
sdk,sqlite,upsert,832,4
sdk,sqlite,upsert,833,4
sdk,sqlite,upsert,834,4
sdk,sqlite,upsert,835,4
sdk,sqlite,upsert,836,4
sdk,sqlite,upsert,837,4
sdk,sqlite,upsert,838,4
sdk,sqlite,upsert,839,4
sdk,sqlite,upsert,840,4
sdk,sqlite,upsert,841,4
sdk,sqlite,upsert,842,4
sdk,sqlite,upsert,843,4
sdk,sqlite,upsert,844,4
sdk,sqlite,upsert,845,4
sdk,sqlite,upsert,846,4
sdk,sqlite,upsert,847,4
sdk,sqlite,upsert,848,4
sdk,sqlite,upsert,849,4
sdk,sqlite,upsert,850,4
sdk,sqlite,upsert,851,4
sdk,sqlite,upsert,852,4
sdk,sqlite,upsert,853,4
sdk,sqlite,upsert,854,4
sdk,sqlite,upsert,855,4
sdk,sqlite,upsert,856,4
sdk,sqlite,upsert,857,4
sdk,sqlite,upsert,858,4
sdk,sqlite,upsert,859,4
sdk,sqlite,upsert,860,4
sdk,sqlite,upsert,861,4
sdk,sqlite,upsert,862,4
sdk,sqlite,upsert,863,4
sdk,sqlite,upsert,864,4
sdk,sqlite,upsert,865,4
sdk,sqlite,upsert,866,4
sdk,sqlite,upsert,867,4
sdk,sqlite,upsert,868,4
sdk,sqlite,upsert,869,4
sdk,sqlite,upsert,870,4
sdk,sqlite,upsert,871,4
sdk,sqlite,upsert,872,4
sdk,sqlite,upsert,873,4
sdk,sqlite,upsert,874,4
sdk,sqlite,upsert,875,5
sdk,sqlite,upsert,876,5
sdk,sqlite,upsert,877,4
sdk,sqlite,upsert,878,4
sdk,sqlite,upsert,879,4
sdk,sqlite,upsert,880,4
sdk,sqlite,upsert,881,4
sdk,sqlite,upsert,882,4
sdk,sqlite,upsert,883,4
sdk,sqlite,upsert,884,4
sdk,sqlite,upsert,885,4
sdk,sqlite,upsert,886,4
sdk,sqlite,upsert,887,4
sdk,sqlite,upsert,888,4
sdk,sqlite,upsert,889,4
sdk,sqlite,upsert,890,4
sdk,sqlite,upsert,891,4
sdk,sqlite,upsert,892,4
sdk,sqlite,upsert,893,4
sdk,sqlite,upsert,894,4
sdk,sqlite,upsert,895,4
sdk,sqlite,upsert,896,4
sdk,sqlite,upsert,897,4
sdk,sqlite,upsert,898,4
sdk,sqlite,upsert,899,4
sdk,sqlite,upsert,900,4
sdk,sqlite,upsert,901,4
sdk,sqlite,upsert,902,4
sdk,sqlite,upsert,903,4
sdk,sqlite,upsert,904,4
sdk,sqlite,upsert,905,4
sdk,sqlite,upsert,906,4
sdk,sqlite,upsert,907,4
sdk,sqlite,upsert,908,4
sdk,sqlite,upsert,909,4
sdk,sqlite,upsert,910,4
sdk,sqlite,upsert,911,4
sdk,sqlite,upsert,912,4
sdk,sqlite,upsert,913,4
sdk,sqlite,upsert,914,5
sdk,sqlite,upsert,915,5
sdk,sqlite,upsert,916,5
sdk,sqlite,upsert,917,4
sdk,sqlite,upsert,918,4
sdk,sqlite,upsert,919,4
sdk,sqlite,upsert,920,4
sdk,sqlite,upsert,921,4
sdk,sqlite,upsert,922,4
sdk,sqlite,upsert,923,4
sdk,sqlite,upsert,924,4
sdk,sqlite,upsert,925,4
sdk,sqlite,upsert,926,4
sdk,sqlite,upsert,927,4
sdk,sqlite,upsert,928,4
sdk,sqlite,upsert,929,4
sdk,sqlite,upsert,930,4
sdk,sqlite,upsert,931,4
sdk,sqlite,upsert,932,4
sdk,sqlite,upsert,933,4
sdk,sqlite,upsert,934,4
sdk,sqlite,upsert,935,4
sdk,sqlite,upsert,936,4
sdk,sqlite,upsert,937,4
sdk,sqlite,upsert,938,4
sdk,sqlite,upsert,939,4
sdk,sqlite,upsert,940,4
sdk,sqlite,upsert,941,4
sdk,sqlite,upsert,942,4
sdk,sqlite,upsert,943,4
sdk,sqlite,upsert,944,4
sdk,sqlite,upsert,945,4
sdk,sqlite,upsert,946,4
sdk,sqlite,upsert,947,4
sdk,sqlite,upsert,948,4
sdk,sqlite,upsert,949,4
sdk,sqlite,upsert,950,4
sdk,sqlite,upsert,951,4
sdk,sqlite,upsert,952,4
sdk,sqlite,upsert,953,4
sdk,sqlite,upsert,954,4
sdk,sqlite,upsert,955,4
sdk,sqlite,upsert,956,4
sdk,sqlite,upsert,957,5
sdk,sqlite,upsert,958,5
sdk,sqlite,upsert,959,4
sdk,sqlite,upsert,960,4
sdk,sqlite,upsert,961,4
sdk,sqlite,upsert,962,4
sdk,sqlite,upsert,963,4
sdk,sqlite,upsert,964,4
sdk,sqlite,upsert,965,4
sdk,sqlite,upsert,966,4
sdk,sqlite,upsert,967,4
sdk,sqlite,upsert,968,4
sdk,sqlite,upsert,969,4
sdk,sqlite,upsert,970,4
sdk,sqlite,upsert,971,4
sdk,sqlite,upsert,972,4
sdk,sqlite,upsert,973,4
sdk,sqlite,upsert,974,4
sdk,sqlite,upsert,975,4
sdk,sqlite,upsert,976,4
sdk,sqlite,upsert,977,4
sdk,sqlite,upsert,978,4
sdk,sqlite,upsert,979,4
sdk,sqlite,upsert,980,4
sdk,sqlite,upsert,981,4
sdk,sqlite,upsert,982,4
sdk,sqlite,upsert,983,4
sdk,sqlite,upsert,984,4
sdk,sqlite,upsert,985,4
sdk,sqlite,upsert,986,4
sdk,sqlite,upsert,987,4
sdk,sqlite,upsert,988,4
sdk,sqlite,upsert,989,4
sdk,sqlite,upsert,990,4
sdk,sqlite,upsert,991,4
sdk,sqlite,upsert,992,4
sdk,sqlite,upsert,993,4
sdk,sqlite,upsert,994,4
sdk,sqlite,upsert,995,4
sdk,sqlite,upsert,996,4
sdk,sqlite,upsert,997,4
sdk,sqlite,upsert,998,4
sdk,sqlite,upsert,999,4
sdk,sqlite,nestedUpsert,0,7
sdk,sqlite,nestedUpsert,1,10
sdk,sqlite,nestedUpsert,2,9
sdk,sqlite,nestedUpsert,3,8
sdk,sqlite,nestedUpsert,4,8
sdk,sqlite,nestedUpsert,5,10
sdk,sqlite,nestedUpsert,6,9
sdk,sqlite,nestedUpsert,7,9
sdk,sqlite,nestedUpsert,8,10
sdk,sqlite,nestedUpsert,9,9
sdk,sqlite,nestedUpsert,10,9
sdk,sqlite,nestedUpsert,11,8
sdk,sqlite,nestedUpsert,12,10
sdk,sqlite,nestedUpsert,13,9
sdk,sqlite,nestedUpsert,14,9
sdk,sqlite,nestedUpsert,15,8
sdk,sqlite,nestedUpsert,16,10
sdk,sqlite,nestedUpsert,17,9
sdk,sqlite,nestedUpsert,18,10
sdk,sqlite,nestedUpsert,19,10
sdk,sqlite,nestedUpsert,20,10
sdk,sqlite,nestedUpsert,21,9
sdk,sqlite,nestedUpsert,22,8
sdk,sqlite,nestedUpsert,23,8
sdk,sqlite,nestedUpsert,24,10
sdk,sqlite,nestedUpsert,25,9
sdk,sqlite,nestedUpsert,26,9
sdk,sqlite,nestedUpsert,27,8
sdk,sqlite,nestedUpsert,28,8
sdk,sqlite,nestedUpsert,29,10
sdk,sqlite,nestedUpsert,30,9
sdk,sqlite,nestedUpsert,31,9
sdk,sqlite,nestedUpsert,32,8
sdk,sqlite,nestedUpsert,33,10
sdk,sqlite,nestedUpsert,34,9
sdk,sqlite,nestedUpsert,35,9
sdk,sqlite,nestedUpsert,36,8
sdk,sqlite,nestedUpsert,37,8
sdk,sqlite,nestedUpsert,38,12
sdk,sqlite,nestedUpsert,39,10
sdk,sqlite,nestedUpsert,40,9
sdk,sqlite,nestedUpsert,41,8
sdk,sqlite,nestedUpsert,42,8
sdk,sqlite,nestedUpsert,43,9
sdk,sqlite,nestedUpsert,44,9
sdk,sqlite,nestedUpsert,45,9
sdk,sqlite,nestedUpsert,46,8
sdk,sqlite,nestedUpsert,47,10
sdk,sqlite,nestedUpsert,48,10
sdk,sqlite,nestedUpsert,49,10
sdk,sqlite,nestedUpsert,50,8
sdk,sqlite,nestedUpsert,51,8
sdk,sqlite,nestedUpsert,52,8
sdk,sqlite,nestedUpsert,53,8
sdk,sqlite,nestedUpsert,54,8
sdk,sqlite,nestedUpsert,55,8
sdk,sqlite,nestedUpsert,56,8
sdk,sqlite,nestedUpsert,57,10
sdk,sqlite,nestedUpsert,58,9
sdk,sqlite,nestedUpsert,59,9
sdk,sqlite,nestedUpsert,60,8
sdk,sqlite,nestedUpsert,61,8
sdk,sqlite,nestedUpsert,62,10
sdk,sqlite,nestedUpsert,63,9
sdk,sqlite,nestedUpsert,64,9
sdk,sqlite,nestedUpsert,65,8
sdk,sqlite,nestedUpsert,66,8
sdk,sqlite,nestedUpsert,67,10
sdk,sqlite,nestedUpsert,68,9
sdk,sqlite,nestedUpsert,69,9
sdk,sqlite,nestedUpsert,70,8
sdk,sqlite,nestedUpsert,71,10
sdk,sqlite,nestedUpsert,72,9
sdk,sqlite,nestedUpsert,73,10
sdk,sqlite,nestedUpsert,74,10
sdk,sqlite,nestedUpsert,75,9
sdk,sqlite,nestedUpsert,76,10
sdk,sqlite,nestedUpsert,77,10
sdk,sqlite,nestedUpsert,78,10
sdk,sqlite,nestedUpsert,79,10
sdk,sqlite,nestedUpsert,80,9
sdk,sqlite,nestedUpsert,81,9
sdk,sqlite,nestedUpsert,82,8
sdk,sqlite,nestedUpsert,83,10
sdk,sqlite,nestedUpsert,84,9
sdk,sqlite,nestedUpsert,85,9
sdk,sqlite,nestedUpsert,86,10
sdk,sqlite,nestedUpsert,87,9
sdk,sqlite,nestedUpsert,88,9
sdk,sqlite,nestedUpsert,89,10
sdk,sqlite,nestedUpsert,90,9
sdk,sqlite,nestedUpsert,91,9
sdk,sqlite,nestedUpsert,92,8
sdk,sqlite,nestedUpsert,93,9
sdk,sqlite,nestedUpsert,94,9
sdk,sqlite,nestedUpsert,95,9
sdk,sqlite,nestedUpsert,96,8
sdk,sqlite,nestedUpsert,97,8
sdk,sqlite,nestedUpsert,98,8
sdk,sqlite,nestedUpsert,99,8
sdk,sqlite,nestedUpsert,100,7
sdk,sqlite,nestedUpsert,101,8
sdk,sqlite,nestedUpsert,102,8
sdk,sqlite,nestedUpsert,103,10
sdk,sqlite,nestedUpsert,104,9
sdk,sqlite,nestedUpsert,105,10
sdk,sqlite,nestedUpsert,106,10
sdk,sqlite,nestedUpsert,107,10
sdk,sqlite,nestedUpsert,108,9
sdk,sqlite,nestedUpsert,109,8
sdk,sqlite,nestedUpsert,110,9
sdk,sqlite,nestedUpsert,111,9
sdk,sqlite,nestedUpsert,112,9
sdk,sqlite,nestedUpsert,113,7
sdk,sqlite,nestedUpsert,114,9
sdk,sqlite,nestedUpsert,115,9
sdk,sqlite,nestedUpsert,116,9
sdk,sqlite,nestedUpsert,117,10
sdk,sqlite,nestedUpsert,118,9
sdk,sqlite,nestedUpsert,119,9
sdk,sqlite,nestedUpsert,120,8
sdk,sqlite,nestedUpsert,121,10
sdk,sqlite,nestedUpsert,122,9
sdk,sqlite,nestedUpsert,123,9
sdk,sqlite,nestedUpsert,124,10
sdk,sqlite,nestedUpsert,125,9
sdk,sqlite,nestedUpsert,126,9
sdk,sqlite,nestedUpsert,127,8
sdk,sqlite,nestedUpsert,128,8
sdk,sqlite,nestedUpsert,129,10
sdk,sqlite,nestedUpsert,130,9
sdk,sqlite,nestedUpsert,131,9
sdk,sqlite,nestedUpsert,132,10
sdk,sqlite,nestedUpsert,133,9
sdk,sqlite,nestedUpsert,134,10
sdk,sqlite,nestedUpsert,135,8
sdk,sqlite,nestedUpsert,136,8
sdk,sqlite,nestedUpsert,137,8
sdk,sqlite,nestedUpsert,138,8
sdk,sqlite,nestedUpsert,139,10
sdk,sqlite,nestedUpsert,140,9
sdk,sqlite,nestedUpsert,141,9
sdk,sqlite,nestedUpsert,142,10
sdk,sqlite,nestedUpsert,143,10
sdk,sqlite,nestedUpsert,144,10
sdk,sqlite,nestedUpsert,145,9
sdk,sqlite,nestedUpsert,146,8
sdk,sqlite,nestedUpsert,147,10
sdk,sqlite,nestedUpsert,148,9
sdk,sqlite,nestedUpsert,149,9
sdk,sqlite,nestedUpsert,150,7
sdk,sqlite,nestedUpsert,151,8
sdk,sqlite,nestedUpsert,152,8
sdk,sqlite,nestedUpsert,153,8
sdk,sqlite,nestedUpsert,154,12
sdk,sqlite,nestedUpsert,155,10
sdk,sqlite,nestedUpsert,156,9
sdk,sqlite,nestedUpsert,157,9
sdk,sqlite,nestedUpsert,158,8
sdk,sqlite,nestedUpsert,159,10
sdk,sqlite,nestedUpsert,160,9
sdk,sqlite,nestedUpsert,161,10
sdk,sqlite,nestedUpsert,162,10
sdk,sqlite,nestedUpsert,163,9
sdk,sqlite,nestedUpsert,164,10
sdk,sqlite,nestedUpsert,165,9
sdk,sqlite,nestedUpsert,166,9
sdk,sqlite,nestedUpsert,167,8
sdk,sqlite,nestedUpsert,168,8
sdk,sqlite,nestedUpsert,169,9
sdk,sqlite,nestedUpsert,170,9
sdk,sqlite,nestedUpsert,171,9
sdk,sqlite,nestedUpsert,172,10
sdk,sqlite,nestedUpsert,173,9
sdk,sqlite,nestedUpsert,174,9
sdk,sqlite,nestedUpsert,175,8
sdk,sqlite,nestedUpsert,176,10
sdk,sqlite,nestedUpsert,177,9
sdk,sqlite,nestedUpsert,178,9
sdk,sqlite,nestedUpsert,179,8
sdk,sqlite,nestedUpsert,180,10
sdk,sqlite,nestedUpsert,181,9
sdk,sqlite,nestedUpsert,182,9
sdk,sqlite,nestedUpsert,183,8
sdk,sqlite,nestedUpsert,184,8
sdk,sqlite,nestedUpsert,185,8
sdk,sqlite,nestedUpsert,186,10
sdk,sqlite,nestedUpsert,187,9
sdk,sqlite,nestedUpsert,188,10
sdk,sqlite,nestedUpsert,189,10
sdk,sqlite,nestedUpsert,190,8
sdk,sqlite,nestedUpsert,191,8
sdk,sqlite,nestedUpsert,192,9
sdk,sqlite,nestedUpsert,193,9
sdk,sqlite,nestedUpsert,194,9
sdk,sqlite,nestedUpsert,195,10
sdk,sqlite,nestedUpsert,196,9
sdk,sqlite,nestedUpsert,197,9
sdk,sqlite,nestedUpsert,198,8
sdk,sqlite,nestedUpsert,199,10
sdk,sqlite,nestedUpsert,200,9
sdk,sqlite,nestedUpsert,201,9
sdk,sqlite,nestedUpsert,202,8
sdk,sqlite,nestedUpsert,203,8
sdk,sqlite,nestedUpsert,204,9
sdk,sqlite,nestedUpsert,205,9
sdk,sqlite,nestedUpsert,206,9
sdk,sqlite,nestedUpsert,207,8
sdk,sqlite,nestedUpsert,208,8
sdk,sqlite,nestedUpsert,209,8
sdk,sqlite,nestedUpsert,210,10
sdk,sqlite,nestedUpsert,211,9
sdk,sqlite,nestedUpsert,212,9
sdk,sqlite,nestedUpsert,213,8
sdk,sqlite,nestedUpsert,214,8
sdk,sqlite,nestedUpsert,215,8
sdk,sqlite,nestedUpsert,216,10
sdk,sqlite,nestedUpsert,217,9
sdk,sqlite,nestedUpsert,218,9
sdk,sqlite,nestedUpsert,219,10
sdk,sqlite,nestedUpsert,220,9
sdk,sqlite,nestedUpsert,221,10
sdk,sqlite,nestedUpsert,222,10
sdk,sqlite,nestedUpsert,223,10
sdk,sqlite,nestedUpsert,224,10
sdk,sqlite,nestedUpsert,225,10
sdk,sqlite,nestedUpsert,226,8
sdk,sqlite,nestedUpsert,227,8
sdk,sqlite,nestedUpsert,228,8
sdk,sqlite,nestedUpsert,229,10
sdk,sqlite,nestedUpsert,230,9
sdk,sqlite,nestedUpsert,231,9
sdk,sqlite,nestedUpsert,232,10
sdk,sqlite,nestedUpsert,233,9
sdk,sqlite,nestedUpsert,234,9
sdk,sqlite,nestedUpsert,235,8
sdk,sqlite,nestedUpsert,236,10
sdk,sqlite,nestedUpsert,237,9
sdk,sqlite,nestedUpsert,238,9
sdk,sqlite,nestedUpsert,239,8
sdk,sqlite,nestedUpsert,240,8
sdk,sqlite,nestedUpsert,241,10
sdk,sqlite,nestedUpsert,242,9
sdk,sqlite,nestedUpsert,243,10
sdk,sqlite,nestedUpsert,244,10
sdk,sqlite,nestedUpsert,245,8
sdk,sqlite,nestedUpsert,246,10
sdk,sqlite,nestedUpsert,247,9
sdk,sqlite,nestedUpsert,248,8
sdk,sqlite,nestedUpsert,249,8
sdk,sqlite,nestedUpsert,250,10
sdk,sqlite,nestedUpsert,251,9
sdk,sqlite,nestedUpsert,252,9
sdk,sqlite,nestedUpsert,253,8
sdk,sqlite,nestedUpsert,254,10
sdk,sqlite,nestedUpsert,255,9
sdk,sqlite,nestedUpsert,256,10
sdk,sqlite,nestedUpsert,257,10
sdk,sqlite,nestedUpsert,258,9
sdk,sqlite,nestedUpsert,259,9
sdk,sqlite,nestedUpsert,260,8
sdk,sqlite,nestedUpsert,261,10
sdk,sqlite,nestedUpsert,262,9
sdk,sqlite,nestedUpsert,263,9
sdk,sqlite,nestedUpsert,264,9
sdk,sqlite,nestedUpsert,265,9
sdk,sqlite,nestedUpsert,266,10
sdk,sqlite,nestedUpsert,267,9
sdk,sqlite,nestedUpsert,268,9
sdk,sqlite,nestedUpsert,269,9
sdk,sqlite,nestedUpsert,270,9
sdk,sqlite,nestedUpsert,271,8
sdk,sqlite,nestedUpsert,272,8
sdk,sqlite,nestedUpsert,273,8
sdk,sqlite,nestedUpsert,274,7
sdk,sqlite,nestedUpsert,275,8
sdk,sqlite,nestedUpsert,276,8
sdk,sqlite,nestedUpsert,277,10
sdk,sqlite,nestedUpsert,278,9
sdk,sqlite,nestedUpsert,279,9
sdk,sqlite,nestedUpsert,280,8
sdk,sqlite,nestedUpsert,281,8
sdk,sqlite,nestedUpsert,282,8
sdk,sqlite,nestedUpsert,283,10
sdk,sqlite,nestedUpsert,284,9
sdk,sqlite,nestedUpsert,285,9
sdk,sqlite,nestedUpsert,286,8
sdk,sqlite,nestedUpsert,287,8
sdk,sqlite,nestedUpsert,288,8
sdk,sqlite,nestedUpsert,289,10
sdk,sqlite,nestedUpsert,290,9
sdk,sqlite,nestedUpsert,291,10
sdk,sqlite,nestedUpsert,292,10
sdk,sqlite,nestedUpsert,293,8
sdk,sqlite,nestedUpsert,294,8
sdk,sqlite,nestedUpsert,295,8
sdk,sqlite,nestedUpsert,296,8
sdk,sqlite,nestedUpsert,297,7
sdk,sqlite,nestedUpsert,298,8
sdk,sqlite,nestedUpsert,299,9
sdk,sqlite,nestedUpsert,300,9
sdk,sqlite,nestedUpsert,301,9
sdk,sqlite,nestedUpsert,302,7
sdk,sqlite,nestedUpsert,303,9
sdk,sqlite,nestedUpsert,304,9
sdk,sqlite,nestedUpsert,305,9
sdk,sqlite,nestedUpsert,306,8
sdk,sqlite,nestedUpsert,307,10
sdk,sqlite,nestedUpsert,308,9
sdk,sqlite,nestedUpsert,309,9
sdk,sqlite,nestedUpsert,310,10
sdk,sqlite,nestedUpsert,311,9
sdk,sqlite,nestedUpsert,312,10
sdk,sqlite,nestedUpsert,313,10
sdk,sqlite,nestedUpsert,314,8
sdk,sqlite,nestedUpsert,315,8
sdk,sqlite,nestedUpsert,316,8
sdk,sqlite,nestedUpsert,317,8
sdk,sqlite,nestedUpsert,318,10
sdk,sqlite,nestedUpsert,319,9
sdk,sqlite,nestedUpsert,320,9
sdk,sqlite,nestedUpsert,321,8
sdk,sqlite,nestedUpsert,322,10
sdk,sqlite,nestedUpsert,323,9
sdk,sqlite,nestedUpsert,324,9
sdk,sqlite,nestedUpsert,325,7
sdk,sqlite,nestedUpsert,326,10
sdk,sqlite,nestedUpsert,327,9
sdk,sqlite,nestedUpsert,328,9
sdk,sqlite,nestedUpsert,329,9
sdk,sqlite,nestedUpsert,330,9
sdk,sqlite,nestedUpsert,331,9
sdk,sqlite,nestedUpsert,332,8
sdk,sqlite,nestedUpsert,333,7
sdk,sqlite,nestedUpsert,334,8
sdk,sqlite,nestedUpsert,335,7
sdk,sqlite,nestedUpsert,336,9
sdk,sqlite,nestedUpsert,337,9
sdk,sqlite,nestedUpsert,338,9
sdk,sqlite,nestedUpsert,339,10
sdk,sqlite,nestedUpsert,340,9
sdk,sqlite,nestedUpsert,341,9
sdk,sqlite,nestedUpsert,342,8
sdk,sqlite,nestedUpsert,343,7
sdk,sqlite,nestedUpsert,344,8
sdk,sqlite,nestedUpsert,345,10
sdk,sqlite,nestedUpsert,346,9
sdk,sqlite,nestedUpsert,347,9
sdk,sqlite,nestedUpsert,348,7
sdk,sqlite,nestedUpsert,349,9
sdk,sqlite,nestedUpsert,350,12
sdk,sqlite,nestedUpsert,351,9
sdk,sqlite,nestedUpsert,352,7
sdk,sqlite,nestedUpsert,353,10
sdk,sqlite,nestedUpsert,354,9
sdk,sqlite,nestedUpsert,355,10
sdk,sqlite,nestedUpsert,356,8
sdk,sqlite,nestedUpsert,357,10
sdk,sqlite,nestedUpsert,358,8
sdk,sqlite,nestedUpsert,359,8
sdk,sqlite,nestedUpsert,360,10
sdk,sqlite,nestedUpsert,361,9
sdk,sqlite,nestedUpsert,362,9
sdk,sqlite,nestedUpsert,363,8
sdk,sqlite,nestedUpsert,364,10
sdk,sqlite,nestedUpsert,365,9
sdk,sqlite,nestedUpsert,366,9
sdk,sqlite,nestedUpsert,367,7
sdk,sqlite,nestedUpsert,368,7
sdk,sqlite,nestedUpsert,369,9
sdk,sqlite,nestedUpsert,370,9
sdk,sqlite,nestedUpsert,371,9
sdk,sqlite,nestedUpsert,372,8
sdk,sqlite,nestedUpsert,373,8
sdk,sqlite,nestedUpsert,374,8
sdk,sqlite,nestedUpsert,375,10
sdk,sqlite,nestedUpsert,376,9
sdk,sqlite,nestedUpsert,377,9
sdk,sqlite,nestedUpsert,378,8
sdk,sqlite,nestedUpsert,379,9
sdk,sqlite,nestedUpsert,380,9
sdk,sqlite,nestedUpsert,381,9
sdk,sqlite,nestedUpsert,382,7
sdk,sqlite,nestedUpsert,383,7
sdk,sqlite,nestedUpsert,384,7
sdk,sqlite,nestedUpsert,385,7
sdk,sqlite,nestedUpsert,386,10
sdk,sqlite,nestedUpsert,387,9
sdk,sqlite,nestedUpsert,388,9
sdk,sqlite,nestedUpsert,389,9
sdk,sqlite,nestedUpsert,390,9
sdk,sqlite,nestedUpsert,391,10
sdk,sqlite,nestedUpsert,392,10
sdk,sqlite,nestedUpsert,393,8
sdk,sqlite,nestedUpsert,394,10
sdk,sqlite,nestedUpsert,395,9
sdk,sqlite,nestedUpsert,396,8
sdk,sqlite,nestedUpsert,397,8
sdk,sqlite,nestedUpsert,398,8
sdk,sqlite,nestedUpsert,399,8
sdk,sqlite,nestedUpsert,400,9
sdk,sqlite,nestedUpsert,401,9
sdk,sqlite,nestedUpsert,402,9
sdk,sqlite,nestedUpsert,403,8
sdk,sqlite,nestedUpsert,404,8
sdk,sqlite,nestedUpsert,405,10
sdk,sqlite,nestedUpsert,406,9
sdk,sqlite,nestedUpsert,407,9
sdk,sqlite,nestedUpsert,408,8
sdk,sqlite,nestedUpsert,409,10
sdk,sqlite,nestedUpsert,410,9
sdk,sqlite,nestedUpsert,411,9
sdk,sqlite,nestedUpsert,412,10
sdk,sqlite,nestedUpsert,413,9
sdk,sqlite,nestedUpsert,414,9
sdk,sqlite,nestedUpsert,415,8
sdk,sqlite,nestedUpsert,416,10
sdk,sqlite,nestedUpsert,417,9
sdk,sqlite,nestedUpsert,418,9
sdk,sqlite,nestedUpsert,419,10
sdk,sqlite,nestedUpsert,420,8
sdk,sqlite,nestedUpsert,421,8
sdk,sqlite,nestedUpsert,422,8
sdk,sqlite,nestedUpsert,423,8
sdk,sqlite,nestedUpsert,424,10
sdk,sqlite,nestedUpsert,425,9
sdk,sqlite,nestedUpsert,426,9
sdk,sqlite,nestedUpsert,427,10
sdk,sqlite,nestedUpsert,428,9
sdk,sqlite,nestedUpsert,429,9
sdk,sqlite,nestedUpsert,430,8
sdk,sqlite,nestedUpsert,431,8
sdk,sqlite,nestedUpsert,432,10
sdk,sqlite,nestedUpsert,433,9
sdk,sqlite,nestedUpsert,434,9
sdk,sqlite,nestedUpsert,435,10
sdk,sqlite,nestedUpsert,436,9
sdk,sqlite,nestedUpsert,437,9
sdk,sqlite,nestedUpsert,438,9
sdk,sqlite,nestedUpsert,439,10
sdk,sqlite,nestedUpsert,440,8
sdk,sqlite,nestedUpsert,441,10
sdk,sqlite,nestedUpsert,442,9
sdk,sqlite,nestedUpsert,443,8
sdk,sqlite,nestedUpsert,444,10
sdk,sqlite,nestedUpsert,445,9
sdk,sqlite,nestedUpsert,446,9
sdk,sqlite,nestedUpsert,447,8
sdk,sqlite,nestedUpsert,448,8
sdk,sqlite,nestedUpsert,449,9
sdk,sqlite,nestedUpsert,450,9
sdk,sqlite,nestedUpsert,451,9
sdk,sqlite,nestedUpsert,452,9
sdk,sqlite,nestedUpsert,453,9
sdk,sqlite,nestedUpsert,454,11
sdk,sqlite,nestedUpsert,455,10
sdk,sqlite,nestedUpsert,456,9
sdk,sqlite,nestedUpsert,457,10
sdk,sqlite,nestedUpsert,458,8
sdk,sqlite,nestedUpsert,459,8
sdk,sqlite,nestedUpsert,460,8
sdk,sqlite,nestedUpsert,461,8
sdk,sqlite,nestedUpsert,462,10
sdk,sqlite,nestedUpsert,463,9
sdk,sqlite,nestedUpsert,464,8
sdk,sqlite,nestedUpsert,465,10
sdk,sqlite,nestedUpsert,466,9
sdk,sqlite,nestedUpsert,467,8
sdk,sqlite,nestedUpsert,468,7
sdk,sqlite,nestedUpsert,469,10
sdk,sqlite,nestedUpsert,470,9
sdk,sqlite,nestedUpsert,471,9
sdk,sqlite,nestedUpsert,472,7
sdk,sqlite,nestedUpsert,473,10
sdk,sqlite,nestedUpsert,474,9
sdk,sqlite,nestedUpsert,475,9
sdk,sqlite,nestedUpsert,476,7
sdk,sqlite,nestedUpsert,477,10
sdk,sqlite,nestedUpsert,478,9
sdk,sqlite,nestedUpsert,479,9
sdk,sqlite,nestedUpsert,480,8
sdk,sqlite,nestedUpsert,481,8
sdk,sqlite,nestedUpsert,482,10
sdk,sqlite,nestedUpsert,483,9
sdk,sqlite,nestedUpsert,484,9
sdk,sqlite,nestedUpsert,485,10
sdk,sqlite,nestedUpsert,486,9
sdk,sqlite,nestedUpsert,487,8
sdk,sqlite,nestedUpsert,488,8
sdk,sqlite,nestedUpsert,489,9
sdk,sqlite,nestedUpsert,490,8
sdk,sqlite,nestedUpsert,491,7
sdk,sqlite,nestedUpsert,492,10
sdk,sqlite,nestedUpsert,493,9
sdk,sqlite,nestedUpsert,494,9
sdk,sqlite,nestedUpsert,495,8
sdk,sqlite,nestedUpsert,496,10
sdk,sqlite,nestedUpsert,497,9
sdk,sqlite,nestedUpsert,498,9
sdk,sqlite,nestedUpsert,499,9
sdk,sqlite,nestedUpsert,500,9
sdk,sqlite,nestedUpsert,501,9
sdk,sqlite,nestedUpsert,502,10
sdk,sqlite,nestedUpsert,503,9
sdk,sqlite,nestedUpsert,504,9
sdk,sqlite,nestedUpsert,505,9
sdk,sqlite,nestedUpsert,506,9
sdk,sqlite,nestedUpsert,507,10
sdk,sqlite,nestedUpsert,508,10
sdk,sqlite,nestedUpsert,509,8
sdk,sqlite,nestedUpsert,510,8
sdk,sqlite,nestedUpsert,511,8
sdk,sqlite,nestedUpsert,512,10
sdk,sqlite,nestedUpsert,513,8
sdk,sqlite,nestedUpsert,514,9
sdk,sqlite,nestedUpsert,515,9
sdk,sqlite,nestedUpsert,516,10
sdk,sqlite,nestedUpsert,517,10
sdk,sqlite,nestedUpsert,518,9
sdk,sqlite,nestedUpsert,519,9
sdk,sqlite,nestedUpsert,520,8
sdk,sqlite,nestedUpsert,521,10
sdk,sqlite,nestedUpsert,522,9
sdk,sqlite,nestedUpsert,523,9
sdk,sqlite,nestedUpsert,524,8
sdk,sqlite,nestedUpsert,525,10
sdk,sqlite,nestedUpsert,526,9
sdk,sqlite,nestedUpsert,527,9
sdk,sqlite,nestedUpsert,528,8
sdk,sqlite,nestedUpsert,529,8
sdk,sqlite,nestedUpsert,530,9
sdk,sqlite,nestedUpsert,531,9
sdk,sqlite,nestedUpsert,532,8
sdk,sqlite,nestedUpsert,533,8
sdk,sqlite,nestedUpsert,534,8
sdk,sqlite,nestedUpsert,535,8
sdk,sqlite,nestedUpsert,536,10
sdk,sqlite,nestedUpsert,537,9
sdk,sqlite,nestedUpsert,538,9
sdk,sqlite,nestedUpsert,539,10
sdk,sqlite,nestedUpsert,540,9
sdk,sqlite,nestedUpsert,541,9
sdk,sqlite,nestedUpsert,542,10
sdk,sqlite,nestedUpsert,543,9
sdk,sqlite,nestedUpsert,544,9
sdk,sqlite,nestedUpsert,545,10
sdk,sqlite,nestedUpsert,546,9
sdk,sqlite,nestedUpsert,547,9
sdk,sqlite,nestedUpsert,548,8
sdk,sqlite,nestedUpsert,549,7
sdk,sqlite,nestedUpsert,550,10
sdk,sqlite,nestedUpsert,551,9
sdk,sqlite,nestedUpsert,552,10
sdk,sqlite,nestedUpsert,553,10
sdk,sqlite,nestedUpsert,554,8
sdk,sqlite,nestedUpsert,555,8
sdk,sqlite,nestedUpsert,556,9
sdk,sqlite,nestedUpsert,557,8
sdk,sqlite,nestedUpsert,558,12
sdk,sqlite,nestedUpsert,559,9
sdk,sqlite,nestedUpsert,560,9
sdk,sqlite,nestedUpsert,561,8
sdk,sqlite,nestedUpsert,562,10
sdk,sqlite,nestedUpsert,563,9
sdk,sqlite,nestedUpsert,564,10
sdk,sqlite,nestedUpsert,565,8
sdk,sqlite,nestedUpsert,566,10
sdk,sqlite,nestedUpsert,567,10
sdk,sqlite,nestedUpsert,568,10
sdk,sqlite,nestedUpsert,569,10
sdk,sqlite,nestedUpsert,570,10
sdk,sqlite,nestedUpsert,571,9
sdk,sqlite,nestedUpsert,572,8
sdk,sqlite,nestedUpsert,573,10
sdk,sqlite,nestedUpsert,574,10
sdk,sqlite,nestedUpsert,575,10
sdk,sqlite,nestedUpsert,576,10
sdk,sqlite,nestedUpsert,577,9
sdk,sqlite,nestedUpsert,578,8
sdk,sqlite,nestedUpsert,579,8
sdk,sqlite,nestedUpsert,580,8
sdk,sqlite,nestedUpsert,581,10
sdk,sqlite,nestedUpsert,582,9
sdk,sqlite,nestedUpsert,583,8
sdk,sqlite,nestedUpsert,584,8
sdk,sqlite,nestedUpsert,585,8
sdk,sqlite,nestedUpsert,586,9
sdk,sqlite,nestedUpsert,587,8
sdk,sqlite,nestedUpsert,588,8
sdk,sqlite,nestedUpsert,589,9
sdk,sqlite,nestedUpsert,590,9
sdk,sqlite,nestedUpsert,591,9
sdk,sqlite,nestedUpsert,592,8
sdk,sqlite,nestedUpsert,593,8
sdk,sqlite,nestedUpsert,594,10
sdk,sqlite,nestedUpsert,595,9
sdk,sqlite,nestedUpsert,596,9
sdk,sqlite,nestedUpsert,597,9
sdk,sqlite,nestedUpsert,598,9
sdk,sqlite,nestedUpsert,599,9
sdk,sqlite,nestedUpsert,600,9
sdk,sqlite,nestedUpsert,601,9
sdk,sqlite,nestedUpsert,602,9
sdk,sqlite,nestedUpsert,603,10
sdk,sqlite,nestedUpsert,604,9
sdk,sqlite,nestedUpsert,605,9
sdk,sqlite,nestedUpsert,606,8
sdk,sqlite,nestedUpsert,607,10
sdk,sqlite,nestedUpsert,608,9
sdk,sqlite,nestedUpsert,609,8
sdk,sqlite,nestedUpsert,610,8
sdk,sqlite,nestedUpsert,611,8
sdk,sqlite,nestedUpsert,612,8
sdk,sqlite,nestedUpsert,613,8
sdk,sqlite,nestedUpsert,614,10
sdk,sqlite,nestedUpsert,615,10
sdk,sqlite,nestedUpsert,616,10
sdk,sqlite,nestedUpsert,617,8
sdk,sqlite,nestedUpsert,618,8
sdk,sqlite,nestedUpsert,619,9
sdk,sqlite,nestedUpsert,620,8
sdk,sqlite,nestedUpsert,621,8
sdk,sqlite,nestedUpsert,622,8
sdk,sqlite,nestedUpsert,623,9
sdk,sqlite,nestedUpsert,624,10
sdk,sqlite,nestedUpsert,625,8
sdk,sqlite,nestedUpsert,626,8
sdk,sqlite,nestedUpsert,627,9
sdk,sqlite,nestedUpsert,628,10
sdk,sqlite,nestedUpsert,629,10
sdk,sqlite,nestedUpsert,630,8
sdk,sqlite,nestedUpsert,631,8
sdk,sqlite,nestedUpsert,632,10
sdk,sqlite,nestedUpsert,633,10
sdk,sqlite,nestedUpsert,634,10
sdk,sqlite,nestedUpsert,635,8
sdk,sqlite,nestedUpsert,636,8
sdk,sqlite,nestedUpsert,637,8
sdk,sqlite,nestedUpsert,638,8
sdk,sqlite,nestedUpsert,639,8
sdk,sqlite,nestedUpsert,640,8
sdk,sqlite,nestedUpsert,641,8
sdk,sqlite,nestedUpsert,642,8
sdk,sqlite,nestedUpsert,643,13
sdk,sqlite,nestedUpsert,644,10
sdk,sqlite,nestedUpsert,645,8
sdk,sqlite,nestedUpsert,646,8
sdk,sqlite,nestedUpsert,647,8
sdk,sqlite,nestedUpsert,648,8
sdk,sqlite,nestedUpsert,649,8
sdk,sqlite,nestedUpsert,650,8
sdk,sqlite,nestedUpsert,651,8
sdk,sqlite,nestedUpsert,652,8
sdk,sqlite,nestedUpsert,653,8
sdk,sqlite,nestedUpsert,654,8
sdk,sqlite,nestedUpsert,655,8
sdk,sqlite,nestedUpsert,656,8
sdk,sqlite,nestedUpsert,657,8
sdk,sqlite,nestedUpsert,658,8
sdk,sqlite,nestedUpsert,659,9
sdk,sqlite,nestedUpsert,660,9
sdk,sqlite,nestedUpsert,661,9
sdk,sqlite,nestedUpsert,662,13
sdk,sqlite,nestedUpsert,663,10
sdk,sqlite,nestedUpsert,664,10
sdk,sqlite,nestedUpsert,665,10
sdk,sqlite,nestedUpsert,666,10
sdk,sqlite,nestedUpsert,667,8
sdk,sqlite,nestedUpsert,668,8
sdk,sqlite,nestedUpsert,669,8
sdk,sqlite,nestedUpsert,670,8
sdk,sqlite,nestedUpsert,671,8
sdk,sqlite,nestedUpsert,672,10
sdk,sqlite,nestedUpsert,673,9
sdk,sqlite,nestedUpsert,674,9
sdk,sqlite,nestedUpsert,675,8
sdk,sqlite,nestedUpsert,676,7
sdk,sqlite,nestedUpsert,677,9
sdk,sqlite,nestedUpsert,678,9
sdk,sqlite,nestedUpsert,679,9
sdk,sqlite,nestedUpsert,680,10
sdk,sqlite,nestedUpsert,681,9
sdk,sqlite,nestedUpsert,682,9
sdk,sqlite,nestedUpsert,683,10
sdk,sqlite,nestedUpsert,684,9
sdk,sqlite,nestedUpsert,685,8
sdk,sqlite,nestedUpsert,686,8
sdk,sqlite,nestedUpsert,687,9
sdk,sqlite,nestedUpsert,688,8
sdk,sqlite,nestedUpsert,689,8
sdk,sqlite,nestedUpsert,690,8
sdk,sqlite,nestedUpsert,691,9
sdk,sqlite,nestedUpsert,692,9
sdk,sqlite,nestedUpsert,693,9
sdk,sqlite,nestedUpsert,694,8
sdk,sqlite,nestedUpsert,695,9
sdk,sqlite,nestedUpsert,696,9
sdk,sqlite,nestedUpsert,697,10
sdk,sqlite,nestedUpsert,698,10
sdk,sqlite,nestedUpsert,699,9
sdk,sqlite,nestedUpsert,700,9
sdk,sqlite,nestedUpsert,701,7
sdk,sqlite,nestedUpsert,702,8
sdk,sqlite,nestedUpsert,703,8
sdk,sqlite,nestedUpsert,704,10
sdk,sqlite,nestedUpsert,705,9
sdk,sqlite,nestedUpsert,706,9
sdk,sqlite,nestedUpsert,707,9
sdk,sqlite,nestedUpsert,708,9
sdk,sqlite,nestedUpsert,709,8
sdk,sqlite,nestedUpsert,710,10
sdk,sqlite,nestedUpsert,711,8
sdk,sqlite,nestedUpsert,712,8
sdk,sqlite,nestedUpsert,713,8
sdk,sqlite,nestedUpsert,714,8
sdk,sqlite,nestedUpsert,715,8
sdk,sqlite,nestedUpsert,716,7
sdk,sqlite,nestedUpsert,717,8
sdk,sqlite,nestedUpsert,718,9
sdk,sqlite,nestedUpsert,719,9
sdk,sqlite,nestedUpsert,720,9
sdk,sqlite,nestedUpsert,721,8
sdk,sqlite,nestedUpsert,722,9
sdk,sqlite,nestedUpsert,723,9
sdk,sqlite,nestedUpsert,724,9
sdk,sqlite,nestedUpsert,725,8
sdk,sqlite,nestedUpsert,726,8
sdk,sqlite,nestedUpsert,727,8
sdk,sqlite,nestedUpsert,728,9
sdk,sqlite,nestedUpsert,729,9
sdk,sqlite,nestedUpsert,730,9
sdk,sqlite,nestedUpsert,731,8
sdk,sqlite,nestedUpsert,732,8
sdk,sqlite,nestedUpsert,733,10
sdk,sqlite,nestedUpsert,734,9
sdk,sqlite,nestedUpsert,735,9
sdk,sqlite,nestedUpsert,736,10
sdk,sqlite,nestedUpsert,737,8
sdk,sqlite,nestedUpsert,738,8
sdk,sqlite,nestedUpsert,739,10
sdk,sqlite,nestedUpsert,740,9
sdk,sqlite,nestedUpsert,741,8
sdk,sqlite,nestedUpsert,742,7
sdk,sqlite,nestedUpsert,743,8
sdk,sqlite,nestedUpsert,744,8
sdk,sqlite,nestedUpsert,745,10
sdk,sqlite,nestedUpsert,746,9
sdk,sqlite,nestedUpsert,747,9
sdk,sqlite,nestedUpsert,748,8
sdk,sqlite,nestedUpsert,749,10
sdk,sqlite,nestedUpsert,750,9
sdk,sqlite,nestedUpsert,751,9
sdk,sqlite,nestedUpsert,752,10
sdk,sqlite,nestedUpsert,753,9
sdk,sqlite,nestedUpsert,754,9
sdk,sqlite,nestedUpsert,755,8
sdk,sqlite,nestedUpsert,756,7
sdk,sqlite,nestedUpsert,757,9
sdk,sqlite,nestedUpsert,758,9
sdk,sqlite,nestedUpsert,759,9
sdk,sqlite,nestedUpsert,760,8
sdk,sqlite,nestedUpsert,761,8
sdk,sqlite,nestedUpsert,762,8
sdk,sqlite,nestedUpsert,763,9
sdk,sqlite,nestedUpsert,764,9
sdk,sqlite,nestedUpsert,765,9
sdk,sqlite,nestedUpsert,766,10
sdk,sqlite,nestedUpsert,767,10
sdk,sqlite,nestedUpsert,768,9
sdk,sqlite,nestedUpsert,769,10
sdk,sqlite,nestedUpsert,770,10
sdk,sqlite,nestedUpsert,771,9
sdk,sqlite,nestedUpsert,772,9
sdk,sqlite,nestedUpsert,773,9
sdk,sqlite,nestedUpsert,774,8
sdk,sqlite,nestedUpsert,775,10
sdk,sqlite,nestedUpsert,776,9
sdk,sqlite,nestedUpsert,777,10
sdk,sqlite,nestedUpsert,778,10
sdk,sqlite,nestedUpsert,779,8
sdk,sqlite,nestedUpsert,780,8
sdk,sqlite,nestedUpsert,781,10
sdk,sqlite,nestedUpsert,782,9
sdk,sqlite,nestedUpsert,783,8
sdk,sqlite,nestedUpsert,784,7
sdk,sqlite,nestedUpsert,785,8
sdk,sqlite,nestedUpsert,786,7
sdk,sqlite,nestedUpsert,787,9
sdk,sqlite,nestedUpsert,788,9
sdk,sqlite,nestedUpsert,789,10
sdk,sqlite,nestedUpsert,790,10
sdk,sqlite,nestedUpsert,791,9
sdk,sqlite,nestedUpsert,792,9
sdk,sqlite,nestedUpsert,793,10
sdk,sqlite,nestedUpsert,794,9
sdk,sqlite,nestedUpsert,795,10
sdk,sqlite,nestedUpsert,796,8
sdk,sqlite,nestedUpsert,797,8
sdk,sqlite,nestedUpsert,798,10
sdk,sqlite,nestedUpsert,799,9
sdk,sqlite,nestedUpsert,800,9
sdk,sqlite,nestedUpsert,801,7
sdk,sqlite,nestedUpsert,802,8
sdk,sqlite,nestedUpsert,803,8
sdk,sqlite,nestedUpsert,804,8
sdk,sqlite,nestedUpsert,805,8
sdk,sqlite,nestedUpsert,806,8
sdk,sqlite,nestedUpsert,807,8
sdk,sqlite,nestedUpsert,808,8
sdk,sqlite,nestedUpsert,809,10
sdk,sqlite,nestedUpsert,810,9
sdk,sqlite,nestedUpsert,811,9
sdk,sqlite,nestedUpsert,812,9
sdk,sqlite,nestedUpsert,813,9
sdk,sqlite,nestedUpsert,814,10
sdk,sqlite,nestedUpsert,815,10
sdk,sqlite,nestedUpsert,816,10
sdk,sqlite,nestedUpsert,817,10
sdk,sqlite,nestedUpsert,818,9
sdk,sqlite,nestedUpsert,819,8
sdk,sqlite,nestedUpsert,820,9
sdk,sqlite,nestedUpsert,821,9
sdk,sqlite,nestedUpsert,822,9
sdk,sqlite,nestedUpsert,823,7
sdk,sqlite,nestedUpsert,824,8
sdk,sqlite,nestedUpsert,825,8
sdk,sqlite,nestedUpsert,826,8
sdk,sqlite,nestedUpsert,827,8
sdk,sqlite,nestedUpsert,828,8
sdk,sqlite,nestedUpsert,829,9
sdk,sqlite,nestedUpsert,830,9
sdk,sqlite,nestedUpsert,831,10
sdk,sqlite,nestedUpsert,832,10
sdk,sqlite,nestedUpsert,833,9
sdk,sqlite,nestedUpsert,834,9
sdk,sqlite,nestedUpsert,835,10
sdk,sqlite,nestedUpsert,836,9
sdk,sqlite,nestedUpsert,837,10
sdk,sqlite,nestedUpsert,838,10
sdk,sqlite,nestedUpsert,839,9
sdk,sqlite,nestedUpsert,840,8
sdk,sqlite,nestedUpsert,841,10
sdk,sqlite,nestedUpsert,842,9
sdk,sqlite,nestedUpsert,843,9
sdk,sqlite,nestedUpsert,844,9
sdk,sqlite,nestedUpsert,845,9
sdk,sqlite,nestedUpsert,846,9
sdk,sqlite,nestedUpsert,847,8
sdk,sqlite,nestedUpsert,848,9
sdk,sqlite,nestedUpsert,849,9
sdk,sqlite,nestedUpsert,850,9
sdk,sqlite,nestedUpsert,851,7
sdk,sqlite,nestedUpsert,852,8
sdk,sqlite,nestedUpsert,853,10
sdk,sqlite,nestedUpsert,854,9
sdk,sqlite,nestedUpsert,855,9
sdk,sqlite,nestedUpsert,856,9
sdk,sqlite,nestedUpsert,857,9
sdk,sqlite,nestedUpsert,858,10
sdk,sqlite,nestedUpsert,859,8
sdk,sqlite,nestedUpsert,860,8
sdk,sqlite,nestedUpsert,861,8
sdk,sqlite,nestedUpsert,862,7
sdk,sqlite,nestedUpsert,863,7
sdk,sqlite,nestedUpsert,864,8
sdk,sqlite,nestedUpsert,865,7
sdk,sqlite,nestedUpsert,866,8
sdk,sqlite,nestedUpsert,867,8
sdk,sqlite,nestedUpsert,868,9
sdk,sqlite,nestedUpsert,869,9
sdk,sqlite,nestedUpsert,870,11
sdk,sqlite,nestedUpsert,871,8
sdk,sqlite,nestedUpsert,872,10
sdk,sqlite,nestedUpsert,873,9
sdk,sqlite,nestedUpsert,874,9
sdk,sqlite,nestedUpsert,875,8
sdk,sqlite,nestedUpsert,876,10
sdk,sqlite,nestedUpsert,877,9
sdk,sqlite,nestedUpsert,878,10
sdk,sqlite,nestedUpsert,879,8
sdk,sqlite,nestedUpsert,880,8
sdk,sqlite,nestedUpsert,881,10
sdk,sqlite,nestedUpsert,882,9
sdk,sqlite,nestedUpsert,883,9
sdk,sqlite,nestedUpsert,884,8
sdk,sqlite,nestedUpsert,885,10
sdk,sqlite,nestedUpsert,886,9
sdk,sqlite,nestedUpsert,887,10
sdk,sqlite,nestedUpsert,888,10
sdk,sqlite,nestedUpsert,889,8
sdk,sqlite,nestedUpsert,890,8
sdk,sqlite,nestedUpsert,891,8
sdk,sqlite,nestedUpsert,892,10
sdk,sqlite,nestedUpsert,893,8
sdk,sqlite,nestedUpsert,894,10
sdk,sqlite,nestedUpsert,895,9
sdk,sqlite,nestedUpsert,896,9
sdk,sqlite,nestedUpsert,897,9
sdk,sqlite,nestedUpsert,898,9
sdk,sqlite,nestedUpsert,899,9
sdk,sqlite,nestedUpsert,900,10
sdk,sqlite,nestedUpsert,901,9
sdk,sqlite,nestedUpsert,902,9
sdk,sqlite,nestedUpsert,903,9
sdk,sqlite,nestedUpsert,904,8
sdk,sqlite,nestedUpsert,905,9
sdk,sqlite,nestedUpsert,906,9
sdk,sqlite,nestedUpsert,907,9
sdk,sqlite,nestedUpsert,908,8
sdk,sqlite,nestedUpsert,909,8
sdk,sqlite,nestedUpsert,910,10
sdk,sqlite,nestedUpsert,911,9
sdk,sqlite,nestedUpsert,912,9
sdk,sqlite,nestedUpsert,913,8
sdk,sqlite,nestedUpsert,914,8
sdk,sqlite,nestedUpsert,915,8
sdk,sqlite,nestedUpsert,916,10
sdk,sqlite,nestedUpsert,917,9
sdk,sqlite,nestedUpsert,918,10
sdk,sqlite,nestedUpsert,919,8
sdk,sqlite,nestedUpsert,920,8
sdk,sqlite,nestedUpsert,921,10
sdk,sqlite,nestedUpsert,922,8
sdk,sqlite,nestedUpsert,923,10
sdk,sqlite,nestedUpsert,924,10
sdk,sqlite,nestedUpsert,925,10
sdk,sqlite,nestedUpsert,926,10
sdk,sqlite,nestedUpsert,927,9
sdk,sqlite,nestedUpsert,928,10
sdk,sqlite,nestedUpsert,929,9
sdk,sqlite,nestedUpsert,930,9
sdk,sqlite,nestedUpsert,931,8
sdk,sqlite,nestedUpsert,932,8
sdk,sqlite,nestedUpsert,933,10
sdk,sqlite,nestedUpsert,934,9
sdk,sqlite,nestedUpsert,935,9
sdk,sqlite,nestedUpsert,936,9
sdk,sqlite,nestedUpsert,937,7
sdk,sqlite,nestedUpsert,938,10
sdk,sqlite,nestedUpsert,939,9
sdk,sqlite,nestedUpsert,940,9
sdk,sqlite,nestedUpsert,941,10
sdk,sqlite,nestedUpsert,942,9
sdk,sqlite,nestedUpsert,943,10
sdk,sqlite,nestedUpsert,944,8
sdk,sqlite,nestedUpsert,945,10
sdk,sqlite,nestedUpsert,946,9
sdk,sqlite,nestedUpsert,947,10
sdk,sqlite,nestedUpsert,948,9
sdk,sqlite,nestedUpsert,949,9
sdk,sqlite,nestedUpsert,950,10
sdk,sqlite,nestedUpsert,951,9
sdk,sqlite,nestedUpsert,952,9
sdk,sqlite,nestedUpsert,953,10
sdk,sqlite,nestedUpsert,954,9
sdk,sqlite,nestedUpsert,955,9
sdk,sqlite,nestedUpsert,956,8
sdk,sqlite,nestedUpsert,957,10
sdk,sqlite,nestedUpsert,958,9
sdk,sqlite,nestedUpsert,959,9
sdk,sqlite,nestedUpsert,960,8
sdk,sqlite,nestedUpsert,961,9
sdk,sqlite,nestedUpsert,962,9
sdk,sqlite,nestedUpsert,963,9
sdk,sqlite,nestedUpsert,964,7
sdk,sqlite,nestedUpsert,965,8
sdk,sqlite,nestedUpsert,966,9
sdk,sqlite,nestedUpsert,967,9
sdk,sqlite,nestedUpsert,968,9
sdk,sqlite,nestedUpsert,969,8
sdk,sqlite,nestedUpsert,970,8
sdk,sqlite,nestedUpsert,971,8
sdk,sqlite,nestedUpsert,972,8
sdk,sqlite,nestedUpsert,973,9
sdk,sqlite,nestedUpsert,974,12
sdk,sqlite,nestedUpsert,975,9
sdk,sqlite,nestedUpsert,976,8
sdk,sqlite,nestedUpsert,977,10
sdk,sqlite,nestedUpsert,978,9
sdk,sqlite,nestedUpsert,979,8
sdk,sqlite,nestedUpsert,980,8
sdk,sqlite,nestedUpsert,981,8
sdk,sqlite,nestedUpsert,982,7
sdk,sqlite,nestedUpsert,983,8
sdk,sqlite,nestedUpsert,984,10
sdk,sqlite,nestedUpsert,985,8
sdk,sqlite,nestedUpsert,986,8
sdk,sqlite,nestedUpsert,987,8
sdk,sqlite,nestedUpsert,988,8
sdk,sqlite,nestedUpsert,989,8
sdk,sqlite,nestedUpsert,990,8
sdk,sqlite,nestedUpsert,991,7
sdk,sqlite,nestedUpsert,992,9
sdk,sqlite,nestedUpsert,993,8
sdk,sqlite,nestedUpsert,994,8
sdk,sqlite,nestedUpsert,995,8
sdk,sqlite,nestedUpsert,996,8
sdk,sqlite,nestedUpsert,997,8
sdk,sqlite,nestedUpsert,998,8
sdk,sqlite,nestedUpsert,999,9
sdk,sqlite,delete,0,8
sdk,sqlite,delete,1,11
sdk,sqlite,delete,2,10
sdk,sqlite,delete,3,11
sdk,sqlite,delete,4,11
sdk,sqlite,delete,5,11
sdk,sqlite,delete,6,9
sdk,sqlite,delete,7,11
sdk,sqlite,delete,8,10
sdk,sqlite,delete,9,9
sdk,sqlite,delete,10,9
sdk,sqlite,delete,11,11
sdk,sqlite,delete,12,11
sdk,sqlite,delete,13,10
sdk,sqlite,delete,14,11
sdk,sqlite,delete,15,10
sdk,sqlite,delete,16,9
sdk,sqlite,delete,17,11
sdk,sqlite,delete,18,9
sdk,sqlite,delete,19,11
sdk,sqlite,delete,20,10
sdk,sqlite,delete,21,10
sdk,sqlite,delete,22,11
sdk,sqlite,delete,23,11
sdk,sqlite,delete,24,10
sdk,sqlite,delete,25,9
sdk,sqlite,delete,26,9
sdk,sqlite,delete,27,9
sdk,sqlite,delete,28,9
sdk,sqlite,delete,29,11
sdk,sqlite,delete,30,11
sdk,sqlite,delete,31,10
sdk,sqlite,delete,32,9
sdk,sqlite,delete,33,11
sdk,sqlite,delete,34,11
sdk,sqlite,delete,35,12
sdk,sqlite,delete,36,10
sdk,sqlite,delete,37,11
sdk,sqlite,delete,38,9
sdk,sqlite,delete,39,11
sdk,sqlite,delete,40,11
sdk,sqlite,delete,41,10
sdk,sqlite,delete,42,9
sdk,sqlite,delete,43,11
sdk,sqlite,delete,44,10
sdk,sqlite,delete,45,10
sdk,sqlite,delete,46,9
sdk,sqlite,delete,47,11
sdk,sqlite,delete,48,10
sdk,sqlite,delete,49,10
sdk,sqlite,delete,50,9
sdk,sqlite,delete,51,11
sdk,sqlite,delete,52,11
sdk,sqlite,delete,53,10
sdk,sqlite,delete,54,9
sdk,sqlite,delete,55,11
sdk,sqlite,delete,56,10
sdk,sqlite,delete,57,11
sdk,sqlite,delete,58,11
sdk,sqlite,delete,59,11
sdk,sqlite,delete,60,11
sdk,sqlite,delete,61,11
sdk,sqlite,delete,62,11
sdk,sqlite,delete,63,11
sdk,sqlite,delete,64,11
sdk,sqlite,delete,65,10
sdk,sqlite,delete,66,9
sdk,sqlite,delete,67,11
sdk,sqlite,delete,68,11
sdk,sqlite,delete,69,11
sdk,sqlite,delete,70,9
sdk,sqlite,delete,71,11
sdk,sqlite,delete,72,10
sdk,sqlite,delete,73,10
sdk,sqlite,delete,74,9
sdk,sqlite,delete,75,11
sdk,sqlite,delete,76,10
sdk,sqlite,delete,77,11
sdk,sqlite,delete,78,12
sdk,sqlite,delete,79,10
sdk,sqlite,delete,80,9
sdk,sqlite,delete,81,10
sdk,sqlite,delete,82,9
sdk,sqlite,delete,83,11
sdk,sqlite,delete,84,10
sdk,sqlite,delete,85,10
sdk,sqlite,delete,86,9
sdk,sqlite,delete,87,11
sdk,sqlite,delete,88,11
sdk,sqlite,delete,89,10
sdk,sqlite,delete,90,9
sdk,sqlite,delete,91,11
sdk,sqlite,delete,92,10
sdk,sqlite,delete,93,9
sdk,sqlite,delete,94,11
sdk,sqlite,delete,95,11
sdk,sqlite,delete,96,11
sdk,sqlite,delete,97,9
sdk,sqlite,delete,98,11
sdk,sqlite,delete,99,10
sdk,sqlite,delete,100,10
sdk,sqlite,delete,101,8
sdk,sqlite,delete,102,10
sdk,sqlite,delete,103,11
sdk,sqlite,delete,104,9
sdk,sqlite,delete,105,9
sdk,sqlite,delete,106,9
sdk,sqlite,delete,107,11
sdk,sqlite,delete,108,9
sdk,sqlite,delete,109,8
sdk,sqlite,delete,110,11
sdk,sqlite,delete,111,11
sdk,sqlite,delete,112,10
sdk,sqlite,delete,113,9
sdk,sqlite,delete,114,11
sdk,sqlite,delete,115,10
sdk,sqlite,delete,116,11
sdk,sqlite,delete,117,9
sdk,sqlite,delete,118,11
sdk,sqlite,delete,119,11
sdk,sqlite,delete,120,10
sdk,sqlite,delete,121,12
sdk,sqlite,delete,122,11
sdk,sqlite,delete,123,9
sdk,sqlite,delete,124,11
sdk,sqlite,delete,125,9
sdk,sqlite,delete,126,11
sdk,sqlite,delete,127,11
sdk,sqlite,delete,128,10
sdk,sqlite,delete,129,9
sdk,sqlite,delete,130,11
sdk,sqlite,delete,131,10
sdk,sqlite,delete,132,10
sdk,sqlite,delete,133,9
sdk,sqlite,delete,134,11
sdk,sqlite,delete,135,11
sdk,sqlite,delete,136,10
sdk,sqlite,delete,137,9
sdk,sqlite,delete,138,11
sdk,sqlite,delete,139,10
sdk,sqlite,delete,140,11
sdk,sqlite,delete,141,10
sdk,sqlite,delete,142,9
sdk,sqlite,delete,143,11
sdk,sqlite,delete,144,9
sdk,sqlite,delete,145,9
sdk,sqlite,delete,146,11
sdk,sqlite,delete,147,10
sdk,sqlite,delete,148,10
sdk,sqlite,delete,149,11
sdk,sqlite,delete,150,11
sdk,sqlite,delete,151,10
sdk,sqlite,delete,152,9
sdk,sqlite,delete,153,11
sdk,sqlite,delete,154,11
sdk,sqlite,delete,155,11
sdk,sqlite,delete,156,9
sdk,sqlite,delete,157,11
sdk,sqlite,delete,158,11
sdk,sqlite,delete,159,10
sdk,sqlite,delete,160,9
sdk,sqlite,delete,161,11
sdk,sqlite,delete,162,9
sdk,sqlite,delete,163,11
sdk,sqlite,delete,164,10
sdk,sqlite,delete,165,10
sdk,sqlite,delete,166,11
sdk,sqlite,delete,167,10
sdk,sqlite,delete,168,10
sdk,sqlite,delete,169,8
sdk,sqlite,delete,170,11
sdk,sqlite,delete,171,11
sdk,sqlite,delete,172,9
sdk,sqlite,delete,173,9
sdk,sqlite,delete,174,11
sdk,sqlite,delete,175,11
sdk,sqlite,delete,176,11
sdk,sqlite,delete,177,9
sdk,sqlite,delete,178,11
sdk,sqlite,delete,179,10
sdk,sqlite,delete,180,11
sdk,sqlite,delete,181,11
sdk,sqlite,delete,182,9
sdk,sqlite,delete,183,9
sdk,sqlite,delete,184,12
sdk,sqlite,delete,185,9
sdk,sqlite,delete,186,9
sdk,sqlite,delete,187,9
sdk,sqlite,delete,188,11
sdk,sqlite,delete,189,11
sdk,sqlite,delete,190,11
sdk,sqlite,delete,191,9
sdk,sqlite,delete,192,11
sdk,sqlite,delete,193,11
sdk,sqlite,delete,194,10
sdk,sqlite,delete,195,9
sdk,sqlite,delete,196,11
sdk,sqlite,delete,197,11
sdk,sqlite,delete,198,10
sdk,sqlite,delete,199,9
sdk,sqlite,delete,200,11
sdk,sqlite,delete,201,11
sdk,sqlite,delete,202,11
sdk,sqlite,delete,203,9
sdk,sqlite,delete,204,11
sdk,sqlite,delete,205,10
sdk,sqlite,delete,206,12
sdk,sqlite,delete,207,11
sdk,sqlite,delete,208,11
sdk,sqlite,delete,209,10
sdk,sqlite,delete,210,11
sdk,sqlite,delete,211,10
sdk,sqlite,delete,212,10
sdk,sqlite,delete,213,9
sdk,sqlite,delete,214,11
sdk,sqlite,delete,215,11
sdk,sqlite,delete,216,10
sdk,sqlite,delete,217,9
sdk,sqlite,delete,218,11
sdk,sqlite,delete,219,10
sdk,sqlite,delete,220,10
sdk,sqlite,delete,221,9
sdk,sqlite,delete,222,9
sdk,sqlite,delete,223,11
sdk,sqlite,delete,224,11
sdk,sqlite,delete,225,10
sdk,sqlite,delete,226,9
sdk,sqlite,delete,227,9
sdk,sqlite,delete,228,8
sdk,sqlite,delete,229,11
sdk,sqlite,delete,230,11
sdk,sqlite,delete,231,10
sdk,sqlite,delete,232,10
sdk,sqlite,delete,233,10
sdk,sqlite,delete,234,9
sdk,sqlite,delete,235,9
sdk,sqlite,delete,236,10
sdk,sqlite,delete,237,8
sdk,sqlite,delete,238,11
sdk,sqlite,delete,239,11
sdk,sqlite,delete,240,10
sdk,sqlite,delete,241,9
sdk,sqlite,delete,242,11
sdk,sqlite,delete,243,11
sdk,sqlite,delete,244,10
sdk,sqlite,delete,245,9
sdk,sqlite,delete,246,11
sdk,sqlite,delete,247,10
sdk,sqlite,delete,248,10
sdk,sqlite,delete,249,9
sdk,sqlite,delete,250,11
sdk,sqlite,delete,251,10
sdk,sqlite,delete,252,11
sdk,sqlite,delete,253,9
sdk,sqlite,delete,254,11
sdk,sqlite,delete,255,11
sdk,sqlite,delete,256,10
sdk,sqlite,delete,257,11
sdk,sqlite,delete,258,9
sdk,sqlite,delete,259,11
sdk,sqlite,delete,260,10
sdk,sqlite,delete,261,10
sdk,sqlite,delete,262,9
sdk,sqlite,delete,263,11
sdk,sqlite,delete,264,10
sdk,sqlite,delete,265,10
sdk,sqlite,delete,266,9
sdk,sqlite,delete,267,11
sdk,sqlite,delete,268,10
sdk,sqlite,delete,269,10
sdk,sqlite,delete,270,9
sdk,sqlite,delete,271,11
sdk,sqlite,delete,272,10
sdk,sqlite,delete,273,10
sdk,sqlite,delete,274,9
sdk,sqlite,delete,275,11
sdk,sqlite,delete,276,11
sdk,sqlite,delete,277,10
sdk,sqlite,delete,278,9
sdk,sqlite,delete,279,11
sdk,sqlite,delete,280,11
sdk,sqlite,delete,281,10
sdk,sqlite,delete,282,9
sdk,sqlite,delete,283,11
sdk,sqlite,delete,284,10
sdk,sqlite,delete,285,10
sdk,sqlite,delete,286,9
sdk,sqlite,delete,287,11
sdk,sqlite,delete,288,11
sdk,sqlite,delete,289,11
sdk,sqlite,delete,290,9
sdk,sqlite,delete,291,11
sdk,sqlite,delete,292,9
sdk,sqlite,delete,293,11
sdk,sqlite,delete,294,11
sdk,sqlite,delete,295,9
sdk,sqlite,delete,296,9
sdk,sqlite,delete,297,11
sdk,sqlite,delete,298,10
sdk,sqlite,delete,299,10
sdk,sqlite,delete,300,9
sdk,sqlite,delete,301,11
sdk,sqlite,delete,302,11
sdk,sqlite,delete,303,10
sdk,sqlite,delete,304,9
sdk,sqlite,delete,305,8
sdk,sqlite,delete,306,9
sdk,sqlite,delete,307,11
sdk,sqlite,delete,308,11
sdk,sqlite,delete,309,10
sdk,sqlite,delete,310,9
sdk,sqlite,delete,311,11
sdk,sqlite,delete,312,11
sdk,sqlite,delete,313,10
sdk,sqlite,delete,314,9
sdk,sqlite,delete,315,9
sdk,sqlite,delete,316,9
sdk,sqlite,delete,317,11
sdk,sqlite,delete,318,11
sdk,sqlite,delete,319,10
sdk,sqlite,delete,320,9
sdk,sqlite,delete,321,11
sdk,sqlite,delete,322,10
sdk,sqlite,delete,323,11
sdk,sqlite,delete,324,9
sdk,sqlite,delete,325,11
sdk,sqlite,delete,326,11
sdk,sqlite,delete,327,10
sdk,sqlite,delete,328,9
sdk,sqlite,delete,329,11
sdk,sqlite,delete,330,11
sdk,sqlite,delete,331,10
sdk,sqlite,delete,332,9
sdk,sqlite,delete,333,11
sdk,sqlite,delete,334,9
sdk,sqlite,delete,335,11
sdk,sqlite,delete,336,9
sdk,sqlite,delete,337,11
sdk,sqlite,delete,338,11
sdk,sqlite,delete,339,9
sdk,sqlite,delete,340,9
sdk,sqlite,delete,341,11
sdk,sqlite,delete,342,10
sdk,sqlite,delete,343,10
sdk,sqlite,delete,344,9
sdk,sqlite,delete,345,9
sdk,sqlite,delete,346,9
sdk,sqlite,delete,347,11
sdk,sqlite,delete,348,10
sdk,sqlite,delete,349,10
sdk,sqlite,delete,350,9
sdk,sqlite,delete,351,9
sdk,sqlite,delete,352,11
sdk,sqlite,delete,353,10
sdk,sqlite,delete,354,12
sdk,sqlite,delete,355,11
sdk,sqlite,delete,356,11
sdk,sqlite,delete,357,8
sdk,sqlite,delete,358,11
sdk,sqlite,delete,359,11
sdk,sqlite,delete,360,10
sdk,sqlite,delete,361,9
sdk,sqlite,delete,362,11
sdk,sqlite,delete,363,11
sdk,sqlite,delete,364,10
sdk,sqlite,delete,365,9
sdk,sqlite,delete,366,11
sdk,sqlite,delete,367,10
sdk,sqlite,delete,368,10
sdk,sqlite,delete,369,9
sdk,sqlite,delete,370,11
sdk,sqlite,delete,371,10
sdk,sqlite,delete,372,10
sdk,sqlite,delete,373,9
sdk,sqlite,delete,374,11
sdk,sqlite,delete,375,11
sdk,sqlite,delete,376,9
sdk,sqlite,delete,377,9
sdk,sqlite,delete,378,11
sdk,sqlite,delete,379,10
sdk,sqlite,delete,380,9
sdk,sqlite,delete,381,8
sdk,sqlite,delete,382,9
sdk,sqlite,delete,383,11
sdk,sqlite,delete,384,11
sdk,sqlite,delete,385,10
sdk,sqlite,delete,386,9
sdk,sqlite,delete,387,11
sdk,sqlite,delete,388,9
sdk,sqlite,delete,389,11
sdk,sqlite,delete,390,11
sdk,sqlite,delete,391,10
sdk,sqlite,delete,392,9
sdk,sqlite,delete,393,11
sdk,sqlite,delete,394,11
sdk,sqlite,delete,395,10
sdk,sqlite,delete,396,9
sdk,sqlite,delete,397,12
sdk,sqlite,delete,398,11
sdk,sqlite,delete,399,9
sdk,sqlite,delete,400,9
sdk,sqlite,delete,401,11
sdk,sqlite,delete,402,11
sdk,sqlite,delete,403,12
sdk,sqlite,delete,404,11
sdk,sqlite,delete,405,11
sdk,sqlite,delete,406,9
sdk,sqlite,delete,407,11
sdk,sqlite,delete,408,11
sdk,sqlite,delete,409,10
sdk,sqlite,delete,410,9
sdk,sqlite,delete,411,11
sdk,sqlite,delete,412,10
sdk,sqlite,delete,413,9
sdk,sqlite,delete,414,9
sdk,sqlite,delete,415,11
sdk,sqlite,delete,416,10
sdk,sqlite,delete,417,9
sdk,sqlite,delete,418,8
sdk,sqlite,delete,419,11
sdk,sqlite,delete,420,10
sdk,sqlite,delete,421,9
sdk,sqlite,delete,422,11
sdk,sqlite,delete,423,10
sdk,sqlite,delete,424,10
sdk,sqlite,delete,425,11
sdk,sqlite,delete,426,10
sdk,sqlite,delete,427,10
sdk,sqlite,delete,428,11
sdk,sqlite,delete,429,10
sdk,sqlite,delete,430,10
sdk,sqlite,delete,431,9
sdk,sqlite,delete,432,11
sdk,sqlite,delete,433,10
sdk,sqlite,delete,434,9
sdk,sqlite,delete,435,9
sdk,sqlite,delete,436,11
sdk,sqlite,delete,437,10
sdk,sqlite,delete,438,12
sdk,sqlite,delete,439,10
sdk,sqlite,delete,440,11
sdk,sqlite,delete,441,11
sdk,sqlite,delete,442,11
sdk,sqlite,delete,443,11
sdk,sqlite,delete,444,11
sdk,sqlite,delete,445,10
sdk,sqlite,delete,446,10
sdk,sqlite,delete,447,9
sdk,sqlite,delete,448,11
sdk,sqlite,delete,449,10
sdk,sqlite,delete,450,10
sdk,sqlite,delete,451,9
sdk,sqlite,delete,452,11
sdk,sqlite,delete,453,10
sdk,sqlite,delete,454,9
sdk,sqlite,delete,455,9
sdk,sqlite,delete,456,11
sdk,sqlite,delete,457,10
sdk,sqlite,delete,458,12
sdk,sqlite,delete,459,10
sdk,sqlite,delete,460,11
sdk,sqlite,delete,461,9
sdk,sqlite,delete,462,9
sdk,sqlite,delete,463,11
sdk,sqlite,delete,464,11
sdk,sqlite,delete,465,10
sdk,sqlite,delete,466,11
sdk,sqlite,delete,467,10
sdk,sqlite,delete,468,10
sdk,sqlite,delete,469,11
sdk,sqlite,delete,470,11
sdk,sqlite,delete,471,10
sdk,sqlite,delete,472,9
sdk,sqlite,delete,473,11
sdk,sqlite,delete,474,10
sdk,sqlite,delete,475,10
sdk,sqlite,delete,476,8
sdk,sqlite,delete,477,11
sdk,sqlite,delete,478,11
sdk,sqlite,delete,479,10
sdk,sqlite,delete,480,9
sdk,sqlite,delete,481,11
sdk,sqlite,delete,482,10
sdk,sqlite,delete,483,11
sdk,sqlite,delete,484,10
sdk,sqlite,delete,485,11
sdk,sqlite,delete,486,10
sdk,sqlite,delete,487,11
sdk,sqlite,delete,488,10
sdk,sqlite,delete,489,10
sdk,sqlite,delete,490,9
sdk,sqlite,delete,491,11
sdk,sqlite,delete,492,10
sdk,sqlite,delete,493,10
sdk,sqlite,delete,494,9
sdk,sqlite,delete,495,11
sdk,sqlite,delete,496,10
sdk,sqlite,delete,497,10
sdk,sqlite,delete,498,9
sdk,sqlite,delete,499,11
sdk,sqlite,delete,500,10
sdk,sqlite,delete,501,10
sdk,sqlite,delete,502,9
sdk,sqlite,delete,503,11
sdk,sqlite,delete,504,10
sdk,sqlite,delete,505,10
sdk,sqlite,delete,506,9
sdk,sqlite,delete,507,10
sdk,sqlite,delete,508,11
sdk,sqlite,delete,509,9
sdk,sqlite,delete,510,11
sdk,sqlite,delete,511,11
sdk,sqlite,delete,512,12
sdk,sqlite,delete,513,9
sdk,sqlite,delete,514,11
sdk,sqlite,delete,515,10
sdk,sqlite,delete,516,10
sdk,sqlite,delete,517,9
sdk,sqlite,delete,518,11
sdk,sqlite,delete,519,11
sdk,sqlite,delete,520,10
sdk,sqlite,delete,521,9
sdk,sqlite,delete,522,11
sdk,sqlite,delete,523,10
sdk,sqlite,delete,524,10
sdk,sqlite,delete,525,9
sdk,sqlite,delete,526,11
sdk,sqlite,delete,527,11
sdk,sqlite,delete,528,10
sdk,sqlite,delete,529,9
sdk,sqlite,delete,530,11
sdk,sqlite,delete,531,10
sdk,sqlite,delete,532,10
sdk,sqlite,delete,533,8
sdk,sqlite,delete,534,11
sdk,sqlite,delete,535,11
sdk,sqlite,delete,536,10
sdk,sqlite,delete,537,11
sdk,sqlite,delete,538,9
sdk,sqlite,delete,539,11
sdk,sqlite,delete,540,10
sdk,sqlite,delete,541,10
sdk,sqlite,delete,542,9
sdk,sqlite,delete,543,11
sdk,sqlite,delete,544,11
sdk,sqlite,delete,545,10
sdk,sqlite,delete,546,9
sdk,sqlite,delete,547,11
sdk,sqlite,delete,548,10
sdk,sqlite,delete,549,10
sdk,sqlite,delete,550,9
sdk,sqlite,delete,551,11
sdk,sqlite,delete,552,11
sdk,sqlite,delete,553,11
sdk,sqlite,delete,554,11
sdk,sqlite,delete,555,9
sdk,sqlite,delete,556,11
sdk,sqlite,delete,557,10
sdk,sqlite,delete,558,9
sdk,sqlite,delete,559,11
sdk,sqlite,delete,560,11
sdk,sqlite,delete,561,10
sdk,sqlite,delete,562,9
sdk,sqlite,delete,563,11
sdk,sqlite,delete,564,10
sdk,sqlite,delete,565,10
sdk,sqlite,delete,566,9
sdk,sqlite,delete,567,11
sdk,sqlite,delete,568,10
sdk,sqlite,delete,569,10
sdk,sqlite,delete,570,9
sdk,sqlite,delete,571,11
sdk,sqlite,delete,572,10
sdk,sqlite,delete,573,10
sdk,sqlite,delete,574,9
sdk,sqlite,delete,575,11
sdk,sqlite,delete,576,11
sdk,sqlite,delete,577,9
sdk,sqlite,delete,578,9
sdk,sqlite,delete,579,11
sdk,sqlite,delete,580,10
sdk,sqlite,delete,581,10
sdk,sqlite,delete,582,11
sdk,sqlite,delete,583,11
sdk,sqlite,delete,584,9
sdk,sqlite,delete,585,9
sdk,sqlite,delete,586,9
sdk,sqlite,delete,587,9
sdk,sqlite,delete,588,11
sdk,sqlite,delete,589,10
sdk,sqlite,delete,590,10
sdk,sqlite,delete,591,11
sdk,sqlite,delete,592,10
sdk,sqlite,delete,593,9
sdk,sqlite,delete,594,9
sdk,sqlite,delete,595,9
sdk,sqlite,delete,596,11
sdk,sqlite,delete,597,11
sdk,sqlite,delete,598,10
sdk,sqlite,delete,599,9
sdk,sqlite,delete,600,11
sdk,sqlite,delete,601,10
sdk,sqlite,delete,602,10
sdk,sqlite,delete,603,9
sdk,sqlite,delete,604,11
sdk,sqlite,delete,605,10
sdk,sqlite,delete,606,10
sdk,sqlite,delete,607,9
sdk,sqlite,delete,608,11
sdk,sqlite,delete,609,10
sdk,sqlite,delete,610,10
sdk,sqlite,delete,611,9
sdk,sqlite,delete,612,11
sdk,sqlite,delete,613,10
sdk,sqlite,delete,614,12
sdk,sqlite,delete,615,10
sdk,sqlite,delete,616,11
sdk,sqlite,delete,617,9
sdk,sqlite,delete,618,11
sdk,sqlite,delete,619,10
sdk,sqlite,delete,620,10
sdk,sqlite,delete,621,8
sdk,sqlite,delete,622,11
sdk,sqlite,delete,623,11
sdk,sqlite,delete,624,11
sdk,sqlite,delete,625,11
sdk,sqlite,delete,626,9
sdk,sqlite,delete,627,11
sdk,sqlite,delete,628,10
sdk,sqlite,delete,629,11
sdk,sqlite,delete,630,10
sdk,sqlite,delete,631,11
sdk,sqlite,delete,632,11
sdk,sqlite,delete,633,10
sdk,sqlite,delete,634,11
sdk,sqlite,delete,635,9
sdk,sqlite,delete,636,11
sdk,sqlite,delete,637,10
sdk,sqlite,delete,638,11
sdk,sqlite,delete,639,11
sdk,sqlite,delete,640,10
sdk,sqlite,delete,641,9
sdk,sqlite,delete,642,11
sdk,sqlite,delete,643,10
sdk,sqlite,delete,644,10
sdk,sqlite,delete,645,9
sdk,sqlite,delete,646,11
sdk,sqlite,delete,647,11
sdk,sqlite,delete,648,10
sdk,sqlite,delete,649,9
sdk,sqlite,delete,650,11
sdk,sqlite,delete,651,11
sdk,sqlite,delete,652,10
sdk,sqlite,delete,653,9
sdk,sqlite,delete,654,11
sdk,sqlite,delete,655,11
sdk,sqlite,delete,656,12
sdk,sqlite,delete,657,10
sdk,sqlite,delete,658,11
sdk,sqlite,delete,659,9
sdk,sqlite,delete,660,11
sdk,sqlite,delete,661,11
sdk,sqlite,delete,662,9
sdk,sqlite,delete,663,11
sdk,sqlite,delete,664,11
sdk,sqlite,delete,665,9
sdk,sqlite,delete,666,9
sdk,sqlite,delete,667,9
sdk,sqlite,delete,668,11
sdk,sqlite,delete,669,10
sdk,sqlite,delete,670,10
sdk,sqlite,delete,671,9
sdk,sqlite,delete,672,11
sdk,sqlite,delete,673,11
sdk,sqlite,delete,674,10
sdk,sqlite,delete,675,9
sdk,sqlite,delete,676,11
sdk,sqlite,delete,677,11
sdk,sqlite,delete,678,10
sdk,sqlite,delete,679,9
sdk,sqlite,delete,680,11
sdk,sqlite,delete,681,9
sdk,sqlite,delete,682,11
sdk,sqlite,delete,683,10
sdk,sqlite,delete,684,10
sdk,sqlite,delete,685,8
sdk,sqlite,delete,686,11
sdk,sqlite,delete,687,11
sdk,sqlite,delete,688,10
sdk,sqlite,delete,689,8
sdk,sqlite,delete,690,11
sdk,sqlite,delete,691,10
sdk,sqlite,delete,692,10
sdk,sqlite,delete,693,9
sdk,sqlite,delete,694,11
sdk,sqlite,delete,695,11
sdk,sqlite,delete,696,10
sdk,sqlite,delete,697,8
sdk,sqlite,delete,698,11
sdk,sqlite,delete,699,10
sdk,sqlite,delete,700,10
sdk,sqlite,delete,701,8
sdk,sqlite,delete,702,9
sdk,sqlite,delete,703,11
sdk,sqlite,delete,704,9
sdk,sqlite,delete,705,9
sdk,sqlite,delete,706,9
sdk,sqlite,delete,707,9
sdk,sqlite,delete,708,11
sdk,sqlite,delete,709,11
sdk,sqlite,delete,710,11
sdk,sqlite,delete,711,9
sdk,sqlite,delete,712,11
sdk,sqlite,delete,713,11
sdk,sqlite,delete,714,10
sdk,sqlite,delete,715,9
sdk,sqlite,delete,716,11
sdk,sqlite,delete,717,10
sdk,sqlite,delete,718,10
sdk,sqlite,delete,719,9
sdk,sqlite,delete,720,11
sdk,sqlite,delete,721,10
sdk,sqlite,delete,722,10
sdk,sqlite,delete,723,9
sdk,sqlite,delete,724,11
sdk,sqlite,delete,725,11
sdk,sqlite,delete,726,10
sdk,sqlite,delete,727,10
sdk,sqlite,delete,728,11
sdk,sqlite,delete,729,9
sdk,sqlite,delete,730,11
sdk,sqlite,delete,731,8
sdk,sqlite,delete,732,11
sdk,sqlite,delete,733,10
sdk,sqlite,delete,734,10
sdk,sqlite,delete,735,9
sdk,sqlite,delete,736,11
sdk,sqlite,delete,737,10
sdk,sqlite,delete,738,10
sdk,sqlite,delete,739,9
sdk,sqlite,delete,740,11
sdk,sqlite,delete,741,10
sdk,sqlite,delete,742,10
sdk,sqlite,delete,743,9
sdk,sqlite,delete,744,9
sdk,sqlite,delete,745,9
sdk,sqlite,delete,746,11
sdk,sqlite,delete,747,10
sdk,sqlite,delete,748,10
sdk,sqlite,delete,749,11
sdk,sqlite,delete,750,9
sdk,sqlite,delete,751,11
sdk,sqlite,delete,752,11
sdk,sqlite,delete,753,10
sdk,sqlite,delete,754,9
sdk,sqlite,delete,755,11
sdk,sqlite,delete,756,10
sdk,sqlite,delete,757,10
sdk,sqlite,delete,758,9
sdk,sqlite,delete,759,11
sdk,sqlite,delete,760,11
sdk,sqlite,delete,761,10
sdk,sqlite,delete,762,9
sdk,sqlite,delete,763,11
sdk,sqlite,delete,764,10
sdk,sqlite,delete,765,10
sdk,sqlite,delete,766,9
sdk,sqlite,delete,767,11
sdk,sqlite,delete,768,10
sdk,sqlite,delete,769,10
sdk,sqlite,delete,770,9
sdk,sqlite,delete,771,11
sdk,sqlite,delete,772,10
sdk,sqlite,delete,773,11
sdk,sqlite,delete,774,10
sdk,sqlite,delete,775,11
sdk,sqlite,delete,776,9
sdk,sqlite,delete,777,9
sdk,sqlite,delete,778,11
sdk,sqlite,delete,779,10
sdk,sqlite,delete,780,10
sdk,sqlite,delete,781,8
sdk,sqlite,delete,782,9
sdk,sqlite,delete,783,11
sdk,sqlite,delete,784,10
sdk,sqlite,delete,785,10
sdk,sqlite,delete,786,9
sdk,sqlite,delete,787,9
sdk,sqlite,delete,788,9
sdk,sqlite,delete,789,11
sdk,sqlite,delete,790,11
sdk,sqlite,delete,791,10
sdk,sqlite,delete,792,9
sdk,sqlite,delete,793,11
sdk,sqlite,delete,794,10
sdk,sqlite,delete,795,10
sdk,sqlite,delete,796,10
sdk,sqlite,delete,797,11
sdk,sqlite,delete,798,9
sdk,sqlite,delete,799,12
sdk,sqlite,delete,800,9
sdk,sqlite,delete,801,11
sdk,sqlite,delete,802,10
sdk,sqlite,delete,803,10
sdk,sqlite,delete,804,9
sdk,sqlite,delete,805,11
sdk,sqlite,delete,806,11
sdk,sqlite,delete,807,11
sdk,sqlite,delete,808,11
sdk,sqlite,delete,809,9
sdk,sqlite,delete,810,9
sdk,sqlite,delete,811,11
sdk,sqlite,delete,812,10
sdk,sqlite,delete,813,10
sdk,sqlite,delete,814,9
sdk,sqlite,delete,815,11
sdk,sqlite,delete,816,10
sdk,sqlite,delete,817,10
sdk,sqlite,delete,818,9
sdk,sqlite,delete,819,11
sdk,sqlite,delete,820,10
sdk,sqlite,delete,821,10
sdk,sqlite,delete,822,9
sdk,sqlite,delete,823,11
sdk,sqlite,delete,824,11
sdk,sqlite,delete,825,10
sdk,sqlite,delete,826,11
sdk,sqlite,delete,827,9
sdk,sqlite,delete,828,11
sdk,sqlite,delete,829,10
sdk,sqlite,delete,830,10
sdk,sqlite,delete,831,9
sdk,sqlite,delete,832,11
sdk,sqlite,delete,833,10
sdk,sqlite,delete,834,10
sdk,sqlite,delete,835,8
sdk,sqlite,delete,836,11
sdk,sqlite,delete,837,10
sdk,sqlite,delete,838,10
sdk,sqlite,delete,839,9
sdk,sqlite,delete,840,11
sdk,sqlite,delete,841,10
sdk,sqlite,delete,842,10
sdk,sqlite,delete,843,9
sdk,sqlite,delete,844,11
sdk,sqlite,delete,845,10
sdk,sqlite,delete,846,10
sdk,sqlite,delete,847,9
sdk,sqlite,delete,848,11
sdk,sqlite,delete,849,11
sdk,sqlite,delete,850,10
sdk,sqlite,delete,851,11
sdk,sqlite,delete,852,9
sdk,sqlite,delete,853,11
sdk,sqlite,delete,854,11
sdk,sqlite,delete,855,10
sdk,sqlite,delete,856,9
sdk,sqlite,delete,857,11
sdk,sqlite,delete,858,10
sdk,sqlite,delete,859,10
sdk,sqlite,delete,860,8
sdk,sqlite,delete,861,11
sdk,sqlite,delete,862,11
sdk,sqlite,delete,863,10
sdk,sqlite,delete,864,9
sdk,sqlite,delete,865,8
sdk,sqlite,delete,866,9
sdk,sqlite,delete,867,9
sdk,sqlite,delete,868,11
sdk,sqlite,delete,869,10
sdk,sqlite,delete,870,10
sdk,sqlite,delete,871,9
sdk,sqlite,delete,872,11
sdk,sqlite,delete,873,11
sdk,sqlite,delete,874,9
sdk,sqlite,delete,875,9
sdk,sqlite,delete,876,11
sdk,sqlite,delete,877,11
sdk,sqlite,delete,878,12
sdk,sqlite,delete,879,10
sdk,sqlite,delete,880,11
sdk,sqlite,delete,881,10
sdk,sqlite,delete,882,11
sdk,sqlite,delete,883,10
sdk,sqlite,delete,884,10
sdk,sqlite,delete,885,9
sdk,sqlite,delete,886,11
sdk,sqlite,delete,887,11
sdk,sqlite,delete,888,10
sdk,sqlite,delete,889,9
sdk,sqlite,delete,890,11
sdk,sqlite,delete,891,11
sdk,sqlite,delete,892,9
sdk,sqlite,delete,893,9
sdk,sqlite,delete,894,11
sdk,sqlite,delete,895,11
sdk,sqlite,delete,896,9
sdk,sqlite,delete,897,9
sdk,sqlite,delete,898,9
sdk,sqlite,delete,899,11
sdk,sqlite,delete,900,11
sdk,sqlite,delete,901,10
sdk,sqlite,delete,902,11
sdk,sqlite,delete,903,11
sdk,sqlite,delete,904,11
sdk,sqlite,delete,905,10
sdk,sqlite,delete,906,9
sdk,sqlite,delete,907,11
sdk,sqlite,delete,908,10
sdk,sqlite,delete,909,9
sdk,sqlite,delete,910,9
sdk,sqlite,delete,911,11
sdk,sqlite,delete,912,11
sdk,sqlite,delete,913,10
sdk,sqlite,delete,914,9
sdk,sqlite,delete,915,11
sdk,sqlite,delete,916,11
sdk,sqlite,delete,917,10
sdk,sqlite,delete,918,9
sdk,sqlite,delete,919,11
sdk,sqlite,delete,920,10
sdk,sqlite,delete,921,10
sdk,sqlite,delete,922,9
sdk,sqlite,delete,923,11
sdk,sqlite,delete,924,10
sdk,sqlite,delete,925,11
sdk,sqlite,delete,926,10
sdk,sqlite,delete,927,12
sdk,sqlite,delete,928,9
sdk,sqlite,delete,929,11
sdk,sqlite,delete,930,10
sdk,sqlite,delete,931,10
sdk,sqlite,delete,932,9
sdk,sqlite,delete,933,11
sdk,sqlite,delete,934,11
sdk,sqlite,delete,935,10
sdk,sqlite,delete,936,9
sdk,sqlite,delete,937,11
sdk,sqlite,delete,938,10
sdk,sqlite,delete,939,11
sdk,sqlite,delete,940,10
sdk,sqlite,delete,941,11
sdk,sqlite,delete,942,11
sdk,sqlite,delete,943,11
sdk,sqlite,delete,944,10
sdk,sqlite,delete,945,11
sdk,sqlite,delete,946,11
sdk,sqlite,delete,947,10
sdk,sqlite,delete,948,9
sdk,sqlite,delete,949,9
sdk,sqlite,delete,950,9
sdk,sqlite,delete,951,9
sdk,sqlite,delete,952,9
sdk,sqlite,delete,953,9
sdk,sqlite,delete,954,9
sdk,sqlite,delete,955,9
sdk,sqlite,delete,956,9
sdk,sqlite,delete,957,9
sdk,sqlite,delete,958,14
sdk,sqlite,delete,959,11
sdk,sqlite,delete,960,9
sdk,sqlite,delete,961,9
sdk,sqlite,delete,962,9
sdk,sqlite,delete,963,9
sdk,sqlite,delete,964,9
sdk,sqlite,delete,965,9
sdk,sqlite,delete,966,12
sdk,sqlite,delete,967,11
sdk,sqlite,delete,968,10
sdk,sqlite,delete,969,9
sdk,sqlite,delete,970,11
sdk,sqlite,delete,971,11
sdk,sqlite,delete,972,11
sdk,sqlite,delete,973,9
sdk,sqlite,delete,974,12
sdk,sqlite,delete,975,13
sdk,sqlite,delete,976,10
sdk,sqlite,delete,977,9
sdk,sqlite,delete,978,11
sdk,sqlite,delete,979,13
sdk,sqlite,delete,980,10
sdk,sqlite,delete,981,9
sdk,sqlite,delete,982,9
sdk,sqlite,delete,983,11
sdk,sqlite,delete,984,11
sdk,sqlite,delete,985,11
sdk,sqlite,delete,986,9
sdk,sqlite,delete,987,9
sdk,sqlite,delete,988,9
sdk,sqlite,delete,989,11
sdk,sqlite,delete,990,11
sdk,sqlite,delete,991,10
sdk,sqlite,delete,992,9
sdk,sqlite,delete,993,9
sdk,sqlite,delete,994,9
sdk,sqlite,delete,995,11
sdk,sqlite,delete,996,11
sdk,sqlite,delete,997,11
sdk,sqlite,delete,998,9
sdk,sqlite,delete,999,11
sdk,sqlite,createMany,0,20
sdk,sqlite,createMany,1,25
sdk,sqlite,createMany,2,26
sdk,sqlite,createMany,3,27
sdk,sqlite,createMany,4,32
sdk,sqlite,createMany,5,40
sdk,sqlite,createMany,6,23
sdk,sqlite,createMany,7,27
sdk,sqlite,createMany,8,26
sdk,sqlite,createMany,9,26
sdk,sqlite,createMany,10,26
sdk,sqlite,createMany,11,31
sdk,sqlite,createMany,12,37
sdk,sqlite,createMany,13,29
sdk,sqlite,createMany,14,22
sdk,sqlite,createMany,15,27
sdk,sqlite,createMany,16,26
sdk,sqlite,createMany,17,30
sdk,sqlite,createMany,18,26
sdk,sqlite,createMany,19,29
sdk,sqlite,createMany,20,39
sdk,sqlite,createMany,21,21
sdk,sqlite,createMany,22,29
sdk,sqlite,createMany,23,22
sdk,sqlite,createMany,24,23
sdk,sqlite,createMany,25,26
sdk,sqlite,createMany,26,27
sdk,sqlite,createMany,27,27
sdk,sqlite,createMany,28,25
sdk,sqlite,createMany,29,26
sdk,sqlite,createMany,30,22
sdk,sqlite,createMany,31,23
sdk,sqlite,createMany,32,26
sdk,sqlite,createMany,33,29
sdk,sqlite,createMany,34,29
sdk,sqlite,createMany,35,42
sdk,sqlite,createMany,36,21
sdk,sqlite,createMany,37,27
sdk,sqlite,createMany,38,22
sdk,sqlite,createMany,39,24
sdk,sqlite,createMany,40,22
sdk,sqlite,createMany,41,22
sdk,sqlite,createMany,42,23
sdk,sqlite,createMany,43,22
sdk,sqlite,createMany,44,28
sdk,sqlite,createMany,45,28
sdk,sqlite,createMany,46,26
sdk,sqlite,createMany,47,22
sdk,sqlite,createMany,48,29
sdk,sqlite,createMany,49,38
sdk,sqlite,createMany,50,23
sdk,sqlite,createMany,51,26
sdk,sqlite,createMany,52,22
sdk,sqlite,createMany,53,19
sdk,sqlite,createMany,54,26
sdk,sqlite,createMany,55,24
sdk,sqlite,createMany,56,22
sdk,sqlite,createMany,57,25
sdk,sqlite,createMany,58,26
sdk,sqlite,createMany,59,22
sdk,sqlite,createMany,60,26
sdk,sqlite,createMany,61,33
sdk,sqlite,createMany,62,28
sdk,sqlite,createMany,63,37
sdk,sqlite,createMany,64,21
sdk,sqlite,createMany,65,22
sdk,sqlite,createMany,66,24
sdk,sqlite,createMany,67,23
sdk,sqlite,createMany,68,22
sdk,sqlite,createMany,69,22
sdk,sqlite,createMany,70,23
sdk,sqlite,createMany,71,23
sdk,sqlite,createMany,72,30
sdk,sqlite,createMany,73,27
sdk,sqlite,createMany,74,26
sdk,sqlite,createMany,75,28
sdk,sqlite,createMany,76,32
sdk,sqlite,createMany,77,36
sdk,sqlite,createMany,78,22
sdk,sqlite,createMany,79,22
sdk,sqlite,createMany,80,22
sdk,sqlite,createMany,81,23
sdk,sqlite,createMany,82,22
sdk,sqlite,createMany,83,31
sdk,sqlite,createMany,84,22
sdk,sqlite,createMany,85,26
sdk,sqlite,createMany,86,26
sdk,sqlite,createMany,87,26
sdk,sqlite,createMany,88,27
sdk,sqlite,createMany,89,36
sdk,sqlite,createMany,90,32
sdk,sqlite,createMany,91,21
sdk,sqlite,createMany,92,22
sdk,sqlite,createMany,93,19
sdk,sqlite,createMany,94,31
sdk,sqlite,createMany,95,22
sdk,sqlite,createMany,96,26
sdk,sqlite,createMany,97,22
sdk,sqlite,createMany,98,23
sdk,sqlite,createMany,99,25
sdk,sqlite,createMany,100,26
sdk,sqlite,createMany,101,27
sdk,sqlite,createMany,102,29
sdk,sqlite,createMany,103,22
sdk,sqlite,createMany,104,22
sdk,sqlite,createMany,105,24
sdk,sqlite,createMany,106,28
sdk,sqlite,createMany,107,27
sdk,sqlite,createMany,108,26
sdk,sqlite,createMany,109,28
sdk,sqlite,createMany,110,39
sdk,sqlite,createMany,111,21
sdk,sqlite,createMany,112,28
sdk,sqlite,createMany,113,22
sdk,sqlite,createMany,114,22
sdk,sqlite,createMany,115,22
sdk,sqlite,createMany,116,30
sdk,sqlite,createMany,117,22
sdk,sqlite,createMany,118,27
sdk,sqlite,createMany,119,19
sdk,sqlite,createMany,120,26
sdk,sqlite,createMany,121,29
sdk,sqlite,createMany,122,29
sdk,sqlite,createMany,123,28
sdk,sqlite,createMany,124,31
sdk,sqlite,createMany,125,32
sdk,sqlite,createMany,126,23
sdk,sqlite,createMany,127,26
sdk,sqlite,createMany,128,19
sdk,sqlite,createMany,129,27
sdk,sqlite,createMany,130,22
sdk,sqlite,createMany,131,19
sdk,sqlite,createMany,132,28
sdk,sqlite,createMany,133,23
sdk,sqlite,createMany,134,24
sdk,sqlite,createMany,135,33
sdk,sqlite,createMany,136,25
sdk,sqlite,createMany,137,29
sdk,sqlite,createMany,138,40
sdk,sqlite,createMany,139,22
sdk,sqlite,createMany,140,20
sdk,sqlite,createMany,141,22
sdk,sqlite,createMany,142,22
sdk,sqlite,createMany,143,24
sdk,sqlite,createMany,144,22
sdk,sqlite,createMany,145,23
sdk,sqlite,createMany,146,22
sdk,sqlite,createMany,147,26
sdk,sqlite,createMany,148,26
sdk,sqlite,createMany,149,29
sdk,sqlite,createMany,150,32
sdk,sqlite,createMany,151,28
sdk,sqlite,createMany,152,32
sdk,sqlite,createMany,153,22
sdk,sqlite,createMany,154,24
sdk,sqlite,createMany,155,19
sdk,sqlite,createMany,156,27
sdk,sqlite,createMany,157,22
sdk,sqlite,createMany,158,23
sdk,sqlite,createMany,159,22
sdk,sqlite,createMany,160,30
sdk,sqlite,createMany,161,27
sdk,sqlite,createMany,162,27
sdk,sqlite,createMany,163,26
sdk,sqlite,createMany,164,27
sdk,sqlite,createMany,165,38
sdk,sqlite,createMany,166,21
sdk,sqlite,createMany,167,22
sdk,sqlite,createMany,168,18
sdk,sqlite,createMany,169,28
sdk,sqlite,createMany,170,22
sdk,sqlite,createMany,171,25
sdk,sqlite,createMany,172,23
sdk,sqlite,createMany,173,29
sdk,sqlite,createMany,174,22
sdk,sqlite,createMany,175,26
sdk,sqlite,createMany,176,29
sdk,sqlite,createMany,177,29
sdk,sqlite,createMany,178,29
sdk,sqlite,createMany,179,22
sdk,sqlite,createMany,180,27
sdk,sqlite,createMany,181,22
sdk,sqlite,createMany,182,29
sdk,sqlite,createMany,183,26
sdk,sqlite,createMany,184,26
sdk,sqlite,createMany,185,29
sdk,sqlite,createMany,186,38
sdk,sqlite,createMany,187,23
sdk,sqlite,createMany,188,28
sdk,sqlite,createMany,189,28
sdk,sqlite,createMany,190,22
sdk,sqlite,createMany,191,22
sdk,sqlite,createMany,192,23
sdk,sqlite,createMany,193,25
sdk,sqlite,createMany,194,26
sdk,sqlite,createMany,195,24
sdk,sqlite,createMany,196,26
sdk,sqlite,createMany,197,27
sdk,sqlite,createMany,198,26
sdk,sqlite,createMany,199,27
sdk,sqlite,createMany,200,38
sdk,sqlite,createMany,201,22
sdk,sqlite,createMany,202,22
sdk,sqlite,createMany,203,22
sdk,sqlite,createMany,204,26
sdk,sqlite,createMany,205,23
sdk,sqlite,createMany,206,22
sdk,sqlite,createMany,207,29
sdk,sqlite,createMany,208,24
sdk,sqlite,createMany,209,24
sdk,sqlite,createMany,210,27
sdk,sqlite,createMany,211,27
sdk,sqlite,createMany,212,27
sdk,sqlite,createMany,213,29
sdk,sqlite,createMany,214,33
sdk,sqlite,createMany,215,24
sdk,sqlite,createMany,216,22
sdk,sqlite,createMany,217,22
sdk,sqlite,createMany,218,25
sdk,sqlite,createMany,219,22
sdk,sqlite,createMany,220,30
sdk,sqlite,createMany,221,21
sdk,sqlite,createMany,222,29
sdk,sqlite,createMany,223,27
sdk,sqlite,createMany,224,27
sdk,sqlite,createMany,225,27
sdk,sqlite,createMany,226,31
sdk,sqlite,createMany,227,36
sdk,sqlite,createMany,228,21
sdk,sqlite,createMany,229,22
sdk,sqlite,createMany,230,18
sdk,sqlite,createMany,231,29
sdk,sqlite,createMany,232,22
sdk,sqlite,createMany,233,29
sdk,sqlite,createMany,234,22
sdk,sqlite,createMany,235,25
sdk,sqlite,createMany,236,22
sdk,sqlite,createMany,237,29
sdk,sqlite,createMany,238,26
sdk,sqlite,createMany,239,28
sdk,sqlite,createMany,240,28
sdk,sqlite,createMany,241,30
sdk,sqlite,createMany,242,38
sdk,sqlite,createMany,243,21
sdk,sqlite,createMany,244,28
sdk,sqlite,createMany,245,26
sdk,sqlite,createMany,246,22
sdk,sqlite,createMany,247,24
sdk,sqlite,createMany,248,30
sdk,sqlite,createMany,249,32
sdk,sqlite,createMany,250,32
sdk,sqlite,createMany,251,21
sdk,sqlite,createMany,252,22
sdk,sqlite,createMany,253,23
sdk,sqlite,createMany,254,26
sdk,sqlite,createMany,255,22
sdk,sqlite,createMany,256,27
sdk,sqlite,createMany,257,22
sdk,sqlite,createMany,258,24
sdk,sqlite,createMany,259,29
sdk,sqlite,createMany,260,26
sdk,sqlite,createMany,261,27
sdk,sqlite,createMany,262,28
sdk,sqlite,createMany,263,34
sdk,sqlite,createMany,264,25
sdk,sqlite,createMany,265,19
sdk,sqlite,createMany,266,22
sdk,sqlite,createMany,267,24
sdk,sqlite,createMany,268,22
sdk,sqlite,createMany,269,27
sdk,sqlite,createMany,270,24
sdk,sqlite,createMany,271,28
sdk,sqlite,createMany,272,22
sdk,sqlite,createMany,273,23
sdk,sqlite,createMany,274,28
sdk,sqlite,createMany,275,31
sdk,sqlite,createMany,276,37
sdk,sqlite,createMany,277,22
sdk,sqlite,createMany,278,22
sdk,sqlite,createMany,279,18
sdk,sqlite,createMany,280,27
sdk,sqlite,createMany,281,24
sdk,sqlite,createMany,282,22
sdk,sqlite,createMany,283,24
sdk,sqlite,createMany,284,22
sdk,sqlite,createMany,285,28
sdk,sqlite,createMany,286,29
sdk,sqlite,createMany,287,27
sdk,sqlite,createMany,288,28
sdk,sqlite,createMany,289,30
sdk,sqlite,createMany,290,32
sdk,sqlite,createMany,291,22
sdk,sqlite,createMany,292,28
sdk,sqlite,createMany,293,29
sdk,sqlite,createMany,294,28
sdk,sqlite,createMany,295,27
sdk,sqlite,createMany,296,28
sdk,sqlite,createMany,297,39
sdk,sqlite,createMany,298,22
sdk,sqlite,createMany,299,28
sdk,sqlite,createMany,300,22
sdk,sqlite,createMany,301,28
sdk,sqlite,createMany,302,27
sdk,sqlite,createMany,303,29
sdk,sqlite,createMany,304,22
sdk,sqlite,createMany,305,19
sdk,sqlite,createMany,306,27
sdk,sqlite,createMany,307,27
sdk,sqlite,createMany,308,25
sdk,sqlite,createMany,309,29
sdk,sqlite,createMany,310,28
sdk,sqlite,createMany,311,31
sdk,sqlite,createMany,312,35
sdk,sqlite,createMany,313,22
sdk,sqlite,createMany,314,29
sdk,sqlite,createMany,315,22
sdk,sqlite,createMany,316,22
sdk,sqlite,createMany,317,23
sdk,sqlite,createMany,318,22
sdk,sqlite,createMany,319,29
sdk,sqlite,createMany,320,22
sdk,sqlite,createMany,321,23
sdk,sqlite,createMany,322,27
sdk,sqlite,createMany,323,26
sdk,sqlite,createMany,324,30
sdk,sqlite,createMany,325,33
sdk,sqlite,createMany,326,30
sdk,sqlite,createMany,327,22
sdk,sqlite,createMany,328,22
sdk,sqlite,createMany,329,18
sdk,sqlite,createMany,330,29
sdk,sqlite,createMany,331,22
sdk,sqlite,createMany,332,22
sdk,sqlite,createMany,333,23
sdk,sqlite,createMany,334,26
sdk,sqlite,createMany,335,27
sdk,sqlite,createMany,336,30
sdk,sqlite,createMany,337,28
sdk,sqlite,createMany,338,31
sdk,sqlite,createMany,339,34
sdk,sqlite,createMany,340,23
sdk,sqlite,createMany,341,24
sdk,sqlite,createMany,342,18
sdk,sqlite,createMany,343,24
sdk,sqlite,createMany,344,21
sdk,sqlite,createMany,345,27
sdk,sqlite,createMany,346,22
sdk,sqlite,createMany,347,24
sdk,sqlite,createMany,348,22
sdk,sqlite,createMany,349,22
sdk,sqlite,createMany,350,26
sdk,sqlite,createMany,351,28
sdk,sqlite,createMany,352,38
sdk,sqlite,createMany,353,22
sdk,sqlite,createMany,354,22
sdk,sqlite,createMany,355,18
sdk,sqlite,createMany,356,27
sdk,sqlite,createMany,357,18
sdk,sqlite,createMany,358,24
sdk,sqlite,createMany,359,25
sdk,sqlite,createMany,360,22
sdk,sqlite,createMany,361,28
sdk,sqlite,createMany,362,26
sdk,sqlite,createMany,363,28
sdk,sqlite,createMany,364,29
sdk,sqlite,createMany,365,29
sdk,sqlite,createMany,366,32
sdk,sqlite,createMany,367,32
sdk,sqlite,createMany,368,29
sdk,sqlite,createMany,369,24
sdk,sqlite,createMany,370,24
sdk,sqlite,createMany,371,27
sdk,sqlite,createMany,372,26
sdk,sqlite,createMany,373,27
sdk,sqlite,createMany,374,35
sdk,sqlite,createMany,375,31
sdk,sqlite,createMany,376,21
sdk,sqlite,createMany,377,27
sdk,sqlite,createMany,378,22
sdk,sqlite,createMany,379,19
sdk,sqlite,createMany,380,32
sdk,sqlite,createMany,381,23
sdk,sqlite,createMany,382,22
sdk,sqlite,createMany,383,23
sdk,sqlite,createMany,384,29
sdk,sqlite,createMany,385,25
sdk,sqlite,createMany,386,26
sdk,sqlite,createMany,387,28
sdk,sqlite,createMany,388,28
sdk,sqlite,createMany,389,36
sdk,sqlite,createMany,390,22
sdk,sqlite,createMany,391,24
sdk,sqlite,createMany,392,19
sdk,sqlite,createMany,393,28
sdk,sqlite,createMany,394,22
sdk,sqlite,createMany,395,31
sdk,sqlite,createMany,396,24
sdk,sqlite,createMany,397,24
sdk,sqlite,createMany,398,24
sdk,sqlite,createMany,399,26
sdk,sqlite,createMany,400,28
sdk,sqlite,createMany,401,28
sdk,sqlite,createMany,402,39
sdk,sqlite,createMany,403,22
sdk,sqlite,createMany,404,22
sdk,sqlite,createMany,405,19
sdk,sqlite,createMany,406,26
sdk,sqlite,createMany,407,25
sdk,sqlite,createMany,408,22
sdk,sqlite,createMany,409,23
sdk,sqlite,createMany,410,23
sdk,sqlite,createMany,411,28
sdk,sqlite,createMany,412,26
sdk,sqlite,createMany,413,29
sdk,sqlite,createMany,414,26
sdk,sqlite,createMany,415,32
sdk,sqlite,createMany,416,31
sdk,sqlite,createMany,417,22
sdk,sqlite,createMany,418,28
sdk,sqlite,createMany,419,26
sdk,sqlite,createMany,420,27
sdk,sqlite,createMany,421,27
sdk,sqlite,createMany,422,23
sdk,sqlite,createMany,423,40
sdk,sqlite,createMany,424,23
sdk,sqlite,createMany,425,28
sdk,sqlite,createMany,426,22
sdk,sqlite,createMany,427,27
sdk,sqlite,createMany,428,26
sdk,sqlite,createMany,429,30
sdk,sqlite,createMany,430,28
sdk,sqlite,createMany,431,22
sdk,sqlite,createMany,432,22
sdk,sqlite,createMany,433,18
sdk,sqlite,createMany,434,27
sdk,sqlite,createMany,435,30
sdk,sqlite,createMany,436,52
sdk,sqlite,createMany,437,31
sdk,sqlite,createMany,438,35
sdk,sqlite,createMany,439,20
sdk,sqlite,createMany,440,27
sdk,sqlite,createMany,441,19
sdk,sqlite,createMany,442,21
sdk,sqlite,createMany,443,24
sdk,sqlite,createMany,444,22
sdk,sqlite,createMany,445,27
sdk,sqlite,createMany,446,25
sdk,sqlite,createMany,447,27
sdk,sqlite,createMany,448,23
sdk,sqlite,createMany,449,27
sdk,sqlite,createMany,450,27
sdk,sqlite,createMany,451,35
sdk,sqlite,createMany,452,37
sdk,sqlite,createMany,453,22
sdk,sqlite,createMany,454,22
sdk,sqlite,createMany,455,22
sdk,sqlite,createMany,456,24
sdk,sqlite,createMany,457,25
sdk,sqlite,createMany,458,23
sdk,sqlite,createMany,459,27
sdk,sqlite,createMany,460,27
sdk,sqlite,createMany,461,22
sdk,sqlite,createMany,462,26
sdk,sqlite,createMany,463,27
sdk,sqlite,createMany,464,29
sdk,sqlite,createMany,465,37
sdk,sqlite,createMany,466,22
sdk,sqlite,createMany,467,22
sdk,sqlite,createMany,468,22
sdk,sqlite,createMany,469,27
sdk,sqlite,createMany,470,23
sdk,sqlite,createMany,471,22
sdk,sqlite,createMany,472,23
sdk,sqlite,createMany,473,24
sdk,sqlite,createMany,474,24
sdk,sqlite,createMany,475,26
sdk,sqlite,createMany,476,23
sdk,sqlite,createMany,477,28
sdk,sqlite,createMany,478,29
sdk,sqlite,createMany,479,38
sdk,sqlite,createMany,480,19
sdk,sqlite,createMany,481,22
sdk,sqlite,createMany,482,22
sdk,sqlite,createMany,483,25
sdk,sqlite,createMany,484,25
sdk,sqlite,createMany,485,27
sdk,sqlite,createMany,486,26
sdk,sqlite,createMany,487,27
sdk,sqlite,createMany,488,23
sdk,sqlite,createMany,489,23
sdk,sqlite,createMany,490,33
sdk,sqlite,createMany,491,32
sdk,sqlite,createMany,492,35
sdk,sqlite,createMany,493,29
sdk,sqlite,createMany,494,35
sdk,sqlite,createMany,495,26
sdk,sqlite,createMany,496,27
sdk,sqlite,createMany,497,27
sdk,sqlite,createMany,498,22
sdk,sqlite,createMany,499,24
sdk,sqlite,createMany,500,28
sdk,sqlite,createMany,501,35
sdk,sqlite,createMany,502,32
sdk,sqlite,createMany,503,22
sdk,sqlite,createMany,504,27
sdk,sqlite,createMany,505,22
sdk,sqlite,createMany,506,27
sdk,sqlite,createMany,507,22
sdk,sqlite,createMany,508,22
sdk,sqlite,createMany,509,24
sdk,sqlite,createMany,510,25
sdk,sqlite,createMany,511,26
sdk,sqlite,createMany,512,27
sdk,sqlite,createMany,513,25
sdk,sqlite,createMany,514,28
sdk,sqlite,createMany,515,37
sdk,sqlite,createMany,516,23
sdk,sqlite,createMany,517,24
sdk,sqlite,createMany,518,19
sdk,sqlite,createMany,519,28
sdk,sqlite,createMany,520,22
sdk,sqlite,createMany,521,20
sdk,sqlite,createMany,522,28
sdk,sqlite,createMany,523,25
sdk,sqlite,createMany,524,25
sdk,sqlite,createMany,525,26
sdk,sqlite,createMany,526,24
sdk,sqlite,createMany,527,29
sdk,sqlite,createMany,528,32
sdk,sqlite,createMany,529,36
sdk,sqlite,createMany,530,23
sdk,sqlite,createMany,531,22
sdk,sqlite,createMany,532,19
sdk,sqlite,createMany,533,27
sdk,sqlite,createMany,534,24
sdk,sqlite,createMany,535,27
sdk,sqlite,createMany,536,22
sdk,sqlite,createMany,537,23
sdk,sqlite,createMany,538,26
sdk,sqlite,createMany,539,30
sdk,sqlite,createMany,540,28
sdk,sqlite,createMany,541,29
sdk,sqlite,createMany,542,34
sdk,sqlite,createMany,543,22
sdk,sqlite,createMany,544,22
sdk,sqlite,createMany,545,23
sdk,sqlite,createMany,546,27
sdk,sqlite,createMany,547,22
sdk,sqlite,createMany,548,20
sdk,sqlite,createMany,549,26
sdk,sqlite,createMany,550,33
sdk,sqlite,createMany,551,22
sdk,sqlite,createMany,552,24
sdk,sqlite,createMany,553,27
sdk,sqlite,createMany,554,27
sdk,sqlite,createMany,555,29
sdk,sqlite,createMany,556,25
sdk,sqlite,createMany,557,27
sdk,sqlite,createMany,558,23
sdk,sqlite,createMany,559,23
sdk,sqlite,createMany,560,27
sdk,sqlite,createMany,561,31
sdk,sqlite,createMany,562,26
sdk,sqlite,createMany,563,35
sdk,sqlite,createMany,564,22
sdk,sqlite,createMany,565,27
sdk,sqlite,createMany,566,23
sdk,sqlite,createMany,567,30
sdk,sqlite,createMany,568,23
sdk,sqlite,createMany,569,25
sdk,sqlite,createMany,570,23
sdk,sqlite,createMany,571,27
sdk,sqlite,createMany,572,25
sdk,sqlite,createMany,573,23
sdk,sqlite,createMany,574,26
sdk,sqlite,createMany,575,27
sdk,sqlite,createMany,576,25
sdk,sqlite,createMany,577,35
sdk,sqlite,createMany,578,24
sdk,sqlite,createMany,579,26
sdk,sqlite,createMany,580,22
sdk,sqlite,createMany,581,19
sdk,sqlite,createMany,582,27
sdk,sqlite,createMany,583,25
sdk,sqlite,createMany,584,24
sdk,sqlite,createMany,585,25
sdk,sqlite,createMany,586,29
sdk,sqlite,createMany,587,24
sdk,sqlite,createMany,588,27
sdk,sqlite,createMany,589,28
sdk,sqlite,createMany,590,28
sdk,sqlite,createMany,591,34
sdk,sqlite,createMany,592,22
sdk,sqlite,createMany,593,22
sdk,sqlite,createMany,594,22
sdk,sqlite,createMany,595,27
sdk,sqlite,createMany,596,22
sdk,sqlite,createMany,597,19
sdk,sqlite,createMany,598,27
sdk,sqlite,createMany,599,27
sdk,sqlite,createMany,600,24
sdk,sqlite,createMany,601,25
sdk,sqlite,createMany,602,28
sdk,sqlite,createMany,603,30
sdk,sqlite,createMany,604,34
sdk,sqlite,createMany,605,29
sdk,sqlite,createMany,606,22
sdk,sqlite,createMany,607,22
sdk,sqlite,createMany,608,24
sdk,sqlite,createMany,609,22
sdk,sqlite,createMany,610,22
sdk,sqlite,createMany,611,26
sdk,sqlite,createMany,612,22
sdk,sqlite,createMany,613,26
sdk,sqlite,createMany,614,26
sdk,sqlite,createMany,615,26
sdk,sqlite,createMany,616,24
sdk,sqlite,createMany,617,32
sdk,sqlite,createMany,618,33
sdk,sqlite,createMany,619,30
sdk,sqlite,createMany,620,33
sdk,sqlite,createMany,621,22
sdk,sqlite,createMany,622,28
sdk,sqlite,createMany,623,23
sdk,sqlite,createMany,624,27
sdk,sqlite,createMany,625,26
sdk,sqlite,createMany,626,23
sdk,sqlite,createMany,627,39
sdk,sqlite,createMany,628,22
sdk,sqlite,createMany,629,28
sdk,sqlite,createMany,630,23
sdk,sqlite,createMany,631,19
sdk,sqlite,createMany,632,27
sdk,sqlite,createMany,633,25
sdk,sqlite,createMany,634,22
sdk,sqlite,createMany,635,27
sdk,sqlite,createMany,636,27
sdk,sqlite,createMany,637,24
sdk,sqlite,createMany,638,29
sdk,sqlite,createMany,639,30
sdk,sqlite,createMany,640,29
sdk,sqlite,createMany,641,39
sdk,sqlite,createMany,642,23
sdk,sqlite,createMany,643,22
sdk,sqlite,createMany,644,25
sdk,sqlite,createMany,645,24
sdk,sqlite,createMany,646,23
sdk,sqlite,createMany,647,22
sdk,sqlite,createMany,648,25
sdk,sqlite,createMany,649,31
sdk,sqlite,createMany,650,23
sdk,sqlite,createMany,651,27
sdk,sqlite,createMany,652,28
sdk,sqlite,createMany,653,28
sdk,sqlite,createMany,654,30
sdk,sqlite,createMany,655,37
sdk,sqlite,createMany,656,22
sdk,sqlite,createMany,657,22
sdk,sqlite,createMany,658,19
sdk,sqlite,createMany,659,28
sdk,sqlite,createMany,660,25
sdk,sqlite,createMany,661,28
sdk,sqlite,createMany,662,22
sdk,sqlite,createMany,663,24
sdk,sqlite,createMany,664,27
sdk,sqlite,createMany,665,28
sdk,sqlite,createMany,666,31
sdk,sqlite,createMany,667,29
sdk,sqlite,createMany,668,38
sdk,sqlite,createMany,669,22
sdk,sqlite,createMany,670,23
sdk,sqlite,createMany,671,27
sdk,sqlite,createMany,672,29
sdk,sqlite,createMany,673,19
sdk,sqlite,createMany,674,28
sdk,sqlite,createMany,675,22
sdk,sqlite,createMany,676,23
sdk,sqlite,createMany,677,25
sdk,sqlite,createMany,678,27
sdk,sqlite,createMany,679,23
sdk,sqlite,createMany,680,30
sdk,sqlite,createMany,681,24
sdk,sqlite,createMany,682,26
sdk,sqlite,createMany,683,25
sdk,sqlite,createMany,684,27
sdk,sqlite,createMany,685,28
sdk,sqlite,createMany,686,26
sdk,sqlite,createMany,687,30
sdk,sqlite,createMany,688,37
sdk,sqlite,createMany,689,34
sdk,sqlite,createMany,690,23
sdk,sqlite,createMany,691,27
sdk,sqlite,createMany,692,25
sdk,sqlite,createMany,693,28
sdk,sqlite,createMany,694,24
sdk,sqlite,createMany,695,30
sdk,sqlite,createMany,696,23
sdk,sqlite,createMany,697,30
sdk,sqlite,createMany,698,26
sdk,sqlite,createMany,699,28
sdk,sqlite,createMany,700,26
sdk,sqlite,createMany,701,23
sdk,sqlite,createMany,702,28
sdk,sqlite,createMany,703,35
sdk,sqlite,createMany,704,23
sdk,sqlite,createMany,705,28
sdk,sqlite,createMany,706,22
sdk,sqlite,createMany,707,22
sdk,sqlite,createMany,708,25
sdk,sqlite,createMany,709,23
sdk,sqlite,createMany,710,29
sdk,sqlite,createMany,711,22
sdk,sqlite,createMany,712,28
sdk,sqlite,createMany,713,27
sdk,sqlite,createMany,714,26
sdk,sqlite,createMany,715,24
sdk,sqlite,createMany,716,30
sdk,sqlite,createMany,717,35
sdk,sqlite,createMany,718,21
sdk,sqlite,createMany,719,22
sdk,sqlite,createMany,720,23
sdk,sqlite,createMany,721,25
sdk,sqlite,createMany,722,23
sdk,sqlite,createMany,723,28
sdk,sqlite,createMany,724,22
sdk,sqlite,createMany,725,29
sdk,sqlite,createMany,726,29
sdk,sqlite,createMany,727,23
sdk,sqlite,createMany,728,29
sdk,sqlite,createMany,729,30
sdk,sqlite,createMany,730,35
sdk,sqlite,createMany,731,23
sdk,sqlite,createMany,732,25
sdk,sqlite,createMany,733,22
sdk,sqlite,createMany,734,23
sdk,sqlite,createMany,735,22
sdk,sqlite,createMany,736,23
sdk,sqlite,createMany,737,24
sdk,sqlite,createMany,738,28
sdk,sqlite,createMany,739,22
sdk,sqlite,createMany,740,28
sdk,sqlite,createMany,741,28
sdk,sqlite,createMany,742,28
sdk,sqlite,createMany,743,35
sdk,sqlite,createMany,744,33
sdk,sqlite,createMany,745,26
sdk,sqlite,createMany,746,37
sdk,sqlite,createMany,747,22
sdk,sqlite,createMany,748,30
sdk,sqlite,createMany,749,23
sdk,sqlite,createMany,750,27
sdk,sqlite,createMany,751,27
sdk,sqlite,createMany,752,27
sdk,sqlite,createMany,753,29
sdk,sqlite,createMany,754,34
sdk,sqlite,createMany,755,22
sdk,sqlite,createMany,756,28
sdk,sqlite,createMany,757,23
sdk,sqlite,createMany,758,23
sdk,sqlite,createMany,759,27
sdk,sqlite,createMany,760,23
sdk,sqlite,createMany,761,28
sdk,sqlite,createMany,762,23
sdk,sqlite,createMany,763,28
sdk,sqlite,createMany,764,27
sdk,sqlite,createMany,765,29
sdk,sqlite,createMany,766,27
sdk,sqlite,createMany,767,29
sdk,sqlite,createMany,768,35
sdk,sqlite,createMany,769,22
sdk,sqlite,createMany,770,24
sdk,sqlite,createMany,771,22
sdk,sqlite,createMany,772,24
sdk,sqlite,createMany,773,23
sdk,sqlite,createMany,774,27
sdk,sqlite,createMany,775,22
sdk,sqlite,createMany,776,27
sdk,sqlite,createMany,777,25
sdk,sqlite,createMany,778,27
sdk,sqlite,createMany,779,28
sdk,sqlite,createMany,780,29
sdk,sqlite,createMany,781,36
sdk,sqlite,createMany,782,21
sdk,sqlite,createMany,783,22
sdk,sqlite,createMany,784,19
sdk,sqlite,createMany,785,29
sdk,sqlite,createMany,786,23
sdk,sqlite,createMany,787,25
sdk,sqlite,createMany,788,24
sdk,sqlite,createMany,789,28
sdk,sqlite,createMany,790,22
sdk,sqlite,createMany,791,27
sdk,sqlite,createMany,792,37
sdk,sqlite,createMany,793,30
sdk,sqlite,createMany,794,31
sdk,sqlite,createMany,795,29
sdk,sqlite,createMany,796,22
sdk,sqlite,createMany,797,22
sdk,sqlite,createMany,798,31
sdk,sqlite,createMany,799,23
sdk,sqlite,createMany,800,19
sdk,sqlite,createMany,801,29
sdk,sqlite,createMany,802,23
sdk,sqlite,createMany,803,30
sdk,sqlite,createMany,804,27
sdk,sqlite,createMany,805,26
sdk,sqlite,createMany,806,23
sdk,sqlite,createMany,807,25
sdk,sqlite,createMany,808,23
sdk,sqlite,createMany,809,32
sdk,sqlite,createMany,810,27
sdk,sqlite,createMany,811,24
sdk,sqlite,createMany,812,28
sdk,sqlite,createMany,813,28
sdk,sqlite,createMany,814,33
sdk,sqlite,createMany,815,38
sdk,sqlite,createMany,816,22
sdk,sqlite,createMany,817,27
sdk,sqlite,createMany,818,23
sdk,sqlite,createMany,819,22
sdk,sqlite,createMany,820,27
sdk,sqlite,createMany,821,22
sdk,sqlite,createMany,822,30
sdk,sqlite,createMany,823,23
sdk,sqlite,createMany,824,28
sdk,sqlite,createMany,825,30
sdk,sqlite,createMany,826,27
sdk,sqlite,createMany,827,27
sdk,sqlite,createMany,828,29
sdk,sqlite,createMany,829,35
sdk,sqlite,createMany,830,23
sdk,sqlite,createMany,831,24
sdk,sqlite,createMany,832,23
sdk,sqlite,createMany,833,25
sdk,sqlite,createMany,834,23
sdk,sqlite,createMany,835,28
sdk,sqlite,createMany,836,25
sdk,sqlite,createMany,837,28
sdk,sqlite,createMany,838,30
sdk,sqlite,createMany,839,28
sdk,sqlite,createMany,840,27
sdk,sqlite,createMany,841,28
sdk,sqlite,createMany,842,40
sdk,sqlite,createMany,843,23
sdk,sqlite,createMany,844,23
sdk,sqlite,createMany,845,23
sdk,sqlite,createMany,846,24
sdk,sqlite,createMany,847,25
sdk,sqlite,createMany,848,23
sdk,sqlite,createMany,849,29
sdk,sqlite,createMany,850,27
sdk,sqlite,createMany,851,22
sdk,sqlite,createMany,852,23
sdk,sqlite,createMany,853,31
sdk,sqlite,createMany,854,28
sdk,sqlite,createMany,855,27
sdk,sqlite,createMany,856,26
sdk,sqlite,createMany,857,990
sdk,sqlite,createMany,858,30
sdk,sqlite,createMany,859,30
sdk,sqlite,createMany,860,88
sdk,sqlite,createMany,861,38
sdk,sqlite,createMany,862,83
sdk,sqlite,createMany,863,28
sdk,sqlite,createMany,864,32
sdk,sqlite,createMany,865,26
sdk,sqlite,createMany,866,24
sdk,sqlite,createMany,867,24
sdk,sqlite,createMany,868,28
sdk,sqlite,createMany,869,35
sdk,sqlite,createMany,870,20
sdk,sqlite,createMany,871,19
sdk,sqlite,createMany,872,19
sdk,sqlite,createMany,873,24
sdk,sqlite,createMany,874,19
sdk,sqlite,createMany,875,28
sdk,sqlite,createMany,876,19
sdk,sqlite,createMany,877,23
sdk,sqlite,createMany,878,19
sdk,sqlite,createMany,879,22
sdk,sqlite,createMany,880,20
sdk,sqlite,createMany,881,22
sdk,sqlite,createMany,882,32
sdk,sqlite,createMany,883,19
sdk,sqlite,createMany,884,19
sdk,sqlite,createMany,885,19
sdk,sqlite,createMany,886,28
sdk,sqlite,createMany,887,19
sdk,sqlite,createMany,888,19
sdk,sqlite,createMany,889,23
sdk,sqlite,createMany,890,19
sdk,sqlite,createMany,891,24
sdk,sqlite,createMany,892,18
sdk,sqlite,createMany,893,22
sdk,sqlite,createMany,894,18
sdk,sqlite,createMany,895,22
sdk,sqlite,createMany,896,29
sdk,sqlite,createMany,897,21
sdk,sqlite,createMany,898,19
sdk,sqlite,createMany,899,19
sdk,sqlite,createMany,900,33
sdk,sqlite,createMany,901,27
sdk,sqlite,createMany,902,37
sdk,sqlite,createMany,903,19
sdk,sqlite,createMany,904,23
sdk,sqlite,createMany,905,23
sdk,sqlite,createMany,906,24
sdk,sqlite,createMany,907,24
sdk,sqlite,createMany,908,28
sdk,sqlite,createMany,909,39
sdk,sqlite,createMany,910,24
sdk,sqlite,createMany,911,28
sdk,sqlite,createMany,912,19
sdk,sqlite,createMany,913,25
sdk,sqlite,createMany,914,25
sdk,sqlite,createMany,915,30
sdk,sqlite,createMany,916,28
sdk,sqlite,createMany,917,28
sdk,sqlite,createMany,918,21
sdk,sqlite,createMany,919,110
sdk,sqlite,createMany,920,31
sdk,sqlite,createMany,921,24
sdk,sqlite,createMany,922,24
sdk,sqlite,createMany,923,25
sdk,sqlite,createMany,924,37
sdk,sqlite,createMany,925,20
sdk,sqlite,createMany,926,19
sdk,sqlite,createMany,927,19
sdk,sqlite,createMany,928,23
sdk,sqlite,createMany,929,21
sdk,sqlite,createMany,930,25
sdk,sqlite,createMany,931,19
sdk,sqlite,createMany,932,24
sdk,sqlite,createMany,933,25
sdk,sqlite,createMany,934,23
sdk,sqlite,createMany,935,24
sdk,sqlite,createMany,936,25
sdk,sqlite,createMany,937,30
sdk,sqlite,createMany,938,20
sdk,sqlite,createMany,939,19
sdk,sqlite,createMany,940,21
sdk,sqlite,createMany,941,24
sdk,sqlite,createMany,942,19
sdk,sqlite,createMany,943,25
sdk,sqlite,createMany,944,20
sdk,sqlite,createMany,945,25
sdk,sqlite,createMany,946,25
sdk,sqlite,createMany,947,23
sdk,sqlite,createMany,948,23
sdk,sqlite,createMany,949,26
sdk,sqlite,createMany,950,28
sdk,sqlite,createMany,951,20
sdk,sqlite,createMany,952,23
sdk,sqlite,createMany,953,23
sdk,sqlite,createMany,954,23
sdk,sqlite,createMany,955,23
sdk,sqlite,createMany,956,29
sdk,sqlite,createMany,957,33
sdk,sqlite,createMany,958,19
sdk,sqlite,createMany,959,23
sdk,sqlite,createMany,960,19
sdk,sqlite,createMany,961,24
sdk,sqlite,createMany,962,24
sdk,sqlite,createMany,963,23
sdk,sqlite,createMany,964,19
sdk,sqlite,createMany,965,22
sdk,sqlite,createMany,966,21
sdk,sqlite,createMany,967,26
sdk,sqlite,createMany,968,23
sdk,sqlite,createMany,969,23
sdk,sqlite,createMany,970,25
sdk,sqlite,createMany,971,31
sdk,sqlite,createMany,972,21
sdk,sqlite,createMany,973,24
sdk,sqlite,createMany,974,19
sdk,sqlite,createMany,975,19
sdk,sqlite,createMany,976,24
sdk,sqlite,createMany,977,21
sdk,sqlite,createMany,978,24
sdk,sqlite,createMany,979,19
sdk,sqlite,createMany,980,23
sdk,sqlite,createMany,981,23
sdk,sqlite,createMany,982,25
sdk,sqlite,createMany,983,24
sdk,sqlite,createMany,984,25
sdk,sqlite,createMany,985,30
sdk,sqlite,createMany,986,20
sdk,sqlite,createMany,987,19
sdk,sqlite,createMany,988,21
sdk,sqlite,createMany,989,24
sdk,sqlite,createMany,990,19
sdk,sqlite,createMany,991,23
sdk,sqlite,createMany,992,19
sdk,sqlite,createMany,993,24
sdk,sqlite,createMany,994,25
sdk,sqlite,createMany,995,22
sdk,sqlite,createMany,996,24
sdk,sqlite,createMany,997,27
sdk,sqlite,createMany,998,28
sdk,sqlite,createMany,999,19
sdk,sqlite,upsertMany,0,22
sdk,sqlite,upsertMany,1,22
sdk,sqlite,upsertMany,2,22
sdk,sqlite,upsertMany,3,22
sdk,sqlite,upsertMany,4,22
sdk,sqlite,upsertMany,5,23
sdk,sqlite,upsertMany,6,22
sdk,sqlite,upsertMany,7,22
sdk,sqlite,upsertMany,8,21
sdk,sqlite,upsertMany,9,22
sdk,sqlite,upsertMany,10,22
sdk,sqlite,upsertMany,11,22
sdk,sqlite,upsertMany,12,22
sdk,sqlite,upsertMany,13,22
sdk,sqlite,upsertMany,14,22
sdk,sqlite,upsertMany,15,22
sdk,sqlite,upsertMany,16,22
sdk,sqlite,upsertMany,17,22
sdk,sqlite,upsertMany,18,22
sdk,sqlite,upsertMany,19,22
sdk,sqlite,upsertMany,20,23
sdk,sqlite,upsertMany,21,22
sdk,sqlite,upsertMany,22,22
sdk,sqlite,upsertMany,23,22
sdk,sqlite,upsertMany,24,22
sdk,sqlite,upsertMany,25,22
sdk,sqlite,upsertMany,26,22
sdk,sqlite,upsertMany,27,22
sdk,sqlite,upsertMany,28,22
sdk,sqlite,upsertMany,29,22
sdk,sqlite,upsertMany,30,22
sdk,sqlite,upsertMany,31,22
sdk,sqlite,upsertMany,32,22
sdk,sqlite,upsertMany,33,22
sdk,sqlite,upsertMany,34,22
sdk,sqlite,upsertMany,35,22
sdk,sqlite,upsertMany,36,22
sdk,sqlite,upsertMany,37,22
sdk,sqlite,upsertMany,38,22
sdk,sqlite,upsertMany,39,22
sdk,sqlite,upsertMany,40,22
sdk,sqlite,upsertMany,41,22
sdk,sqlite,upsertMany,42,22
sdk,sqlite,upsertMany,43,22
sdk,sqlite,upsertMany,44,22
sdk,sqlite,upsertMany,45,22
sdk,sqlite,upsertMany,46,22
sdk,sqlite,upsertMany,47,22
sdk,sqlite,upsertMany,48,22
sdk,sqlite,upsertMany,49,22
sdk,sqlite,upsertMany,50,22
sdk,sqlite,upsertMany,51,22
sdk,sqlite,upsertMany,52,22
sdk,sqlite,upsertMany,53,23
sdk,sqlite,upsertMany,54,22
sdk,sqlite,upsertMany,55,23
sdk,sqlite,upsertMany,56,23
sdk,sqlite,upsertMany,57,23
sdk,sqlite,upsertMany,58,22
sdk,sqlite,upsertMany,59,22
sdk,sqlite,upsertMany,60,23
sdk,sqlite,upsertMany,61,24
sdk,sqlite,upsertMany,62,22
sdk,sqlite,upsertMany,63,22
sdk,sqlite,upsertMany,64,21
sdk,sqlite,upsertMany,65,23
sdk,sqlite,upsertMany,66,22
sdk,sqlite,upsertMany,67,22
sdk,sqlite,upsertMany,68,21
sdk,sqlite,upsertMany,69,23
sdk,sqlite,upsertMany,70,22
sdk,sqlite,upsertMany,71,22
sdk,sqlite,upsertMany,72,22
sdk,sqlite,upsertMany,73,22
sdk,sqlite,upsertMany,74,23
sdk,sqlite,upsertMany,75,22
sdk,sqlite,upsertMany,76,23
sdk,sqlite,upsertMany,77,22
sdk,sqlite,upsertMany,78,22
sdk,sqlite,upsertMany,79,22
sdk,sqlite,upsertMany,80,22
sdk,sqlite,upsertMany,81,22
sdk,sqlite,upsertMany,82,22
sdk,sqlite,upsertMany,83,22
sdk,sqlite,upsertMany,84,22
sdk,sqlite,upsertMany,85,22
sdk,sqlite,upsertMany,86,22
sdk,sqlite,upsertMany,87,22
sdk,sqlite,upsertMany,88,22
sdk,sqlite,upsertMany,89,22
sdk,sqlite,upsertMany,90,22
sdk,sqlite,upsertMany,91,22
sdk,sqlite,upsertMany,92,22
sdk,sqlite,upsertMany,93,22
sdk,sqlite,upsertMany,94,22
sdk,sqlite,upsertMany,95,22
sdk,sqlite,upsertMany,96,22
sdk,sqlite,upsertMany,97,22
sdk,sqlite,upsertMany,98,22
sdk,sqlite,upsertMany,99,22
sdk,sqlite,upsertMany,100,22
sdk,sqlite,upsertMany,101,22
sdk,sqlite,upsertMany,102,22
sdk,sqlite,upsertMany,103,22
sdk,sqlite,upsertMany,104,22
sdk,sqlite,upsertMany,105,22
sdk,sqlite,upsertMany,106,22
sdk,sqlite,upsertMany,107,22
sdk,sqlite,upsertMany,108,22
sdk,sqlite,upsertMany,109,22
sdk,sqlite,upsertMany,110,23
sdk,sqlite,upsertMany,111,22
sdk,sqlite,upsertMany,112,21
sdk,sqlite,upsertMany,113,22
sdk,sqlite,upsertMany,114,22
sdk,sqlite,upsertMany,115,22
sdk,sqlite,upsertMany,116,22
sdk,sqlite,upsertMany,117,22
sdk,sqlite,upsertMany,118,22
sdk,sqlite,upsertMany,119,22
sdk,sqlite,upsertMany,120,22
sdk,sqlite,upsertMany,121,22
sdk,sqlite,upsertMany,122,22
sdk,sqlite,upsertMany,123,206
sdk,sqlite,upsertMany,124,40
sdk,sqlite,upsertMany,125,25
sdk,sqlite,upsertMany,126,24
sdk,sqlite,upsertMany,127,23
sdk,sqlite,upsertMany,128,22
sdk,sqlite,upsertMany,129,23
sdk,sqlite,upsertMany,130,22
sdk,sqlite,upsertMany,131,22
sdk,sqlite,upsertMany,132,22
sdk,sqlite,upsertMany,133,22
sdk,sqlite,upsertMany,134,22
sdk,sqlite,upsertMany,135,22
sdk,sqlite,upsertMany,136,22
sdk,sqlite,upsertMany,137,22
sdk,sqlite,upsertMany,138,23
sdk,sqlite,upsertMany,139,22
sdk,sqlite,upsertMany,140,23
sdk,sqlite,upsertMany,141,22
sdk,sqlite,upsertMany,142,22
sdk,sqlite,upsertMany,143,21
sdk,sqlite,upsertMany,144,22
sdk,sqlite,upsertMany,145,22
sdk,sqlite,upsertMany,146,22
sdk,sqlite,upsertMany,147,21
sdk,sqlite,upsertMany,148,22
sdk,sqlite,upsertMany,149,22
sdk,sqlite,upsertMany,150,22
sdk,sqlite,upsertMany,151,22
sdk,sqlite,upsertMany,152,22
sdk,sqlite,upsertMany,153,22
sdk,sqlite,upsertMany,154,22
sdk,sqlite,upsertMany,155,22
sdk,sqlite,upsertMany,156,22
sdk,sqlite,upsertMany,157,22
sdk,sqlite,upsertMany,158,22
sdk,sqlite,upsertMany,159,22
sdk,sqlite,upsertMany,160,22
sdk,sqlite,upsertMany,161,22
sdk,sqlite,upsertMany,162,22
sdk,sqlite,upsertMany,163,22
sdk,sqlite,upsertMany,164,21
sdk,sqlite,upsertMany,165,22
sdk,sqlite,upsertMany,166,22
sdk,sqlite,upsertMany,167,21
sdk,sqlite,upsertMany,168,22
sdk,sqlite,upsertMany,169,22
sdk,sqlite,upsertMany,170,22
sdk,sqlite,upsertMany,171,22
sdk,sqlite,upsertMany,172,22
sdk,sqlite,upsertMany,173,22
sdk,sqlite,upsertMany,174,22
sdk,sqlite,upsertMany,175,22
sdk,sqlite,upsertMany,176,22
sdk,sqlite,upsertMany,177,22
sdk,sqlite,upsertMany,178,22
sdk,sqlite,upsertMany,179,22
sdk,sqlite,upsertMany,180,22
sdk,sqlite,upsertMany,181,21
sdk,sqlite,upsertMany,182,22
sdk,sqlite,upsertMany,183,22
sdk,sqlite,upsertMany,184,22
sdk,sqlite,upsertMany,185,22
sdk,sqlite,upsertMany,186,22
sdk,sqlite,upsertMany,187,22
sdk,sqlite,upsertMany,188,22
sdk,sqlite,upsertMany,189,22
sdk,sqlite,upsertMany,190,22
sdk,sqlite,upsertMany,191,22
sdk,sqlite,upsertMany,192,22
sdk,sqlite,upsertMany,193,22
sdk,sqlite,upsertMany,194,22
sdk,sqlite,upsertMany,195,22
sdk,sqlite,upsertMany,196,23
sdk,sqlite,upsertMany,197,22
sdk,sqlite,upsertMany,198,22
sdk,sqlite,upsertMany,199,22
sdk,sqlite,upsertMany,200,22
sdk,sqlite,upsertMany,201,21
sdk,sqlite,upsertMany,202,22
sdk,sqlite,upsertMany,203,22
sdk,sqlite,upsertMany,204,22
sdk,sqlite,upsertMany,205,22
sdk,sqlite,upsertMany,206,22
sdk,sqlite,upsertMany,207,22
sdk,sqlite,upsertMany,208,22
sdk,sqlite,upsertMany,209,21
sdk,sqlite,upsertMany,210,22
sdk,sqlite,upsertMany,211,22
sdk,sqlite,upsertMany,212,22
sdk,sqlite,upsertMany,213,22
sdk,sqlite,upsertMany,214,22
sdk,sqlite,upsertMany,215,21
sdk,sqlite,upsertMany,216,22
sdk,sqlite,upsertMany,217,22
sdk,sqlite,upsertMany,218,22
sdk,sqlite,upsertMany,219,21
sdk,sqlite,upsertMany,220,22
sdk,sqlite,upsertMany,221,21
sdk,sqlite,upsertMany,222,21
sdk,sqlite,upsertMany,223,22
sdk,sqlite,upsertMany,224,21
sdk,sqlite,upsertMany,225,21
sdk,sqlite,upsertMany,226,22
sdk,sqlite,upsertMany,227,22
sdk,sqlite,upsertMany,228,22
sdk,sqlite,upsertMany,229,22
sdk,sqlite,upsertMany,230,22
sdk,sqlite,upsertMany,231,21
sdk,sqlite,upsertMany,232,22
sdk,sqlite,upsertMany,233,22
sdk,sqlite,upsertMany,234,21
sdk,sqlite,upsertMany,235,23
sdk,sqlite,upsertMany,236,21
sdk,sqlite,upsertMany,237,22
sdk,sqlite,upsertMany,238,22
sdk,sqlite,upsertMany,239,22
sdk,sqlite,upsertMany,240,21
sdk,sqlite,upsertMany,241,21
sdk,sqlite,upsertMany,242,21
sdk,sqlite,upsertMany,243,21
sdk,sqlite,upsertMany,244,22
sdk,sqlite,upsertMany,245,21
sdk,sqlite,upsertMany,246,21
sdk,sqlite,upsertMany,247,22
sdk,sqlite,upsertMany,248,21
sdk,sqlite,upsertMany,249,21
sdk,sqlite,upsertMany,250,23
sdk,sqlite,upsertMany,251,22
sdk,sqlite,upsertMany,252,22
sdk,sqlite,upsertMany,253,22
sdk,sqlite,upsertMany,254,22
sdk,sqlite,upsertMany,255,22
sdk,sqlite,upsertMany,256,21
sdk,sqlite,upsertMany,257,21
sdk,sqlite,upsertMany,258,21
sdk,sqlite,upsertMany,259,21
sdk,sqlite,upsertMany,260,22
sdk,sqlite,upsertMany,261,22
sdk,sqlite,upsertMany,262,22
sdk,sqlite,upsertMany,263,21
sdk,sqlite,upsertMany,264,22
sdk,sqlite,upsertMany,265,22
sdk,sqlite,upsertMany,266,22
sdk,sqlite,upsertMany,267,22
sdk,sqlite,upsertMany,268,23
sdk,sqlite,upsertMany,269,22
sdk,sqlite,upsertMany,270,22
sdk,sqlite,upsertMany,271,22
sdk,sqlite,upsertMany,272,23
sdk,sqlite,upsertMany,273,23
sdk,sqlite,upsertMany,274,22
sdk,sqlite,upsertMany,275,22
sdk,sqlite,upsertMany,276,22
sdk,sqlite,upsertMany,277,22
sdk,sqlite,upsertMany,278,23
sdk,sqlite,upsertMany,279,24
sdk,sqlite,upsertMany,280,23
sdk,sqlite,upsertMany,281,21
sdk,sqlite,upsertMany,282,22
sdk,sqlite,upsertMany,283,23
sdk,sqlite,upsertMany,284,22
sdk,sqlite,upsertMany,285,22
sdk,sqlite,upsertMany,286,21
sdk,sqlite,upsertMany,287,22
sdk,sqlite,upsertMany,288,23
sdk,sqlite,upsertMany,289,22
sdk,sqlite,upsertMany,290,22
sdk,sqlite,upsertMany,291,23
sdk,sqlite,upsertMany,292,23
sdk,sqlite,upsertMany,293,23
sdk,sqlite,upsertMany,294,21
sdk,sqlite,upsertMany,295,21
sdk,sqlite,upsertMany,296,21
sdk,sqlite,upsertMany,297,22
sdk,sqlite,upsertMany,298,21
sdk,sqlite,upsertMany,299,21
sdk,sqlite,upsertMany,300,21
sdk,sqlite,upsertMany,301,22
sdk,sqlite,upsertMany,302,22
sdk,sqlite,upsertMany,303,22
sdk,sqlite,upsertMany,304,21
sdk,sqlite,upsertMany,305,21
sdk,sqlite,upsertMany,306,22
sdk,sqlite,upsertMany,307,22
sdk,sqlite,upsertMany,308,21
sdk,sqlite,upsertMany,309,22
sdk,sqlite,upsertMany,310,21
sdk,sqlite,upsertMany,311,22
sdk,sqlite,upsertMany,312,22
sdk,sqlite,upsertMany,313,21
sdk,sqlite,upsertMany,314,22
sdk,sqlite,upsertMany,315,22
sdk,sqlite,upsertMany,316,22
sdk,sqlite,upsertMany,317,21
sdk,sqlite,upsertMany,318,22
sdk,sqlite,upsertMany,319,21
sdk,sqlite,upsertMany,320,21
sdk,sqlite,upsertMany,321,21
sdk,sqlite,upsertMany,322,21
sdk,sqlite,upsertMany,323,21
sdk,sqlite,upsertMany,324,22
sdk,sqlite,upsertMany,325,22
sdk,sqlite,upsertMany,326,21
sdk,sqlite,upsertMany,327,21
sdk,sqlite,upsertMany,328,21
sdk,sqlite,upsertMany,329,21
sdk,sqlite,upsertMany,330,21
sdk,sqlite,upsertMany,331,21
sdk,sqlite,upsertMany,332,21
sdk,sqlite,upsertMany,333,21
sdk,sqlite,upsertMany,334,21
sdk,sqlite,upsertMany,335,21
sdk,sqlite,upsertMany,336,21
sdk,sqlite,upsertMany,337,21
sdk,sqlite,upsertMany,338,22
sdk,sqlite,upsertMany,339,22
sdk,sqlite,upsertMany,340,22
sdk,sqlite,upsertMany,341,22
sdk,sqlite,upsertMany,342,23
sdk,sqlite,upsertMany,343,24
sdk,sqlite,upsertMany,344,23
sdk,sqlite,upsertMany,345,21
sdk,sqlite,upsertMany,346,21
sdk,sqlite,upsertMany,347,22
sdk,sqlite,upsertMany,348,22
sdk,sqlite,upsertMany,349,22
sdk,sqlite,upsertMany,350,22
sdk,sqlite,upsertMany,351,22
sdk,sqlite,upsertMany,352,21
sdk,sqlite,upsertMany,353,21
sdk,sqlite,upsertMany,354,21
sdk,sqlite,upsertMany,355,22
sdk,sqlite,upsertMany,356,22
sdk,sqlite,upsertMany,357,23
sdk,sqlite,upsertMany,358,21
sdk,sqlite,upsertMany,359,21
sdk,sqlite,upsertMany,360,23
sdk,sqlite,upsertMany,361,22
sdk,sqlite,upsertMany,362,22
sdk,sqlite,upsertMany,363,21
sdk,sqlite,upsertMany,364,21
sdk,sqlite,upsertMany,365,21
sdk,sqlite,upsertMany,366,22
sdk,sqlite,upsertMany,367,21
sdk,sqlite,upsertMany,368,22
sdk,sqlite,upsertMany,369,23
sdk,sqlite,upsertMany,370,21
sdk,sqlite,upsertMany,371,23
sdk,sqlite,upsertMany,372,21
sdk,sqlite,upsertMany,373,22
sdk,sqlite,upsertMany,374,23
sdk,sqlite,upsertMany,375,21
sdk,sqlite,upsertMany,376,21
sdk,sqlite,upsertMany,377,22
sdk,sqlite,upsertMany,378,22
sdk,sqlite,upsertMany,379,22
sdk,sqlite,upsertMany,380,22
sdk,sqlite,upsertMany,381,22
sdk,sqlite,upsertMany,382,21
sdk,sqlite,upsertMany,383,22
sdk,sqlite,upsertMany,384,21
sdk,sqlite,upsertMany,385,22
sdk,sqlite,upsertMany,386,21
sdk,sqlite,upsertMany,387,22
sdk,sqlite,upsertMany,388,22
sdk,sqlite,upsertMany,389,22
sdk,sqlite,upsertMany,390,23
sdk,sqlite,upsertMany,391,22
sdk,sqlite,upsertMany,392,21
sdk,sqlite,upsertMany,393,21
sdk,sqlite,upsertMany,394,22
sdk,sqlite,upsertMany,395,21
sdk,sqlite,upsertMany,396,22
sdk,sqlite,upsertMany,397,21
sdk,sqlite,upsertMany,398,22
sdk,sqlite,upsertMany,399,22
sdk,sqlite,upsertMany,400,22
sdk,sqlite,upsertMany,401,21
sdk,sqlite,upsertMany,402,22
sdk,sqlite,upsertMany,403,21
sdk,sqlite,upsertMany,404,21
sdk,sqlite,upsertMany,405,21
sdk,sqlite,upsertMany,406,21
sdk,sqlite,upsertMany,407,21
sdk,sqlite,upsertMany,408,21
sdk,sqlite,upsertMany,409,21
sdk,sqlite,upsertMany,410,21
sdk,sqlite,upsertMany,411,21
sdk,sqlite,upsertMany,412,21
sdk,sqlite,upsertMany,413,22
sdk,sqlite,upsertMany,414,22
sdk,sqlite,upsertMany,415,21
sdk,sqlite,upsertMany,416,21
sdk,sqlite,upsertMany,417,22
sdk,sqlite,upsertMany,418,21
sdk,sqlite,upsertMany,419,21
sdk,sqlite,upsertMany,420,22
sdk,sqlite,upsertMany,421,21
sdk,sqlite,upsertMany,422,22
sdk,sqlite,upsertMany,423,23
sdk,sqlite,upsertMany,424,22
sdk,sqlite,upsertMany,425,22
sdk,sqlite,upsertMany,426,21
sdk,sqlite,upsertMany,427,22
sdk,sqlite,upsertMany,428,22
sdk,sqlite,upsertMany,429,22
sdk,sqlite,upsertMany,430,23
sdk,sqlite,upsertMany,431,22
sdk,sqlite,upsertMany,432,22
sdk,sqlite,upsertMany,433,23
sdk,sqlite,upsertMany,434,23
sdk,sqlite,upsertMany,435,23
sdk,sqlite,upsertMany,436,23
sdk,sqlite,upsertMany,437,22
sdk,sqlite,upsertMany,438,22
sdk,sqlite,upsertMany,439,22
sdk,sqlite,upsertMany,440,23
sdk,sqlite,upsertMany,441,22
sdk,sqlite,upsertMany,442,22
sdk,sqlite,upsertMany,443,21
sdk,sqlite,upsertMany,444,22
sdk,sqlite,upsertMany,445,22
sdk,sqlite,upsertMany,446,21
sdk,sqlite,upsertMany,447,21
sdk,sqlite,upsertMany,448,21
sdk,sqlite,upsertMany,449,21
sdk,sqlite,upsertMany,450,21
sdk,sqlite,upsertMany,451,21
sdk,sqlite,upsertMany,452,21
sdk,sqlite,upsertMany,453,21
sdk,sqlite,upsertMany,454,21
sdk,sqlite,upsertMany,455,21
sdk,sqlite,upsertMany,456,21
sdk,sqlite,upsertMany,457,22
sdk,sqlite,upsertMany,458,22
sdk,sqlite,upsertMany,459,21
sdk,sqlite,upsertMany,460,21
sdk,sqlite,upsertMany,461,21
sdk,sqlite,upsertMany,462,21
sdk,sqlite,upsertMany,463,21
sdk,sqlite,upsertMany,464,22
sdk,sqlite,upsertMany,465,21
sdk,sqlite,upsertMany,466,21
sdk,sqlite,upsertMany,467,21
sdk,sqlite,upsertMany,468,25
sdk,sqlite,upsertMany,469,22
sdk,sqlite,upsertMany,470,22
sdk,sqlite,upsertMany,471,21
sdk,sqlite,upsertMany,472,22
sdk,sqlite,upsertMany,473,21
sdk,sqlite,upsertMany,474,21
sdk,sqlite,upsertMany,475,22
sdk,sqlite,upsertMany,476,21
sdk,sqlite,upsertMany,477,21
sdk,sqlite,upsertMany,478,22
sdk,sqlite,upsertMany,479,21
sdk,sqlite,upsertMany,480,21
sdk,sqlite,upsertMany,481,22
sdk,sqlite,upsertMany,482,22
sdk,sqlite,upsertMany,483,22
sdk,sqlite,upsertMany,484,22
sdk,sqlite,upsertMany,485,24
sdk,sqlite,upsertMany,486,22
sdk,sqlite,upsertMany,487,76
sdk,sqlite,upsertMany,488,29
sdk,sqlite,upsertMany,489,25
sdk,sqlite,upsertMany,490,24
sdk,sqlite,upsertMany,491,25
sdk,sqlite,upsertMany,492,23
sdk,sqlite,upsertMany,493,23
sdk,sqlite,upsertMany,494,22
sdk,sqlite,upsertMany,495,22
sdk,sqlite,upsertMany,496,22
sdk,sqlite,upsertMany,497,22
sdk,sqlite,upsertMany,498,22
sdk,sqlite,upsertMany,499,22
sdk,sqlite,upsertMany,500,22
sdk,sqlite,upsertMany,501,22
sdk,sqlite,upsertMany,502,23
sdk,sqlite,upsertMany,503,23
sdk,sqlite,upsertMany,504,22
sdk,sqlite,upsertMany,505,22
sdk,sqlite,upsertMany,506,22
sdk,sqlite,upsertMany,507,22
sdk,sqlite,upsertMany,508,22
sdk,sqlite,upsertMany,509,22
sdk,sqlite,upsertMany,510,22
sdk,sqlite,upsertMany,511,23
sdk,sqlite,upsertMany,512,22
sdk,sqlite,upsertMany,513,23
sdk,sqlite,upsertMany,514,22
sdk,sqlite,upsertMany,515,22
sdk,sqlite,upsertMany,516,22
sdk,sqlite,upsertMany,517,23
sdk,sqlite,upsertMany,518,22
sdk,sqlite,upsertMany,519,23
sdk,sqlite,upsertMany,520,22
sdk,sqlite,upsertMany,521,22
sdk,sqlite,upsertMany,522,22
sdk,sqlite,upsertMany,523,22
sdk,sqlite,upsertMany,524,22
sdk,sqlite,upsertMany,525,22
sdk,sqlite,upsertMany,526,22
sdk,sqlite,upsertMany,527,22
sdk,sqlite,upsertMany,528,22
sdk,sqlite,upsertMany,529,22
sdk,sqlite,upsertMany,530,22
sdk,sqlite,upsertMany,531,22
sdk,sqlite,upsertMany,532,24
sdk,sqlite,upsertMany,533,22
sdk,sqlite,upsertMany,534,24
sdk,sqlite,upsertMany,535,23
sdk,sqlite,upsertMany,536,22
sdk,sqlite,upsertMany,537,22
sdk,sqlite,upsertMany,538,22
sdk,sqlite,upsertMany,539,22
sdk,sqlite,upsertMany,540,22
sdk,sqlite,upsertMany,541,22
sdk,sqlite,upsertMany,542,22
sdk,sqlite,upsertMany,543,22
sdk,sqlite,upsertMany,544,22
sdk,sqlite,upsertMany,545,22
sdk,sqlite,upsertMany,546,22
sdk,sqlite,upsertMany,547,22
sdk,sqlite,upsertMany,548,22
sdk,sqlite,upsertMany,549,25
sdk,sqlite,upsertMany,550,22
sdk,sqlite,upsertMany,551,22
sdk,sqlite,upsertMany,552,22
sdk,sqlite,upsertMany,553,22
sdk,sqlite,upsertMany,554,22
sdk,sqlite,upsertMany,555,22
sdk,sqlite,upsertMany,556,22
sdk,sqlite,upsertMany,557,83
sdk,sqlite,upsertMany,558,36
sdk,sqlite,upsertMany,559,25
sdk,sqlite,upsertMany,560,23
sdk,sqlite,upsertMany,561,22
sdk,sqlite,upsertMany,562,23
sdk,sqlite,upsertMany,563,22
sdk,sqlite,upsertMany,564,23
sdk,sqlite,upsertMany,565,22
sdk,sqlite,upsertMany,566,22
sdk,sqlite,upsertMany,567,22
sdk,sqlite,upsertMany,568,22
sdk,sqlite,upsertMany,569,22
sdk,sqlite,upsertMany,570,22
sdk,sqlite,upsertMany,571,22
sdk,sqlite,upsertMany,572,22
sdk,sqlite,upsertMany,573,22
sdk,sqlite,upsertMany,574,49
sdk,sqlite,upsertMany,575,29
sdk,sqlite,upsertMany,576,25
sdk,sqlite,upsertMany,577,23
sdk,sqlite,upsertMany,578,23
sdk,sqlite,upsertMany,579,22
sdk,sqlite,upsertMany,580,22
sdk,sqlite,upsertMany,581,22
sdk,sqlite,upsertMany,582,22
sdk,sqlite,upsertMany,583,22
sdk,sqlite,upsertMany,584,22
sdk,sqlite,upsertMany,585,23
sdk,sqlite,upsertMany,586,22
sdk,sqlite,upsertMany,587,23
sdk,sqlite,upsertMany,588,22
sdk,sqlite,upsertMany,589,22
sdk,sqlite,upsertMany,590,22
sdk,sqlite,upsertMany,591,22
sdk,sqlite,upsertMany,592,22
sdk,sqlite,upsertMany,593,22
sdk,sqlite,upsertMany,594,22
sdk,sqlite,upsertMany,595,22
sdk,sqlite,upsertMany,596,22
sdk,sqlite,upsertMany,597,22
sdk,sqlite,upsertMany,598,22
sdk,sqlite,upsertMany,599,22
sdk,sqlite,upsertMany,600,22
sdk,sqlite,upsertMany,601,23
sdk,sqlite,upsertMany,602,22
sdk,sqlite,upsertMany,603,22
sdk,sqlite,upsertMany,604,22
sdk,sqlite,upsertMany,605,22
sdk,sqlite,upsertMany,606,22
sdk,sqlite,upsertMany,607,22
sdk,sqlite,upsertMany,608,22
sdk,sqlite,upsertMany,609,22
sdk,sqlite,upsertMany,610,22
sdk,sqlite,upsertMany,611,22
sdk,sqlite,upsertMany,612,22
sdk,sqlite,upsertMany,613,22
sdk,sqlite,upsertMany,614,22
sdk,sqlite,upsertMany,615,22
sdk,sqlite,upsertMany,616,22
sdk,sqlite,upsertMany,617,22
sdk,sqlite,upsertMany,618,22
sdk,sqlite,upsertMany,619,22
sdk,sqlite,upsertMany,620,22
sdk,sqlite,upsertMany,621,22
sdk,sqlite,upsertMany,622,22
sdk,sqlite,upsertMany,623,22
sdk,sqlite,upsertMany,624,22
sdk,sqlite,upsertMany,625,22
sdk,sqlite,upsertMany,626,22
sdk,sqlite,upsertMany,627,22
sdk,sqlite,upsertMany,628,22
sdk,sqlite,upsertMany,629,22
sdk,sqlite,upsertMany,630,22
sdk,sqlite,upsertMany,631,22
sdk,sqlite,upsertMany,632,22
sdk,sqlite,upsertMany,633,22
sdk,sqlite,upsertMany,634,22
sdk,sqlite,upsertMany,635,22
sdk,sqlite,upsertMany,636,22
sdk,sqlite,upsertMany,637,22
sdk,sqlite,upsertMany,638,22
sdk,sqlite,upsertMany,639,22
sdk,sqlite,upsertMany,640,22
sdk,sqlite,upsertMany,641,22
sdk,sqlite,upsertMany,642,22
sdk,sqlite,upsertMany,643,22
sdk,sqlite,upsertMany,644,22
sdk,sqlite,upsertMany,645,22
sdk,sqlite,upsertMany,646,22
sdk,sqlite,upsertMany,647,22
sdk,sqlite,upsertMany,648,22
sdk,sqlite,upsertMany,649,22
sdk,sqlite,upsertMany,650,22
sdk,sqlite,upsertMany,651,22
sdk,sqlite,upsertMany,652,22
sdk,sqlite,upsertMany,653,22
sdk,sqlite,upsertMany,654,22
sdk,sqlite,upsertMany,655,22
sdk,sqlite,upsertMany,656,22
sdk,sqlite,upsertMany,657,22
sdk,sqlite,upsertMany,658,22
sdk,sqlite,upsertMany,659,22
sdk,sqlite,upsertMany,660,21
sdk,sqlite,upsertMany,661,21
sdk,sqlite,upsertMany,662,21
sdk,sqlite,upsertMany,663,21
sdk,sqlite,upsertMany,664,23
sdk,sqlite,upsertMany,665,23
sdk,sqlite,upsertMany,666,22
sdk,sqlite,upsertMany,667,22
sdk,sqlite,upsertMany,668,22
sdk,sqlite,upsertMany,669,22
sdk,sqlite,upsertMany,670,22
sdk,sqlite,upsertMany,671,22
sdk,sqlite,upsertMany,672,22
sdk,sqlite,upsertMany,673,22
sdk,sqlite,upsertMany,674,22
sdk,sqlite,upsertMany,675,22
sdk,sqlite,upsertMany,676,22
sdk,sqlite,upsertMany,677,22
sdk,sqlite,upsertMany,678,22
sdk,sqlite,upsertMany,679,22
sdk,sqlite,upsertMany,680,22
sdk,sqlite,upsertMany,681,22
sdk,sqlite,upsertMany,682,22
sdk,sqlite,upsertMany,683,22
sdk,sqlite,upsertMany,684,22
sdk,sqlite,upsertMany,685,22
sdk,sqlite,upsertMany,686,22
sdk,sqlite,upsertMany,687,22
sdk,sqlite,upsertMany,688,22
sdk,sqlite,upsertMany,689,22
sdk,sqlite,upsertMany,690,22
sdk,sqlite,upsertMany,691,22
sdk,sqlite,upsertMany,692,22
sdk,sqlite,upsertMany,693,22
sdk,sqlite,upsertMany,694,22
sdk,sqlite,upsertMany,695,22
sdk,sqlite,upsertMany,696,22
sdk,sqlite,upsertMany,697,22
sdk,sqlite,upsertMany,698,22
sdk,sqlite,upsertMany,699,22
sdk,sqlite,upsertMany,700,22
sdk,sqlite,upsertMany,701,22
sdk,sqlite,upsertMany,702,22
sdk,sqlite,upsertMany,703,22
sdk,sqlite,upsertMany,704,22
sdk,sqlite,upsertMany,705,22
sdk,sqlite,upsertMany,706,22
sdk,sqlite,upsertMany,707,22
sdk,sqlite,upsertMany,708,22
sdk,sqlite,upsertMany,709,22
sdk,sqlite,upsertMany,710,22
sdk,sqlite,upsertMany,711,22
sdk,sqlite,upsertMany,712,22
sdk,sqlite,upsertMany,713,22
sdk,sqlite,upsertMany,714,22
sdk,sqlite,upsertMany,715,22
sdk,sqlite,upsertMany,716,22
sdk,sqlite,upsertMany,717,22
sdk,sqlite,upsertMany,718,22
sdk,sqlite,upsertMany,719,22
sdk,sqlite,upsertMany,720,22
sdk,sqlite,upsertMany,721,22
sdk,sqlite,upsertMany,722,22
sdk,sqlite,upsertMany,723,22
sdk,sqlite,upsertMany,724,22
sdk,sqlite,upsertMany,725,22
sdk,sqlite,upsertMany,726,22
sdk,sqlite,upsertMany,727,22
sdk,sqlite,upsertMany,728,22
sdk,sqlite,upsertMany,729,22
sdk,sqlite,upsertMany,730,22
sdk,sqlite,upsertMany,731,22
sdk,sqlite,upsertMany,732,22
sdk,sqlite,upsertMany,733,22
sdk,sqlite,upsertMany,734,22
sdk,sqlite,upsertMany,735,22
sdk,sqlite,upsertMany,736,22
sdk,sqlite,upsertMany,737,22
sdk,sqlite,upsertMany,738,22
sdk,sqlite,upsertMany,739,22
sdk,sqlite,upsertMany,740,22
sdk,sqlite,upsertMany,741,22
sdk,sqlite,upsertMany,742,22
sdk,sqlite,upsertMany,743,22
sdk,sqlite,upsertMany,744,22
sdk,sqlite,upsertMany,745,22
sdk,sqlite,upsertMany,746,22
sdk,sqlite,upsertMany,747,22
sdk,sqlite,upsertMany,748,22
sdk,sqlite,upsertMany,749,22
sdk,sqlite,upsertMany,750,24
sdk,sqlite,upsertMany,751,22
sdk,sqlite,upsertMany,752,22
sdk,sqlite,upsertMany,753,22
sdk,sqlite,upsertMany,754,22
sdk,sqlite,upsertMany,755,22
sdk,sqlite,upsertMany,756,22
sdk,sqlite,upsertMany,757,22
sdk,sqlite,upsertMany,758,22
sdk,sqlite,upsertMany,759,22
sdk,sqlite,upsertMany,760,22
sdk,sqlite,upsertMany,761,22
sdk,sqlite,upsertMany,762,22
sdk,sqlite,upsertMany,763,22
sdk,sqlite,upsertMany,764,22
sdk,sqlite,upsertMany,765,22
sdk,sqlite,upsertMany,766,22
sdk,sqlite,upsertMany,767,22
sdk,sqlite,upsertMany,768,22
sdk,sqlite,upsertMany,769,22
sdk,sqlite,upsertMany,770,22
sdk,sqlite,upsertMany,771,22
sdk,sqlite,upsertMany,772,22
sdk,sqlite,upsertMany,773,22
sdk,sqlite,upsertMany,774,22
sdk,sqlite,upsertMany,775,22
sdk,sqlite,upsertMany,776,22
sdk,sqlite,upsertMany,777,22
sdk,sqlite,upsertMany,778,22
sdk,sqlite,upsertMany,779,22
sdk,sqlite,upsertMany,780,22
sdk,sqlite,upsertMany,781,22
sdk,sqlite,upsertMany,782,22
sdk,sqlite,upsertMany,783,22
sdk,sqlite,upsertMany,784,22
sdk,sqlite,upsertMany,785,22
sdk,sqlite,upsertMany,786,22
sdk,sqlite,upsertMany,787,22
sdk,sqlite,upsertMany,788,22
sdk,sqlite,upsertMany,789,22
sdk,sqlite,upsertMany,790,22
sdk,sqlite,upsertMany,791,63
sdk,sqlite,upsertMany,792,31
sdk,sqlite,upsertMany,793,25
sdk,sqlite,upsertMany,794,24
sdk,sqlite,upsertMany,795,23
sdk,sqlite,upsertMany,796,23
sdk,sqlite,upsertMany,797,23
sdk,sqlite,upsertMany,798,22
sdk,sqlite,upsertMany,799,23
sdk,sqlite,upsertMany,800,22
sdk,sqlite,upsertMany,801,22
sdk,sqlite,upsertMany,802,22
sdk,sqlite,upsertMany,803,22
sdk,sqlite,upsertMany,804,22
sdk,sqlite,upsertMany,805,22
sdk,sqlite,upsertMany,806,22
sdk,sqlite,upsertMany,807,22
sdk,sqlite,upsertMany,808,22
sdk,sqlite,upsertMany,809,22
sdk,sqlite,upsertMany,810,22
sdk,sqlite,upsertMany,811,22
sdk,sqlite,upsertMany,812,22
sdk,sqlite,upsertMany,813,22
sdk,sqlite,upsertMany,814,22
sdk,sqlite,upsertMany,815,22
sdk,sqlite,upsertMany,816,22
sdk,sqlite,upsertMany,817,22
sdk,sqlite,upsertMany,818,22
sdk,sqlite,upsertMany,819,22
sdk,sqlite,upsertMany,820,22
sdk,sqlite,upsertMany,821,22
sdk,sqlite,upsertMany,822,22
sdk,sqlite,upsertMany,823,22
sdk,sqlite,upsertMany,824,22
sdk,sqlite,upsertMany,825,22
sdk,sqlite,upsertMany,826,22
sdk,sqlite,upsertMany,827,22
sdk,sqlite,upsertMany,828,22
sdk,sqlite,upsertMany,829,22
sdk,sqlite,upsertMany,830,66
sdk,sqlite,upsertMany,831,29
sdk,sqlite,upsertMany,832,23
sdk,sqlite,upsertMany,833,22
sdk,sqlite,upsertMany,834,22
sdk,sqlite,upsertMany,835,22
sdk,sqlite,upsertMany,836,22
sdk,sqlite,upsertMany,837,22
sdk,sqlite,upsertMany,838,21
sdk,sqlite,upsertMany,839,22
sdk,sqlite,upsertMany,840,22
sdk,sqlite,upsertMany,841,22
sdk,sqlite,upsertMany,842,22
sdk,sqlite,upsertMany,843,22
sdk,sqlite,upsertMany,844,22
sdk,sqlite,upsertMany,845,22
sdk,sqlite,upsertMany,846,22
sdk,sqlite,upsertMany,847,22
sdk,sqlite,upsertMany,848,22
sdk,sqlite,upsertMany,849,22
sdk,sqlite,upsertMany,850,21
sdk,sqlite,upsertMany,851,22
sdk,sqlite,upsertMany,852,22
sdk,sqlite,upsertMany,853,21
sdk,sqlite,upsertMany,854,22
sdk,sqlite,upsertMany,855,22
sdk,sqlite,upsertMany,856,21
sdk,sqlite,upsertMany,857,22
sdk,sqlite,upsertMany,858,21
sdk,sqlite,upsertMany,859,22
sdk,sqlite,upsertMany,860,22
sdk,sqlite,upsertMany,861,22
sdk,sqlite,upsertMany,862,21
sdk,sqlite,upsertMany,863,22
sdk,sqlite,upsertMany,864,22
sdk,sqlite,upsertMany,865,22
sdk,sqlite,upsertMany,866,22
sdk,sqlite,upsertMany,867,22
sdk,sqlite,upsertMany,868,22
sdk,sqlite,upsertMany,869,22
sdk,sqlite,upsertMany,870,50
sdk,sqlite,upsertMany,871,24
sdk,sqlite,upsertMany,872,22
sdk,sqlite,upsertMany,873,22
sdk,sqlite,upsertMany,874,22
sdk,sqlite,upsertMany,875,22
sdk,sqlite,upsertMany,876,22
sdk,sqlite,upsertMany,877,22
sdk,sqlite,upsertMany,878,22
sdk,sqlite,upsertMany,879,22
sdk,sqlite,upsertMany,880,22
sdk,sqlite,upsertMany,881,22
sdk,sqlite,upsertMany,882,22
sdk,sqlite,upsertMany,883,22
sdk,sqlite,upsertMany,884,22
sdk,sqlite,upsertMany,885,22
sdk,sqlite,upsertMany,886,22
sdk,sqlite,upsertMany,887,22
sdk,sqlite,upsertMany,888,21
sdk,sqlite,upsertMany,889,21
sdk,sqlite,upsertMany,890,21
sdk,sqlite,upsertMany,891,21
sdk,sqlite,upsertMany,892,21
sdk,sqlite,upsertMany,893,21
sdk,sqlite,upsertMany,894,21
sdk,sqlite,upsertMany,895,21
sdk,sqlite,upsertMany,896,21
sdk,sqlite,upsertMany,897,21
sdk,sqlite,upsertMany,898,21
sdk,sqlite,upsertMany,899,21
sdk,sqlite,upsertMany,900,21
sdk,sqlite,upsertMany,901,21
sdk,sqlite,upsertMany,902,21
sdk,sqlite,upsertMany,903,21
sdk,sqlite,upsertMany,904,21
sdk,sqlite,upsertMany,905,21
sdk,sqlite,upsertMany,906,21
sdk,sqlite,upsertMany,907,21
sdk,sqlite,upsertMany,908,21
sdk,sqlite,upsertMany,909,23
sdk,sqlite,upsertMany,910,23
sdk,sqlite,upsertMany,911,22
sdk,sqlite,upsertMany,912,24
sdk,sqlite,upsertMany,913,22
sdk,sqlite,upsertMany,914,22
sdk,sqlite,upsertMany,915,22
sdk,sqlite,upsertMany,916,22
sdk,sqlite,upsertMany,917,22
sdk,sqlite,upsertMany,918,22
sdk,sqlite,upsertMany,919,22
sdk,sqlite,upsertMany,920,22
sdk,sqlite,upsertMany,921,22
sdk,sqlite,upsertMany,922,22
sdk,sqlite,upsertMany,923,22
sdk,sqlite,upsertMany,924,22
sdk,sqlite,upsertMany,925,22
sdk,sqlite,upsertMany,926,22
sdk,sqlite,upsertMany,927,22
sdk,sqlite,upsertMany,928,22
sdk,sqlite,upsertMany,929,22
sdk,sqlite,upsertMany,930,22
sdk,sqlite,upsertMany,931,21
sdk,sqlite,upsertMany,932,21
sdk,sqlite,upsertMany,933,21
sdk,sqlite,upsertMany,934,21
sdk,sqlite,upsertMany,935,21
sdk,sqlite,upsertMany,936,21
sdk,sqlite,upsertMany,937,21
sdk,sqlite,upsertMany,938,21
sdk,sqlite,upsertMany,939,21
sdk,sqlite,upsertMany,940,21
sdk,sqlite,upsertMany,941,21
sdk,sqlite,upsertMany,942,21
sdk,sqlite,upsertMany,943,21
sdk,sqlite,upsertMany,944,21
sdk,sqlite,upsertMany,945,21
sdk,sqlite,upsertMany,946,21
sdk,sqlite,upsertMany,947,21
sdk,sqlite,upsertMany,948,21
sdk,sqlite,upsertMany,949,21
sdk,sqlite,upsertMany,950,21
sdk,sqlite,upsertMany,951,21
sdk,sqlite,upsertMany,952,25
sdk,sqlite,upsertMany,953,22
sdk,sqlite,upsertMany,954,22
sdk,sqlite,upsertMany,955,22
sdk,sqlite,upsertMany,956,22
sdk,sqlite,upsertMany,957,22
sdk,sqlite,upsertMany,958,22
sdk,sqlite,upsertMany,959,22
sdk,sqlite,upsertMany,960,22
sdk,sqlite,upsertMany,961,22
sdk,sqlite,upsertMany,962,22
sdk,sqlite,upsertMany,963,22
sdk,sqlite,upsertMany,964,22
sdk,sqlite,upsertMany,965,22
sdk,sqlite,upsertMany,966,22
sdk,sqlite,upsertMany,967,24
sdk,sqlite,upsertMany,968,22
sdk,sqlite,upsertMany,969,22
sdk,sqlite,upsertMany,970,22
sdk,sqlite,upsertMany,971,22
sdk,sqlite,upsertMany,972,22
sdk,sqlite,upsertMany,973,22
sdk,sqlite,upsertMany,974,22
sdk,sqlite,upsertMany,975,22
sdk,sqlite,upsertMany,976,22
sdk,sqlite,upsertMany,977,22
sdk,sqlite,upsertMany,978,22
sdk,sqlite,upsertMany,979,22
sdk,sqlite,upsertMany,980,22
sdk,sqlite,upsertMany,981,22
sdk,sqlite,upsertMany,982,22
sdk,sqlite,upsertMany,983,22
sdk,sqlite,upsertMany,984,22
sdk,sqlite,upsertMany,985,22
sdk,sqlite,upsertMany,986,22
sdk,sqlite,upsertMany,987,22
sdk,sqlite,upsertMany,988,22
sdk,sqlite,upsertMany,989,22
sdk,sqlite,upsertMany,990,22
sdk,sqlite,upsertMany,991,22
sdk,sqlite,upsertMany,992,22
sdk,sqlite,upsertMany,993,22
sdk,sqlite,upsertMany,994,22
sdk,sqlite,upsertMany,995,22
sdk,sqlite,upsertMany,996,22
sdk,sqlite,upsertMany,997,22
sdk,sqlite,upsertMany,998,22
sdk,sqlite,upsertMany,999,22
sdk,sqlite,updateMany,0,12
sdk,sqlite,updateMany,1,15
sdk,sqlite,updateMany,2,14
sdk,sqlite,updateMany,3,13
sdk,sqlite,updateMany,4,15
sdk,sqlite,updateMany,5,13
sdk,sqlite,updateMany,6,13
sdk,sqlite,updateMany,7,13
sdk,sqlite,updateMany,8,13
sdk,sqlite,updateMany,9,13
sdk,sqlite,updateMany,10,13
sdk,sqlite,updateMany,11,13
sdk,sqlite,updateMany,12,13
sdk,sqlite,updateMany,13,13
sdk,sqlite,updateMany,14,13
sdk,sqlite,updateMany,15,13
sdk,sqlite,updateMany,16,13
sdk,sqlite,updateMany,17,13
sdk,sqlite,updateMany,18,13
sdk,sqlite,updateMany,19,13
sdk,sqlite,updateMany,20,13
sdk,sqlite,updateMany,21,13
sdk,sqlite,updateMany,22,13
sdk,sqlite,updateMany,23,13
sdk,sqlite,updateMany,24,13
sdk,sqlite,updateMany,25,13
sdk,sqlite,updateMany,26,13
sdk,sqlite,updateMany,27,13
sdk,sqlite,updateMany,28,13
sdk,sqlite,updateMany,29,13
sdk,sqlite,updateMany,30,12
sdk,sqlite,updateMany,31,13
sdk,sqlite,updateMany,32,13
sdk,sqlite,updateMany,33,12
sdk,sqlite,updateMany,34,12
sdk,sqlite,updateMany,35,12
sdk,sqlite,updateMany,36,12
sdk,sqlite,updateMany,37,12
sdk,sqlite,updateMany,38,12
sdk,sqlite,updateMany,39,12
sdk,sqlite,updateMany,40,12
sdk,sqlite,updateMany,41,12
sdk,sqlite,updateMany,42,14
sdk,sqlite,updateMany,43,14
sdk,sqlite,updateMany,44,12
sdk,sqlite,updateMany,45,12
sdk,sqlite,updateMany,46,13
sdk,sqlite,updateMany,47,13
sdk,sqlite,updateMany,48,13
sdk,sqlite,updateMany,49,12
sdk,sqlite,updateMany,50,13
sdk,sqlite,updateMany,51,13
sdk,sqlite,updateMany,52,13
sdk,sqlite,updateMany,53,13
sdk,sqlite,updateMany,54,13
sdk,sqlite,updateMany,55,13
sdk,sqlite,updateMany,56,13
sdk,sqlite,updateMany,57,13
sdk,sqlite,updateMany,58,13
sdk,sqlite,updateMany,59,13
sdk,sqlite,updateMany,60,15
sdk,sqlite,updateMany,61,13
sdk,sqlite,updateMany,62,12
sdk,sqlite,updateMany,63,13
sdk,sqlite,updateMany,64,13
sdk,sqlite,updateMany,65,13
sdk,sqlite,updateMany,66,12
sdk,sqlite,updateMany,67,12
sdk,sqlite,updateMany,68,15
sdk,sqlite,updateMany,69,14
sdk,sqlite,updateMany,70,13
sdk,sqlite,updateMany,71,16
sdk,sqlite,updateMany,72,16
sdk,sqlite,updateMany,73,13
sdk,sqlite,updateMany,74,13
sdk,sqlite,updateMany,75,12
sdk,sqlite,updateMany,76,14
sdk,sqlite,updateMany,77,13
sdk,sqlite,updateMany,78,12
sdk,sqlite,updateMany,79,12
sdk,sqlite,updateMany,80,13
sdk,sqlite,updateMany,81,16
sdk,sqlite,updateMany,82,13
sdk,sqlite,updateMany,83,13
sdk,sqlite,updateMany,84,12
sdk,sqlite,updateMany,85,12
sdk,sqlite,updateMany,86,13
sdk,sqlite,updateMany,87,14
sdk,sqlite,updateMany,88,16
sdk,sqlite,updateMany,89,16
sdk,sqlite,updateMany,90,15
sdk,sqlite,updateMany,91,13
sdk,sqlite,updateMany,92,12
sdk,sqlite,updateMany,93,13
sdk,sqlite,updateMany,94,14
sdk,sqlite,updateMany,95,15
sdk,sqlite,updateMany,96,16
sdk,sqlite,updateMany,97,15
sdk,sqlite,updateMany,98,13
sdk,sqlite,updateMany,99,13
sdk,sqlite,updateMany,100,12
sdk,sqlite,updateMany,101,15
sdk,sqlite,updateMany,102,15
sdk,sqlite,updateMany,103,12
sdk,sqlite,updateMany,104,13
sdk,sqlite,updateMany,105,13
sdk,sqlite,updateMany,106,16
sdk,sqlite,updateMany,107,13
sdk,sqlite,updateMany,108,13
sdk,sqlite,updateMany,109,13
sdk,sqlite,updateMany,110,12
sdk,sqlite,updateMany,111,13
sdk,sqlite,updateMany,112,12
sdk,sqlite,updateMany,113,12
sdk,sqlite,updateMany,114,12
sdk,sqlite,updateMany,115,12
sdk,sqlite,updateMany,116,12
sdk,sqlite,updateMany,117,12
sdk,sqlite,updateMany,118,12
sdk,sqlite,updateMany,119,12
sdk,sqlite,updateMany,120,12
sdk,sqlite,updateMany,121,12
sdk,sqlite,updateMany,122,12
sdk,sqlite,updateMany,123,12
sdk,sqlite,updateMany,124,12
sdk,sqlite,updateMany,125,12
sdk,sqlite,updateMany,126,12
sdk,sqlite,updateMany,127,12
sdk,sqlite,updateMany,128,12
sdk,sqlite,updateMany,129,12
sdk,sqlite,updateMany,130,12
sdk,sqlite,updateMany,131,12
sdk,sqlite,updateMany,132,12
sdk,sqlite,updateMany,133,12
sdk,sqlite,updateMany,134,15
sdk,sqlite,updateMany,135,12
sdk,sqlite,updateMany,136,12
sdk,sqlite,updateMany,137,14
sdk,sqlite,updateMany,138,15
sdk,sqlite,updateMany,139,12
sdk,sqlite,updateMany,140,12
sdk,sqlite,updateMany,141,12
sdk,sqlite,updateMany,142,12
sdk,sqlite,updateMany,143,12
sdk,sqlite,updateMany,144,12
sdk,sqlite,updateMany,145,12
sdk,sqlite,updateMany,146,12
sdk,sqlite,updateMany,147,12
sdk,sqlite,updateMany,148,12
sdk,sqlite,updateMany,149,12
sdk,sqlite,updateMany,150,12
sdk,sqlite,updateMany,151,12
sdk,sqlite,updateMany,152,12
sdk,sqlite,updateMany,153,12
sdk,sqlite,updateMany,154,12
sdk,sqlite,updateMany,155,13
sdk,sqlite,updateMany,156,12
sdk,sqlite,updateMany,157,12
sdk,sqlite,updateMany,158,12
sdk,sqlite,updateMany,159,12
sdk,sqlite,updateMany,160,12
sdk,sqlite,updateMany,161,12
sdk,sqlite,updateMany,162,12
sdk,sqlite,updateMany,163,12
sdk,sqlite,updateMany,164,12
sdk,sqlite,updateMany,165,12
sdk,sqlite,updateMany,166,12
sdk,sqlite,updateMany,167,12
sdk,sqlite,updateMany,168,12
sdk,sqlite,updateMany,169,12
sdk,sqlite,updateMany,170,12
sdk,sqlite,updateMany,171,14
sdk,sqlite,updateMany,172,13
sdk,sqlite,updateMany,173,12
sdk,sqlite,updateMany,174,12
sdk,sqlite,updateMany,175,12
sdk,sqlite,updateMany,176,12
sdk,sqlite,updateMany,177,12
sdk,sqlite,updateMany,178,13
sdk,sqlite,updateMany,179,16
sdk,sqlite,updateMany,180,15
sdk,sqlite,updateMany,181,16
sdk,sqlite,updateMany,182,14
sdk,sqlite,updateMany,183,12
sdk,sqlite,updateMany,184,12
sdk,sqlite,updateMany,185,12
sdk,sqlite,updateMany,186,15
sdk,sqlite,updateMany,187,13
sdk,sqlite,updateMany,188,12
sdk,sqlite,updateMany,189,12
sdk,sqlite,updateMany,190,12
sdk,sqlite,updateMany,191,15
sdk,sqlite,updateMany,192,12
sdk,sqlite,updateMany,193,12
sdk,sqlite,updateMany,194,12
sdk,sqlite,updateMany,195,12
sdk,sqlite,updateMany,196,12
sdk,sqlite,updateMany,197,12
sdk,sqlite,updateMany,198,12
sdk,sqlite,updateMany,199,15
sdk,sqlite,updateMany,200,12
sdk,sqlite,updateMany,201,12
sdk,sqlite,updateMany,202,16
sdk,sqlite,updateMany,203,13
sdk,sqlite,updateMany,204,13
sdk,sqlite,updateMany,205,13
sdk,sqlite,updateMany,206,13
sdk,sqlite,updateMany,207,12
sdk,sqlite,updateMany,208,12
sdk,sqlite,updateMany,209,12
sdk,sqlite,updateMany,210,12
sdk,sqlite,updateMany,211,12
sdk,sqlite,updateMany,212,13
sdk,sqlite,updateMany,213,12
sdk,sqlite,updateMany,214,12
sdk,sqlite,updateMany,215,12
sdk,sqlite,updateMany,216,12
sdk,sqlite,updateMany,217,12
sdk,sqlite,updateMany,218,13
sdk,sqlite,updateMany,219,13
sdk,sqlite,updateMany,220,13
sdk,sqlite,updateMany,221,12
sdk,sqlite,updateMany,222,12
sdk,sqlite,updateMany,223,12
sdk,sqlite,updateMany,224,12
sdk,sqlite,updateMany,225,12
sdk,sqlite,updateMany,226,12
sdk,sqlite,updateMany,227,12
sdk,sqlite,updateMany,228,12
sdk,sqlite,updateMany,229,12
sdk,sqlite,updateMany,230,12
sdk,sqlite,updateMany,231,15
sdk,sqlite,updateMany,232,12
sdk,sqlite,updateMany,233,12
sdk,sqlite,updateMany,234,14
sdk,sqlite,updateMany,235,16
sdk,sqlite,updateMany,236,16
sdk,sqlite,updateMany,237,13
sdk,sqlite,updateMany,238,13
sdk,sqlite,updateMany,239,13
sdk,sqlite,updateMany,240,13
sdk,sqlite,updateMany,241,13
sdk,sqlite,updateMany,242,13
sdk,sqlite,updateMany,243,13
sdk,sqlite,updateMany,244,12
sdk,sqlite,updateMany,245,16
sdk,sqlite,updateMany,246,13
sdk,sqlite,updateMany,247,13
sdk,sqlite,updateMany,248,12
sdk,sqlite,updateMany,249,13
sdk,sqlite,updateMany,250,14
sdk,sqlite,updateMany,251,12
sdk,sqlite,updateMany,252,12
sdk,sqlite,updateMany,253,12
sdk,sqlite,updateMany,254,12
sdk,sqlite,updateMany,255,12
sdk,sqlite,updateMany,256,12
sdk,sqlite,updateMany,257,12
sdk,sqlite,updateMany,258,12
sdk,sqlite,updateMany,259,12
sdk,sqlite,updateMany,260,13
sdk,sqlite,updateMany,261,14
sdk,sqlite,updateMany,262,12
sdk,sqlite,updateMany,263,12
sdk,sqlite,updateMany,264,12
sdk,sqlite,updateMany,265,12
sdk,sqlite,updateMany,266,12
sdk,sqlite,updateMany,267,12
sdk,sqlite,updateMany,268,12
sdk,sqlite,updateMany,269,12
sdk,sqlite,updateMany,270,12
sdk,sqlite,updateMany,271,12
sdk,sqlite,updateMany,272,12
sdk,sqlite,updateMany,273,12
sdk,sqlite,updateMany,274,12
sdk,sqlite,updateMany,275,12
sdk,sqlite,updateMany,276,12
sdk,sqlite,updateMany,277,12
sdk,sqlite,updateMany,278,12
sdk,sqlite,updateMany,279,12
sdk,sqlite,updateMany,280,12
sdk,sqlite,updateMany,281,12
sdk,sqlite,updateMany,282,12
sdk,sqlite,updateMany,283,12
sdk,sqlite,updateMany,284,12
sdk,sqlite,updateMany,285,12
sdk,sqlite,updateMany,286,12
sdk,sqlite,updateMany,287,12
sdk,sqlite,updateMany,288,12
sdk,sqlite,updateMany,289,12
sdk,sqlite,updateMany,290,12
sdk,sqlite,updateMany,291,12
sdk,sqlite,updateMany,292,12
sdk,sqlite,updateMany,293,12
sdk,sqlite,updateMany,294,13
sdk,sqlite,updateMany,295,14
sdk,sqlite,updateMany,296,12
sdk,sqlite,updateMany,297,12
sdk,sqlite,updateMany,298,12
sdk,sqlite,updateMany,299,12
sdk,sqlite,updateMany,300,12
sdk,sqlite,updateMany,301,12
sdk,sqlite,updateMany,302,12
sdk,sqlite,updateMany,303,12
sdk,sqlite,updateMany,304,15
sdk,sqlite,updateMany,305,15
sdk,sqlite,updateMany,306,13
sdk,sqlite,updateMany,307,12
sdk,sqlite,updateMany,308,12
sdk,sqlite,updateMany,309,15
sdk,sqlite,updateMany,310,12
sdk,sqlite,updateMany,311,12
sdk,sqlite,updateMany,312,12
sdk,sqlite,updateMany,313,12
sdk,sqlite,updateMany,314,12
sdk,sqlite,updateMany,315,12
sdk,sqlite,updateMany,316,12
sdk,sqlite,updateMany,317,12
sdk,sqlite,updateMany,318,12
sdk,sqlite,updateMany,319,12
sdk,sqlite,updateMany,320,12
sdk,sqlite,updateMany,321,12
sdk,sqlite,updateMany,322,12
sdk,sqlite,updateMany,323,12
sdk,sqlite,updateMany,324,12
sdk,sqlite,updateMany,325,12
sdk,sqlite,updateMany,326,14
sdk,sqlite,updateMany,327,13
sdk,sqlite,updateMany,328,12
sdk,sqlite,updateMany,329,56
sdk,sqlite,updateMany,330,22
sdk,sqlite,updateMany,331,19
sdk,sqlite,updateMany,332,15
sdk,sqlite,updateMany,333,17
sdk,sqlite,updateMany,334,16
sdk,sqlite,updateMany,335,16
sdk,sqlite,updateMany,336,16
sdk,sqlite,updateMany,337,16
sdk,sqlite,updateMany,338,14
sdk,sqlite,updateMany,339,16
sdk,sqlite,updateMany,340,14
sdk,sqlite,updateMany,341,16
sdk,sqlite,updateMany,342,14
sdk,sqlite,updateMany,343,16
sdk,sqlite,updateMany,344,14
sdk,sqlite,updateMany,345,16
sdk,sqlite,updateMany,346,14
sdk,sqlite,updateMany,347,16
sdk,sqlite,updateMany,348,16
sdk,sqlite,updateMany,349,16
sdk,sqlite,updateMany,350,15
sdk,sqlite,updateMany,351,16
sdk,sqlite,updateMany,352,16
sdk,sqlite,updateMany,353,16
sdk,sqlite,updateMany,354,14
sdk,sqlite,updateMany,355,16
sdk,sqlite,updateMany,356,14
sdk,sqlite,updateMany,357,16
sdk,sqlite,updateMany,358,14
sdk,sqlite,updateMany,359,16
sdk,sqlite,updateMany,360,14
sdk,sqlite,updateMany,361,16
sdk,sqlite,updateMany,362,14
sdk,sqlite,updateMany,363,12
sdk,sqlite,updateMany,364,16
sdk,sqlite,updateMany,365,14
sdk,sqlite,updateMany,366,13
sdk,sqlite,updateMany,367,12
sdk,sqlite,updateMany,368,13
sdk,sqlite,updateMany,369,42
sdk,sqlite,updateMany,370,16
sdk,sqlite,updateMany,371,14
sdk,sqlite,updateMany,372,13
sdk,sqlite,updateMany,373,13
sdk,sqlite,updateMany,374,16
sdk,sqlite,updateMany,375,16
sdk,sqlite,updateMany,376,16
sdk,sqlite,updateMany,377,14
sdk,sqlite,updateMany,378,12
sdk,sqlite,updateMany,379,12
sdk,sqlite,updateMany,380,12
sdk,sqlite,updateMany,381,12
sdk,sqlite,updateMany,382,12
sdk,sqlite,updateMany,383,12
sdk,sqlite,updateMany,384,12
sdk,sqlite,updateMany,385,15
sdk,sqlite,updateMany,386,12
sdk,sqlite,updateMany,387,12
sdk,sqlite,updateMany,388,12
sdk,sqlite,updateMany,389,12
sdk,sqlite,updateMany,390,12
sdk,sqlite,updateMany,391,12
sdk,sqlite,updateMany,392,12
sdk,sqlite,updateMany,393,12
sdk,sqlite,updateMany,394,12
sdk,sqlite,updateMany,395,12
sdk,sqlite,updateMany,396,12
sdk,sqlite,updateMany,397,12
sdk,sqlite,updateMany,398,12
sdk,sqlite,updateMany,399,12
sdk,sqlite,updateMany,400,12
sdk,sqlite,updateMany,401,12
sdk,sqlite,updateMany,402,12
sdk,sqlite,updateMany,403,12
sdk,sqlite,updateMany,404,12
sdk,sqlite,updateMany,405,12
sdk,sqlite,updateMany,406,12
sdk,sqlite,updateMany,407,12
sdk,sqlite,updateMany,408,12
sdk,sqlite,updateMany,409,12
sdk,sqlite,updateMany,410,12
sdk,sqlite,updateMany,411,12
sdk,sqlite,updateMany,412,12
sdk,sqlite,updateMany,413,12
sdk,sqlite,updateMany,414,12
sdk,sqlite,updateMany,415,12
sdk,sqlite,updateMany,416,12
sdk,sqlite,updateMany,417,12
sdk,sqlite,updateMany,418,12
sdk,sqlite,updateMany,419,12
sdk,sqlite,updateMany,420,12
sdk,sqlite,updateMany,421,12
sdk,sqlite,updateMany,422,12
sdk,sqlite,updateMany,423,12
sdk,sqlite,updateMany,424,12
sdk,sqlite,updateMany,425,12
sdk,sqlite,updateMany,426,12
sdk,sqlite,updateMany,427,12
sdk,sqlite,updateMany,428,12
sdk,sqlite,updateMany,429,12
sdk,sqlite,updateMany,430,12
sdk,sqlite,updateMany,431,12
sdk,sqlite,updateMany,432,12
sdk,sqlite,updateMany,433,12
sdk,sqlite,updateMany,434,12
sdk,sqlite,updateMany,435,12
sdk,sqlite,updateMany,436,12
sdk,sqlite,updateMany,437,12
sdk,sqlite,updateMany,438,12
sdk,sqlite,updateMany,439,12
sdk,sqlite,updateMany,440,12
sdk,sqlite,updateMany,441,12
sdk,sqlite,updateMany,442,12
sdk,sqlite,updateMany,443,12
sdk,sqlite,updateMany,444,13
sdk,sqlite,updateMany,445,14
sdk,sqlite,updateMany,446,12
sdk,sqlite,updateMany,447,12
sdk,sqlite,updateMany,448,15
sdk,sqlite,updateMany,449,15
sdk,sqlite,updateMany,450,12
sdk,sqlite,updateMany,451,13
sdk,sqlite,updateMany,452,15
sdk,sqlite,updateMany,453,16
sdk,sqlite,updateMany,454,14
sdk,sqlite,updateMany,455,12
sdk,sqlite,updateMany,456,12
sdk,sqlite,updateMany,457,12
sdk,sqlite,updateMany,458,14
sdk,sqlite,updateMany,459,14
sdk,sqlite,updateMany,460,12
sdk,sqlite,updateMany,461,12
sdk,sqlite,updateMany,462,12
sdk,sqlite,updateMany,463,12
sdk,sqlite,updateMany,464,12
sdk,sqlite,updateMany,465,12
sdk,sqlite,updateMany,466,12
sdk,sqlite,updateMany,467,12
sdk,sqlite,updateMany,468,12
sdk,sqlite,updateMany,469,12
sdk,sqlite,updateMany,470,12
sdk,sqlite,updateMany,471,12
sdk,sqlite,updateMany,472,12
sdk,sqlite,updateMany,473,12
sdk,sqlite,updateMany,474,12
sdk,sqlite,updateMany,475,12
sdk,sqlite,updateMany,476,12
sdk,sqlite,updateMany,477,12
sdk,sqlite,updateMany,478,12
sdk,sqlite,updateMany,479,12
sdk,sqlite,updateMany,480,12
sdk,sqlite,updateMany,481,12
sdk,sqlite,updateMany,482,12
sdk,sqlite,updateMany,483,12
sdk,sqlite,updateMany,484,12
sdk,sqlite,updateMany,485,12
sdk,sqlite,updateMany,486,12
sdk,sqlite,updateMany,487,12
sdk,sqlite,updateMany,488,12
sdk,sqlite,updateMany,489,12
sdk,sqlite,updateMany,490,12
sdk,sqlite,updateMany,491,12
sdk,sqlite,updateMany,492,12
sdk,sqlite,updateMany,493,12
sdk,sqlite,updateMany,494,12
sdk,sqlite,updateMany,495,12
sdk,sqlite,updateMany,496,12
sdk,sqlite,updateMany,497,12
sdk,sqlite,updateMany,498,12
sdk,sqlite,updateMany,499,12
sdk,sqlite,updateMany,500,12
sdk,sqlite,updateMany,501,12
sdk,sqlite,updateMany,502,12
sdk,sqlite,updateMany,503,12
sdk,sqlite,updateMany,504,12
sdk,sqlite,updateMany,505,12
sdk,sqlite,updateMany,506,12
sdk,sqlite,updateMany,507,12
sdk,sqlite,updateMany,508,12
sdk,sqlite,updateMany,509,12
sdk,sqlite,updateMany,510,12
sdk,sqlite,updateMany,511,12
sdk,sqlite,updateMany,512,14
sdk,sqlite,updateMany,513,12
sdk,sqlite,updateMany,514,12
sdk,sqlite,updateMany,515,12
sdk,sqlite,updateMany,516,15
sdk,sqlite,updateMany,517,14
sdk,sqlite,updateMany,518,12
sdk,sqlite,updateMany,519,13
sdk,sqlite,updateMany,520,12
sdk,sqlite,updateMany,521,12
sdk,sqlite,updateMany,522,12
sdk,sqlite,updateMany,523,12
sdk,sqlite,updateMany,524,12
sdk,sqlite,updateMany,525,12
sdk,sqlite,updateMany,526,12
sdk,sqlite,updateMany,527,12
sdk,sqlite,updateMany,528,12
sdk,sqlite,updateMany,529,12
sdk,sqlite,updateMany,530,12
sdk,sqlite,updateMany,531,12
sdk,sqlite,updateMany,532,12
sdk,sqlite,updateMany,533,12
sdk,sqlite,updateMany,534,12
sdk,sqlite,updateMany,535,12
sdk,sqlite,updateMany,536,12
sdk,sqlite,updateMany,537,12
sdk,sqlite,updateMany,538,12
sdk,sqlite,updateMany,539,12
sdk,sqlite,updateMany,540,12
sdk,sqlite,updateMany,541,12
sdk,sqlite,updateMany,542,12
sdk,sqlite,updateMany,543,12
sdk,sqlite,updateMany,544,12
sdk,sqlite,updateMany,545,12
sdk,sqlite,updateMany,546,12
sdk,sqlite,updateMany,547,12
sdk,sqlite,updateMany,548,12
sdk,sqlite,updateMany,549,12
sdk,sqlite,updateMany,550,12
sdk,sqlite,updateMany,551,12
sdk,sqlite,updateMany,552,12
sdk,sqlite,updateMany,553,12
sdk,sqlite,updateMany,554,12
sdk,sqlite,updateMany,555,12
sdk,sqlite,updateMany,556,12
sdk,sqlite,updateMany,557,12
sdk,sqlite,updateMany,558,12
sdk,sqlite,updateMany,559,12
sdk,sqlite,updateMany,560,12
sdk,sqlite,updateMany,561,12
sdk,sqlite,updateMany,562,12
sdk,sqlite,updateMany,563,12
sdk,sqlite,updateMany,564,12
sdk,sqlite,updateMany,565,12
sdk,sqlite,updateMany,566,12
sdk,sqlite,updateMany,567,12
sdk,sqlite,updateMany,568,12
sdk,sqlite,updateMany,569,12
sdk,sqlite,updateMany,570,12
sdk,sqlite,updateMany,571,12
sdk,sqlite,updateMany,572,12
sdk,sqlite,updateMany,573,12
sdk,sqlite,updateMany,574,12
sdk,sqlite,updateMany,575,12
sdk,sqlite,updateMany,576,12
sdk,sqlite,updateMany,577,12
sdk,sqlite,updateMany,578,12
sdk,sqlite,updateMany,579,12
sdk,sqlite,updateMany,580,12
sdk,sqlite,updateMany,581,12
sdk,sqlite,updateMany,582,12
sdk,sqlite,updateMany,583,14
sdk,sqlite,updateMany,584,15
sdk,sqlite,updateMany,585,12
sdk,sqlite,updateMany,586,34
sdk,sqlite,updateMany,587,18
sdk,sqlite,updateMany,588,17
sdk,sqlite,updateMany,589,15
sdk,sqlite,updateMany,590,16
sdk,sqlite,updateMany,591,16
sdk,sqlite,updateMany,592,16
sdk,sqlite,updateMany,593,16
sdk,sqlite,updateMany,594,16
sdk,sqlite,updateMany,595,16
sdk,sqlite,updateMany,596,16
sdk,sqlite,updateMany,597,15
sdk,sqlite,updateMany,598,16
sdk,sqlite,updateMany,599,15
sdk,sqlite,updateMany,600,12
sdk,sqlite,updateMany,601,16
sdk,sqlite,updateMany,602,15
sdk,sqlite,updateMany,603,12
sdk,sqlite,updateMany,604,16
sdk,sqlite,updateMany,605,14
sdk,sqlite,updateMany,606,16
sdk,sqlite,updateMany,607,16
sdk,sqlite,updateMany,608,16
sdk,sqlite,updateMany,609,16
sdk,sqlite,updateMany,610,12
sdk,sqlite,updateMany,611,16
sdk,sqlite,updateMany,612,14
sdk,sqlite,updateMany,613,16
sdk,sqlite,updateMany,614,15
sdk,sqlite,updateMany,615,12
sdk,sqlite,updateMany,616,16
sdk,sqlite,updateMany,617,16
sdk,sqlite,updateMany,618,16
sdk,sqlite,updateMany,619,15
sdk,sqlite,updateMany,620,16
sdk,sqlite,updateMany,621,14
sdk,sqlite,updateMany,622,16
sdk,sqlite,updateMany,623,14
sdk,sqlite,updateMany,624,16
sdk,sqlite,updateMany,625,15
sdk,sqlite,updateMany,626,16
sdk,sqlite,updateMany,627,16
sdk,sqlite,updateMany,628,16
sdk,sqlite,updateMany,629,15
sdk,sqlite,updateMany,630,16
sdk,sqlite,updateMany,631,15
sdk,sqlite,updateMany,632,16
sdk,sqlite,updateMany,633,16
sdk,sqlite,updateMany,634,16
sdk,sqlite,updateMany,635,16
sdk,sqlite,updateMany,636,16
sdk,sqlite,updateMany,637,14
sdk,sqlite,updateMany,638,12
sdk,sqlite,updateMany,639,16
sdk,sqlite,updateMany,640,15
sdk,sqlite,updateMany,641,16
sdk,sqlite,updateMany,642,14
sdk,sqlite,updateMany,643,12
sdk,sqlite,updateMany,644,36
sdk,sqlite,updateMany,645,18
sdk,sqlite,updateMany,646,15
sdk,sqlite,updateMany,647,13
sdk,sqlite,updateMany,648,12
sdk,sqlite,updateMany,649,12
sdk,sqlite,updateMany,650,12
sdk,sqlite,updateMany,651,12
sdk,sqlite,updateMany,652,12
sdk,sqlite,updateMany,653,12
sdk,sqlite,updateMany,654,12
sdk,sqlite,updateMany,655,12
sdk,sqlite,updateMany,656,12
sdk,sqlite,updateMany,657,12
sdk,sqlite,updateMany,658,12
sdk,sqlite,updateMany,659,12
sdk,sqlite,updateMany,660,12
sdk,sqlite,updateMany,661,12
sdk,sqlite,updateMany,662,12
sdk,sqlite,updateMany,663,12
sdk,sqlite,updateMany,664,12
sdk,sqlite,updateMany,665,12
sdk,sqlite,updateMany,666,12
sdk,sqlite,updateMany,667,12
sdk,sqlite,updateMany,668,12
sdk,sqlite,updateMany,669,12
sdk,sqlite,updateMany,670,12
sdk,sqlite,updateMany,671,12
sdk,sqlite,updateMany,672,12
sdk,sqlite,updateMany,673,12
sdk,sqlite,updateMany,674,12
sdk,sqlite,updateMany,675,12
sdk,sqlite,updateMany,676,12
sdk,sqlite,updateMany,677,12
sdk,sqlite,updateMany,678,12
sdk,sqlite,updateMany,679,12
sdk,sqlite,updateMany,680,12
sdk,sqlite,updateMany,681,12
sdk,sqlite,updateMany,682,12
sdk,sqlite,updateMany,683,12
sdk,sqlite,updateMany,684,12
sdk,sqlite,updateMany,685,12
sdk,sqlite,updateMany,686,12
sdk,sqlite,updateMany,687,12
sdk,sqlite,updateMany,688,12
sdk,sqlite,updateMany,689,12
sdk,sqlite,updateMany,690,12
sdk,sqlite,updateMany,691,12
sdk,sqlite,updateMany,692,12
sdk,sqlite,updateMany,693,12
sdk,sqlite,updateMany,694,12
sdk,sqlite,updateMany,695,12
sdk,sqlite,updateMany,696,12
sdk,sqlite,updateMany,697,12
sdk,sqlite,updateMany,698,12
sdk,sqlite,updateMany,699,12
sdk,sqlite,updateMany,700,12
sdk,sqlite,updateMany,701,12
sdk,sqlite,updateMany,702,12
sdk,sqlite,updateMany,703,12
sdk,sqlite,updateMany,704,13
sdk,sqlite,updateMany,705,15
sdk,sqlite,updateMany,706,13
sdk,sqlite,updateMany,707,17
sdk,sqlite,updateMany,708,16
sdk,sqlite,updateMany,709,15
sdk,sqlite,updateMany,710,15
sdk,sqlite,updateMany,711,13
sdk,sqlite,updateMany,712,12
sdk,sqlite,updateMany,713,12
sdk,sqlite,updateMany,714,12
sdk,sqlite,updateMany,715,12
sdk,sqlite,updateMany,716,12
sdk,sqlite,updateMany,717,12
sdk,sqlite,updateMany,718,12
sdk,sqlite,updateMany,719,12
sdk,sqlite,updateMany,720,12
sdk,sqlite,updateMany,721,12
sdk,sqlite,updateMany,722,12
sdk,sqlite,updateMany,723,12
sdk,sqlite,updateMany,724,12
sdk,sqlite,updateMany,725,12
sdk,sqlite,updateMany,726,12
sdk,sqlite,updateMany,727,12
sdk,sqlite,updateMany,728,12
sdk,sqlite,updateMany,729,12
sdk,sqlite,updateMany,730,12
sdk,sqlite,updateMany,731,12
sdk,sqlite,updateMany,732,12
sdk,sqlite,updateMany,733,12
sdk,sqlite,updateMany,734,12
sdk,sqlite,updateMany,735,12
sdk,sqlite,updateMany,736,12
sdk,sqlite,updateMany,737,12
sdk,sqlite,updateMany,738,12
sdk,sqlite,updateMany,739,12
sdk,sqlite,updateMany,740,12
sdk,sqlite,updateMany,741,12
sdk,sqlite,updateMany,742,12
sdk,sqlite,updateMany,743,12
sdk,sqlite,updateMany,744,12
sdk,sqlite,updateMany,745,12
sdk,sqlite,updateMany,746,12
sdk,sqlite,updateMany,747,12
sdk,sqlite,updateMany,748,12
sdk,sqlite,updateMany,749,12
sdk,sqlite,updateMany,750,12
sdk,sqlite,updateMany,751,12
sdk,sqlite,updateMany,752,12
sdk,sqlite,updateMany,753,12
sdk,sqlite,updateMany,754,12
sdk,sqlite,updateMany,755,12
sdk,sqlite,updateMany,756,12
sdk,sqlite,updateMany,757,12
sdk,sqlite,updateMany,758,12
sdk,sqlite,updateMany,759,12
sdk,sqlite,updateMany,760,12
sdk,sqlite,updateMany,761,12
sdk,sqlite,updateMany,762,12
sdk,sqlite,updateMany,763,12
sdk,sqlite,updateMany,764,12
sdk,sqlite,updateMany,765,12
sdk,sqlite,updateMany,766,12
sdk,sqlite,updateMany,767,12
sdk,sqlite,updateMany,768,12
sdk,sqlite,updateMany,769,12
sdk,sqlite,updateMany,770,12
sdk,sqlite,updateMany,771,12
sdk,sqlite,updateMany,772,13
sdk,sqlite,updateMany,773,13
sdk,sqlite,updateMany,774,12
sdk,sqlite,updateMany,775,12
sdk,sqlite,updateMany,776,15
sdk,sqlite,updateMany,777,15
sdk,sqlite,updateMany,778,12
sdk,sqlite,updateMany,779,12
sdk,sqlite,updateMany,780,12
sdk,sqlite,updateMany,781,12
sdk,sqlite,updateMany,782,12
sdk,sqlite,updateMany,783,12
sdk,sqlite,updateMany,784,12
sdk,sqlite,updateMany,785,12
sdk,sqlite,updateMany,786,12
sdk,sqlite,updateMany,787,12
sdk,sqlite,updateMany,788,12
sdk,sqlite,updateMany,789,12
sdk,sqlite,updateMany,790,12
sdk,sqlite,updateMany,791,12
sdk,sqlite,updateMany,792,12
sdk,sqlite,updateMany,793,12
sdk,sqlite,updateMany,794,12
sdk,sqlite,updateMany,795,12
sdk,sqlite,updateMany,796,12
sdk,sqlite,updateMany,797,12
sdk,sqlite,updateMany,798,12
sdk,sqlite,updateMany,799,12
sdk,sqlite,updateMany,800,12
sdk,sqlite,updateMany,801,12
sdk,sqlite,updateMany,802,12
sdk,sqlite,updateMany,803,12
sdk,sqlite,updateMany,804,12
sdk,sqlite,updateMany,805,12
sdk,sqlite,updateMany,806,12
sdk,sqlite,updateMany,807,12
sdk,sqlite,updateMany,808,12
sdk,sqlite,updateMany,809,12
sdk,sqlite,updateMany,810,12
sdk,sqlite,updateMany,811,12
sdk,sqlite,updateMany,812,12
sdk,sqlite,updateMany,813,12
sdk,sqlite,updateMany,814,12
sdk,sqlite,updateMany,815,12
sdk,sqlite,updateMany,816,12
sdk,sqlite,updateMany,817,12
sdk,sqlite,updateMany,818,12
sdk,sqlite,updateMany,819,12
sdk,sqlite,updateMany,820,12
sdk,sqlite,updateMany,821,12
sdk,sqlite,updateMany,822,12
sdk,sqlite,updateMany,823,12
sdk,sqlite,updateMany,824,12
sdk,sqlite,updateMany,825,12
sdk,sqlite,updateMany,826,12
sdk,sqlite,updateMany,827,12
sdk,sqlite,updateMany,828,12
sdk,sqlite,updateMany,829,12
sdk,sqlite,updateMany,830,12
sdk,sqlite,updateMany,831,12
sdk,sqlite,updateMany,832,12
sdk,sqlite,updateMany,833,12
sdk,sqlite,updateMany,834,12
sdk,sqlite,updateMany,835,12
sdk,sqlite,updateMany,836,12
sdk,sqlite,updateMany,837,12
sdk,sqlite,updateMany,838,12
sdk,sqlite,updateMany,839,12
sdk,sqlite,updateMany,840,14
sdk,sqlite,updateMany,841,15
sdk,sqlite,updateMany,842,13
sdk,sqlite,updateMany,843,12
sdk,sqlite,updateMany,844,13
sdk,sqlite,updateMany,845,12
sdk,sqlite,updateMany,846,12
sdk,sqlite,updateMany,847,14
sdk,sqlite,updateMany,848,16
sdk,sqlite,updateMany,849,13
sdk,sqlite,updateMany,850,12
sdk,sqlite,updateMany,851,13
sdk,sqlite,updateMany,852,12
sdk,sqlite,updateMany,853,12
sdk,sqlite,updateMany,854,12
sdk,sqlite,updateMany,855,12
sdk,sqlite,updateMany,856,12
sdk,sqlite,updateMany,857,12
sdk,sqlite,updateMany,858,12
sdk,sqlite,updateMany,859,12
sdk,sqlite,updateMany,860,12
sdk,sqlite,updateMany,861,12
sdk,sqlite,updateMany,862,12
sdk,sqlite,updateMany,863,12
sdk,sqlite,updateMany,864,12
sdk,sqlite,updateMany,865,12
sdk,sqlite,updateMany,866,12
sdk,sqlite,updateMany,867,12
sdk,sqlite,updateMany,868,12
sdk,sqlite,updateMany,869,12
sdk,sqlite,updateMany,870,12
sdk,sqlite,updateMany,871,12
sdk,sqlite,updateMany,872,12
sdk,sqlite,updateMany,873,13
sdk,sqlite,updateMany,874,15
sdk,sqlite,updateMany,875,14
sdk,sqlite,updateMany,876,12
sdk,sqlite,updateMany,877,12
sdk,sqlite,updateMany,878,12
sdk,sqlite,updateMany,879,12
sdk,sqlite,updateMany,880,12
sdk,sqlite,updateMany,881,12
sdk,sqlite,updateMany,882,12
sdk,sqlite,updateMany,883,12
sdk,sqlite,updateMany,884,13
sdk,sqlite,updateMany,885,12
sdk,sqlite,updateMany,886,12
sdk,sqlite,updateMany,887,12
sdk,sqlite,updateMany,888,12
sdk,sqlite,updateMany,889,12
sdk,sqlite,updateMany,890,12
sdk,sqlite,updateMany,891,15
sdk,sqlite,updateMany,892,15
sdk,sqlite,updateMany,893,12
sdk,sqlite,updateMany,894,12
sdk,sqlite,updateMany,895,12
sdk,sqlite,updateMany,896,12
sdk,sqlite,updateMany,897,12
sdk,sqlite,updateMany,898,13
sdk,sqlite,updateMany,899,12
sdk,sqlite,updateMany,900,12
sdk,sqlite,updateMany,901,12
sdk,sqlite,updateMany,902,12
sdk,sqlite,updateMany,903,12
sdk,sqlite,updateMany,904,12
sdk,sqlite,updateMany,905,15
sdk,sqlite,updateMany,906,12
sdk,sqlite,updateMany,907,12
sdk,sqlite,updateMany,908,12
sdk,sqlite,updateMany,909,15
sdk,sqlite,updateMany,910,14
sdk,sqlite,updateMany,911,12
sdk,sqlite,updateMany,912,12
sdk,sqlite,updateMany,913,12
sdk,sqlite,updateMany,914,12
sdk,sqlite,updateMany,915,12
sdk,sqlite,updateMany,916,12
sdk,sqlite,updateMany,917,12
sdk,sqlite,updateMany,918,12
sdk,sqlite,updateMany,919,12
sdk,sqlite,updateMany,920,27
sdk,sqlite,updateMany,921,22
sdk,sqlite,updateMany,922,13
sdk,sqlite,updateMany,923,13
sdk,sqlite,updateMany,924,13
sdk,sqlite,updateMany,925,13
sdk,sqlite,updateMany,926,13
sdk,sqlite,updateMany,927,12
sdk,sqlite,updateMany,928,13
sdk,sqlite,updateMany,929,12
sdk,sqlite,updateMany,930,12
sdk,sqlite,updateMany,931,12
sdk,sqlite,updateMany,932,12
sdk,sqlite,updateMany,933,12
sdk,sqlite,updateMany,934,12
sdk,sqlite,updateMany,935,13
sdk,sqlite,updateMany,936,12
sdk,sqlite,updateMany,937,12
sdk,sqlite,updateMany,938,12
sdk,sqlite,updateMany,939,12
sdk,sqlite,updateMany,940,12
sdk,sqlite,updateMany,941,12
sdk,sqlite,updateMany,942,16
sdk,sqlite,updateMany,943,15
sdk,sqlite,updateMany,944,16
sdk,sqlite,updateMany,945,15
sdk,sqlite,updateMany,946,16
sdk,sqlite,updateMany,947,15
sdk,sqlite,updateMany,948,16
sdk,sqlite,updateMany,949,14
sdk,sqlite,updateMany,950,15
sdk,sqlite,updateMany,951,15
sdk,sqlite,updateMany,952,16
sdk,sqlite,updateMany,953,14
sdk,sqlite,updateMany,954,16
sdk,sqlite,updateMany,955,15
sdk,sqlite,updateMany,956,16
sdk,sqlite,updateMany,957,15
sdk,sqlite,updateMany,958,12
sdk,sqlite,updateMany,959,12
sdk,sqlite,updateMany,960,12
sdk,sqlite,updateMany,961,12
sdk,sqlite,updateMany,962,12
sdk,sqlite,updateMany,963,12
sdk,sqlite,updateMany,964,16
sdk,sqlite,updateMany,965,15
sdk,sqlite,updateMany,966,16
sdk,sqlite,updateMany,967,13
sdk,sqlite,updateMany,968,16
sdk,sqlite,updateMany,969,16
sdk,sqlite,updateMany,970,16
sdk,sqlite,updateMany,971,15
sdk,sqlite,updateMany,972,16
sdk,sqlite,updateMany,973,15
sdk,sqlite,updateMany,974,16
sdk,sqlite,updateMany,975,15
sdk,sqlite,updateMany,976,16
sdk,sqlite,updateMany,977,15
sdk,sqlite,updateMany,978,16
sdk,sqlite,updateMany,979,15
sdk,sqlite,updateMany,980,16
sdk,sqlite,updateMany,981,16
sdk,sqlite,updateMany,982,18
sdk,sqlite,updateMany,983,16
sdk,sqlite,updateMany,984,16
sdk,sqlite,updateMany,985,15
sdk,sqlite,updateMany,986,16
sdk,sqlite,updateMany,987,15
sdk,sqlite,updateMany,988,16
sdk,sqlite,updateMany,989,15
sdk,sqlite,updateMany,990,16
sdk,sqlite,updateMany,991,15
sdk,sqlite,updateMany,992,16
sdk,sqlite,updateMany,993,14
sdk,sqlite,updateMany,994,16
sdk,sqlite,updateMany,995,15
sdk,sqlite,updateMany,996,16
sdk,sqlite,updateMany,997,14
sdk,sqlite,updateMany,998,13
sdk,sqlite,updateMany,999,12
sdk,sqlite,nestedRelations,0,353
sdk,sqlite,nestedRelations,1,365
sdk,sqlite,nestedRelations,2,358
sdk,sqlite,nestedRelations,3,384
sdk,sqlite,nestedRelations,4,354
sdk,sqlite,nestedRelations,5,360
sdk,sqlite,nestedRelations,6,351
sdk,sqlite,nestedRelations,7,362
sdk,sqlite,nestedRelations,8,358
sdk,sqlite,nestedRelations,9,357
sdk,sqlite,nestedRelations,10,372
sdk,sqlite,nestedRelations,11,360
sdk,sqlite,nestedRelations,12,377
sdk,sqlite,nestedRelations,13,368
sdk,sqlite,nestedRelations,14,371
sdk,sqlite,nestedRelations,15,372
sdk,sqlite,nestedRelations,16,382
sdk,sqlite,nestedRelations,17,354
sdk,sqlite,nestedRelations,18,348
sdk,sqlite,nestedRelations,19,350
sdk,sqlite,nestedRelations,20,355
sdk,sqlite,nestedRelations,21,339
sdk,sqlite,nestedRelations,22,356
sdk,sqlite,nestedRelations,23,359
sdk,sqlite,nestedRelations,24,339
sdk,sqlite,nestedRelations,25,354
sdk,sqlite,nestedRelations,26,340
sdk,sqlite,nestedRelations,27,340
sdk,sqlite,nestedRelations,28,352
sdk,sqlite,nestedRelations,29,349
sdk,sqlite,nestedRelations,30,344
sdk,sqlite,nestedRelations,31,353
sdk,sqlite,nestedRelations,32,348
sdk,sqlite,nestedRelations,33,339
sdk,sqlite,nestedRelations,34,339
sdk,sqlite,nestedRelations,35,340
sdk,sqlite,nestedRelations,36,345
sdk,sqlite,nestedRelations,37,341
sdk,sqlite,nestedRelations,38,342
sdk,sqlite,nestedRelations,39,347
sdk,sqlite,nestedRelations,40,341
sdk,sqlite,nestedRelations,41,339
sdk,sqlite,nestedRelations,42,342
sdk,sqlite,nestedRelations,43,358
sdk,sqlite,nestedRelations,44,343
sdk,sqlite,nestedRelations,45,340
sdk,sqlite,nestedRelations,46,348
sdk,sqlite,nestedRelations,47,358
sdk,sqlite,nestedRelations,48,343
sdk,sqlite,nestedRelations,49,339
sdk,sqlite,nestedRelations,50,343
sdk,sqlite,nestedRelations,51,339
sdk,sqlite,nestedRelations,52,339
sdk,sqlite,nestedRelations,53,343
sdk,sqlite,nestedRelations,54,343
sdk,sqlite,nestedRelations,55,344
sdk,sqlite,nestedRelations,56,350
sdk,sqlite,nestedRelations,57,343
sdk,sqlite,nestedRelations,58,372
sdk,sqlite,nestedRelations,59,355
sdk,sqlite,nestedRelations,60,358
sdk,sqlite,nestedRelations,61,369
sdk,sqlite,nestedRelations,62,381
sdk,sqlite,nestedRelations,63,348
sdk,sqlite,nestedRelations,64,344
sdk,sqlite,nestedRelations,65,339
sdk,sqlite,nestedRelations,66,339
sdk,sqlite,nestedRelations,67,345
sdk,sqlite,nestedRelations,68,344
sdk,sqlite,nestedRelations,69,348
sdk,sqlite,nestedRelations,70,346
sdk,sqlite,nestedRelations,71,359
sdk,sqlite,nestedRelations,72,358
sdk,sqlite,nestedRelations,73,358
sdk,sqlite,nestedRelations,74,359
sdk,sqlite,nestedRelations,75,366
sdk,sqlite,nestedRelations,76,359
sdk,sqlite,nestedRelations,77,351
sdk,sqlite,nestedRelations,78,357
sdk,sqlite,nestedRelations,79,361
sdk,sqlite,nestedRelations,80,359
sdk,sqlite,nestedRelations,81,353
sdk,sqlite,nestedRelations,82,356
sdk,sqlite,nestedRelations,83,349
sdk,sqlite,nestedRelations,84,363
sdk,sqlite,nestedRelations,85,355
sdk,sqlite,nestedRelations,86,356
sdk,sqlite,nestedRelations,87,336
sdk,sqlite,nestedRelations,88,337
sdk,sqlite,nestedRelations,89,337
sdk,sqlite,nestedRelations,90,339
sdk,sqlite,nestedRelations,91,336
sdk,sqlite,nestedRelations,92,339
sdk,sqlite,nestedRelations,93,349
sdk,sqlite,nestedRelations,94,347
sdk,sqlite,nestedRelations,95,358
sdk,sqlite,nestedRelations,96,344
sdk,sqlite,nestedRelations,97,343
sdk,sqlite,nestedRelations,98,353
sdk,sqlite,nestedRelations,99,345
sdk,sqlite,nestedRelations,100,342
sdk,sqlite,nestedRelations,101,352
sdk,sqlite,nestedRelations,102,353
sdk,sqlite,nestedRelations,103,349
sdk,sqlite,nestedRelations,104,342
sdk,sqlite,nestedRelations,105,344
sdk,sqlite,nestedRelations,106,353
sdk,sqlite,nestedRelations,107,359
sdk,sqlite,nestedRelations,108,350
sdk,sqlite,nestedRelations,109,338
sdk,sqlite,nestedRelations,110,336
sdk,sqlite,nestedRelations,111,337
sdk,sqlite,nestedRelations,112,338
sdk,sqlite,nestedRelations,113,339
sdk,sqlite,nestedRelations,114,355
sdk,sqlite,nestedRelations,115,344
sdk,sqlite,nestedRelations,116,335
sdk,sqlite,nestedRelations,117,337
sdk,sqlite,nestedRelations,118,338
sdk,sqlite,nestedRelations,119,337
sdk,sqlite,nestedRelations,120,340
sdk,sqlite,nestedRelations,121,347
sdk,sqlite,nestedRelations,122,356
sdk,sqlite,nestedRelations,123,346
sdk,sqlite,nestedRelations,124,354
sdk,sqlite,nestedRelations,125,349
sdk,sqlite,nestedRelations,126,350
sdk,sqlite,nestedRelations,127,352
sdk,sqlite,nestedRelations,128,356
sdk,sqlite,nestedRelations,129,354
sdk,sqlite,nestedRelations,130,344
sdk,sqlite,nestedRelations,131,350
sdk,sqlite,nestedRelations,132,365
sdk,sqlite,nestedRelations,133,340
sdk,sqlite,nestedRelations,134,357
sdk,sqlite,nestedRelations,135,339
sdk,sqlite,nestedRelations,136,358
sdk,sqlite,nestedRelations,137,350
sdk,sqlite,nestedRelations,138,338
sdk,sqlite,nestedRelations,139,341
sdk,sqlite,nestedRelations,140,339
sdk,sqlite,nestedRelations,141,350
sdk,sqlite,nestedRelations,142,345
sdk,sqlite,nestedRelations,143,351
sdk,sqlite,nestedRelations,144,340
sdk,sqlite,nestedRelations,145,336
sdk,sqlite,nestedRelations,146,336
sdk,sqlite,nestedRelations,147,338
sdk,sqlite,nestedRelations,148,338
sdk,sqlite,nestedRelations,149,336
sdk,sqlite,nestedRelations,150,339
sdk,sqlite,nestedRelations,151,343
sdk,sqlite,nestedRelations,152,338
sdk,sqlite,nestedRelations,153,336
sdk,sqlite,nestedRelations,154,337
sdk,sqlite,nestedRelations,155,338
sdk,sqlite,nestedRelations,156,338
sdk,sqlite,nestedRelations,157,339
sdk,sqlite,nestedRelations,158,339
sdk,sqlite,nestedRelations,159,336
sdk,sqlite,nestedRelations,160,338
sdk,sqlite,nestedRelations,161,335
sdk,sqlite,nestedRelations,162,336
sdk,sqlite,nestedRelations,163,344
sdk,sqlite,nestedRelations,164,348
sdk,sqlite,nestedRelations,165,340
sdk,sqlite,nestedRelations,166,339
sdk,sqlite,nestedRelations,167,338
sdk,sqlite,nestedRelations,168,338
sdk,sqlite,nestedRelations,169,340
sdk,sqlite,nestedRelations,170,337
sdk,sqlite,nestedRelations,171,336
sdk,sqlite,nestedRelations,172,337
sdk,sqlite,nestedRelations,173,337
sdk,sqlite,nestedRelations,174,361
sdk,sqlite,nestedRelations,175,339
sdk,sqlite,nestedRelations,176,338
sdk,sqlite,nestedRelations,177,341
sdk,sqlite,nestedRelations,178,336
sdk,sqlite,nestedRelations,179,340
sdk,sqlite,nestedRelations,180,335
sdk,sqlite,nestedRelations,181,342
sdk,sqlite,nestedRelations,182,357
sdk,sqlite,nestedRelations,183,337
sdk,sqlite,nestedRelations,184,335
sdk,sqlite,nestedRelations,185,338
sdk,sqlite,nestedRelations,186,335
sdk,sqlite,nestedRelations,187,337
sdk,sqlite,nestedRelations,188,336
sdk,sqlite,nestedRelations,189,336
sdk,sqlite,nestedRelations,190,336
sdk,sqlite,nestedRelations,191,336
sdk,sqlite,nestedRelations,192,349
sdk,sqlite,nestedRelations,193,337
sdk,sqlite,nestedRelations,194,338
sdk,sqlite,nestedRelations,195,371
sdk,sqlite,nestedRelations,196,349
sdk,sqlite,nestedRelations,197,342
sdk,sqlite,nestedRelations,198,344
sdk,sqlite,nestedRelations,199,349
sdk,sqlite,nestedRelations,200,336
sdk,sqlite,nestedRelations,201,335
sdk,sqlite,nestedRelations,202,337
sdk,sqlite,nestedRelations,203,336
sdk,sqlite,nestedRelations,204,342
sdk,sqlite,nestedRelations,205,337
sdk,sqlite,nestedRelations,206,336
sdk,sqlite,nestedRelations,207,341
sdk,sqlite,nestedRelations,208,337
sdk,sqlite,nestedRelations,209,338
sdk,sqlite,nestedRelations,210,337
sdk,sqlite,nestedRelations,211,336
sdk,sqlite,nestedRelations,212,341
sdk,sqlite,nestedRelations,213,335
sdk,sqlite,nestedRelations,214,336
sdk,sqlite,nestedRelations,215,336
sdk,sqlite,nestedRelations,216,339
sdk,sqlite,nestedRelations,217,338
sdk,sqlite,nestedRelations,218,335
sdk,sqlite,nestedRelations,219,336
sdk,sqlite,nestedRelations,220,336
sdk,sqlite,nestedRelations,221,336
sdk,sqlite,nestedRelations,222,340
sdk,sqlite,nestedRelations,223,338
sdk,sqlite,nestedRelations,224,335
sdk,sqlite,nestedRelations,225,340
sdk,sqlite,nestedRelations,226,339
sdk,sqlite,nestedRelations,227,336
sdk,sqlite,nestedRelations,228,336
sdk,sqlite,nestedRelations,229,345
sdk,sqlite,nestedRelations,230,340
sdk,sqlite,nestedRelations,231,335
sdk,sqlite,nestedRelations,232,335
sdk,sqlite,nestedRelations,233,336
sdk,sqlite,nestedRelations,234,335
sdk,sqlite,nestedRelations,235,338
sdk,sqlite,nestedRelations,236,337
sdk,sqlite,nestedRelations,237,337
sdk,sqlite,nestedRelations,238,337
sdk,sqlite,nestedRelations,239,338
sdk,sqlite,nestedRelations,240,337
sdk,sqlite,nestedRelations,241,342
sdk,sqlite,nestedRelations,242,336
sdk,sqlite,nestedRelations,243,338
sdk,sqlite,nestedRelations,244,336
sdk,sqlite,nestedRelations,245,337
sdk,sqlite,nestedRelations,246,336
sdk,sqlite,nestedRelations,247,337
sdk,sqlite,nestedRelations,248,338
sdk,sqlite,nestedRelations,249,336
sdk,sqlite,nestedRelations,250,335
sdk,sqlite,nestedRelations,251,335
sdk,sqlite,nestedRelations,252,356
sdk,sqlite,nestedRelations,253,351
sdk,sqlite,nestedRelations,254,344
sdk,sqlite,nestedRelations,255,350
sdk,sqlite,nestedRelations,256,336
sdk,sqlite,nestedRelations,257,337
sdk,sqlite,nestedRelations,258,336
sdk,sqlite,nestedRelations,259,335
sdk,sqlite,nestedRelations,260,336
sdk,sqlite,nestedRelations,261,335
sdk,sqlite,nestedRelations,262,342
sdk,sqlite,nestedRelations,263,336
sdk,sqlite,nestedRelations,264,338
sdk,sqlite,nestedRelations,265,337
sdk,sqlite,nestedRelations,266,337
sdk,sqlite,nestedRelations,267,335
sdk,sqlite,nestedRelations,268,341
sdk,sqlite,nestedRelations,269,334
sdk,sqlite,nestedRelations,270,348
sdk,sqlite,nestedRelations,271,352
sdk,sqlite,nestedRelations,272,355
sdk,sqlite,nestedRelations,273,347
sdk,sqlite,nestedRelations,274,343
sdk,sqlite,nestedRelations,275,337
sdk,sqlite,nestedRelations,276,342
sdk,sqlite,nestedRelations,277,336
sdk,sqlite,nestedRelations,278,336
sdk,sqlite,nestedRelations,279,339
sdk,sqlite,nestedRelations,280,340
sdk,sqlite,nestedRelations,281,337
sdk,sqlite,nestedRelations,282,338
sdk,sqlite,nestedRelations,283,337
sdk,sqlite,nestedRelations,284,337
sdk,sqlite,nestedRelations,285,337
sdk,sqlite,nestedRelations,286,336
sdk,sqlite,nestedRelations,287,336
sdk,sqlite,nestedRelations,288,335
sdk,sqlite,nestedRelations,289,337
sdk,sqlite,nestedRelations,290,340
sdk,sqlite,nestedRelations,291,338
sdk,sqlite,nestedRelations,292,336
sdk,sqlite,nestedRelations,293,339
sdk,sqlite,nestedRelations,294,336
sdk,sqlite,nestedRelations,295,338
sdk,sqlite,nestedRelations,296,335
sdk,sqlite,nestedRelations,297,336
sdk,sqlite,nestedRelations,298,337
sdk,sqlite,nestedRelations,299,337
sdk,sqlite,nestedRelations,300,337
sdk,sqlite,nestedRelations,301,336
sdk,sqlite,nestedRelations,302,338
sdk,sqlite,nestedRelations,303,337
sdk,sqlite,nestedRelations,304,336
sdk,sqlite,nestedRelations,305,335
sdk,sqlite,nestedRelations,306,336
sdk,sqlite,nestedRelations,307,336
sdk,sqlite,nestedRelations,308,348
sdk,sqlite,nestedRelations,309,344
sdk,sqlite,nestedRelations,310,343
sdk,sqlite,nestedRelations,311,351
sdk,sqlite,nestedRelations,312,337
sdk,sqlite,nestedRelations,313,336
sdk,sqlite,nestedRelations,314,341
sdk,sqlite,nestedRelations,315,366
sdk,sqlite,nestedRelations,316,336
sdk,sqlite,nestedRelations,317,338
sdk,sqlite,nestedRelations,318,335
sdk,sqlite,nestedRelations,319,350
sdk,sqlite,nestedRelations,320,338
sdk,sqlite,nestedRelations,321,335
sdk,sqlite,nestedRelations,322,356
sdk,sqlite,nestedRelations,323,360
sdk,sqlite,nestedRelations,324,383
sdk,sqlite,nestedRelations,325,358
sdk,sqlite,nestedRelations,326,349
sdk,sqlite,nestedRelations,327,346
sdk,sqlite,nestedRelations,328,353
sdk,sqlite,nestedRelations,329,348
sdk,sqlite,nestedRelations,330,356
sdk,sqlite,nestedRelations,331,350
sdk,sqlite,nestedRelations,332,349
sdk,sqlite,nestedRelations,333,351
sdk,sqlite,nestedRelations,334,353
sdk,sqlite,nestedRelations,335,347
sdk,sqlite,nestedRelations,336,337
sdk,sqlite,nestedRelations,337,337
sdk,sqlite,nestedRelations,338,356
sdk,sqlite,nestedRelations,339,340
sdk,sqlite,nestedRelations,340,339
sdk,sqlite,nestedRelations,341,350
sdk,sqlite,nestedRelations,342,342
sdk,sqlite,nestedRelations,343,342
sdk,sqlite,nestedRelations,344,344
sdk,sqlite,nestedRelations,345,342
sdk,sqlite,nestedRelations,346,344
sdk,sqlite,nestedRelations,347,344
sdk,sqlite,nestedRelations,348,342
sdk,sqlite,nestedRelations,349,343
sdk,sqlite,nestedRelations,350,341
sdk,sqlite,nestedRelations,351,343
sdk,sqlite,nestedRelations,352,347
sdk,sqlite,nestedRelations,353,344
sdk,sqlite,nestedRelations,354,358
sdk,sqlite,nestedRelations,355,348
sdk,sqlite,nestedRelations,356,344
sdk,sqlite,nestedRelations,357,342
sdk,sqlite,nestedRelations,358,344
sdk,sqlite,nestedRelations,359,342
sdk,sqlite,nestedRelations,360,342
sdk,sqlite,nestedRelations,361,349
sdk,sqlite,nestedRelations,362,340
sdk,sqlite,nestedRelations,363,337
sdk,sqlite,nestedRelations,364,336
sdk,sqlite,nestedRelations,365,340
sdk,sqlite,nestedRelations,366,337
sdk,sqlite,nestedRelations,367,367
sdk,sqlite,nestedRelations,368,362
sdk,sqlite,nestedRelations,369,342
sdk,sqlite,nestedRelations,370,360
sdk,sqlite,nestedRelations,371,336
sdk,sqlite,nestedRelations,372,337
sdk,sqlite,nestedRelations,373,341
sdk,sqlite,nestedRelations,374,342
sdk,sqlite,nestedRelations,375,335
sdk,sqlite,nestedRelations,376,336
sdk,sqlite,nestedRelations,377,337
sdk,sqlite,nestedRelations,378,332
sdk,sqlite,nestedRelations,379,333
sdk,sqlite,nestedRelations,380,334
sdk,sqlite,nestedRelations,381,332
sdk,sqlite,nestedRelations,382,338
sdk,sqlite,nestedRelations,383,358
sdk,sqlite,nestedRelations,384,339
sdk,sqlite,nestedRelations,385,335
sdk,sqlite,nestedRelations,386,337
sdk,sqlite,nestedRelations,387,340
sdk,sqlite,nestedRelations,388,337
sdk,sqlite,nestedRelations,389,340
sdk,sqlite,nestedRelations,390,334
sdk,sqlite,nestedRelations,391,333
sdk,sqlite,nestedRelations,392,334
sdk,sqlite,nestedRelations,393,333
sdk,sqlite,nestedRelations,394,332
sdk,sqlite,nestedRelations,395,332
sdk,sqlite,nestedRelations,396,332
sdk,sqlite,nestedRelations,397,332
sdk,sqlite,nestedRelations,398,336
sdk,sqlite,nestedRelations,399,336
sdk,sqlite,nestedRelations,400,337
sdk,sqlite,nestedRelations,401,341
sdk,sqlite,nestedRelations,402,336
sdk,sqlite,nestedRelations,403,335
sdk,sqlite,nestedRelations,404,335
sdk,sqlite,nestedRelations,405,337
sdk,sqlite,nestedRelations,406,332
sdk,sqlite,nestedRelations,407,333
sdk,sqlite,nestedRelations,408,333
sdk,sqlite,nestedRelations,409,332
sdk,sqlite,nestedRelations,410,341
sdk,sqlite,nestedRelations,411,362
sdk,sqlite,nestedRelations,412,338
sdk,sqlite,nestedRelations,413,332
sdk,sqlite,nestedRelations,414,335
sdk,sqlite,nestedRelations,415,336
sdk,sqlite,nestedRelations,416,336
sdk,sqlite,nestedRelations,417,337
sdk,sqlite,nestedRelations,418,341
sdk,sqlite,nestedRelations,419,341
sdk,sqlite,nestedRelations,420,335
sdk,sqlite,nestedRelations,421,337
sdk,sqlite,nestedRelations,422,332
sdk,sqlite,nestedRelations,423,332
sdk,sqlite,nestedRelations,424,331
sdk,sqlite,nestedRelations,425,333
sdk,sqlite,nestedRelations,426,332
sdk,sqlite,nestedRelations,427,333
sdk,sqlite,nestedRelations,428,333
sdk,sqlite,nestedRelations,429,332
sdk,sqlite,nestedRelations,430,334
sdk,sqlite,nestedRelations,431,333
sdk,sqlite,nestedRelations,432,336
sdk,sqlite,nestedRelations,433,337
sdk,sqlite,nestedRelations,434,336
sdk,sqlite,nestedRelations,435,333
sdk,sqlite,nestedRelations,436,333
sdk,sqlite,nestedRelations,437,334
sdk,sqlite,nestedRelations,438,331
sdk,sqlite,nestedRelations,439,349
sdk,sqlite,nestedRelations,440,333
sdk,sqlite,nestedRelations,441,333
sdk,sqlite,nestedRelations,442,339
sdk,sqlite,nestedRelations,443,335
sdk,sqlite,nestedRelations,444,336
sdk,sqlite,nestedRelations,445,334
sdk,sqlite,nestedRelations,446,337
sdk,sqlite,nestedRelations,447,330
sdk,sqlite,nestedRelations,448,331
sdk,sqlite,nestedRelations,449,331
sdk,sqlite,nestedRelations,450,331
sdk,sqlite,nestedRelations,451,332
sdk,sqlite,nestedRelations,452,332
sdk,sqlite,nestedRelations,453,333
sdk,sqlite,nestedRelations,454,332
sdk,sqlite,nestedRelations,455,338
sdk,sqlite,nestedRelations,456,335
sdk,sqlite,nestedRelations,457,336
sdk,sqlite,nestedRelations,458,340
sdk,sqlite,nestedRelations,459,338
sdk,sqlite,nestedRelations,460,336
sdk,sqlite,nestedRelations,461,337
sdk,sqlite,nestedRelations,462,336
sdk,sqlite,nestedRelations,463,337
sdk,sqlite,nestedRelations,464,345
sdk,sqlite,nestedRelations,465,351
sdk,sqlite,nestedRelations,466,336
sdk,sqlite,nestedRelations,467,336
sdk,sqlite,nestedRelations,468,336
sdk,sqlite,nestedRelations,469,337
sdk,sqlite,nestedRelations,470,339
sdk,sqlite,nestedRelations,471,337
sdk,sqlite,nestedRelations,472,336
sdk,sqlite,nestedRelations,473,338
sdk,sqlite,nestedRelations,474,335
sdk,sqlite,nestedRelations,475,336
sdk,sqlite,nestedRelations,476,337
sdk,sqlite,nestedRelations,477,337
sdk,sqlite,nestedRelations,478,336
sdk,sqlite,nestedRelations,479,335
sdk,sqlite,nestedRelations,480,337
sdk,sqlite,nestedRelations,481,338
sdk,sqlite,nestedRelations,482,340
sdk,sqlite,nestedRelations,483,336
sdk,sqlite,nestedRelations,484,337
sdk,sqlite,nestedRelations,485,337
sdk,sqlite,nestedRelations,486,336
sdk,sqlite,nestedRelations,487,337
sdk,sqlite,nestedRelations,488,338
sdk,sqlite,nestedRelations,489,340
sdk,sqlite,nestedRelations,490,338
sdk,sqlite,nestedRelations,491,338
sdk,sqlite,nestedRelations,492,337
sdk,sqlite,nestedRelations,493,337
sdk,sqlite,nestedRelations,494,337
sdk,sqlite,nestedRelations,495,336
sdk,sqlite,nestedRelations,496,337
sdk,sqlite,nestedRelations,497,337
sdk,sqlite,nestedRelations,498,338
sdk,sqlite,nestedRelations,499,338
sdk,sqlite,nestedRelations,500,339
sdk,sqlite,nestedRelations,501,336
sdk,sqlite,nestedRelations,502,336
sdk,sqlite,nestedRelations,503,352
sdk,sqlite,nestedRelations,504,342
sdk,sqlite,nestedRelations,505,343
sdk,sqlite,nestedRelations,506,349
sdk,sqlite,nestedRelations,507,343
sdk,sqlite,nestedRelations,508,342
sdk,sqlite,nestedRelations,509,349
sdk,sqlite,nestedRelations,510,342
sdk,sqlite,nestedRelations,511,371
sdk,sqlite,nestedRelations,512,347
sdk,sqlite,nestedRelations,513,346
sdk,sqlite,nestedRelations,514,345
sdk,sqlite,nestedRelations,515,355
sdk,sqlite,nestedRelations,516,348
sdk,sqlite,nestedRelations,517,343
sdk,sqlite,nestedRelations,518,354
sdk,sqlite,nestedRelations,519,360
sdk,sqlite,nestedRelations,520,374
sdk,sqlite,nestedRelations,521,357
sdk,sqlite,nestedRelations,522,348
sdk,sqlite,nestedRelations,523,349
sdk,sqlite,nestedRelations,524,347
sdk,sqlite,nestedRelations,525,351
sdk,sqlite,nestedRelations,526,347
sdk,sqlite,nestedRelations,527,361
sdk,sqlite,nestedRelations,528,347
sdk,sqlite,nestedRelations,529,355
sdk,sqlite,nestedRelations,530,348
sdk,sqlite,nestedRelations,531,348
sdk,sqlite,nestedRelations,532,353
sdk,sqlite,nestedRelations,533,348
sdk,sqlite,nestedRelations,534,344
sdk,sqlite,nestedRelations,535,361
sdk,sqlite,nestedRelations,536,353
sdk,sqlite,nestedRelations,537,353
sdk,sqlite,nestedRelations,538,349
sdk,sqlite,nestedRelations,539,348
sdk,sqlite,nestedRelations,540,350
sdk,sqlite,nestedRelations,541,348
sdk,sqlite,nestedRelations,542,347
sdk,sqlite,nestedRelations,543,356
sdk,sqlite,nestedRelations,544,347
sdk,sqlite,nestedRelations,545,351
sdk,sqlite,nestedRelations,546,349
sdk,sqlite,nestedRelations,547,348
sdk,sqlite,nestedRelations,548,343
sdk,sqlite,nestedRelations,549,339
sdk,sqlite,nestedRelations,550,336
sdk,sqlite,nestedRelations,551,339
sdk,sqlite,nestedRelations,552,337
sdk,sqlite,nestedRelations,553,336
sdk,sqlite,nestedRelations,554,337
sdk,sqlite,nestedRelations,555,335
sdk,sqlite,nestedRelations,556,337
sdk,sqlite,nestedRelations,557,336
sdk,sqlite,nestedRelations,558,336
sdk,sqlite,nestedRelations,559,342
sdk,sqlite,nestedRelations,560,350
sdk,sqlite,nestedRelations,561,339
sdk,sqlite,nestedRelations,562,343
sdk,sqlite,nestedRelations,563,350
sdk,sqlite,nestedRelations,564,339
sdk,sqlite,nestedRelations,565,345
sdk,sqlite,nestedRelations,566,352
sdk,sqlite,nestedRelations,567,344
sdk,sqlite,nestedRelations,568,336
sdk,sqlite,nestedRelations,569,340
sdk,sqlite,nestedRelations,570,340
sdk,sqlite,nestedRelations,571,341
sdk,sqlite,nestedRelations,572,344
sdk,sqlite,nestedRelations,573,349
sdk,sqlite,nestedRelations,574,346
sdk,sqlite,nestedRelations,575,350
sdk,sqlite,nestedRelations,576,340
sdk,sqlite,nestedRelations,577,350
sdk,sqlite,nestedRelations,578,341
sdk,sqlite,nestedRelations,579,345
sdk,sqlite,nestedRelations,580,341
sdk,sqlite,nestedRelations,581,342
sdk,sqlite,nestedRelations,582,345
sdk,sqlite,nestedRelations,583,341
sdk,sqlite,nestedRelations,584,344
sdk,sqlite,nestedRelations,585,342
sdk,sqlite,nestedRelations,586,340
sdk,sqlite,nestedRelations,587,337
sdk,sqlite,nestedRelations,588,342
sdk,sqlite,nestedRelations,589,360
sdk,sqlite,nestedRelations,590,347
sdk,sqlite,nestedRelations,591,351
sdk,sqlite,nestedRelations,592,340
sdk,sqlite,nestedRelations,593,347
sdk,sqlite,nestedRelations,594,339
sdk,sqlite,nestedRelations,595,341
sdk,sqlite,nestedRelations,596,344
sdk,sqlite,nestedRelations,597,346
sdk,sqlite,nestedRelations,598,345
sdk,sqlite,nestedRelations,599,354
sdk,sqlite,nestedRelations,600,338
sdk,sqlite,nestedRelations,601,344
sdk,sqlite,nestedRelations,602,340
sdk,sqlite,nestedRelations,603,347
sdk,sqlite,nestedRelations,604,344
sdk,sqlite,nestedRelations,605,345
sdk,sqlite,nestedRelations,606,341
sdk,sqlite,nestedRelations,607,359
sdk,sqlite,nestedRelations,608,349
sdk,sqlite,nestedRelations,609,344
sdk,sqlite,nestedRelations,610,345
sdk,sqlite,nestedRelations,611,354
sdk,sqlite,nestedRelations,612,340
sdk,sqlite,nestedRelations,613,346
sdk,sqlite,nestedRelations,614,348
sdk,sqlite,nestedRelations,615,346
sdk,sqlite,nestedRelations,616,358
sdk,sqlite,nestedRelations,617,347
sdk,sqlite,nestedRelations,618,350
sdk,sqlite,nestedRelations,619,345
sdk,sqlite,nestedRelations,620,339
sdk,sqlite,nestedRelations,621,356
sdk,sqlite,nestedRelations,622,344
sdk,sqlite,nestedRelations,623,345
sdk,sqlite,nestedRelations,624,350
sdk,sqlite,nestedRelations,625,345
sdk,sqlite,nestedRelations,626,346
sdk,sqlite,nestedRelations,627,340
sdk,sqlite,nestedRelations,628,350
sdk,sqlite,nestedRelations,629,346
sdk,sqlite,nestedRelations,630,353
sdk,sqlite,nestedRelations,631,344
sdk,sqlite,nestedRelations,632,345
sdk,sqlite,nestedRelations,633,344
sdk,sqlite,nestedRelations,634,345
sdk,sqlite,nestedRelations,635,346
sdk,sqlite,nestedRelations,636,344
sdk,sqlite,nestedRelations,637,348
sdk,sqlite,nestedRelations,638,365
sdk,sqlite,nestedRelations,639,340
sdk,sqlite,nestedRelations,640,341
sdk,sqlite,nestedRelations,641,347
sdk,sqlite,nestedRelations,642,346
sdk,sqlite,nestedRelations,643,341
sdk,sqlite,nestedRelations,644,364
sdk,sqlite,nestedRelations,645,372
sdk,sqlite,nestedRelations,646,358
sdk,sqlite,nestedRelations,647,358
sdk,sqlite,nestedRelations,648,352
sdk,sqlite,nestedRelations,649,341
sdk,sqlite,nestedRelations,650,362
sdk,sqlite,nestedRelations,651,345
sdk,sqlite,nestedRelations,652,354
sdk,sqlite,nestedRelations,653,349
sdk,sqlite,nestedRelations,654,346
sdk,sqlite,nestedRelations,655,351
sdk,sqlite,nestedRelations,656,355
sdk,sqlite,nestedRelations,657,348
sdk,sqlite,nestedRelations,658,353
sdk,sqlite,nestedRelations,659,362
sdk,sqlite,nestedRelations,660,364
sdk,sqlite,nestedRelations,661,358
sdk,sqlite,nestedRelations,662,358
sdk,sqlite,nestedRelations,663,369
sdk,sqlite,nestedRelations,664,363
sdk,sqlite,nestedRelations,665,368
sdk,sqlite,nestedRelations,666,361
sdk,sqlite,nestedRelations,667,373
sdk,sqlite,nestedRelations,668,355
sdk,sqlite,nestedRelations,669,349
sdk,sqlite,nestedRelations,670,346
sdk,sqlite,nestedRelations,671,341
sdk,sqlite,nestedRelations,672,349
sdk,sqlite,nestedRelations,673,357
sdk,sqlite,nestedRelations,674,344
sdk,sqlite,nestedRelations,675,422
sdk,sqlite,nestedRelations,676,363
sdk,sqlite,nestedRelations,677,371
sdk,sqlite,nestedRelations,678,374
sdk,sqlite,nestedRelations,679,355
sdk,sqlite,nestedRelations,680,350
sdk,sqlite,nestedRelations,681,354
sdk,sqlite,nestedRelations,682,349
sdk,sqlite,nestedRelations,683,349
sdk,sqlite,nestedRelations,684,352
sdk,sqlite,nestedRelations,685,349
sdk,sqlite,nestedRelations,686,344
sdk,sqlite,nestedRelations,687,355
sdk,sqlite,nestedRelations,688,363
sdk,sqlite,nestedRelations,689,347
sdk,sqlite,nestedRelations,690,358
sdk,sqlite,nestedRelations,691,366
sdk,sqlite,nestedRelations,692,349
sdk,sqlite,nestedRelations,693,355
sdk,sqlite,nestedRelations,694,358
sdk,sqlite,nestedRelations,695,370
sdk,sqlite,nestedRelations,696,370
sdk,sqlite,nestedRelations,697,368
sdk,sqlite,nestedRelations,698,358
sdk,sqlite,nestedRelations,699,373
sdk,sqlite,nestedRelations,700,349
sdk,sqlite,nestedRelations,701,348
sdk,sqlite,nestedRelations,702,344
sdk,sqlite,nestedRelations,703,343
sdk,sqlite,nestedRelations,704,350
sdk,sqlite,nestedRelations,705,364
sdk,sqlite,nestedRelations,706,355
sdk,sqlite,nestedRelations,707,344
sdk,sqlite,nestedRelations,708,352
sdk,sqlite,nestedRelations,709,347
sdk,sqlite,nestedRelations,710,347
sdk,sqlite,nestedRelations,711,345
sdk,sqlite,nestedRelations,712,348
sdk,sqlite,nestedRelations,713,344
sdk,sqlite,nestedRelations,714,353
sdk,sqlite,nestedRelations,715,346
sdk,sqlite,nestedRelations,716,344
sdk,sqlite,nestedRelations,717,349
sdk,sqlite,nestedRelations,718,351
sdk,sqlite,nestedRelations,719,354
sdk,sqlite,nestedRelations,720,360
sdk,sqlite,nestedRelations,721,347
sdk,sqlite,nestedRelations,722,352
sdk,sqlite,nestedRelations,723,347
sdk,sqlite,nestedRelations,724,349
sdk,sqlite,nestedRelations,725,352
sdk,sqlite,nestedRelations,726,347
sdk,sqlite,nestedRelations,727,351
sdk,sqlite,nestedRelations,728,344
sdk,sqlite,nestedRelations,729,353
sdk,sqlite,nestedRelations,730,347
sdk,sqlite,nestedRelations,731,376
sdk,sqlite,nestedRelations,732,358
sdk,sqlite,nestedRelations,733,354
sdk,sqlite,nestedRelations,734,348
sdk,sqlite,nestedRelations,735,359
sdk,sqlite,nestedRelations,736,346
sdk,sqlite,nestedRelations,737,349
sdk,sqlite,nestedRelations,738,347
sdk,sqlite,nestedRelations,739,348
sdk,sqlite,nestedRelations,740,346
sdk,sqlite,nestedRelations,741,348
sdk,sqlite,nestedRelations,742,343
sdk,sqlite,nestedRelations,743,351
sdk,sqlite,nestedRelations,744,348
sdk,sqlite,nestedRelations,745,351
sdk,sqlite,nestedRelations,746,368
sdk,sqlite,nestedRelations,747,356
sdk,sqlite,nestedRelations,748,349
sdk,sqlite,nestedRelations,749,365
sdk,sqlite,nestedRelations,750,346
sdk,sqlite,nestedRelations,751,354
sdk,sqlite,nestedRelations,752,349
sdk,sqlite,nestedRelations,753,348
sdk,sqlite,nestedRelations,754,350
sdk,sqlite,nestedRelations,755,350
sdk,sqlite,nestedRelations,756,354
sdk,sqlite,nestedRelations,757,348
sdk,sqlite,nestedRelations,758,351
sdk,sqlite,nestedRelations,759,353
sdk,sqlite,nestedRelations,760,356
sdk,sqlite,nestedRelations,761,353
sdk,sqlite,nestedRelations,762,355
sdk,sqlite,nestedRelations,763,355
sdk,sqlite,nestedRelations,764,367
sdk,sqlite,nestedRelations,765,358
sdk,sqlite,nestedRelations,766,346
sdk,sqlite,nestedRelations,767,354
sdk,sqlite,nestedRelations,768,346
sdk,sqlite,nestedRelations,769,355
sdk,sqlite,nestedRelations,770,351
sdk,sqlite,nestedRelations,771,347
sdk,sqlite,nestedRelations,772,353
sdk,sqlite,nestedRelations,773,354
sdk,sqlite,nestedRelations,774,351
sdk,sqlite,nestedRelations,775,352
sdk,sqlite,nestedRelations,776,343
sdk,sqlite,nestedRelations,777,339
sdk,sqlite,nestedRelations,778,338
sdk,sqlite,nestedRelations,779,344
sdk,sqlite,nestedRelations,780,353
sdk,sqlite,nestedRelations,781,350
sdk,sqlite,nestedRelations,782,340
sdk,sqlite,nestedRelations,783,340
sdk,sqlite,nestedRelations,784,342
sdk,sqlite,nestedRelations,785,348
sdk,sqlite,nestedRelations,786,347
sdk,sqlite,nestedRelations,787,348
sdk,sqlite,nestedRelations,788,344
sdk,sqlite,nestedRelations,789,361
sdk,sqlite,nestedRelations,790,346
sdk,sqlite,nestedRelations,791,348
sdk,sqlite,nestedRelations,792,351
sdk,sqlite,nestedRelations,793,344
sdk,sqlite,nestedRelations,794,348
sdk,sqlite,nestedRelations,795,355
sdk,sqlite,nestedRelations,796,343
sdk,sqlite,nestedRelations,797,348
sdk,sqlite,nestedRelations,798,345
sdk,sqlite,nestedRelations,799,354
sdk,sqlite,nestedRelations,800,358
sdk,sqlite,nestedRelations,801,359
sdk,sqlite,nestedRelations,802,332
sdk,sqlite,nestedRelations,803,316
sdk,sqlite,nestedRelations,804,309
sdk,sqlite,nestedRelations,805,332
sdk,sqlite,nestedRelations,806,334
sdk,sqlite,nestedRelations,807,336
sdk,sqlite,nestedRelations,808,332
sdk,sqlite,nestedRelations,809,336
sdk,sqlite,nestedRelations,810,336
sdk,sqlite,nestedRelations,811,333
sdk,sqlite,nestedRelations,812,332
sdk,sqlite,nestedRelations,813,334
sdk,sqlite,nestedRelations,814,332
sdk,sqlite,nestedRelations,815,333
sdk,sqlite,nestedRelations,816,332
sdk,sqlite,nestedRelations,817,332
sdk,sqlite,nestedRelations,818,331
sdk,sqlite,nestedRelations,819,332
sdk,sqlite,nestedRelations,820,332
sdk,sqlite,nestedRelations,821,333
sdk,sqlite,nestedRelations,822,331
sdk,sqlite,nestedRelations,823,332
sdk,sqlite,nestedRelations,824,332
sdk,sqlite,nestedRelations,825,342
sdk,sqlite,nestedRelations,826,333
sdk,sqlite,nestedRelations,827,331
sdk,sqlite,nestedRelations,828,341
sdk,sqlite,nestedRelations,829,336
sdk,sqlite,nestedRelations,830,392
sdk,sqlite,nestedRelations,831,374
sdk,sqlite,nestedRelations,832,362
sdk,sqlite,nestedRelations,833,351
sdk,sqlite,nestedRelations,834,350
sdk,sqlite,nestedRelations,835,360
sdk,sqlite,nestedRelations,836,351
sdk,sqlite,nestedRelations,837,350
sdk,sqlite,nestedRelations,838,354
sdk,sqlite,nestedRelations,839,374
sdk,sqlite,nestedRelations,840,356
sdk,sqlite,nestedRelations,841,353
sdk,sqlite,nestedRelations,842,353
sdk,sqlite,nestedRelations,843,345
sdk,sqlite,nestedRelations,844,352
sdk,sqlite,nestedRelations,845,350
sdk,sqlite,nestedRelations,846,364
sdk,sqlite,nestedRelations,847,351
sdk,sqlite,nestedRelations,848,357
sdk,sqlite,nestedRelations,849,361
sdk,sqlite,nestedRelations,850,349
sdk,sqlite,nestedRelations,851,352
sdk,sqlite,nestedRelations,852,354
sdk,sqlite,nestedRelations,853,345
sdk,sqlite,nestedRelations,854,350
sdk,sqlite,nestedRelations,855,345
sdk,sqlite,nestedRelations,856,344
sdk,sqlite,nestedRelations,857,358
sdk,sqlite,nestedRelations,858,379
sdk,sqlite,nestedRelations,859,352
sdk,sqlite,nestedRelations,860,354
sdk,sqlite,nestedRelations,861,339
sdk,sqlite,nestedRelations,862,355
sdk,sqlite,nestedRelations,863,409
sdk,sqlite,nestedRelations,864,383
sdk,sqlite,nestedRelations,865,353
sdk,sqlite,nestedRelations,866,344
sdk,sqlite,nestedRelations,867,344
sdk,sqlite,nestedRelations,868,342
sdk,sqlite,nestedRelations,869,343
sdk,sqlite,nestedRelations,870,342
sdk,sqlite,nestedRelations,871,343
sdk,sqlite,nestedRelations,872,340
sdk,sqlite,nestedRelations,873,358
sdk,sqlite,nestedRelations,874,348
sdk,sqlite,nestedRelations,875,350
sdk,sqlite,nestedRelations,876,341
sdk,sqlite,nestedRelations,877,341
sdk,sqlite,nestedRelations,878,341
sdk,sqlite,nestedRelations,879,341
sdk,sqlite,nestedRelations,880,341
sdk,sqlite,nestedRelations,881,342
sdk,sqlite,nestedRelations,882,342
sdk,sqlite,nestedRelations,883,341
sdk,sqlite,nestedRelations,884,341
sdk,sqlite,nestedRelations,885,342
sdk,sqlite,nestedRelations,886,341
sdk,sqlite,nestedRelations,887,342
sdk,sqlite,nestedRelations,888,342
sdk,sqlite,nestedRelations,889,341
sdk,sqlite,nestedRelations,890,341
sdk,sqlite,nestedRelations,891,341
sdk,sqlite,nestedRelations,892,343
sdk,sqlite,nestedRelations,893,341
sdk,sqlite,nestedRelations,894,341
sdk,sqlite,nestedRelations,895,342
sdk,sqlite,nestedRelations,896,340
sdk,sqlite,nestedRelations,897,342
sdk,sqlite,nestedRelations,898,340
sdk,sqlite,nestedRelations,899,342
sdk,sqlite,nestedRelations,900,340
sdk,sqlite,nestedRelations,901,347
sdk,sqlite,nestedRelations,902,348
sdk,sqlite,nestedRelations,903,342
sdk,sqlite,nestedRelations,904,351
sdk,sqlite,nestedRelations,905,344
sdk,sqlite,nestedRelations,906,340
sdk,sqlite,nestedRelations,907,343
sdk,sqlite,nestedRelations,908,342
sdk,sqlite,nestedRelations,909,343
sdk,sqlite,nestedRelations,910,343
sdk,sqlite,nestedRelations,911,341
sdk,sqlite,nestedRelations,912,413
sdk,sqlite,nestedRelations,913,394
sdk,sqlite,nestedRelations,914,350
sdk,sqlite,nestedRelations,915,352
sdk,sqlite,nestedRelations,916,357
sdk,sqlite,nestedRelations,917,345
sdk,sqlite,nestedRelations,918,345
sdk,sqlite,nestedRelations,919,346
sdk,sqlite,nestedRelations,920,344
sdk,sqlite,nestedRelations,921,344
sdk,sqlite,nestedRelations,922,344
sdk,sqlite,nestedRelations,923,344
sdk,sqlite,nestedRelations,924,344
sdk,sqlite,nestedRelations,925,343
sdk,sqlite,nestedRelations,926,347
sdk,sqlite,nestedRelations,927,349
sdk,sqlite,nestedRelations,928,344
sdk,sqlite,nestedRelations,929,360
sdk,sqlite,nestedRelations,930,344
sdk,sqlite,nestedRelations,931,343
sdk,sqlite,nestedRelations,932,342
sdk,sqlite,nestedRelations,933,343
sdk,sqlite,nestedRelations,934,349
sdk,sqlite,nestedRelations,935,351
sdk,sqlite,nestedRelations,936,345
sdk,sqlite,nestedRelations,937,344
sdk,sqlite,nestedRelations,938,344
sdk,sqlite,nestedRelations,939,343
sdk,sqlite,nestedRelations,940,343
sdk,sqlite,nestedRelations,941,348
sdk,sqlite,nestedRelations,942,346
sdk,sqlite,nestedRelations,943,341
sdk,sqlite,nestedRelations,944,344
sdk,sqlite,nestedRelations,945,344
sdk,sqlite,nestedRelations,946,343
sdk,sqlite,nestedRelations,947,344
sdk,sqlite,nestedRelations,948,342
sdk,sqlite,nestedRelations,949,343
sdk,sqlite,nestedRelations,950,341
sdk,sqlite,nestedRelations,951,341
sdk,sqlite,nestedRelations,952,343
sdk,sqlite,nestedRelations,953,342
sdk,sqlite,nestedRelations,954,343
sdk,sqlite,nestedRelations,955,341
sdk,sqlite,nestedRelations,956,342
sdk,sqlite,nestedRelations,957,342
sdk,sqlite,nestedRelations,958,346
sdk,sqlite,nestedRelations,959,341
sdk,sqlite,nestedRelations,960,342
sdk,sqlite,nestedRelations,961,342
sdk,sqlite,nestedRelations,962,342
sdk,sqlite,nestedRelations,963,342
sdk,sqlite,nestedRelations,964,342
sdk,sqlite,nestedRelations,965,342
sdk,sqlite,nestedRelations,966,341
sdk,sqlite,nestedRelations,967,342
sdk,sqlite,nestedRelations,968,342
sdk,sqlite,nestedRelations,969,345
sdk,sqlite,nestedRelations,970,347
sdk,sqlite,nestedRelations,971,362
sdk,sqlite,nestedRelations,972,318
sdk,sqlite,nestedRelations,973,310
sdk,sqlite,nestedRelations,974,322
sdk,sqlite,nestedRelations,975,334
sdk,sqlite,nestedRelations,976,333
sdk,sqlite,nestedRelations,977,336
sdk,sqlite,nestedRelations,978,335
sdk,sqlite,nestedRelations,979,335
sdk,sqlite,nestedRelations,980,332
sdk,sqlite,nestedRelations,981,334
sdk,sqlite,nestedRelations,982,337
sdk,sqlite,nestedRelations,983,335
sdk,sqlite,nestedRelations,984,335
sdk,sqlite,nestedRelations,985,333
sdk,sqlite,nestedRelations,986,334
sdk,sqlite,nestedRelations,987,334
sdk,sqlite,nestedRelations,988,334
sdk,sqlite,nestedRelations,989,342
sdk,sqlite,nestedRelations,990,344
sdk,sqlite,nestedRelations,991,340
sdk,sqlite,nestedRelations,992,333
sdk,sqlite,nestedRelations,993,332
sdk,sqlite,nestedRelations,994,334
sdk,sqlite,nestedRelations,995,334
sdk,sqlite,nestedRelations,996,334
sdk,sqlite,nestedRelations,997,333
sdk,sqlite,nestedRelations,998,334
sdk,sqlite,nestedRelations,999,333
sdk,sqlite,compositeRelations,0,28
sdk,sqlite,compositeRelations,1,33
sdk,sqlite,compositeRelations,2,33
sdk,sqlite,compositeRelations,3,33
sdk,sqlite,compositeRelations,4,32
sdk,sqlite,compositeRelations,5,32
sdk,sqlite,compositeRelations,6,32
sdk,sqlite,compositeRelations,7,33
sdk,sqlite,compositeRelations,8,32
sdk,sqlite,compositeRelations,9,32
sdk,sqlite,compositeRelations,10,32
sdk,sqlite,compositeRelations,11,33
sdk,sqlite,compositeRelations,12,32
sdk,sqlite,compositeRelations,13,33
sdk,sqlite,compositeRelations,14,32
sdk,sqlite,compositeRelations,15,33
sdk,sqlite,compositeRelations,16,32
sdk,sqlite,compositeRelations,17,32
sdk,sqlite,compositeRelations,18,32
sdk,sqlite,compositeRelations,19,33
sdk,sqlite,compositeRelations,20,32
sdk,sqlite,compositeRelations,21,32
sdk,sqlite,compositeRelations,22,32
sdk,sqlite,compositeRelations,23,33
sdk,sqlite,compositeRelations,24,32
sdk,sqlite,compositeRelations,25,32
sdk,sqlite,compositeRelations,26,32
sdk,sqlite,compositeRelations,27,33
sdk,sqlite,compositeRelations,28,32
sdk,sqlite,compositeRelations,29,32
sdk,sqlite,compositeRelations,30,33
sdk,sqlite,compositeRelations,31,33
sdk,sqlite,compositeRelations,32,33
sdk,sqlite,compositeRelations,33,32
sdk,sqlite,compositeRelations,34,32
sdk,sqlite,compositeRelations,35,32
sdk,sqlite,compositeRelations,36,32
sdk,sqlite,compositeRelations,37,35
sdk,sqlite,compositeRelations,38,33
sdk,sqlite,compositeRelations,39,34
sdk,sqlite,compositeRelations,40,32
sdk,sqlite,compositeRelations,41,33
sdk,sqlite,compositeRelations,42,32
sdk,sqlite,compositeRelations,43,33
sdk,sqlite,compositeRelations,44,36
sdk,sqlite,compositeRelations,45,33
sdk,sqlite,compositeRelations,46,34
sdk,sqlite,compositeRelations,47,33
sdk,sqlite,compositeRelations,48,32
sdk,sqlite,compositeRelations,49,34
sdk,sqlite,compositeRelations,50,33
sdk,sqlite,compositeRelations,51,32
sdk,sqlite,compositeRelations,52,32
sdk,sqlite,compositeRelations,53,32
sdk,sqlite,compositeRelations,54,32
sdk,sqlite,compositeRelations,55,32
sdk,sqlite,compositeRelations,56,32
sdk,sqlite,compositeRelations,57,32
sdk,sqlite,compositeRelations,58,32
sdk,sqlite,compositeRelations,59,32
sdk,sqlite,compositeRelations,60,32
sdk,sqlite,compositeRelations,61,32
sdk,sqlite,compositeRelations,62,32
sdk,sqlite,compositeRelations,63,32
sdk,sqlite,compositeRelations,64,32
sdk,sqlite,compositeRelations,65,32
sdk,sqlite,compositeRelations,66,37
sdk,sqlite,compositeRelations,67,38
sdk,sqlite,compositeRelations,68,34
sdk,sqlite,compositeRelations,69,34
sdk,sqlite,compositeRelations,70,33
sdk,sqlite,compositeRelations,71,34
sdk,sqlite,compositeRelations,72,34
sdk,sqlite,compositeRelations,73,34
sdk,sqlite,compositeRelations,74,34
sdk,sqlite,compositeRelations,75,38
sdk,sqlite,compositeRelations,76,34
sdk,sqlite,compositeRelations,77,34
sdk,sqlite,compositeRelations,78,34
sdk,sqlite,compositeRelations,79,34
sdk,sqlite,compositeRelations,80,36
sdk,sqlite,compositeRelations,81,34
sdk,sqlite,compositeRelations,82,34
sdk,sqlite,compositeRelations,83,34
sdk,sqlite,compositeRelations,84,37
sdk,sqlite,compositeRelations,85,36
sdk,sqlite,compositeRelations,86,36
sdk,sqlite,compositeRelations,87,32
sdk,sqlite,compositeRelations,88,32
sdk,sqlite,compositeRelations,89,37
sdk,sqlite,compositeRelations,90,33
sdk,sqlite,compositeRelations,91,33
sdk,sqlite,compositeRelations,92,37
sdk,sqlite,compositeRelations,93,38
sdk,sqlite,compositeRelations,94,32
sdk,sqlite,compositeRelations,95,32
sdk,sqlite,compositeRelations,96,32
sdk,sqlite,compositeRelations,97,32
sdk,sqlite,compositeRelations,98,33
sdk,sqlite,compositeRelations,99,33
sdk,sqlite,compositeRelations,100,32
sdk,sqlite,compositeRelations,101,37
sdk,sqlite,compositeRelations,102,31
sdk,sqlite,compositeRelations,103,32
sdk,sqlite,compositeRelations,104,32
sdk,sqlite,compositeRelations,105,33
sdk,sqlite,compositeRelations,106,33
sdk,sqlite,compositeRelations,107,32
sdk,sqlite,compositeRelations,108,32
sdk,sqlite,compositeRelations,109,36
sdk,sqlite,compositeRelations,110,37
sdk,sqlite,compositeRelations,111,37
sdk,sqlite,compositeRelations,112,34
sdk,sqlite,compositeRelations,113,34
sdk,sqlite,compositeRelations,114,34
sdk,sqlite,compositeRelations,115,34
sdk,sqlite,compositeRelations,116,37
sdk,sqlite,compositeRelations,117,34
sdk,sqlite,compositeRelations,118,33
sdk,sqlite,compositeRelations,119,33
sdk,sqlite,compositeRelations,120,32
sdk,sqlite,compositeRelations,121,32
sdk,sqlite,compositeRelations,122,32
sdk,sqlite,compositeRelations,123,32
sdk,sqlite,compositeRelations,124,32
sdk,sqlite,compositeRelations,125,32
sdk,sqlite,compositeRelations,126,32
sdk,sqlite,compositeRelations,127,32
sdk,sqlite,compositeRelations,128,32
sdk,sqlite,compositeRelations,129,32
sdk,sqlite,compositeRelations,130,32
sdk,sqlite,compositeRelations,131,32
sdk,sqlite,compositeRelations,132,32
sdk,sqlite,compositeRelations,133,34
sdk,sqlite,compositeRelations,134,37
sdk,sqlite,compositeRelations,135,30
sdk,sqlite,compositeRelations,136,32
sdk,sqlite,compositeRelations,137,33
sdk,sqlite,compositeRelations,138,32
sdk,sqlite,compositeRelations,139,32
sdk,sqlite,compositeRelations,140,34
sdk,sqlite,compositeRelations,141,37
sdk,sqlite,compositeRelations,142,34
sdk,sqlite,compositeRelations,143,34
sdk,sqlite,compositeRelations,144,34
sdk,sqlite,compositeRelations,145,34
sdk,sqlite,compositeRelations,146,34
sdk,sqlite,compositeRelations,147,36
sdk,sqlite,compositeRelations,148,34
sdk,sqlite,compositeRelations,149,36
sdk,sqlite,compositeRelations,150,34
sdk,sqlite,compositeRelations,151,30
sdk,sqlite,compositeRelations,152,30
sdk,sqlite,compositeRelations,153,30
sdk,sqlite,compositeRelations,154,30
sdk,sqlite,compositeRelations,155,30
sdk,sqlite,compositeRelations,156,33
sdk,sqlite,compositeRelations,157,36
sdk,sqlite,compositeRelations,158,34
sdk,sqlite,compositeRelations,159,34
sdk,sqlite,compositeRelations,160,38
sdk,sqlite,compositeRelations,161,34
sdk,sqlite,compositeRelations,162,34
sdk,sqlite,compositeRelations,163,34
sdk,sqlite,compositeRelations,164,34
sdk,sqlite,compositeRelations,165,34
sdk,sqlite,compositeRelations,166,34
sdk,sqlite,compositeRelations,167,33
sdk,sqlite,compositeRelations,168,34
sdk,sqlite,compositeRelations,169,34
sdk,sqlite,compositeRelations,170,34
sdk,sqlite,compositeRelations,171,34
sdk,sqlite,compositeRelations,172,34
sdk,sqlite,compositeRelations,173,37
sdk,sqlite,compositeRelations,174,34
sdk,sqlite,compositeRelations,175,34
sdk,sqlite,compositeRelations,176,34
sdk,sqlite,compositeRelations,177,34
sdk,sqlite,compositeRelations,178,34
sdk,sqlite,compositeRelations,179,33
sdk,sqlite,compositeRelations,180,30
sdk,sqlite,compositeRelations,181,32
sdk,sqlite,compositeRelations,182,35
sdk,sqlite,compositeRelations,183,38
sdk,sqlite,compositeRelations,184,34
sdk,sqlite,compositeRelations,185,37
sdk,sqlite,compositeRelations,186,34
sdk,sqlite,compositeRelations,187,38
sdk,sqlite,compositeRelations,188,34
sdk,sqlite,compositeRelations,189,30
sdk,sqlite,compositeRelations,190,30
sdk,sqlite,compositeRelations,191,30
sdk,sqlite,compositeRelations,192,50
sdk,sqlite,compositeRelations,193,33
sdk,sqlite,compositeRelations,194,35
sdk,sqlite,compositeRelations,195,29
sdk,sqlite,compositeRelations,196,28
sdk,sqlite,compositeRelations,197,28
sdk,sqlite,compositeRelations,198,28
sdk,sqlite,compositeRelations,199,28
sdk,sqlite,compositeRelations,200,28
sdk,sqlite,compositeRelations,201,27
sdk,sqlite,compositeRelations,202,27
sdk,sqlite,compositeRelations,203,27
sdk,sqlite,compositeRelations,204,27
sdk,sqlite,compositeRelations,205,27
sdk,sqlite,compositeRelations,206,27
sdk,sqlite,compositeRelations,207,27
sdk,sqlite,compositeRelations,208,27
sdk,sqlite,compositeRelations,209,27
sdk,sqlite,compositeRelations,210,27
sdk,sqlite,compositeRelations,211,27
sdk,sqlite,compositeRelations,212,27
sdk,sqlite,compositeRelations,213,27
sdk,sqlite,compositeRelations,214,27
sdk,sqlite,compositeRelations,215,27
sdk,sqlite,compositeRelations,216,27
sdk,sqlite,compositeRelations,217,27
sdk,sqlite,compositeRelations,218,27
sdk,sqlite,compositeRelations,219,27
sdk,sqlite,compositeRelations,220,27
sdk,sqlite,compositeRelations,221,27
sdk,sqlite,compositeRelations,222,27
sdk,sqlite,compositeRelations,223,27
sdk,sqlite,compositeRelations,224,27
sdk,sqlite,compositeRelations,225,27
sdk,sqlite,compositeRelations,226,27
sdk,sqlite,compositeRelations,227,27
sdk,sqlite,compositeRelations,228,27
sdk,sqlite,compositeRelations,229,27
sdk,sqlite,compositeRelations,230,27
sdk,sqlite,compositeRelations,231,27
sdk,sqlite,compositeRelations,232,27
sdk,sqlite,compositeRelations,233,27
sdk,sqlite,compositeRelations,234,29
sdk,sqlite,compositeRelations,235,30
sdk,sqlite,compositeRelations,236,29
sdk,sqlite,compositeRelations,237,29
sdk,sqlite,compositeRelations,238,29
sdk,sqlite,compositeRelations,239,29
sdk,sqlite,compositeRelations,240,29
sdk,sqlite,compositeRelations,241,29
sdk,sqlite,compositeRelations,242,29
sdk,sqlite,compositeRelations,243,29
sdk,sqlite,compositeRelations,244,29
sdk,sqlite,compositeRelations,245,29
sdk,sqlite,compositeRelations,246,29
sdk,sqlite,compositeRelations,247,29
sdk,sqlite,compositeRelations,248,29
sdk,sqlite,compositeRelations,249,29
sdk,sqlite,compositeRelations,250,29
sdk,sqlite,compositeRelations,251,29
sdk,sqlite,compositeRelations,252,29
sdk,sqlite,compositeRelations,253,29
sdk,sqlite,compositeRelations,254,29
sdk,sqlite,compositeRelations,255,29
sdk,sqlite,compositeRelations,256,29
sdk,sqlite,compositeRelations,257,29
sdk,sqlite,compositeRelations,258,29
sdk,sqlite,compositeRelations,259,29
sdk,sqlite,compositeRelations,260,29
sdk,sqlite,compositeRelations,261,29
sdk,sqlite,compositeRelations,262,29
sdk,sqlite,compositeRelations,263,29
sdk,sqlite,compositeRelations,264,29
sdk,sqlite,compositeRelations,265,29
sdk,sqlite,compositeRelations,266,29
sdk,sqlite,compositeRelations,267,29
sdk,sqlite,compositeRelations,268,29
sdk,sqlite,compositeRelations,269,29
sdk,sqlite,compositeRelations,270,29
sdk,sqlite,compositeRelations,271,29
sdk,sqlite,compositeRelations,272,29
sdk,sqlite,compositeRelations,273,29
sdk,sqlite,compositeRelations,274,29
sdk,sqlite,compositeRelations,275,29
sdk,sqlite,compositeRelations,276,29
sdk,sqlite,compositeRelations,277,29
sdk,sqlite,compositeRelations,278,29
sdk,sqlite,compositeRelations,279,29
sdk,sqlite,compositeRelations,280,29
sdk,sqlite,compositeRelations,281,29
sdk,sqlite,compositeRelations,282,29
sdk,sqlite,compositeRelations,283,29
sdk,sqlite,compositeRelations,284,29
sdk,sqlite,compositeRelations,285,29
sdk,sqlite,compositeRelations,286,29
sdk,sqlite,compositeRelations,287,29
sdk,sqlite,compositeRelations,288,29
sdk,sqlite,compositeRelations,289,29
sdk,sqlite,compositeRelations,290,29
sdk,sqlite,compositeRelations,291,29
sdk,sqlite,compositeRelations,292,29
sdk,sqlite,compositeRelations,293,29
sdk,sqlite,compositeRelations,294,29
sdk,sqlite,compositeRelations,295,29
sdk,sqlite,compositeRelations,296,29
sdk,sqlite,compositeRelations,297,29
sdk,sqlite,compositeRelations,298,29
sdk,sqlite,compositeRelations,299,29
sdk,sqlite,compositeRelations,300,29
sdk,sqlite,compositeRelations,301,29
sdk,sqlite,compositeRelations,302,29
sdk,sqlite,compositeRelations,303,29
sdk,sqlite,compositeRelations,304,29
sdk,sqlite,compositeRelations,305,29
sdk,sqlite,compositeRelations,306,29
sdk,sqlite,compositeRelations,307,29
sdk,sqlite,compositeRelations,308,29
sdk,sqlite,compositeRelations,309,29
sdk,sqlite,compositeRelations,310,29
sdk,sqlite,compositeRelations,311,29
sdk,sqlite,compositeRelations,312,29
sdk,sqlite,compositeRelations,313,29
sdk,sqlite,compositeRelations,314,29
sdk,sqlite,compositeRelations,315,29
sdk,sqlite,compositeRelations,316,29
sdk,sqlite,compositeRelations,317,29
sdk,sqlite,compositeRelations,318,30
sdk,sqlite,compositeRelations,319,29
sdk,sqlite,compositeRelations,320,29
sdk,sqlite,compositeRelations,321,29
sdk,sqlite,compositeRelations,322,29
sdk,sqlite,compositeRelations,323,29
sdk,sqlite,compositeRelations,324,29
sdk,sqlite,compositeRelations,325,29
sdk,sqlite,compositeRelations,326,29
sdk,sqlite,compositeRelations,327,30
sdk,sqlite,compositeRelations,328,29
sdk,sqlite,compositeRelations,329,29
sdk,sqlite,compositeRelations,330,29
sdk,sqlite,compositeRelations,331,29
sdk,sqlite,compositeRelations,332,29
sdk,sqlite,compositeRelations,333,29
sdk,sqlite,compositeRelations,334,29
sdk,sqlite,compositeRelations,335,29
sdk,sqlite,compositeRelations,336,29
sdk,sqlite,compositeRelations,337,29
sdk,sqlite,compositeRelations,338,29
sdk,sqlite,compositeRelations,339,29
sdk,sqlite,compositeRelations,340,29
sdk,sqlite,compositeRelations,341,29
sdk,sqlite,compositeRelations,342,29
sdk,sqlite,compositeRelations,343,29
sdk,sqlite,compositeRelations,344,29
sdk,sqlite,compositeRelations,345,29
sdk,sqlite,compositeRelations,346,29
sdk,sqlite,compositeRelations,347,29
sdk,sqlite,compositeRelations,348,29
sdk,sqlite,compositeRelations,349,29
sdk,sqlite,compositeRelations,350,29
sdk,sqlite,compositeRelations,351,29
sdk,sqlite,compositeRelations,352,29
sdk,sqlite,compositeRelations,353,29
sdk,sqlite,compositeRelations,354,29
sdk,sqlite,compositeRelations,355,30
sdk,sqlite,compositeRelations,356,29
sdk,sqlite,compositeRelations,357,29
sdk,sqlite,compositeRelations,358,29
sdk,sqlite,compositeRelations,359,29
sdk,sqlite,compositeRelations,360,29
sdk,sqlite,compositeRelations,361,29
sdk,sqlite,compositeRelations,362,29
sdk,sqlite,compositeRelations,363,29
sdk,sqlite,compositeRelations,364,29
sdk,sqlite,compositeRelations,365,29
sdk,sqlite,compositeRelations,366,29
sdk,sqlite,compositeRelations,367,29
sdk,sqlite,compositeRelations,368,29
sdk,sqlite,compositeRelations,369,29
sdk,sqlite,compositeRelations,370,29
sdk,sqlite,compositeRelations,371,29
sdk,sqlite,compositeRelations,372,29
sdk,sqlite,compositeRelations,373,29
sdk,sqlite,compositeRelations,374,29
sdk,sqlite,compositeRelations,375,29
sdk,sqlite,compositeRelations,376,29
sdk,sqlite,compositeRelations,377,29
sdk,sqlite,compositeRelations,378,29
sdk,sqlite,compositeRelations,379,29
sdk,sqlite,compositeRelations,380,29
sdk,sqlite,compositeRelations,381,29
sdk,sqlite,compositeRelations,382,29
sdk,sqlite,compositeRelations,383,29
sdk,sqlite,compositeRelations,384,29
sdk,sqlite,compositeRelations,385,29
sdk,sqlite,compositeRelations,386,29
sdk,sqlite,compositeRelations,387,29
sdk,sqlite,compositeRelations,388,29
sdk,sqlite,compositeRelations,389,29
sdk,sqlite,compositeRelations,390,29
sdk,sqlite,compositeRelations,391,29
sdk,sqlite,compositeRelations,392,29
sdk,sqlite,compositeRelations,393,29
sdk,sqlite,compositeRelations,394,29
sdk,sqlite,compositeRelations,395,29
sdk,sqlite,compositeRelations,396,29
sdk,sqlite,compositeRelations,397,29
sdk,sqlite,compositeRelations,398,29
sdk,sqlite,compositeRelations,399,29
sdk,sqlite,compositeRelations,400,29
sdk,sqlite,compositeRelations,401,29
sdk,sqlite,compositeRelations,402,29
sdk,sqlite,compositeRelations,403,29
sdk,sqlite,compositeRelations,404,29
sdk,sqlite,compositeRelations,405,29
sdk,sqlite,compositeRelations,406,29
sdk,sqlite,compositeRelations,407,29
sdk,sqlite,compositeRelations,408,29
sdk,sqlite,compositeRelations,409,29
sdk,sqlite,compositeRelations,410,29
sdk,sqlite,compositeRelations,411,29
sdk,sqlite,compositeRelations,412,29
sdk,sqlite,compositeRelations,413,29
sdk,sqlite,compositeRelations,414,29
sdk,sqlite,compositeRelations,415,29
sdk,sqlite,compositeRelations,416,29
sdk,sqlite,compositeRelations,417,29
sdk,sqlite,compositeRelations,418,29
sdk,sqlite,compositeRelations,419,29
sdk,sqlite,compositeRelations,420,29
sdk,sqlite,compositeRelations,421,29
sdk,sqlite,compositeRelations,422,29
sdk,sqlite,compositeRelations,423,29
sdk,sqlite,compositeRelations,424,29
sdk,sqlite,compositeRelations,425,29
sdk,sqlite,compositeRelations,426,29
sdk,sqlite,compositeRelations,427,29
sdk,sqlite,compositeRelations,428,29
sdk,sqlite,compositeRelations,429,29
sdk,sqlite,compositeRelations,430,29
sdk,sqlite,compositeRelations,431,29
sdk,sqlite,compositeRelations,432,29
sdk,sqlite,compositeRelations,433,29
sdk,sqlite,compositeRelations,434,29
sdk,sqlite,compositeRelations,435,29
sdk,sqlite,compositeRelations,436,29
sdk,sqlite,compositeRelations,437,29
sdk,sqlite,compositeRelations,438,29
sdk,sqlite,compositeRelations,439,29
sdk,sqlite,compositeRelations,440,29
sdk,sqlite,compositeRelations,441,29
sdk,sqlite,compositeRelations,442,29
sdk,sqlite,compositeRelations,443,29
sdk,sqlite,compositeRelations,444,29
sdk,sqlite,compositeRelations,445,29
sdk,sqlite,compositeRelations,446,29
sdk,sqlite,compositeRelations,447,29
sdk,sqlite,compositeRelations,448,29
sdk,sqlite,compositeRelations,449,29
sdk,sqlite,compositeRelations,450,29
sdk,sqlite,compositeRelations,451,29
sdk,sqlite,compositeRelations,452,29
sdk,sqlite,compositeRelations,453,29
sdk,sqlite,compositeRelations,454,29
sdk,sqlite,compositeRelations,455,29
sdk,sqlite,compositeRelations,456,29
sdk,sqlite,compositeRelations,457,29
sdk,sqlite,compositeRelations,458,29
sdk,sqlite,compositeRelations,459,29
sdk,sqlite,compositeRelations,460,29
sdk,sqlite,compositeRelations,461,29
sdk,sqlite,compositeRelations,462,29
sdk,sqlite,compositeRelations,463,29
sdk,sqlite,compositeRelations,464,29
sdk,sqlite,compositeRelations,465,29
sdk,sqlite,compositeRelations,466,29
sdk,sqlite,compositeRelations,467,29
sdk,sqlite,compositeRelations,468,29
sdk,sqlite,compositeRelations,469,29
sdk,sqlite,compositeRelations,470,29
sdk,sqlite,compositeRelations,471,29
sdk,sqlite,compositeRelations,472,29
sdk,sqlite,compositeRelations,473,29
sdk,sqlite,compositeRelations,474,29
sdk,sqlite,compositeRelations,475,29
sdk,sqlite,compositeRelations,476,29
sdk,sqlite,compositeRelations,477,29
sdk,sqlite,compositeRelations,478,29
sdk,sqlite,compositeRelations,479,29
sdk,sqlite,compositeRelations,480,29
sdk,sqlite,compositeRelations,481,29
sdk,sqlite,compositeRelations,482,29
sdk,sqlite,compositeRelations,483,29
sdk,sqlite,compositeRelations,484,29
sdk,sqlite,compositeRelations,485,29
sdk,sqlite,compositeRelations,486,29
sdk,sqlite,compositeRelations,487,29
sdk,sqlite,compositeRelations,488,29
sdk,sqlite,compositeRelations,489,29
sdk,sqlite,compositeRelations,490,29
sdk,sqlite,compositeRelations,491,32
sdk,sqlite,compositeRelations,492,29
sdk,sqlite,compositeRelations,493,29
sdk,sqlite,compositeRelations,494,29
sdk,sqlite,compositeRelations,495,29
sdk,sqlite,compositeRelations,496,52
sdk,sqlite,compositeRelations,497,43
sdk,sqlite,compositeRelations,498,36
sdk,sqlite,compositeRelations,499,35
sdk,sqlite,compositeRelations,500,38
sdk,sqlite,compositeRelations,501,36
sdk,sqlite,compositeRelations,502,37
sdk,sqlite,compositeRelations,503,38
sdk,sqlite,compositeRelations,504,36
sdk,sqlite,compositeRelations,505,33
sdk,sqlite,compositeRelations,506,34
sdk,sqlite,compositeRelations,507,37
sdk,sqlite,compositeRelations,508,34
sdk,sqlite,compositeRelations,509,38
sdk,sqlite,compositeRelations,510,37
sdk,sqlite,compositeRelations,511,37
sdk,sqlite,compositeRelations,512,34
sdk,sqlite,compositeRelations,513,34
sdk,sqlite,compositeRelations,514,34
sdk,sqlite,compositeRelations,515,34
sdk,sqlite,compositeRelations,516,34
sdk,sqlite,compositeRelations,517,34
sdk,sqlite,compositeRelations,518,33
sdk,sqlite,compositeRelations,519,38
sdk,sqlite,compositeRelations,520,33
sdk,sqlite,compositeRelations,521,37
sdk,sqlite,compositeRelations,522,37
sdk,sqlite,compositeRelations,523,34
sdk,sqlite,compositeRelations,524,34
sdk,sqlite,compositeRelations,525,34
sdk,sqlite,compositeRelations,526,31
sdk,sqlite,compositeRelations,527,36
sdk,sqlite,compositeRelations,528,36
sdk,sqlite,compositeRelations,529,32
sdk,sqlite,compositeRelations,530,33
sdk,sqlite,compositeRelations,531,32
sdk,sqlite,compositeRelations,532,36
sdk,sqlite,compositeRelations,533,32
sdk,sqlite,compositeRelations,534,33
sdk,sqlite,compositeRelations,535,32
sdk,sqlite,compositeRelations,536,32
sdk,sqlite,compositeRelations,537,37
sdk,sqlite,compositeRelations,538,36
sdk,sqlite,compositeRelations,539,36
sdk,sqlite,compositeRelations,540,35
sdk,sqlite,compositeRelations,541,36
sdk,sqlite,compositeRelations,542,37
sdk,sqlite,compositeRelations,543,36
sdk,sqlite,compositeRelations,544,33
sdk,sqlite,compositeRelations,545,32
sdk,sqlite,compositeRelations,546,32
sdk,sqlite,compositeRelations,547,32
sdk,sqlite,compositeRelations,548,32
sdk,sqlite,compositeRelations,549,36
sdk,sqlite,compositeRelations,550,32
sdk,sqlite,compositeRelations,551,33
sdk,sqlite,compositeRelations,552,32
sdk,sqlite,compositeRelations,553,32
sdk,sqlite,compositeRelations,554,32
sdk,sqlite,compositeRelations,555,32
sdk,sqlite,compositeRelations,556,32
sdk,sqlite,compositeRelations,557,32
sdk,sqlite,compositeRelations,558,33
sdk,sqlite,compositeRelations,559,32
sdk,sqlite,compositeRelations,560,32
sdk,sqlite,compositeRelations,561,36
sdk,sqlite,compositeRelations,562,38
sdk,sqlite,compositeRelations,563,34
sdk,sqlite,compositeRelations,564,34
sdk,sqlite,compositeRelations,565,34
sdk,sqlite,compositeRelations,566,34
sdk,sqlite,compositeRelations,567,34
sdk,sqlite,compositeRelations,568,34
sdk,sqlite,compositeRelations,569,34
sdk,sqlite,compositeRelations,570,34
sdk,sqlite,compositeRelations,571,34
sdk,sqlite,compositeRelations,572,36
sdk,sqlite,compositeRelations,573,33
sdk,sqlite,compositeRelations,574,30
sdk,sqlite,compositeRelations,575,30
sdk,sqlite,compositeRelations,576,30
sdk,sqlite,compositeRelations,577,30
sdk,sqlite,compositeRelations,578,30
sdk,sqlite,compositeRelations,579,30
sdk,sqlite,compositeRelations,580,30
sdk,sqlite,compositeRelations,581,30
sdk,sqlite,compositeRelations,582,30
sdk,sqlite,compositeRelations,583,30
sdk,sqlite,compositeRelations,584,30
sdk,sqlite,compositeRelations,585,30
sdk,sqlite,compositeRelations,586,30
sdk,sqlite,compositeRelations,587,30
sdk,sqlite,compositeRelations,588,30
sdk,sqlite,compositeRelations,589,30
sdk,sqlite,compositeRelations,590,30
sdk,sqlite,compositeRelations,591,30
sdk,sqlite,compositeRelations,592,30
sdk,sqlite,compositeRelations,593,31
sdk,sqlite,compositeRelations,594,38
sdk,sqlite,compositeRelations,595,36
sdk,sqlite,compositeRelations,596,32
sdk,sqlite,compositeRelations,597,32
sdk,sqlite,compositeRelations,598,32
sdk,sqlite,compositeRelations,599,32
sdk,sqlite,compositeRelations,600,32
sdk,sqlite,compositeRelations,601,32
sdk,sqlite,compositeRelations,602,32
sdk,sqlite,compositeRelations,603,32
sdk,sqlite,compositeRelations,604,32
sdk,sqlite,compositeRelations,605,32
sdk,sqlite,compositeRelations,606,32
sdk,sqlite,compositeRelations,607,33
sdk,sqlite,compositeRelations,608,32
sdk,sqlite,compositeRelations,609,32
sdk,sqlite,compositeRelations,610,33
sdk,sqlite,compositeRelations,611,32
sdk,sqlite,compositeRelations,612,33
sdk,sqlite,compositeRelations,613,37
sdk,sqlite,compositeRelations,614,33
sdk,sqlite,compositeRelations,615,38
sdk,sqlite,compositeRelations,616,34
sdk,sqlite,compositeRelations,617,34
sdk,sqlite,compositeRelations,618,34
sdk,sqlite,compositeRelations,619,34
sdk,sqlite,compositeRelations,620,34
sdk,sqlite,compositeRelations,621,34
sdk,sqlite,compositeRelations,622,34
sdk,sqlite,compositeRelations,623,34
sdk,sqlite,compositeRelations,624,34
sdk,sqlite,compositeRelations,625,34
sdk,sqlite,compositeRelations,626,34
sdk,sqlite,compositeRelations,627,34
sdk,sqlite,compositeRelations,628,34
sdk,sqlite,compositeRelations,629,34
sdk,sqlite,compositeRelations,630,34
sdk,sqlite,compositeRelations,631,34
sdk,sqlite,compositeRelations,632,34
sdk,sqlite,compositeRelations,633,34
sdk,sqlite,compositeRelations,634,34
sdk,sqlite,compositeRelations,635,34
sdk,sqlite,compositeRelations,636,34
sdk,sqlite,compositeRelations,637,34
sdk,sqlite,compositeRelations,638,34
sdk,sqlite,compositeRelations,639,34
sdk,sqlite,compositeRelations,640,34
sdk,sqlite,compositeRelations,641,34
sdk,sqlite,compositeRelations,642,34
sdk,sqlite,compositeRelations,643,34
sdk,sqlite,compositeRelations,644,34
sdk,sqlite,compositeRelations,645,35
sdk,sqlite,compositeRelations,646,34
sdk,sqlite,compositeRelations,647,36
sdk,sqlite,compositeRelations,648,36
sdk,sqlite,compositeRelations,649,34
sdk,sqlite,compositeRelations,650,37
sdk,sqlite,compositeRelations,651,38
sdk,sqlite,compositeRelations,652,30
sdk,sqlite,compositeRelations,653,32
sdk,sqlite,compositeRelations,654,32
sdk,sqlite,compositeRelations,655,32
sdk,sqlite,compositeRelations,656,32
sdk,sqlite,compositeRelations,657,32
sdk,sqlite,compositeRelations,658,32
sdk,sqlite,compositeRelations,659,32
sdk,sqlite,compositeRelations,660,33
sdk,sqlite,compositeRelations,661,32
sdk,sqlite,compositeRelations,662,33
sdk,sqlite,compositeRelations,663,32
sdk,sqlite,compositeRelations,664,32
sdk,sqlite,compositeRelations,665,33
sdk,sqlite,compositeRelations,666,33
sdk,sqlite,compositeRelations,667,33
sdk,sqlite,compositeRelations,668,33
sdk,sqlite,compositeRelations,669,32
sdk,sqlite,compositeRelations,670,36
sdk,sqlite,compositeRelations,671,36
sdk,sqlite,compositeRelations,672,36
sdk,sqlite,compositeRelations,673,32
sdk,sqlite,compositeRelations,674,33
sdk,sqlite,compositeRelations,675,32
sdk,sqlite,compositeRelations,676,32
sdk,sqlite,compositeRelations,677,32
sdk,sqlite,compositeRelations,678,32
sdk,sqlite,compositeRelations,679,32
sdk,sqlite,compositeRelations,680,32
sdk,sqlite,compositeRelations,681,32
sdk,sqlite,compositeRelations,682,32
sdk,sqlite,compositeRelations,683,32
sdk,sqlite,compositeRelations,684,32
sdk,sqlite,compositeRelations,685,32
sdk,sqlite,compositeRelations,686,32
sdk,sqlite,compositeRelations,687,32
sdk,sqlite,compositeRelations,688,32
sdk,sqlite,compositeRelations,689,32
sdk,sqlite,compositeRelations,690,32
sdk,sqlite,compositeRelations,691,32
sdk,sqlite,compositeRelations,692,32
sdk,sqlite,compositeRelations,693,32
sdk,sqlite,compositeRelations,694,33
sdk,sqlite,compositeRelations,695,32
sdk,sqlite,compositeRelations,696,32
sdk,sqlite,compositeRelations,697,32
sdk,sqlite,compositeRelations,698,32
sdk,sqlite,compositeRelations,699,33
sdk,sqlite,compositeRelations,700,33
sdk,sqlite,compositeRelations,701,32
sdk,sqlite,compositeRelations,702,32
sdk,sqlite,compositeRelations,703,32
sdk,sqlite,compositeRelations,704,32
sdk,sqlite,compositeRelations,705,32
sdk,sqlite,compositeRelations,706,32
sdk,sqlite,compositeRelations,707,32
sdk,sqlite,compositeRelations,708,32
sdk,sqlite,compositeRelations,709,32
sdk,sqlite,compositeRelations,710,32
sdk,sqlite,compositeRelations,711,32
sdk,sqlite,compositeRelations,712,33
sdk,sqlite,compositeRelations,713,33
sdk,sqlite,compositeRelations,714,32
sdk,sqlite,compositeRelations,715,32
sdk,sqlite,compositeRelations,716,32
sdk,sqlite,compositeRelations,717,32
sdk,sqlite,compositeRelations,718,32
sdk,sqlite,compositeRelations,719,32
sdk,sqlite,compositeRelations,720,32
sdk,sqlite,compositeRelations,721,32
sdk,sqlite,compositeRelations,722,32
sdk,sqlite,compositeRelations,723,32
sdk,sqlite,compositeRelations,724,32
sdk,sqlite,compositeRelations,725,33
sdk,sqlite,compositeRelations,726,33
sdk,sqlite,compositeRelations,727,32
sdk,sqlite,compositeRelations,728,32
sdk,sqlite,compositeRelations,729,32
sdk,sqlite,compositeRelations,730,32
sdk,sqlite,compositeRelations,731,32
sdk,sqlite,compositeRelations,732,32
sdk,sqlite,compositeRelations,733,32
sdk,sqlite,compositeRelations,734,32
sdk,sqlite,compositeRelations,735,32
sdk,sqlite,compositeRelations,736,33
sdk,sqlite,compositeRelations,737,32
sdk,sqlite,compositeRelations,738,32
sdk,sqlite,compositeRelations,739,32
sdk,sqlite,compositeRelations,740,33
sdk,sqlite,compositeRelations,741,33
sdk,sqlite,compositeRelations,742,33
sdk,sqlite,compositeRelations,743,32
sdk,sqlite,compositeRelations,744,32
sdk,sqlite,compositeRelations,745,32
sdk,sqlite,compositeRelations,746,32
sdk,sqlite,compositeRelations,747,32
sdk,sqlite,compositeRelations,748,32
sdk,sqlite,compositeRelations,749,32
sdk,sqlite,compositeRelations,750,33
sdk,sqlite,compositeRelations,751,32
sdk,sqlite,compositeRelations,752,32
sdk,sqlite,compositeRelations,753,32
sdk,sqlite,compositeRelations,754,32
sdk,sqlite,compositeRelations,755,32
sdk,sqlite,compositeRelations,756,32
sdk,sqlite,compositeRelations,757,32
sdk,sqlite,compositeRelations,758,32
sdk,sqlite,compositeRelations,759,32
sdk,sqlite,compositeRelations,760,32
sdk,sqlite,compositeRelations,761,32
sdk,sqlite,compositeRelations,762,33
sdk,sqlite,compositeRelations,763,32
sdk,sqlite,compositeRelations,764,33
sdk,sqlite,compositeRelations,765,32
sdk,sqlite,compositeRelations,766,33
sdk,sqlite,compositeRelations,767,32
sdk,sqlite,compositeRelations,768,32
sdk,sqlite,compositeRelations,769,32
sdk,sqlite,compositeRelations,770,32
sdk,sqlite,compositeRelations,771,32
sdk,sqlite,compositeRelations,772,32
sdk,sqlite,compositeRelations,773,32
sdk,sqlite,compositeRelations,774,32
sdk,sqlite,compositeRelations,775,32
sdk,sqlite,compositeRelations,776,32
sdk,sqlite,compositeRelations,777,32
sdk,sqlite,compositeRelations,778,32
sdk,sqlite,compositeRelations,779,32
sdk,sqlite,compositeRelations,780,32
sdk,sqlite,compositeRelations,781,32
sdk,sqlite,compositeRelations,782,34
sdk,sqlite,compositeRelations,783,33
sdk,sqlite,compositeRelations,784,32
sdk,sqlite,compositeRelations,785,32
sdk,sqlite,compositeRelations,786,32
sdk,sqlite,compositeRelations,787,32
sdk,sqlite,compositeRelations,788,32
sdk,sqlite,compositeRelations,789,32
sdk,sqlite,compositeRelations,790,32
sdk,sqlite,compositeRelations,791,32
sdk,sqlite,compositeRelations,792,32
sdk,sqlite,compositeRelations,793,32
sdk,sqlite,compositeRelations,794,32
sdk,sqlite,compositeRelations,795,32
sdk,sqlite,compositeRelations,796,32
sdk,sqlite,compositeRelations,797,32
sdk,sqlite,compositeRelations,798,32
sdk,sqlite,compositeRelations,799,32
sdk,sqlite,compositeRelations,800,32
sdk,sqlite,compositeRelations,801,32
sdk,sqlite,compositeRelations,802,33
sdk,sqlite,compositeRelations,803,32
sdk,sqlite,compositeRelations,804,32
sdk,sqlite,compositeRelations,805,32
sdk,sqlite,compositeRelations,806,32
sdk,sqlite,compositeRelations,807,32
sdk,sqlite,compositeRelations,808,32
sdk,sqlite,compositeRelations,809,32
sdk,sqlite,compositeRelations,810,32
sdk,sqlite,compositeRelations,811,32
sdk,sqlite,compositeRelations,812,32
sdk,sqlite,compositeRelations,813,32
sdk,sqlite,compositeRelations,814,32
sdk,sqlite,compositeRelations,815,32
sdk,sqlite,compositeRelations,816,32
sdk,sqlite,compositeRelations,817,32
sdk,sqlite,compositeRelations,818,32
sdk,sqlite,compositeRelations,819,37
sdk,sqlite,compositeRelations,820,32
sdk,sqlite,compositeRelations,821,33
sdk,sqlite,compositeRelations,822,33
sdk,sqlite,compositeRelations,823,32
sdk,sqlite,compositeRelations,824,34
sdk,sqlite,compositeRelations,825,37
sdk,sqlite,compositeRelations,826,34
sdk,sqlite,compositeRelations,827,33
sdk,sqlite,compositeRelations,828,37
sdk,sqlite,compositeRelations,829,34
sdk,sqlite,compositeRelations,830,34
sdk,sqlite,compositeRelations,831,34
sdk,sqlite,compositeRelations,832,34
sdk,sqlite,compositeRelations,833,34
sdk,sqlite,compositeRelations,834,34
sdk,sqlite,compositeRelations,835,34
sdk,sqlite,compositeRelations,836,34
sdk,sqlite,compositeRelations,837,34
sdk,sqlite,compositeRelations,838,34
sdk,sqlite,compositeRelations,839,34
sdk,sqlite,compositeRelations,840,34
sdk,sqlite,compositeRelations,841,34
sdk,sqlite,compositeRelations,842,34
sdk,sqlite,compositeRelations,843,35
sdk,sqlite,compositeRelations,844,34
sdk,sqlite,compositeRelations,845,34
sdk,sqlite,compositeRelations,846,34
sdk,sqlite,compositeRelations,847,34
sdk,sqlite,compositeRelations,848,34
sdk,sqlite,compositeRelations,849,34
sdk,sqlite,compositeRelations,850,34
sdk,sqlite,compositeRelations,851,34
sdk,sqlite,compositeRelations,852,35
sdk,sqlite,compositeRelations,853,34
sdk,sqlite,compositeRelations,854,34
sdk,sqlite,compositeRelations,855,34
sdk,sqlite,compositeRelations,856,34
sdk,sqlite,compositeRelations,857,34
sdk,sqlite,compositeRelations,858,34
sdk,sqlite,compositeRelations,859,34
sdk,sqlite,compositeRelations,860,34
sdk,sqlite,compositeRelations,861,34
sdk,sqlite,compositeRelations,862,34
sdk,sqlite,compositeRelations,863,34
sdk,sqlite,compositeRelations,864,34
sdk,sqlite,compositeRelations,865,34
sdk,sqlite,compositeRelations,866,36
sdk,sqlite,compositeRelations,867,36
sdk,sqlite,compositeRelations,868,32
sdk,sqlite,compositeRelations,869,32
sdk,sqlite,compositeRelations,870,32
sdk,sqlite,compositeRelations,871,32
sdk,sqlite,compositeRelations,872,32
sdk,sqlite,compositeRelations,873,32
sdk,sqlite,compositeRelations,874,32
sdk,sqlite,compositeRelations,875,32
sdk,sqlite,compositeRelations,876,32
sdk,sqlite,compositeRelations,877,32
sdk,sqlite,compositeRelations,878,33
sdk,sqlite,compositeRelations,879,32
sdk,sqlite,compositeRelations,880,32
sdk,sqlite,compositeRelations,881,32
sdk,sqlite,compositeRelations,882,32
sdk,sqlite,compositeRelations,883,32
sdk,sqlite,compositeRelations,884,32
sdk,sqlite,compositeRelations,885,33
sdk,sqlite,compositeRelations,886,32
sdk,sqlite,compositeRelations,887,32
sdk,sqlite,compositeRelations,888,32
sdk,sqlite,compositeRelations,889,32
sdk,sqlite,compositeRelations,890,32
sdk,sqlite,compositeRelations,891,32
sdk,sqlite,compositeRelations,892,32
sdk,sqlite,compositeRelations,893,32
sdk,sqlite,compositeRelations,894,32
sdk,sqlite,compositeRelations,895,32
sdk,sqlite,compositeRelations,896,32
sdk,sqlite,compositeRelations,897,32
sdk,sqlite,compositeRelations,898,32
sdk,sqlite,compositeRelations,899,32
sdk,sqlite,compositeRelations,900,32
sdk,sqlite,compositeRelations,901,32
sdk,sqlite,compositeRelations,902,32
sdk,sqlite,compositeRelations,903,32
sdk,sqlite,compositeRelations,904,32
sdk,sqlite,compositeRelations,905,32
sdk,sqlite,compositeRelations,906,32
sdk,sqlite,compositeRelations,907,32
sdk,sqlite,compositeRelations,908,32
sdk,sqlite,compositeRelations,909,33
sdk,sqlite,compositeRelations,910,32
sdk,sqlite,compositeRelations,911,32
sdk,sqlite,compositeRelations,912,32
sdk,sqlite,compositeRelations,913,32
sdk,sqlite,compositeRelations,914,32
sdk,sqlite,compositeRelations,915,32
sdk,sqlite,compositeRelations,916,33
sdk,sqlite,compositeRelations,917,32
sdk,sqlite,compositeRelations,918,32
sdk,sqlite,compositeRelations,919,32
sdk,sqlite,compositeRelations,920,33
sdk,sqlite,compositeRelations,921,32
sdk,sqlite,compositeRelations,922,29
sdk,sqlite,compositeRelations,923,29
sdk,sqlite,compositeRelations,924,32
sdk,sqlite,compositeRelations,925,33
sdk,sqlite,compositeRelations,926,32
sdk,sqlite,compositeRelations,927,32
sdk,sqlite,compositeRelations,928,32
sdk,sqlite,compositeRelations,929,32
sdk,sqlite,compositeRelations,930,32
sdk,sqlite,compositeRelations,931,32
sdk,sqlite,compositeRelations,932,32
sdk,sqlite,compositeRelations,933,32
sdk,sqlite,compositeRelations,934,34
sdk,sqlite,compositeRelations,935,33
sdk,sqlite,compositeRelations,936,34
sdk,sqlite,compositeRelations,937,34
sdk,sqlite,compositeRelations,938,32
sdk,sqlite,compositeRelations,939,32
sdk,sqlite,compositeRelations,940,32
sdk,sqlite,compositeRelations,941,32
sdk,sqlite,compositeRelations,942,32
sdk,sqlite,compositeRelations,943,32
sdk,sqlite,compositeRelations,944,32
sdk,sqlite,compositeRelations,945,32
sdk,sqlite,compositeRelations,946,32
sdk,sqlite,compositeRelations,947,32
sdk,sqlite,compositeRelations,948,32
sdk,sqlite,compositeRelations,949,32
sdk,sqlite,compositeRelations,950,32
sdk,sqlite,compositeRelations,951,32
sdk,sqlite,compositeRelations,952,32
sdk,sqlite,compositeRelations,953,32
sdk,sqlite,compositeRelations,954,32
sdk,sqlite,compositeRelations,955,32
sdk,sqlite,compositeRelations,956,32
sdk,sqlite,compositeRelations,957,32
sdk,sqlite,compositeRelations,958,32
sdk,sqlite,compositeRelations,959,32
sdk,sqlite,compositeRelations,960,32
sdk,sqlite,compositeRelations,961,32
sdk,sqlite,compositeRelations,962,32
sdk,sqlite,compositeRelations,963,32
sdk,sqlite,compositeRelations,964,32
sdk,sqlite,compositeRelations,965,32
sdk,sqlite,compositeRelations,966,32
sdk,sqlite,compositeRelations,967,32
sdk,sqlite,compositeRelations,968,32
sdk,sqlite,compositeRelations,969,32
sdk,sqlite,compositeRelations,970,32
sdk,sqlite,compositeRelations,971,32
sdk,sqlite,compositeRelations,972,32
sdk,sqlite,compositeRelations,973,32
sdk,sqlite,compositeRelations,974,32
sdk,sqlite,compositeRelations,975,36
sdk,sqlite,compositeRelations,976,32
sdk,sqlite,compositeRelations,977,32
sdk,sqlite,compositeRelations,978,32
sdk,sqlite,compositeRelations,979,32
sdk,sqlite,compositeRelations,980,38
sdk,sqlite,compositeRelations,981,37
sdk,sqlite,compositeRelations,982,37
sdk,sqlite,compositeRelations,983,36
sdk,sqlite,compositeRelations,984,32
sdk,sqlite,compositeRelations,985,37
sdk,sqlite,compositeRelations,986,37
sdk,sqlite,compositeRelations,987,34
sdk,sqlite,compositeRelations,988,36
sdk,sqlite,compositeRelations,989,33
sdk,sqlite,compositeRelations,990,30
sdk,sqlite,compositeRelations,991,30
sdk,sqlite,compositeRelations,992,34
sdk,sqlite,compositeRelations,993,33
sdk,sqlite,compositeRelations,994,37
sdk,sqlite,compositeRelations,995,34
sdk,sqlite,compositeRelations,996,37
sdk,sqlite,compositeRelations,997,34
sdk,sqlite,compositeRelations,998,34
sdk,sqlite,compositeRelations,999,34
